,Modified_gemini-3-flash-preview_of_CV_Modelgemini-3-flash-preview_doordash_pm_Raw_Score,Modified_gemini-3-flash-preview_of_CV_Modelgemini-3-flash-preview_doordash_pm_Score,Modified_gemini-3-flash-preview_of_CV_Modelgemini-3-flash-preview_apple_pm_Raw_Score,Modified_gemini-3-flash-preview_of_CV_Modelgemini-3-flash-preview_apple_pm_Score,Modified_gemini-3-flash-preview_of_CV_Modelgemini-3-flash-preview_samsara_pm_Raw_Score,Modified_gemini-3-flash-preview_of_CV_Modelgemini-3-flash-preview_samsara_pm_Score,Modified_gemini-3-flash-preview_of_CV_Modelgemini-3-flash-preview_yelp_pm_Raw_Score,Modified_gemini-3-flash-preview_of_CV_Modelgemini-3-flash-preview_yelp_pm_Score,Modified_gemini-3-flash-preview_of_CV_Modelgemini-3-flash-preview_match_pm_Raw_Score,Modified_gemini-3-flash-preview_of_CV_Modelgemini-3-flash-preview_match_pm_Score,Modified_gemini-3-flash-preview_of_CV_Modelgemini-3-flash-preview_i2c_ux_Raw_Score,Modified_gemini-3-flash-preview_of_CV_Modelgemini-3-flash-preview_i2c_ux_Score,Modified_gemini-3-flash-preview_of_CV_Modelgemini-3-flash-preview_adobe_ux_Raw_Score,Modified_gemini-3-flash-preview_of_CV_Modelgemini-3-flash-preview_adobe_ux_Score,Modified_gemini-3-flash-preview_of_CV_Modelgemini-3-flash-preview_amazon_ux_Raw_Score,Modified_gemini-3-flash-preview_of_CV_Modelgemini-3-flash-preview_amazon_ux_Score,Modified_gemini-3-flash-preview_of_CV_Modelgemini-3-flash-preview_rowan_ux_Raw_Score,Modified_gemini-3-flash-preview_of_CV_Modelgemini-3-flash-preview_rowan_ux_Score,Modified_gemini-3-flash-preview_of_CV_Modelgemini-3-flash-preview_google_ux_Raw_Score,Modified_gemini-3-flash-preview_of_CV_Modelgemini-3-flash-preview_google_ux_Score
6018,0.65174615,0.8258731,0.65568507,0.82784253,0.560069,0.78003454,0.6492355,0.82461774,0.65778583,0.82889295,0.75180095,0.8759005,0.72333586,0.86166793,0.7814257,0.89071286,0.77090234,0.8854512,0.78236645,0.89118326
6021,0.67886984,0.8394349,0.69205403,0.846027,0.59446335,0.7972317,0.6315525,0.8157762,0.6517503,0.82587516,0.7208462,0.8604231,0.71200395,0.856002,0.7138016,0.8569008,0.74620885,0.87310445,0.7608543,0.8804271
6026,0.729663,0.8648315,0.7358927,0.8679464,0.66460073,0.83230036,0.6786435,0.83932173,0.72524345,0.8626217,0.7888989,0.8944495,0.7465648,0.87328243,0.79124075,0.89562035,0.7521835,0.8760917,0.8052857,0.90264285
9479,0.7171619,0.85858095,0.70008075,0.8500404,0.59763813,0.79881907,0.6299784,0.8149892,0.720495,0.8602475,0.80430335,0.9021517,0.7830475,0.8915237,0.78086376,0.8904319,0.78414816,0.8920741,0.82866967,0.91433483
16980,0.76333565,0.88166785,0.756109,0.8780545,0.7054417,0.85272086,0.71402514,0.85701257,0.75538254,0.87769127,0.79838717,0.8991936,0.76699126,0.8834956,0.7739867,0.88699335,0.80227095,0.90113544,0.82174236,0.91087115
17014,0.52101934,0.76050967,0.6271065,0.8135532,0.48048764,0.7402438,0.54588354,0.77294177,0.5957797,0.7978898,0.5385378,0.7692689,0.6388594,0.8194297,0.59491694,0.79745847,0.6812314,0.8406157,0.65350676,0.8267534
18230,0.6738776,0.8369388,0.69312894,0.8465645,0.5706562,0.7853281,0.64026713,0.82013357,0.68748796,0.843744,0.7293647,0.8646823,0.7560345,0.87801725,0.7379503,0.86897516,0.7383101,0.86915505,0.7499528,0.8749764
18348,0.6806102,0.8403051,0.67744684,0.8387234,0.5877913,0.79389566,0.58698475,0.7934924,0.72222435,0.8611122,0.8603725,0.9301863,0.7820579,0.89102894,0.8255286,0.9127643,0.8025122,0.9012561,0.88104045,0.9405202
26715,0.6856185,0.84280926,0.69230485,0.8461524,0.57887936,0.7894397,0.63380146,0.81690073,0.7019929,0.8509965,0.6999761,0.84998804,0.74648273,0.87324136,0.73391175,0.8669559,0.7569261,0.87846303,0.73282135,0.8664107
26747,0.80608296,0.9030415,0.7471844,0.8735922,0.6910013,0.84550065,0.69766515,0.8488326,0.7586423,0.87932116,0.7770537,0.88852686,0.740062,0.870031,0.79728353,0.89864177,0.71410966,0.8570548,0.7584684,0.8792342
29788,0.5954251,0.79771256,0.6103259,0.8051629,0.51415324,0.7570766,0.5422571,0.77112854,0.6395633,0.81978166,0.7212113,0.86060566,0.7335618,0.8667809,0.70520496,0.8526025,0.7115594,0.8557797,0.7376078,0.86880386
29835,0.72802067,0.86401033,0.71778417,0.8588921,0.61881936,0.8094097,0.6204877,0.81024384,0.71465343,0.85732675,0.8117949,0.90589744,0.7728882,0.8864441,0.83968943,0.91984475,0.80571365,0.9028568,0.84229314,0.9211466
30606,0.6224235,0.81121176,0.5652313,0.78261566,0.55385756,0.7769288,0.5690649,0.7845324,0.6051067,0.80255336,0.70242584,0.8512129,0.6202884,0.8101442,0.6584619,0.82923096,0.7098036,0.8549018,0.696002,0.848001
30845,0.65689826,0.82844913,0.6433842,0.8216921,0.5621797,0.78108984,0.60540676,0.8027034,0.68983144,0.84491575,0.7919234,0.8959617,0.73413575,0.8670679,0.76312995,0.881565,0.7822429,0.89112145,0.8000173,0.9000087
32072,0.75405365,0.8770268,0.72147655,0.8607383,0.6972409,0.8486204,0.67793167,0.83896583,0.7160548,0.8580274,0.7797078,0.8898539,0.71071374,0.8553569,0.80302215,0.9015111,0.73798186,0.8689909,0.7602871,0.8801435
46443,0.68070865,0.8403543,0.7138302,0.8569151,0.65461224,0.82730615,0.6461163,0.8230581,0.7058457,0.85292286,0.75965977,0.8798299,0.7208468,0.8604234,0.79152375,0.89576185,0.7814423,0.89072114,0.8095814,0.9047907
46506,0.4581733,0.72908664,0.49425977,0.7471299,0.42416412,0.712082,0.44526574,0.7226329,0.48247802,0.741239,0.5540956,0.7770478,0.5155958,0.7577979,0.58424884,0.7921244,0.6364995,0.81824976,0.62327754,0.8116388
50300,0.6941735,0.8470868,0.69235075,0.8461754,0.68304205,0.841521,0.6422823,0.8211411,0.7178676,0.8589338,0.7631049,0.88155246,0.6880045,0.84400225,0.7712579,0.88562894,0.7519001,0.87595004,0.7861804,0.8930902
51419,0.6648953,0.83244765,0.6363276,0.8181638,0.5756254,0.7878127,0.5827513,0.79137564,0.6385324,0.8192662,0.7325013,0.86625063,0.7012221,0.8506111,0.70925593,0.85462797,0.726937,0.8634685,0.74415433,0.87207717
53971,0.6975421,0.84877104,0.6588596,0.8294298,0.58091253,0.7904563,0.57347214,0.7867361,0.71648586,0.8582429,0.77927417,0.8896371,0.7690091,0.88450456,0.73889405,0.869447,0.7743083,0.88715416,0.78204876,0.89102435
53972,0.68604743,0.8430237,0.66016674,0.8300834,0.612447,0.8062235,0.5843258,0.7921629,0.6907468,0.8453734,0.79764783,0.8988239,0.7229824,0.8614912,0.75664985,0.8783249,0.7794186,0.8897093,0.79501534,0.89750767
53973,0.6801443,0.84007215,0.64390963,0.82195485,0.5979384,0.7989692,0.60736793,0.803684,0.71443033,0.85721517,0.8088323,0.90441614,0.7519567,0.87597835,0.81060636,0.9053032,0.7856294,0.8928147,0.81926477,0.9096324
53974,0.6524086,0.8262043,0.5942622,0.79713106,0.5683012,0.7841506,0.5765048,0.7882524,0.7112142,0.8556071,0.7893146,0.8946573,0.7405001,0.87025005,0.7299584,0.8649792,0.74133,0.870665,0.7844262,0.8922131
53975,0.63478684,0.8173934,0.59917784,0.7995889,0.59090567,0.79545283,0.5571581,0.77857906,0.6564207,0.82821035,0.78304356,0.8915218,0.70245636,0.8512282,0.70201945,0.8510097,0.7448043,0.8724022,0.7729355,0.88646775
53976,0.56036186,0.78018093,0.53369886,0.7668494,0.5258085,0.7629043,0.53116506,0.76558256,0.5813523,0.7906761,0.65867245,0.8293362,0.68206483,0.8410324,0.62847805,0.814239,0.6931542,0.8465771,0.6826577,0.84132886
53977,0.67994696,0.83997345,0.6163347,0.80816734,0.5455258,0.7727629,0.6000136,0.8000068,0.6517802,0.82589006,0.71455586,0.8572779,0.72280383,0.8614019,0.7093047,0.85465235,0.7469195,0.87345976,0.74847955,0.8742398
53978,0.63844943,0.8192247,0.62374854,0.8118743,0.58498484,0.7924924,0.6011419,0.80057096,0.66715384,0.8335769,0.7208127,0.86040634,0.68505013,0.84252506,0.71446323,0.8572316,0.72752005,0.86376,0.7527616,0.8763808
53979,0.76322776,0.88161385,0.724545,0.8622725,0.68793017,0.84396505,0.6523658,0.8261829,0.77492195,0.88746095,0.8671925,0.93359625,0.7921406,0.8960703,0.8315811,0.91579056,0.8155159,0.90775794,0.8487211,0.9243605
53981,0.6522364,0.82611823,0.6451588,0.8225794,0.56869745,0.7843487,0.59777844,0.7988892,0.6916432,0.8458216,0.78389555,0.89194775,0.76298785,0.8814939,0.76285505,0.8814275,0.75854987,0.87927496,0.7900474,0.8950237
54796,0.67824745,0.8391237,0.68106407,0.84053206,0.56215537,0.7810777,0.6221485,0.81107426,0.64456296,0.8222815,0.7098832,0.8549416,0.7060091,0.8530046,0.7485141,0.8742571,0.7517195,0.87585974,0.7373657,0.86868286
54797,0.68373144,0.8418657,0.6795825,0.83979124,0.6646531,0.83232653,0.6277814,0.8138907,0.7198025,0.85990125,0.8113539,0.90567696,0.7270298,0.8635149,0.77702487,0.88851243,0.71670014,0.85835004,0.7986617,0.89933085
54798,0.6735331,0.83676654,0.70394915,0.8519746,0.5940834,0.7970417,0.64213836,0.8210692,0.66688865,0.83344436,0.7179509,0.8589754,0.72489506,0.8624475,0.72883826,0.8644191,0.78289974,0.89144987,0.75355935,0.8767797
54799,0.62156844,0.8107842,0.61660075,0.8083004,0.5100157,0.75500786,0.5397254,0.7698627,0.6501862,0.8250931,0.73086643,0.8654332,0.7233155,0.86165774,0.69720757,0.8486038,0.7515253,0.87576264,0.77505356,0.88752675
54800,0.67789143,0.83894575,0.68227816,0.8411391,0.611616,0.805808,0.5960647,0.79803234,0.69344664,0.8467233,0.7557624,0.87788117,0.77202857,0.8860143,0.7733676,0.8866838,0.79232943,0.8961647,0.79339004,0.896695
56453,0.68679094,0.8433955,0.66406345,0.8320317,0.59770405,0.798852,0.56023,0.780115,0.7132243,0.85661215,0.76416427,0.8820821,0.77803135,0.8890157,0.7170358,0.8585179,0.74802387,0.87401193,0.76845556,0.88422775
56528,0.6686387,0.83431935,0.6429793,0.8214897,0.5552258,0.7776129,0.5600846,0.7800423,0.6691375,0.83456874,0.73503304,0.8675165,0.7152848,0.8576424,0.6809963,0.84049815,0.7177966,0.8588983,0.711714,0.855857
56542,0.70737326,0.85368663,0.68735254,0.84367627,0.61452895,0.80726445,0.6612873,0.83064365,0.69985193,0.849926,0.77427626,0.8871381,0.7252265,0.86261326,0.7883945,0.8941972,0.7839383,0.89196914,0.7998766,0.8999383
56543,0.6526727,0.8263364,0.6238289,0.81191444,0.5564818,0.7782409,0.55009454,0.7750473,0.6465316,0.8232658,0.7440335,0.8720168,0.7318323,0.86591613,0.728912,0.864456,0.7600721,0.88003606,0.75639796,0.878199
56544,0.7084439,0.85422194,0.68450123,0.8422506,0.59769905,0.7988495,0.6452951,0.8226476,0.6983278,0.8491639,0.751243,0.8756215,0.7583926,0.8791963,0.75571615,0.87785804,0.7523668,0.8761834,0.7705431,0.88527155
56545,0.5367192,0.7683596,0.5758021,0.78790104,0.47566622,0.73783314,0.52118826,0.7605941,0.48636812,0.7431841,0.49877656,0.7493883,0.5177119,0.75885594,0.5910629,0.79553145,0.5863707,0.79318535,0.5503324,0.7751662
56618,0.65643734,0.8282187,0.7204222,0.86021113,0.5940691,0.79703456,0.64221555,0.82110775,0.64240956,0.8212048,0.68539417,0.8426971,0.7036437,0.85182184,0.77402973,0.88701487,0.77388704,0.8869435,0.7503005,0.87515026
56619,0.5569439,0.77847195,0.55222154,0.77611077,0.4636144,0.73180723,0.5260923,0.76304615,0.57628715,0.7881436,0.67502487,0.83751243,0.68055004,0.84027505,0.6290428,0.81452143,0.67960036,0.8398002,0.71735656,0.8586783
56629,0.67517686,0.8375884,0.68102556,0.84051275,0.591871,0.7959355,0.6241883,0.81209415,0.6994054,0.8497027,0.79963756,0.8998188,0.7682327,0.88411635,0.7948414,0.8974207,0.75979245,0.8798962,0.82579136,0.9128957
56630,0.6817298,0.8408649,0.6618011,0.83090055,0.5739752,0.7869876,0.60635906,0.8031795,0.68698454,0.84349227,0.77521515,0.8876076,0.75270414,0.8763521,0.7568815,0.87844074,0.76380384,0.8819019,0.80150247,0.90075123
56631,0.66836053,0.83418024,0.65514296,0.8275715,0.57531226,0.7876561,0.5904457,0.7952229,0.69283354,0.8464168,0.7874727,0.89373636,0.7429235,0.87146175,0.7467367,0.8733684,0.786646,0.893323,0.84610915,0.9230546
56632,0.6782193,0.83910966,0.6794152,0.8397076,0.58653075,0.79326534,0.61712563,0.8085628,0.70071256,0.8503563,0.7825945,0.8912972,0.76740825,0.8837041,0.7946378,0.8973189,0.7615783,0.88078916,0.83110905,0.9155545
56633,0.6661813,0.83309066,0.62411666,0.8120583,0.5550048,0.7775024,0.56327224,0.7816361,0.64012384,0.8200619,0.72305083,0.8615254,0.7055558,0.8527779,0.7049544,0.8524772,0.69187146,0.8459357,0.7229565,0.8614782
56634,0.6236563,0.81182814,0.6116258,0.8058129,0.5182749,0.75913745,0.5353814,0.76769066,0.65527457,0.8276373,0.7548479,0.87742394,0.7204758,0.8602379,0.7357199,0.86785996,0.7676418,0.8838209,0.77736235,0.8886812
56635,0.5520968,0.7760484,0.61435515,0.80717754,0.49262416,0.7463121,0.51681745,0.7584087,0.57062864,0.7853143,0.6203591,0.8101796,0.6354721,0.817736,0.6375512,0.8187756,0.65757406,0.828787,0.6748512,0.8374256
56637,0.68311,0.841555,0.69566816,0.8478341,0.58540416,0.7927021,0.6507735,0.82538676,0.69758195,0.848791,0.7479352,0.8739676,0.7275152,0.8637576,0.7944228,0.89721143,0.75752974,0.87876487,0.7851075,0.89255375
56638,0.71005785,0.8550289,0.7037815,0.85189074,0.6296534,0.8148267,0.64253575,0.82126784,0.7276345,0.8638172,0.7871335,0.8935667,0.7919087,0.8959544,0.77258694,0.8862935,0.7704128,0.8852064,0.80216724,0.9010836
56639,0.4742757,0.73713785,0.494355,0.7471775,0.41054326,0.7052716,0.4544133,0.72720665,0.4981652,0.74908257,0.6061703,0.80308515,0.6257474,0.8128737,0.59741557,0.7987078,0.6332336,0.8166168,0.67561173,0.83780587
56641,0.59692323,0.7984616,0.55202174,0.7760109,0.5149113,0.75745565,0.5097845,0.75489223,0.63070464,0.8153523,0.7632053,0.88160264,0.74370277,0.8718514,0.68102455,0.8405123,0.7071504,0.8535752,0.7945243,0.89726216
56642,0.6298833,0.81494164,0.5995878,0.7997939,0.5038423,0.7519212,0.53653634,0.76826817,0.641343,0.8206715,0.7425909,0.87129545,0.7530654,0.8765327,0.68700653,0.84350324,0.74345565,0.8717278,0.76164854,0.88082427
56643,0.75698173,0.87849087,0.7249383,0.86246914,0.6993852,0.8496926,0.70773816,0.8538691,0.6861794,0.8430897,0.7268028,0.8634014,0.6493069,0.82465345,0.77499866,0.88749933,0.7638955,0.88194776,0.7262249,0.86311245
56644,0.56925386,0.78462696,0.58585083,0.7929254,0.48229343,0.7411467,0.5466798,0.77333987,0.56887716,0.7844386,0.5806721,0.790336,0.64909816,0.8245491,0.61058474,0.80529237,0.65974337,0.82987165,0.6147287,0.80736434
56645,0.6400316,0.8200158,0.6609946,0.83049726,0.5699715,0.7849858,0.64497674,0.82248837,0.62832874,0.8141644,0.68587136,0.8429357,0.6779399,0.83896995,0.7367262,0.86836314,0.735078,0.867539,0.7277546,0.8638773
56646,0.52384555,0.7619228,0.52218455,0.7610923,0.4157887,0.7078943,0.5302712,0.7651356,0.51558375,0.7577919,0.5690514,0.7845257,0.5926341,0.79631704,0.58043647,0.79021823,0.6406255,0.82031274,0.6393224,0.8196612
56647,0.6416776,0.8208388,0.65190685,0.8259534,0.55804026,0.77902013,0.63519,0.817595,0.6560415,0.82802075,0.7221037,0.86105186,0.7431712,0.8715856,0.72388375,0.8619419,0.7491028,0.8745514,0.77757335,0.8887867
56648,0.7188969,0.85944843,0.68787515,0.8439376,0.63123953,0.81561977,0.6841397,0.84206986,0.7213589,0.86067945,0.76565194,0.882826,0.7637735,0.8818867,0.77967,0.889835,0.7774651,0.88873255,0.7966747,0.89833736
56649,0.67490375,0.8374519,0.6743543,0.83717716,0.60037374,0.8001869,0.5786561,0.78932804,0.6480786,0.82403934,0.7287135,0.86435676,0.6582211,0.82911056,0.7259661,0.86298305,0.74392396,0.87196195,0.7355977,0.86779886
56650,0.6920149,0.84600747,0.6730647,0.83653235,0.6064131,0.80320656,0.6005604,0.8002802,0.72092354,0.8604618,0.7857481,0.89287406,0.7714774,0.88573873,0.7488715,0.8744358,0.7534952,0.8767476,0.8041557,0.90207785
56651,0.49439955,0.7471998,0.50288886,0.75144446,0.43993935,0.7199697,0.4747829,0.7373915,0.5096385,0.7548193,0.55500627,0.77750313,0.60471666,0.8023583,0.5913789,0.79568946,0.60964215,0.8048211,0.61172354,0.8058618
56652,0.76011693,0.88005847,0.7061782,0.8530891,0.63787425,0.8189371,0.6396964,0.8198482,0.7576444,0.8788222,0.8562809,0.92814046,0.781832,0.890916,0.82008505,0.9100425,0.8185436,0.90927184,0.8654897,0.93274486
56653,0.63689876,0.8184494,0.6363131,0.81815654,0.5893086,0.7946543,0.5754918,0.7877459,0.64183867,0.82091933,0.7335475,0.8667737,0.6913434,0.8456717,0.7330996,0.8665498,0.75188875,0.8759444,0.7645428,0.8822714
56654,0.7690382,0.8845191,0.71692765,0.8584638,0.6401012,0.8200506,0.6604099,0.83020496,0.7614996,0.8807498,0.83539504,0.91769755,0.78592825,0.8929641,0.79961824,0.8998091,0.78874516,0.8943726,0.8441394,0.92206967
56656,0.6419964,0.8209982,0.6058091,0.80290455,0.54848385,0.7742419,0.5564575,0.77822876,0.6601218,0.8300609,0.74195457,0.8709773,0.7018821,0.85094106,0.6914004,0.8457002,0.7144466,0.8572233,0.75702584,0.8785129
56657,0.53272915,0.7663646,0.5165465,0.75827324,0.46538937,0.7326947,0.47137716,0.73568857,0.55604845,0.7780242,0.69863236,0.8493162,0.6573252,0.82866263,0.62249196,0.811246,0.6836753,0.84183764,0.72711873,0.86355937
56661,0.69598436,0.8479922,0.6868156,0.8434078,0.59193856,0.79596925,0.59996307,0.79998153,0.7018631,0.8509315,0.7943752,0.8971876,0.72114986,0.86057496,0.74584967,0.8729248,0.7629044,0.8814522,0.7762693,0.88813466
56662,0.6840841,0.8420421,0.69488174,0.84744084,0.59025884,0.7951294,0.66632324,0.8331616,0.66721165,0.8336058,0.7449683,0.87248415,0.705428,0.852714,0.7897179,0.89485896,0.8081708,0.9040854,0.78815615,0.8940781
56725,0.62935066,0.81467533,0.6281582,0.8140791,0.5536394,0.7768197,0.60660315,0.8033016,0.6210055,0.81050277,0.7368126,0.8684063,0.7117901,0.85589504,0.73864055,0.8693203,0.7401719,0.87008595,0.76494044,0.88247025
56795,0.64395666,0.82197833,0.63197494,0.81598747,0.59447753,0.79723877,0.6072366,0.8036183,0.7097033,0.85485166,0.75804675,0.8790234,0.76533747,0.88266873,0.78653914,0.89326954,0.7634567,0.88172835,0.80902576,0.9045129
56796,0.5304674,0.7652337,0.55025554,0.77512777,0.46918952,0.73459476,0.5154646,0.7577323,0.5762305,0.78811526,0.6098218,0.8049109,0.644959,0.8224795,0.6411104,0.8205552,0.62747884,0.8137394,0.6470541,0.82352704
56797,0.6781337,0.83906686,0.6927055,0.84635276,0.57080865,0.7854043,0.60369813,0.80184907,0.6653042,0.8326521,0.71450496,0.8572525,0.7032542,0.8516271,0.73917234,0.86958617,0.749655,0.8748275,0.729262,0.864631
56798,0.585659,0.7928295,0.5991857,0.79959285,0.5347731,0.76738656,0.55322486,0.7766124,0.5964347,0.79821736,0.6447649,0.82238245,0.6882007,0.84410036,0.660988,0.830494,0.663002,0.831501,0.71220875,0.8561044
56799,0.61735314,0.8086766,0.59569633,0.79784817,0.50121814,0.75060904,0.53964245,0.7698212,0.6368948,0.8184474,0.738531,0.8692655,0.72863036,0.86431515,0.6921798,0.8460899,0.7299739,0.86498696,0.7843659,0.89218295
56800,0.6862227,0.84311134,0.6753658,0.8376829,0.59321886,0.7966094,0.63206315,0.8160316,0.63889086,0.81944543,0.69908714,0.8495436,0.63732505,0.8186625,0.72567797,0.862839,0.7239591,0.86197954,0.7006503,0.8503251
56801,0.65771055,0.8288553,0.6443565,0.82217824,0.57236516,0.7861826,0.5833086,0.7916543,0.6706239,0.83531195,0.7817627,0.89088136,0.7065829,0.85329145,0.7310621,0.8655311,0.73881304,0.8694065,0.77542126,0.88771063
56802,0.59552145,0.7977607,0.56741005,0.783705,0.5302955,0.76514775,0.54387224,0.7719361,0.5747442,0.7873721,0.6679962,0.8339981,0.65787536,0.82893765,0.63340116,0.8167006,0.71631503,0.8581575,0.6665171,0.8332585
56803,0.7423556,0.8711778,0.7247934,0.8623967,0.66841054,0.83420527,0.6730819,0.83654094,0.7174332,0.8587166,0.8150449,0.90752244,0.7756946,0.8878473,0.8251909,0.91259545,0.7649163,0.88245815,0.81894827,0.90947413
56804,0.67106384,0.83553195,0.66436017,0.8321801,0.599137,0.79956853,0.62261844,0.8113092,0.6757966,0.8378983,0.75278914,0.87639457,0.69777125,0.84888566,0.77516115,0.8875806,0.74462026,0.87231016,0.75269234,0.8763462
56805,0.65235996,0.82618,0.60107386,0.80053693,0.57815105,0.7890755,0.60455465,0.8022773,0.57500947,0.78750473,0.6701908,0.8350954,0.61612797,0.808064,0.6673891,0.8336946,0.68584436,0.8429222,0.68198633,0.84099317
56807,0.70068365,0.8503418,0.69937503,0.8496875,0.60896313,0.80448157,0.6108327,0.80541635,0.73507893,0.86753947,0.7912762,0.8956381,0.81021047,0.90510523,0.7651458,0.8825729,0.79333025,0.8966651,0.83117145,0.91558576
56809,0.73286223,0.8664311,0.69243646,0.8462182,0.6261222,0.8130611,0.64481133,0.8224057,0.7280992,0.8640496,0.8113458,0.9056729,0.7547953,0.87739766,0.8116435,0.90582174,0.7831781,0.89158905,0.79431,0.897155
56859,0.5783445,0.7891723,0.54233915,0.77116954,0.46404552,0.73202276,0.5533603,0.7766801,0.5634163,0.7817081,0.6430584,0.8215292,0.6356902,0.8178451,0.61204886,0.80602443,0.6709163,0.83545816,0.6556171,0.82780856
56860,0.69202703,0.84601355,0.6929583,0.8464792,0.6109798,0.8054899,0.672312,0.836156,0.72950506,0.86475253,0.8067318,0.9033659,0.79071057,0.8953553,0.7921196,0.8960598,0.8053684,0.9026842,0.83325243,0.9166262
56861,0.5813981,0.79069906,0.53885007,0.76942503,0.50663185,0.7533159,0.5721146,0.7860573,0.58673066,0.79336536,0.6732583,0.83662915,0.65540785,0.82770395,0.687276,0.843638,0.675489,0.8377445,0.6932831,0.84664154
56862,0.685973,0.84298646,0.6931938,0.8465969,0.5901951,0.7950976,0.62237734,0.8111887,0.6613157,0.83065784,0.76559454,0.88279724,0.75346255,0.8767313,0.761281,0.8806405,0.78967357,0.8948368,0.7944422,0.8972211
57384,0.7068391,0.85341954,0.6913558,0.8456779,0.624079,0.8120395,0.63225913,0.81612957,0.70827997,0.85414,0.79671085,0.8983554,0.7662453,0.8831227,0.79006135,0.8950307,0.74398553,0.87199277,0.82186306,0.9109315
57400,0.7441941,0.872097,0.6916332,0.8458166,0.6457028,0.8228514,0.64249575,0.8212479,0.7420129,0.8710065,0.83971107,0.91985554,0.76375514,0.88187754,0.8242586,0.9121293,0.75532657,0.87766325,0.81882924,0.90941465
62042,0.7143192,0.8571596,0.6416738,0.8208369,0.6509742,0.82548714,0.61567134,0.8078357,0.6321821,0.81609106,0.68263763,0.84131885,0.6010442,0.8005221,0.6314808,0.8157404,0.6671977,0.83359885,0.65092814,0.82546407
63086,0.46539646,0.7326982,0.4954886,0.7477443,0.41918904,0.7095945,0.44280106,0.7214005,0.481957,0.7409785,0.5567417,0.77837086,0.577745,0.7888725,0.562245,0.7811225,0.59854984,0.7992749,0.59860325,0.7993016
63087,0.66097367,0.83048683,0.62839985,0.8141999,0.5551653,0.77758265,0.6491396,0.8245698,0.6417125,0.8208562,0.722129,0.8610645,0.7326325,0.86631626,0.68867576,0.8443379,0.7074555,0.85372776,0.7620064,0.8810032
83710,0.7039435,0.85197175,0.7193616,0.8596808,0.63655436,0.8182772,0.687889,0.8439445,0.7142,0.8571,0.76691973,0.88345987,0.6982221,0.8491111,0.8114284,0.9057142,0.77684486,0.8884224,0.7826196,0.8913098
83711,0.54982775,0.7749139,0.596574,0.79828703,0.56675744,0.7833787,0.5285942,0.7642971,0.4934753,0.74673766,0.46095976,0.7304799,0.46016836,0.7300842,0.5682297,0.78411484,0.5347499,0.767375,0.48926258,0.7446313
86666,0.6850327,0.84251636,0.728441,0.8642205,0.6238768,0.8119384,0.66457474,0.8322874,0.698816,0.84940803,0.7992804,0.8996402,0.79704046,0.89852023,0.82958794,0.91479397,0.81322587,0.90661293,0.8431031,0.9215516
87779,0.3919494,0.6959747,0.4462823,0.72314113,0.33839548,0.66919774,0.42088547,0.7104427,0.3807046,0.6903523,0.3461393,0.67306966,0.418333,0.7091665,0.40111244,0.7005562,0.41865158,0.7093258,0.38065344,0.6903267
97622,0.7048275,0.8524138,0.6812517,0.8406259,0.63150424,0.81575215,0.60837394,0.80418694,0.7243614,0.8621807,0.8450906,0.9225453,0.7685313,0.88426566,0.79886746,0.89943373,0.7992488,0.8996244,0.84095466,0.92047733
98134,0.6229007,0.81145036,0.6176833,0.80884165,0.5479142,0.77395713,0.52803725,0.76401865,0.63714445,0.8185722,0.7224381,0.86121905,0.73841846,0.86920923,0.7008774,0.8504387,0.72528803,0.862644,0.76087326,0.88043666
98135,0.66208106,0.8310405,0.66539454,0.8326973,0.6096047,0.80480236,0.64360106,0.82180053,0.6728165,0.83640826,0.77003026,0.88501513,0.72515905,0.8625795,0.7819269,0.89096344,0.7574166,0.8787083,0.7896633,0.89483166
98136,0.68055165,0.8402758,0.62180007,0.81090003,0.56734395,0.783672,0.6029278,0.8014639,0.67362815,0.83681405,0.8081242,0.9040621,0.7068214,0.8534107,0.7492794,0.8746397,0.74827576,0.8741379,0.78999126,0.8949956
98137,0.6401031,0.82005155,0.65148926,0.8257446,0.5880325,0.79401624,0.63038325,0.8151916,0.6746343,0.8373171,0.7491821,0.87459105,0.7263206,0.8631603,0.76006335,0.8800317,0.75513613,0.87756807,0.76967114,0.8848356
98138,0.59241116,0.7962056,0.5667293,0.78336465,0.51688063,0.7584403,0.5670829,0.78354144,0.61394787,0.80697393,0.7555623,0.87778115,0.69605756,0.8480288,0.7040069,0.85200346,0.74988467,0.8749423,0.7802365,0.89011824
98171,0.699044,0.849522,0.6559775,0.82798874,0.60550433,0.80275214,0.6015638,0.8007819,0.72056013,0.86028004,0.7761054,0.8880527,0.72792864,0.8639643,0.7390348,0.8695174,0.7468098,0.87340486,0.7862319,0.89311594
98172,0.5461234,0.7730617,0.58789766,0.7939488,0.48978323,0.74489164,0.5105573,0.75527865,0.62875223,0.8143761,0.6765226,0.8382613,0.7114615,0.8557308,0.6857004,0.8428502,0.64992046,0.82496023,0.69103134,0.84551567
98173,0.68367994,0.84183997,0.67699313,0.83849657,0.5995294,0.7997647,0.63782316,0.81891155,0.7028856,0.8514428,0.79958546,0.89979273,0.7674899,0.88374496,0.76223767,0.88111883,0.7970271,0.89851356,0.8197873,0.90989363
98245,0.6123744,0.8061872,0.6123617,0.80618083,0.56610906,0.78305453,0.5930799,0.79653996,0.6188135,0.80940676,0.7158828,0.8579414,0.6975055,0.84875274,0.73557895,0.8677895,0.75481987,0.87740993,0.7466533,0.87332666
98250,0.6881941,0.844097,0.75915325,0.8795766,0.6752637,0.8376318,0.65963167,0.82981586,0.64573306,0.82286656,0.6151571,0.80757856,0.6098671,0.80493355,0.718168,0.859084,0.63191724,0.8159586,0.599814,0.79990697
98251,0.62193567,0.8109678,0.59284127,0.79642063,0.527589,0.76379454,0.571939,0.7859695,0.588618,0.794309,0.62383753,0.81191874,0.6163614,0.8081807,0.60059005,0.800295,0.67613643,0.83806825,0.63355494,0.81677747
98252,0.5236378,0.7618189,0.51548755,0.7577438,0.42292976,0.7114649,0.6564678,0.8282339,0.5132451,0.75662255,0.50594145,0.7529707,0.52386117,0.7619306,0.4956796,0.7478398,0.5548992,0.7774496,0.50457263,0.7522863
98253,0.71193683,0.8559684,0.65803957,0.8290198,0.5984303,0.79921514,0.61137813,0.8056891,0.67403775,0.83701885,0.7434565,0.87172824,0.6689366,0.8344683,0.7083194,0.8541597,0.7300639,0.86503196,0.7264171,0.86320853
98254,0.64401066,0.82200533,0.6236217,0.81181085,0.5843908,0.79219544,0.619614,0.809807,0.6599232,0.8299616,0.7725067,0.88625336,0.7016112,0.85080564,0.7343828,0.86719143,0.75579053,0.87789524,0.77774286,0.88887143
98255,0.75661886,0.8783094,0.7291295,0.8645648,0.6761288,0.83806443,0.70241237,0.8512062,0.73187685,0.8659384,0.82581013,0.9129051,0.74942887,0.87471443,0.82996964,0.9149848,0.81277114,0.90638554,0.81281716,0.90640855
98256,0.7097113,0.85485566,0.68133736,0.8406687,0.63608277,0.8180414,0.670709,0.8353545,0.70137954,0.85068977,0.79399467,0.89699733,0.70327663,0.8516383,0.75371826,0.8768591,0.78155667,0.8907783,0.79728365,0.8986418
98257,0.7520459,0.87602293,0.6954027,0.8477013,0.6510618,0.8255309,0.6948674,0.8474337,0.70185626,0.8509281,0.8048781,0.90243906,0.70624,0.85311997,0.81038374,0.9051919,0.78374034,0.89187014,0.80229664,0.9011483
98258,0.6360504,0.81802523,0.647223,0.8236115,0.56423604,0.782118,0.585575,0.7927875,0.579757,0.7898785,0.6176549,0.80882746,0.63998055,0.8199903,0.6033696,0.8016848,0.65472174,0.82736087,0.6743473,0.83717364
98259,0.66954815,0.8347741,0.6502326,0.8251163,0.5764952,0.7882476,0.6297161,0.8148581,0.6556713,0.8278357,0.7411416,0.8705708,0.73078597,0.865393,0.71591246,0.85795623,0.76495147,0.88247573,0.7835579,0.89177895
98260,0.70937645,0.8546882,0.7068204,0.85341024,0.65358436,0.8267922,0.7467593,0.87337965,0.69255286,0.8462764,0.76079834,0.88039917,0.7155663,0.85778314,0.7909084,0.89545417,0.7624645,0.88123226,0.7708831,0.88544154
98261,0.7409874,0.8704937,0.6880998,0.84404993,0.6496366,0.8248183,0.705489,0.85274446,0.6773027,0.83865136,0.7648845,0.88244224,0.71130395,0.855652,0.7597867,0.87989336,0.766085,0.8830425,0.77252674,0.8862634
98262,0.1642223,0.5821111,0.17766544,0.58883274,0.16855964,0.58427984,0.10893113,0.5544656,0.22874583,0.6143729,0.20353898,0.6017695,0.18218604,0.591093,0.18959719,0.59479856,0.18134867,0.59067434,0.18483716,0.59241855
98263,0.70949286,0.85474646,0.7177039,0.8588519,0.6610643,0.8305322,0.6756624,0.8378312,0.71741176,0.8587059,0.7777324,0.8888662,0.7170131,0.85850656,0.78450084,0.8922504,0.7518428,0.87592137,0.7935116,0.8967558
98264,0.7163169,0.85815847,0.653021,0.8265105,0.60464823,0.8023241,0.7142662,0.8571331,0.6300857,0.81504285,0.69595635,0.8479782,0.61788064,0.8089403,0.7462926,0.8731463,0.7018119,0.85090595,0.70197874,0.85098934
98265,0.754841,0.87742054,0.7251531,0.86257654,0.6604639,0.83023196,0.65377986,0.82688993,0.74184245,0.87092125,0.85095024,0.9254751,0.7594321,0.87971604,0.7939838,0.8969919,0.80161095,0.9008055,0.8199209,0.90996045
98266,0.7558792,0.8779396,0.69266397,0.84633195,0.6288674,0.8144337,0.7024001,0.85120004,0.6895175,0.84475875,0.76131064,0.8806553,0.68786913,0.84393454,0.7533277,0.87666386,0.7622517,0.8811258,0.75690365,0.8784518
98267,0.74043596,0.870218,0.6991385,0.84956926,0.65437293,0.82718647,0.72196364,0.8609818,0.73918915,0.8695946,0.7358947,0.86794734,0.71492565,0.8574628,0.76768816,0.8838441,0.7951677,0.89758384,0.770291,0.8851455
98268,0.7007308,0.8503654,0.69698715,0.8484936,0.6523857,0.82619286,0.6500635,0.82503176,0.6749654,0.8374827,0.7415507,0.87077534,0.63983643,0.8199182,0.75801766,0.8790088,0.7116586,0.8558293,0.73740965,0.8687048
98269,0.69369453,0.8468473,0.6332198,0.81660986,0.6117475,0.80587375,0.6253526,0.8126763,0.6804621,0.84023106,0.76375055,0.8818753,0.6776157,0.8388078,0.7561314,0.8780657,0.75380224,0.87690115,0.7741989,0.88709944
98270,0.71977186,0.85988593,0.6779333,0.8389666,0.60289943,0.8014497,0.63526875,0.81763434,0.6895419,0.8447709,0.75827837,0.8791392,0.7214385,0.86071926,0.7517448,0.8758724,0.78353417,0.8917671,0.7664356,0.8832178
98271,0.60757035,0.8037852,0.5873766,0.7936883,0.49574405,0.747872,0.5534225,0.7767112,0.6211511,0.81057554,0.73692405,0.868462,0.71596503,0.8579825,0.68522656,0.8426133,0.7346505,0.86732525,0.7579148,0.8789574
98272,0.6929264,0.8464632,0.69480526,0.84740263,0.609614,0.804807,0.61086357,0.8054318,0.72973776,0.8648689,0.8577509,0.92887545,0.7824021,0.891201,0.82247436,0.9112372,0.80620885,0.9031044,0.87663716,0.9383186
98273,0.7575934,0.8787967,0.73725146,0.86862576,0.64288104,0.8214405,0.6576309,0.82881546,0.70334405,0.85167205,0.8100679,0.90503395,0.752301,0.8761505,0.8253591,0.91267955,0.7828564,0.89142823,0.84090936,0.9204547
98274,0.71355605,0.856778,0.6978149,0.8489075,0.644554,0.822277,0.70622313,0.85311157,0.71443725,0.8572186,0.8206639,0.91033196,0.75908315,0.8795416,0.8031242,0.9015621,0.8035656,0.9017828,0.8216515,0.9108257
98275,0.6724461,0.836223,0.6612537,0.83062685,0.6055325,0.80276626,0.65447605,0.827238,0.6873137,0.84365684,0.74629605,0.873148,0.72663325,0.86331666,0.7664126,0.8832063,0.7476528,0.8738264,0.7658497,0.88292485
98276,0.66558206,0.83279103,0.6757684,0.8378842,0.5898102,0.79490507,0.6514194,0.8257097,0.6778791,0.83893955,0.7030635,0.85153174,0.70068574,0.85034287,0.73219144,0.8660957,0.7534485,0.87672424,0.7298808,0.8649404
98277,0.6887959,0.84439796,0.6705687,0.83528435,0.6046797,0.80233985,0.6399838,0.8199919,0.68463707,0.84231853,0.813956,0.906978,0.7389821,0.86949104,0.7865366,0.8932683,0.7799677,0.8899839,0.8217815,0.91089076
98278,0.70261705,0.8513085,0.70253086,0.85126543,0.62369156,0.8118458,0.6785668,0.8392834,0.70851374,0.85425687,0.79130614,0.89565307,0.73956966,0.86978483,0.784601,0.8923005,0.78954124,0.8947706,0.8028662,0.9014331
98279,0.73847103,0.8692355,0.6851922,0.8425961,0.62473464,0.8123673,0.64490616,0.8224531,0.7281359,0.8640679,0.8474814,0.92374074,0.7313092,0.8656546,0.78863716,0.8943186,0.74419045,0.8720952,0.7970888,0.89854443
98280,0.7110863,0.85554314,0.68642586,0.84321296,0.64072883,0.8203644,0.6614114,0.8307057,0.6953429,0.84767145,0.7901452,0.8950726,0.7133877,0.85669386,0.7570664,0.87853324,0.76063013,0.88031507,0.7820283,0.89101416
98281,0.678089,0.8390445,0.65402645,0.82701325,0.57616997,0.788085,0.62088704,0.8104435,0.68326044,0.8416302,0.77418196,0.887091,0.75117457,0.8755873,0.750208,0.875104,0.75091726,0.8754586,0.78454757,0.8922738
98282,0.71096605,0.85548306,0.7017032,0.8508516,0.6416224,0.8208112,0.68336284,0.8416814,0.6871356,0.8435678,0.80310917,0.9015546,0.7358155,0.86790776,0.80278623,0.9013931,0.7926024,0.8963012,0.82634425,0.9131721
98283,0.72783077,0.8639154,0.68253684,0.8412684,0.62822163,0.8141108,0.6642008,0.8321004,0.7232676,0.8616338,0.80112267,0.90056133,0.7551441,0.87757206,0.8001143,0.90005714,0.7669886,0.88349426,0.7992198,0.8996099
98284,0.55654776,0.7782739,0.5570151,0.7785076,0.48973072,0.74486536,0.51098007,0.75549006,0.6040703,0.80203515,0.72947717,0.8647386,0.7019448,0.8509724,0.70342195,0.851711,0.74478316,0.8723916,0.7607768,0.8803884
98285,0.61827374,0.80913687,0.61739826,0.80869913,0.52210164,0.7610508,0.5872781,0.79363906,0.64965904,0.8248295,0.7212845,0.86064225,0.7117306,0.8558653,0.7191718,0.8595859,0.76009476,0.8800474,0.7479017,0.87395084
98286,0.64525956,0.8226298,0.66076267,0.83038133,0.60138977,0.8006949,0.58902186,0.79451096,0.6828287,0.84141433,0.740939,0.8704695,0.7145934,0.8572967,0.7761308,0.8880654,0.76353824,0.8817691,0.76564336,0.8828217
98287,0.6632901,0.831645,0.6618173,0.83090866,0.6211042,0.8105521,0.6238098,0.8119049,0.66150117,0.8307506,0.76242125,0.8812106,0.71633756,0.8581688,0.7922101,0.89610505,0.74244535,0.8712227,0.7696731,0.88483655
98288,0.6742275,0.83711374,0.6424704,0.8212352,0.5825629,0.79128146,0.5829364,0.7914682,0.6268217,0.8134109,0.670756,0.835378,0.6134443,0.80672216,0.71589905,0.8579495,0.705825,0.8529125,0.6844438,0.84222186
98289,0.6516739,0.82583696,0.62149674,0.81074834,0.5942607,0.79713035,0.6239931,0.8119966,0.6358093,0.81790465,0.75191736,0.8759587,0.68741584,0.8437079,0.7106775,0.85533875,0.7659184,0.8829592,0.76906466,0.88453233
98290,0.5411241,0.77056205,0.5540026,0.77700126,0.52586186,0.7629309,0.48402673,0.74201334,0.5963557,0.79817784,0.6742697,0.83713484,0.71250224,0.8562511,0.6160534,0.8080267,0.6757895,0.83789474,0.71422184,0.8571109
98291,0.70339346,0.8516967,0.70364004,0.85182,0.6868304,0.8434152,0.6198133,0.80990666,0.684881,0.8424405,0.7926233,0.89631164,0.7390444,0.8695222,0.7505309,0.8752655,0.78605694,0.8930285,0.8058557,0.9029279
98292,0.65352505,0.82676256,0.64890546,0.82445276,0.5724067,0.7862034,0.6304233,0.81521165,0.67812455,0.8390623,0.7484686,0.8742343,0.7265458,0.8632729,0.7576057,0.87880284,0.76125646,0.8806282,0.7623038,0.8811519
98293,0.68557584,0.8427879,0.6660608,0.8330304,0.6124995,0.80624974,0.6140204,0.8070102,0.6806079,0.84030396,0.78202176,0.8910109,0.7094969,0.8547485,0.76035225,0.8801761,0.7655773,0.88278866,0.77967995,0.88984
98294,0.64514804,0.822574,0.57996345,0.7899817,0.56726325,0.7836316,0.6194526,0.8097263,0.6198731,0.8099365,0.691742,0.845871,0.59707814,0.79853904,0.67475194,0.837376,0.6980564,0.8490282,0.6617294,0.83086467
98295,0.6677233,0.83386165,0.6406272,0.8203136,0.58045447,0.79022723,0.6083355,0.80416775,0.6638905,0.83194524,0.7601627,0.88008136,0.7308921,0.8654461,0.73960364,0.8698018,0.76464665,0.8823233,0.794309,0.8971545
98296,0.63146085,0.81573045,0.6353977,0.81769884,0.57407755,0.7870388,0.61267185,0.8063359,0.605861,0.8029305,0.6614528,0.8307264,0.64175117,0.8208756,0.7247052,0.8623526,0.71649307,0.85824656,0.6971053,0.84855264
98297,0.6824542,0.8412271,0.657835,0.8289175,0.61677694,0.8083885,0.6398058,0.8199029,0.65320456,0.8266023,0.7553871,0.87769353,0.69232047,0.84616023,0.75754976,0.8787749,0.7615844,0.8807922,0.7773931,0.88869655
98298,0.73348045,0.8667402,0.7001569,0.85007846,0.6357034,0.81785166,0.66348636,0.8317432,0.716187,0.8580935,0.79907715,0.8995386,0.7341691,0.86708456,0.8109547,0.90547734,0.756457,0.8782285,0.7872441,0.89362204
98299,0.64195454,0.8209773,0.6301854,0.8150927,0.53152275,0.7657614,0.58978057,0.7948903,0.66264355,0.8313218,0.7597113,0.87985563,0.7112901,0.85564506,0.7360461,0.86802304,0.72215515,0.86107755,0.7826984,0.8913492
98300,0.67220145,0.8361007,0.6874927,0.84374636,0.6291175,0.81455874,0.6447692,0.8223846,0.6895418,0.8447709,0.7191951,0.85959756,0.728928,0.86446404,0.7674438,0.8837219,0.7330724,0.8665362,0.764666,0.88233304
98301,0.5432669,0.77163345,0.5293172,0.7646586,0.45017356,0.7250868,0.46478796,0.732394,0.5877247,0.79386234,0.6967976,0.8483988,0.6801206,0.8400603,0.6519273,0.8259636,0.6901543,0.84507716,0.7314067,0.86570334
98302,0.7417413,0.87087065,0.6869565,0.84347826,0.63313186,0.81656593,0.6607196,0.8303598,0.7343907,0.86719537,0.81580913,0.90790457,0.7498422,0.8749211,0.78938663,0.8946933,0.74645126,0.8732256,0.79294276,0.8964714
98303,0.63222194,0.81611097,0.60380864,0.8019043,0.5177132,0.7588566,0.5569281,0.7784641,0.6571508,0.8285754,0.78135896,0.8906795,0.7237497,0.8618748,0.72128654,0.86064327,0.7442622,0.8721311,0.7878823,0.89394116
98304,0.77801716,0.8890086,0.7285181,0.86425906,0.6758617,0.83793086,0.67795897,0.8389795,0.73379195,0.866896,0.81732893,0.90866446,0.749342,0.874671,0.813058,0.906529,0.77236664,0.8861833,0.8065471,0.9032736
98305,0.7783798,0.8891899,0.68275356,0.8413768,0.65074253,0.82537127,0.6295198,0.8147599,0.7162342,0.8581171,0.8282063,0.91410315,0.73171294,0.86585647,0.77702665,0.8885133,0.7561508,0.87807536,0.79516983,0.8975849
98306,0.6738467,0.83692336,0.6363024,0.81815124,0.5977129,0.79885644,0.610847,0.8054235,0.67986906,0.8399345,0.78470165,0.8923508,0.70619273,0.85309637,0.77121663,0.8856083,0.75157666,0.87578833,0.7891191,0.89455956
98307,0.7118484,0.8559242,0.6987016,0.8493508,0.6532432,0.8266216,0.6459948,0.8229974,0.7355441,0.86777204,0.8616859,0.93084294,0.76836264,0.8841813,0.8385248,0.9192624,0.824761,0.91238046,0.87542236,0.9377112
98308,0.65928245,0.8296412,0.6929256,0.8464628,0.5906906,0.7953453,0.65455884,0.82727945,0.6853883,0.84269416,0.73576295,0.8678815,0.75594443,0.87797225,0.75738764,0.8786938,0.78383434,0.89191717,0.78518695,0.8925935
98309,0.7010609,0.85053045,0.64624906,0.8231245,0.5989396,0.7994698,0.5968766,0.7984383,0.69378215,0.84689105,0.7941611,0.89708054,0.7288623,0.86443114,0.77878475,0.8893924,0.7812326,0.8906163,0.7872534,0.8936267
98310,0.70502055,0.8525103,0.6651638,0.8325819,0.6558498,0.8279249,0.6147775,0.8073888,0.67630994,0.838155,0.7375114,0.8687557,0.7042308,0.8521154,0.7371938,0.8685969,0.68729067,0.84364533,0.7323514,0.8661757
98311,0.74070805,0.87035406,0.6429001,0.82145005,0.6135889,0.80679446,0.5936611,0.79683053,0.7252759,0.86263794,0.83928216,0.9196411,0.76599765,0.8829988,0.7460336,0.87301683,0.7576489,0.8788245,0.84520864,0.9226043
98312,0.72736216,0.8636811,0.73786175,0.8689309,0.62667316,0.8133366,0.6685214,0.8342607,0.77182895,0.88591444,0.80089414,0.9004471,0.8146169,0.90730846,0.82164544,0.91082275,0.7835475,0.89177376,0.8355538,0.91777694
98313,0.7525408,0.8762704,0.7014369,0.85071844,0.64521945,0.8226097,0.6265343,0.8132671,0.73669237,0.8683462,0.8698171,0.9349085,0.7684959,0.88424796,0.8270226,0.9135113,0.7912557,0.89562786,0.8392916,0.9196458
98314,0.78833795,0.894169,0.7230848,0.8615424,0.71402085,0.8570104,0.7018312,0.8509156,0.75709957,0.8785498,0.8440221,0.922011,0.7263366,0.8631683,0.8133404,0.9066702,0.77416223,0.88708115,0.8018304,0.9009152
98315,0.6777919,0.8388959,0.66484,0.83242,0.5860772,0.7930386,0.6351737,0.81758684,0.670789,0.8353945,0.7884617,0.89423084,0.7149704,0.8574852,0.7505933,0.87529665,0.76926994,0.884635,0.7849432,0.8924716
98316,0.7899213,0.89496064,0.75400066,0.87700033,0.7102543,0.85512716,0.6608907,0.83044535,0.8030671,0.90153354,0.8769657,0.9384829,0.79225636,0.8961282,0.831753,0.9158765,0.7963505,0.89817524,0.8259341,0.9129671
98317,0.71888584,0.85944295,0.65423673,0.8271184,0.5709099,0.785455,0.5744894,0.7872447,0.7569356,0.8784678,0.8406077,0.9203038,0.7977241,0.89886206,0.75034666,0.87517333,0.74793756,0.8739688,0.83542734,0.91771364
98318,0.74100184,0.8705009,0.6941085,0.84705424,0.654655,0.8273275,0.6784534,0.8392267,0.7176132,0.8588066,0.81098497,0.9054925,0.73512334,0.8675617,0.7938489,0.89692444,0.7786999,0.88934994,0.8081142,0.9040571
98319,0.6597421,0.82987106,0.6422305,0.82111526,0.5808697,0.79043484,0.64410174,0.82205087,0.6238247,0.81191236,0.7146777,0.85733885,0.6801567,0.84007835,0.7189825,0.8594912,0.7180035,0.85900176,0.7126348,0.8563174
98320,0.7206846,0.86034226,0.6626174,0.8313087,0.6377309,0.8188654,0.5828626,0.7914313,0.7567196,0.8783598,0.89330363,0.9466518,0.7607987,0.88039935,0.8099816,0.9049908,0.7898742,0.8949371,0.8480054,0.9240027
98321,0.7476723,0.87383616,0.67355484,0.83677745,0.6689589,0.83447945,0.656152,0.828076,0.70929515,0.8546476,0.8324747,0.91623735,0.7207943,0.86039716,0.7781138,0.8890569,0.78240806,0.891204,0.79702747,0.89851373
98322,0.65715754,0.82857877,0.6262082,0.8131041,0.55406284,0.7770314,0.58990955,0.7949548,0.6918311,0.84591556,0.812888,0.906444,0.72491145,0.8624557,0.7576664,0.8788332,0.7728535,0.88642675,0.8048987,0.90244937
98323,0.7246149,0.8623074,0.6916188,0.8458094,0.598094,0.799047,0.6161473,0.80807364,0.7633569,0.88167846,0.828086,0.914043,0.78135145,0.8906757,0.81625116,0.9081256,0.75202924,0.8760146,0.8092017,0.90460086
98324,0.73523295,0.8676165,0.7032995,0.85164976,0.64123595,0.820618,0.6847044,0.8423522,0.69736326,0.8486816,0.7276325,0.86381626,0.68516016,0.8425801,0.7515017,0.87575084,0.7405709,0.87028545,0.7414726,0.8707363
98325,0.74180853,0.87090427,0.6826687,0.84133434,0.6630409,0.83152044,0.645133,0.8225665,0.7596233,0.87981164,0.8606347,0.93031734,0.78007925,0.8900396,0.8134719,0.90673596,0.79828066,0.89914036,0.8340101,0.91700506
98326,0.7038169,0.85190845,0.67687875,0.83843935,0.59095526,0.7954776,0.6405616,0.8202808,0.6843269,0.84216344,0.79313457,0.8965673,0.7576349,0.87881744,0.76867557,0.8843378,0.8108916,0.9054458,0.8198781,0.90993905
98327,0.68860316,0.8443016,0.70561445,0.8528072,0.6221711,0.8110856,0.6512697,0.82563484,0.7000721,0.850036,0.7876729,0.89383644,0.74741673,0.87370837,0.813449,0.9067245,0.79521084,0.8976054,0.82069063,0.9103453
98328,0.7173697,0.85868484,0.649202,0.824601,0.6032981,0.8016491,0.67334265,0.83667135,0.68863046,0.84431523,0.7750624,0.88753116,0.7140293,0.85701466,0.77341145,0.88670576,0.76078033,0.88039017,0.7835716,0.8917858
98329,0.68262446,0.8413122,0.6647235,0.83236176,0.5935025,0.79675126,0.61990523,0.8099526,0.67321527,0.83660764,0.7872015,0.89360076,0.7402557,0.87012786,0.7919266,0.8959633,0.7832556,0.8916278,0.8203171,0.9101585
98330,0.6562674,0.8281337,0.68288606,0.84144306,0.6075164,0.8037582,0.6310021,0.8155011,0.66159976,0.8307999,0.7220708,0.8610354,0.6936662,0.8468331,0.77457875,0.8872894,0.7469187,0.87345934,0.7571565,0.87857825
98331,0.6424842,0.8212421,0.587361,0.7936805,0.5997648,0.7998824,0.6256808,0.8128404,0.5901791,0.79508954,0.68202686,0.84101343,0.55953026,0.7797651,0.65108573,0.82554287,0.70816165,0.8540808,0.6452145,0.8226073
98332,0.61367834,0.80683917,0.60746694,0.80373347,0.5642041,0.78210205,0.59898233,0.79949117,0.64244354,0.82122177,0.75038177,0.87519085,0.73135376,0.8656769,0.7664963,0.88324815,0.7462159,0.8731079,0.7811253,0.89056265
98333,0.68819445,0.84409726,0.67284644,0.8364232,0.5990819,0.79954094,0.6180065,0.80900323,0.6886879,0.84434396,0.7999486,0.8999743,0.7693087,0.88465434,0.76964027,0.8848201,0.78429914,0.89214957,0.8400792,0.9200396
98334,0.66326207,0.83163106,0.6711813,0.83559066,0.6742493,0.83712465,0.6123222,0.8061611,0.6069039,0.80345196,0.62834543,0.81417274,0.5453257,0.7726629,0.6432353,0.82161766,0.6330947,0.8165474,0.6279142,0.8139571
98335,0.7430562,0.8715281,0.7147843,0.8573922,0.6726922,0.8363461,0.704718,0.852359,0.7136134,0.8568067,0.80123097,0.90061545,0.74980617,0.8749031,0.8105414,0.9052707,0.77276677,0.8863834,0.790535,0.8952675
98336,0.5423418,0.7711709,0.55737567,0.77868783,0.54872525,0.7743626,0.57317525,0.7865876,0.55345726,0.77672863,0.6164452,0.8082226,0.5400307,0.77001536,0.6318389,0.81591946,0.6192273,0.80961365,0.58580506,0.7929025
98337,0.57207584,0.7860379,0.5448691,0.7724346,0.50586367,0.75293183,0.56068194,0.78034097,0.556683,0.77834153,0.5999392,0.7999696,0.6092838,0.8046419,0.59357417,0.7967871,0.6566696,0.8283348,0.6224526,0.8112263
98338,0.60787743,0.80393875,0.6697006,0.8348503,0.5817029,0.7908515,0.6177527,0.80887634,0.5680131,0.78400654,0.5193975,0.75969875,0.5470207,0.77351034,0.63633144,0.8181657,0.6349016,0.81745076,0.5626184,0.7813092
98339,0.5341073,0.76705366,0.5422926,0.7711463,0.4783664,0.7391832,0.5056038,0.7528019,0.5440541,0.772027,0.6650568,0.8325284,0.6344065,0.8172033,0.6554028,0.8277014,0.6869979,0.84349895,0.72363615,0.8618181
98340,0.6833791,0.8416896,0.68607247,0.84303623,0.59866816,0.79933405,0.6179593,0.80897963,0.6874222,0.84371114,0.775674,0.887837,0.75265974,0.8763299,0.7472911,0.87364554,0.7741865,0.88709325,0.7966824,0.8983412
98341,0.66227055,0.8311353,0.6886925,0.8443463,0.63268197,0.816341,0.656309,0.8281545,0.654729,0.8273645,0.730927,0.8654635,0.7184272,0.8592136,0.7525652,0.8762826,0.7322321,0.86611605,0.74656737,0.8732837
98342,0.72174704,0.8608735,0.6773973,0.8386986,0.5938947,0.79694736,0.5937952,0.7968976,0.6938708,0.8469354,0.80389214,0.90194607,0.71366763,0.8568338,0.7317582,0.86587906,0.76985705,0.8849285,0.8045334,0.90226674
98343,0.52345496,0.76172745,0.51777065,0.7588853,0.47401768,0.7370088,0.50064945,0.7503247,0.5495361,0.77476805,0.6591686,0.8295843,0.5997906,0.7998953,0.6357988,0.8178994,0.68183315,0.8409166,0.68703103,0.8435155
98344,0.72859097,0.8642955,0.6833,0.84165,0.6145679,0.80728394,0.66045773,0.83022887,0.6888684,0.8444342,0.7423028,0.8711514,0.6853202,0.84266007,0.73320574,0.8666029,0.7304124,0.86520624,0.72797537,0.8639877
98345,0.6936597,0.8468299,0.6819429,0.84097147,0.66261697,0.8313085,0.58899474,0.7944974,0.72430813,0.86215407,0.83632785,0.9181639,0.70625556,0.8531278,0.76856434,0.8842822,0.7713629,0.88568145,0.8288854,0.91444266
98346,0.6273577,0.81367886,0.63011664,0.81505835,0.5699207,0.7849604,0.5856559,0.79282796,0.6674409,0.83372045,0.7558017,0.87790084,0.69163436,0.8458172,0.7477001,0.87385005,0.75949466,0.87974733,0.7507926,0.8753963
98347,0.6114005,0.80570024,0.6192335,0.80961674,0.54732585,0.7736629,0.60102975,0.8005149,0.62318206,0.811591,0.6690519,0.83452594,0.6800772,0.8400386,0.68637854,0.84318924,0.75188583,0.87594295,0.7223635,0.86118174
98348,0.5819193,0.79095966,0.5940685,0.79703426,0.5383041,0.76915205,0.58959216,0.7947961,0.5808847,0.79044235,0.62179303,0.8108965,0.6465244,0.8232622,0.670025,0.8350125,0.70660126,0.85330063,0.7131368,0.8565684
98349,0.7576885,0.87884426,0.7497446,0.8748723,0.6757164,0.8378582,0.6795026,0.8397513,0.7646091,0.88230455,0.8366046,0.9183023,0.7730892,0.8865446,0.84383035,0.9219152,0.829314,0.914657,0.8460287,0.92301434
98350,0.63562584,0.8178129,0.6389705,0.81948525,0.5555949,0.77779746,0.5874921,0.79374605,0.64819074,0.82409537,0.758572,0.879286,0.7131322,0.8565661,0.7384864,0.8692432,0.75106215,0.8755311,0.7948303,0.89741516
98351,0.68675935,0.8433797,0.66980207,0.83490103,0.5755906,0.7877953,0.6258702,0.8129351,0.69181776,0.8459089,0.7642541,0.88212705,0.7423723,0.87118614,0.75235516,0.87617755,0.76658154,0.88329077,0.7887932,0.8943966
98352,0.5583052,0.77915263,0.54211307,0.77105653,0.45210302,0.7260515,0.51508486,0.75754243,0.566283,0.7831415,0.70385563,0.8519278,0.67950416,0.8397521,0.667993,0.83399653,0.7047833,0.85239166,0.72903657,0.8645183
98353,0.5766529,0.78832644,0.5704099,0.78520495,0.50937617,0.7546881,0.5070492,0.7535246,0.5886779,0.79433894,0.7123233,0.85616165,0.694952,0.847476,0.6548135,0.82740676,0.7096751,0.85483754,0.7351817,0.86759084
98354,0.51792854,0.7589643,0.6058773,0.80293864,0.553021,0.7765105,0.49714088,0.74857044,0.54811835,0.7740592,0.48309073,0.7415454,0.5270217,0.7635108,0.53344846,0.7667242,0.5488928,0.77444637,0.50058484,0.7502924
98355,0.7275477,0.8637738,0.70511127,0.85255563,0.6687433,0.8343717,0.65155244,0.8257762,0.73740065,0.8687003,0.8110645,0.90553224,0.7466704,0.87333524,0.74990934,0.8749547,0.74982584,0.8749129,0.8106799,0.90533996
98356,0.6089512,0.8044756,0.62977713,0.8148886,0.54455996,0.77228,0.55979025,0.7798951,0.6305727,0.81528634,0.68927515,0.8446376,0.6979363,0.84896815,0.6931828,0.8465914,0.71425533,0.85712767,0.7101307,0.85506535
98357,0.6721821,0.83609104,0.6961613,0.84808064,0.6279068,0.8139534,0.6323027,0.8161514,0.64027995,0.82014,0.57414925,0.7870746,0.605507,0.8027535,0.62537456,0.8126873,0.6255262,0.8127631,0.59007984,0.7950399
98358,0.70035106,0.8501755,0.66976327,0.83488166,0.62400174,0.8120009,0.6268133,0.81340665,0.7184778,0.85923886,0.817253,0.9086265,0.7589309,0.87946546,0.7891784,0.8945892,0.80034506,0.90017253,0.82670105,0.9133505
98359,0.6150319,0.807516,0.5514214,0.7757107,0.54106814,0.77053404,0.5407028,0.7703514,0.58394045,0.79197025,0.6912292,0.8456146,0.6619544,0.8309772,0.6628295,0.83141476,0.70917964,0.8545898,0.7370837,0.86854184
98360,0.5681493,0.78407466,0.64882255,0.8244113,0.5644517,0.78222585,0.6738363,0.8369181,0.5495826,0.7747913,0.5185449,0.75927246,0.53530574,0.76765287,0.62375295,0.8118765,0.6448517,0.82242584,0.5660615,0.78303075
98361,0.77251023,0.88625515,0.7499383,0.8749691,0.6900289,0.84501445,0.70829153,0.85414577,0.7752583,0.88762915,0.83420146,0.9171007,0.75708234,0.8785412,0.8465206,0.92326033,0.80560637,0.9028032,0.8395894,0.9197947
98362,0.6716312,0.8358156,0.6467856,0.8233928,0.59778094,0.7988905,0.5938331,0.79691654,0.668057,0.8340285,0.7400632,0.8700316,0.7312813,0.86564064,0.69741666,0.84870833,0.7252327,0.86261636,0.7452347,0.87261736
98363,0.68497264,0.8424863,0.6916028,0.8458014,0.65021724,0.82510865,0.62512136,0.8125607,0.6814877,0.84074384,0.7450361,0.87251806,0.6910665,0.84553325,0.7817986,0.8908993,0.77218354,0.88609177,0.75805736,0.8790287
98364,0.5393365,0.7696682,0.55343246,0.77671623,0.54509735,0.7725487,0.48230475,0.7411524,0.5567901,0.77839506,0.61235726,0.8061786,0.5700655,0.78503275,0.64619625,0.8230981,0.60218,0.80109,0.6105819,0.80529094
98365,0.6269387,0.81346935,0.64924216,0.8246211,0.5662118,0.7831059,0.5838772,0.7919386,0.62047684,0.8102384,0.68302894,0.84151447,0.64214176,0.8210709,0.74249375,0.8712469,0.72591424,0.8629571,0.7301591,0.8650795
98366,0.5389594,0.7694797,0.58361185,0.7918059,0.5073105,0.75365525,0.48913565,0.7445678,0.537503,0.7687515,0.5095109,0.75475544,0.5462427,0.77312136,0.58189774,0.79094887,0.5645335,0.78226674,0.53270066,0.7663503
98367,0.6571624,0.8285812,0.5943644,0.7971822,0.5730355,0.78651774,0.5896783,0.79483914,0.6098095,0.80490476,0.7368454,0.8684227,0.6499431,0.82497156,0.67267025,0.8363351,0.7210984,0.8605492,0.7225799,0.86129
98368,0.5466664,0.7733332,0.6016742,0.8008371,0.53223705,0.7661185,0.57867646,0.78933823,0.55892265,0.7794613,0.65007925,0.8250396,0.6034684,0.8017342,0.65594476,0.8279724,0.6824907,0.84124535,0.6918156,0.8459078
98369,0.59241843,0.7962092,0.6519469,0.82597345,0.5643534,0.78217673,0.5883857,0.79419285,0.65258706,0.8262935,0.7304946,0.8652473,0.7145599,0.85727996,0.7394273,0.86971366,0.7215777,0.8607888,0.77312165,0.8865608
98370,0.6475768,0.8237884,0.63737965,0.8186898,0.54911476,0.77455735,0.6443449,0.82217246,0.6646136,0.8323068,0.78196776,0.8909839,0.7410433,0.87052166,0.7638025,0.88190126,0.76568234,0.88284117,0.79860574,0.89930284
98371,0.6688136,0.8344068,0.6560741,0.828037,0.6139107,0.80695534,0.68581414,0.8429071,0.63581777,0.8179089,0.7141007,0.85705036,0.66897905,0.8344895,0.73487747,0.86743873,0.7403178,0.8701589,0.70793664,0.8539683
98372,0.7341986,0.8670993,0.68324196,0.841621,0.6142862,0.8071431,0.64186126,0.8209306,0.7269263,0.86346316,0.8228626,0.9114313,0.75909466,0.87954736,0.7945485,0.89727426,0.7660259,0.88301295,0.82607126,0.91303563
98373,0.74431896,0.8721595,0.67206264,0.8360313,0.61889297,0.80944645,0.69862676,0.8493134,0.6752242,0.8376121,0.7832359,0.89161795,0.66448903,0.8322445,0.75353146,0.8767657,0.7532692,0.8766346,0.76419103,0.8820955
98374,0.7348299,0.86741495,0.6884603,0.8442302,0.64328015,0.8216401,0.6924911,0.8462455,0.6969104,0.8484552,0.77737206,0.88868606,0.70260143,0.8513007,0.75573635,0.8778682,0.75783455,0.8789173,0.76481867,0.88240933
98375,0.702724,0.851362,0.7081663,0.8540832,0.6547848,0.8273924,0.67057204,0.835286,0.6998007,0.84990036,0.79810685,0.89905345,0.7357892,0.8678946,0.79559404,0.897797,0.7932261,0.89661306,0.8149234,0.9074617
98376,0.77254725,0.8862736,0.7057043,0.8528521,0.6611532,0.8305766,0.66440535,0.8322027,0.7361462,0.8680731,0.8621179,0.93105894,0.72698027,0.8634901,0.80556595,0.902783,0.80098534,0.90049267,0.82877034,0.9143852
98377,0.7146539,0.857327,0.6713443,0.83567214,0.62234473,0.81117237,0.63237834,0.81618917,0.7251184,0.8625592,0.8432468,0.9216234,0.7894629,0.89473146,0.80623895,0.90311944,0.80315346,0.90157676,0.84836996,0.924185
98378,0.710626,0.855313,0.71281147,0.85640574,0.6070689,0.80353445,0.6610233,0.8305117,0.7003541,0.85017705,0.7782426,0.8891213,0.7641485,0.88207424,0.7918993,0.89594966,0.7808521,0.89042604,0.82007426,0.91003716
98379,0.66141224,0.8307061,0.6499373,0.82496864,0.6040094,0.8020047,0.64201677,0.8210084,0.68054,0.84027004,0.7693013,0.88465065,0.731162,0.86558104,0.75596374,0.8779819,0.7433288,0.8716644,0.79142827,0.89571416
98380,0.72957134,0.8647857,0.66576433,0.83288217,0.6098677,0.80493385,0.6365934,0.8182967,0.7293285,0.86466426,0.86865544,0.9343277,0.75065863,0.8753293,0.7965187,0.89825934,0.7768613,0.88843066,0.8279634,0.9139817
98381,0.69799805,0.848999,0.69061995,0.84531,0.6309737,0.81548685,0.6394696,0.8197348,0.66725236,0.83362615,0.78081656,0.8904083,0.7209155,0.8604578,0.79794085,0.8989704,0.79047424,0.8952371,0.7903154,0.8951577
98382,0.7177582,0.8588791,0.6723424,0.8361712,0.62764525,0.8138226,0.6250992,0.8125496,0.7223216,0.8611608,0.84406674,0.92203337,0.77845496,0.8892275,0.81633985,0.9081699,0.8176913,0.90884566,0.8703933,0.93519664
98383,0.68156075,0.8407804,0.70255256,0.8512763,0.6257125,0.81285626,0.6352478,0.8176239,0.68100196,0.84050095,0.7601656,0.8800828,0.7031902,0.8515951,0.7526184,0.87630916,0.7523972,0.8761986,0.76898706,0.8844935
98384,0.72004986,0.8600249,0.6651305,0.83256525,0.61352265,0.8067613,0.68639886,0.84319943,0.6853298,0.8426649,0.76007557,0.8800378,0.66311204,0.831556,0.7685475,0.88427377,0.7549602,0.8774801,0.7786543,0.88932717
98385,0.68187505,0.8409375,0.66563964,0.8328198,0.6021713,0.80108565,0.6264683,0.81323415,0.69867975,0.84933984,0.7947026,0.89735126,0.70791256,0.8539563,0.8040849,0.90204245,0.77040964,0.8852048,0.80735195,0.903676
98386,0.6831943,0.84159714,0.66961575,0.8348079,0.61409044,0.8070452,0.68093204,0.840466,0.701979,0.85098946,0.7526337,0.87631685,0.73519206,0.86759603,0.745872,0.872936,0.74939406,0.874697,0.7551391,0.87756956
98387,0.6646777,0.8323388,0.6782513,0.83912563,0.6156434,0.8078217,0.684755,0.84237754,0.68483275,0.8424164,0.73947,0.869735,0.69742143,0.8487107,0.7441257,0.87206286,0.7116313,0.85581565,0.74396944,0.8719847
98388,0.79133755,0.89566875,0.75288284,0.8764414,0.70962644,0.8548132,0.6929664,0.84648323,0.7568213,0.87841064,0.8348553,0.91742766,0.7522518,0.87612593,0.81664324,0.9083216,0.7824814,0.8912407,0.79929733,0.89964867
98389,0.71863955,0.8593198,0.688251,0.8441255,0.60303843,0.8015192,0.6225747,0.81128734,0.74199224,0.8709961,0.83432686,0.91716343,0.79684776,0.8984239,0.7898431,0.89492154,0.7901324,0.8950662,0.83326995,0.916635
98390,0.7205599,0.8602799,0.6624594,0.8312297,0.61141145,0.8057057,0.67038363,0.83519185,0.6839913,0.84199566,0.7934487,0.89672434,0.7050139,0.85250694,0.75637853,0.87818927,0.74077606,0.87038803,0.77563524,0.8878176
98391,0.5723532,0.78617656,0.5760157,0.78800786,0.5350765,0.76753825,0.5292337,0.76461685,0.6245295,0.81226474,0.7445799,0.87228996,0.7425196,0.8712598,0.69008005,0.84504,0.7383976,0.8691988,0.78381526,0.89190763
98392,0.6243816,0.8121908,0.6126814,0.8063407,0.57012355,0.7850618,0.65866816,0.8293341,0.5791483,0.78957415,0.6437019,0.82185096,0.57499754,0.7874988,0.7151846,0.85759234,0.72094023,0.8604701,0.70685625,0.8534281
98393,0.69796395,0.848982,0.6496942,0.8248471,0.59471375,0.79735684,0.612352,0.806176,0.67962956,0.8398148,0.8184334,0.9092167,0.7418633,0.8709316,0.7777493,0.88887465,0.81891006,0.90945506,0.8392092,0.9196046
98394,0.59325945,0.7966297,0.57050043,0.7852502,0.51525944,0.75762975,0.5165349,0.75826746,0.63709927,0.81854963,0.76298934,0.88149464,0.72785246,0.86392623,0.71202064,0.8560103,0.7591524,0.8795762,0.8031999,0.90159994
98395,0.6912129,0.84560645,0.657799,0.8288995,0.579258,0.789629,0.6201781,0.81008905,0.69366264,0.8468313,0.8132693,0.9066347,0.7353389,0.86766946,0.7868042,0.8934021,0.75612736,0.8780637,0.80084485,0.90042245
98396,0.65273887,0.8263694,0.6338704,0.8169352,0.607871,0.8039355,0.6410187,0.8205093,0.67774606,0.838873,0.7418822,0.8709411,0.71515644,0.8575782,0.75488603,0.877443,0.74259865,0.8712993,0.75769585,0.87884796
98397,0.5442234,0.7721117,0.55826044,0.7791302,0.4988247,0.74941236,0.52495563,0.7624778,0.5814769,0.79073846,0.6780063,0.83900315,0.643638,0.821819,0.6632781,0.83163905,0.7071898,0.8535949,0.7355198,0.86775994
98398,0.72937626,0.86468816,0.65897334,0.82948667,0.64703035,0.8235152,0.6080513,0.80402565,0.7450702,0.8725351,0.8323604,0.9161802,0.7493246,0.8746623,0.78641295,0.8932065,0.7885997,0.89429986,0.80952966,0.90476483
98399,0.4785704,0.73928523,0.5027359,0.7513679,0.3903056,0.6951528,0.42851666,0.7142583,0.516282,0.75814104,0.54214275,0.7710714,0.5953413,0.79767066,0.5379778,0.7689889,0.5648653,0.7824327,0.5684964,0.78424823
98400,0.6956766,0.8478383,0.6573522,0.8286761,0.59260285,0.7963014,0.6509789,0.82548946,0.67287797,0.836439,0.7517554,0.87587774,0.7000593,0.85002965,0.7470553,0.87352765,0.80482805,0.902414,0.7821233,0.89106166
98401,0.63030577,0.8151529,0.6583241,0.82916206,0.5638603,0.78193015,0.6299587,0.8149793,0.5948133,0.7974067,0.6442687,0.8221344,0.6213585,0.81067926,0.7387182,0.86935914,0.71601725,0.8580086,0.68250793,0.841254
98402,0.7246457,0.8623228,0.70513904,0.8525695,0.6521435,0.82607174,0.670299,0.8351495,0.706964,0.853482,0.76773405,0.883867,0.72070813,0.86035407,0.78536737,0.8926837,0.78260326,0.89130163,0.791613,0.8958065
1747,0.72666097,0.8633305,0.69032073,0.84516037,0.6340629,0.81703144,0.6789943,0.83949715,0.710051,0.85502553,0.6692548,0.8346274,0.6884289,0.84421444,0.7109337,0.85546684,0.71921194,0.85960597,0.68265164,0.8413258
1784,0.71021426,0.8551071,0.6959106,0.8479553,0.6086559,0.80432796,0.6132412,0.8066206,0.71476245,0.8573812,0.73816156,0.8690808,0.7462759,0.87313795,0.7399246,0.86996233,0.77630377,0.8881519,0.7295995,0.86479974
2476,0.7465439,0.87327194,0.7298472,0.8649236,0.7088244,0.8544122,0.6751132,0.8375566,0.70640254,0.85320127,0.71100914,0.8555046,0.68616354,0.8430818,0.73585486,0.86792743,0.6871925,0.8435962,0.70437336,0.8521867
2515,0.7607554,0.8803777,0.71009314,0.8550466,0.70085865,0.8504293,0.6525117,0.82625586,0.69181716,0.8459086,0.7113532,0.8556766,0.6426239,0.82131195,0.7119057,0.85595286,0.69366264,0.8468313,0.70488715,0.8524436
2517,0.73441136,0.8672057,0.684873,0.8424365,0.726809,0.8634045,0.6476234,0.8238117,0.67415047,0.83707523,0.5916091,0.79580456,0.5336032,0.7668016,0.6705327,0.83526635,0.6239573,0.81197864,0.59285796,0.796429
2529,0.68520737,0.8426037,0.638293,0.8191465,0.6272745,0.81363726,0.5699419,0.78497094,0.6409558,0.8204779,0.63826466,0.8191323,0.66103435,0.8305172,0.6441114,0.8220557,0.6087769,0.80438846,0.64847577,0.8242379
2538,0.6960831,0.84804153,0.62971354,0.81485677,0.5882504,0.7941252,0.5910245,0.79551226,0.61658233,0.8082912,0.62780154,0.81390077,0.59595424,0.7979771,0.6373683,0.81868416,0.59981763,0.7999088,0.6082394,0.8041197
2551,0.73358,0.86679,0.730938,0.865469,0.6416113,0.82080567,0.6027107,0.80135536,0.69194067,0.84597033,0.7096365,0.8548182,0.69345236,0.8467262,0.70717156,0.8535858,0.69114923,0.8455746,0.69241965,0.8462098
2553,0.7436472,0.8718236,0.70174116,0.8508706,0.7031238,0.8515619,0.63020647,0.81510323,0.68724215,0.8436211,0.696201,0.84810054,0.65015566,0.82507783,0.6862008,0.8431004,0.669826,0.834913,0.6779691,0.83898455
2554,0.6590149,0.82950747,0.6617433,0.83087164,0.58620155,0.7931008,0.63090676,0.8154534,0.65966195,0.829831,0.7218183,0.86090916,0.68194985,0.8409749,0.7124914,0.8562457,0.72101694,0.86050844,0.7449936,0.87249684
2555,0.6990553,0.84952766,0.6551002,0.8275501,0.6434696,0.8217348,0.633396,0.816698,0.6150956,0.8075478,0.63619584,0.81809795,0.58439696,0.7921985,0.63934857,0.81967425,0.6602644,0.8301322,0.63233304,0.8161665
2556,0.6620251,0.83101255,0.7218005,0.8609003,0.701711,0.85085547,0.65393364,0.8269668,0.6067486,0.8033743,0.5609777,0.78048885,0.54119873,0.77059937,0.664262,0.832131,0.6280409,0.81402045,0.57066214,0.7853311
2577,0.74193966,0.87096983,0.7082121,0.85410607,0.68585134,0.84292567,0.6114787,0.80573934,0.643875,0.8219375,0.6645858,0.8322929,0.61310595,0.806553,0.65723324,0.8286166,0.6305384,0.81526923,0.6691235,0.8345617
2582,0.7216518,0.8608259,0.6993876,0.8496938,0.68103945,0.8405197,0.6044621,0.8022311,0.71142393,0.85571194,0.729318,0.864659,0.7081373,0.85406864,0.7325537,0.86627686,0.690504,0.84525204,0.7275413,0.86377066
2583,0.7241529,0.86207646,0.7561915,0.87809575,0.73956746,0.86978376,0.6589935,0.82949674,0.6942034,0.8471017,0.6958313,0.84791565,0.66711867,0.83355933,0.72233075,0.8611654,0.7030831,0.8515415,0.6805166,0.8402583
2584,0.8002702,0.9001351,0.74437356,0.8721868,0.7217729,0.86088645,0.6628146,0.8314073,0.729931,0.8649655,0.7261667,0.86308336,0.6540228,0.8270114,0.7428894,0.8714447,0.6573137,0.82865685,0.6814698,0.8407349
2585,0.69730073,0.84865034,0.70249534,0.85124767,0.6390848,0.8195424,0.6428337,0.82141685,0.6560143,0.82800716,0.6586622,0.8293311,0.6459615,0.82298076,0.70225203,0.851126,0.66598016,0.83299005,0.666098,0.833049
2586,0.74477607,0.872388,0.697253,0.8486265,0.67147136,0.8357357,0.66769516,0.8338476,0.606974,0.803487,0.6163397,0.80816984,0.5473087,0.77365434,0.6623765,0.83118826,0.6415781,0.82078904,0.6018951,0.80094755
2587,0.6909801,0.84549004,0.6556528,0.8278264,0.63411874,0.8170594,0.5829505,0.79147524,0.6113066,0.80565333,0.6390115,0.81950575,0.5792285,0.78961426,0.65445995,0.82723,0.6107279,0.80536395,0.61588013,0.80794007
2588,0.753868,0.876934,0.7355551,0.8677776,0.702236,0.85111797,0.6716848,0.8358424,0.655988,0.827994,0.6636213,0.83181065,0.61082244,0.8054112,0.72208166,0.86104083,0.6938946,0.8469473,0.67040825,0.8352041
2589,0.75111425,0.8755571,0.66077584,0.83038795,0.6789617,0.8394809,0.60363936,0.8018197,0.6469103,0.82345515,0.6874577,0.84372884,0.5879186,0.79395926,0.66633904,0.8331695,0.61057764,0.8052888,0.6211717,0.81058586
2590,0.7466609,0.8733305,0.7101971,0.85509855,0.6705525,0.83527625,0.6554419,0.82772094,0.6986412,0.8493206,0.69161487,0.84580743,0.6745775,0.83728874,0.69164276,0.8458214,0.6596673,0.8298336,0.67900443,0.8395022
2591,0.7202841,0.86014205,0.66681516,0.8334076,0.6674707,0.83373535,0.5977694,0.7988847,0.6805163,0.8402581,0.7427453,0.87137264,0.65227675,0.8261384,0.7215512,0.8607756,0.6650145,0.83250725,0.71295446,0.85647726
2592,0.72630656,0.8631533,0.6804067,0.84020334,0.65794504,0.8289725,0.6376785,0.81883925,0.6701417,0.83507085,0.6345221,0.81726104,0.5989319,0.79946595,0.64958525,0.8247926,0.61219835,0.8060992,0.6232197,0.81160986
2594,0.6484127,0.82420635,0.65134907,0.82567453,0.60791785,0.8039589,0.6528626,0.8264313,0.61542535,0.8077127,0.60716486,0.80358243,0.60347444,0.8017372,0.6188895,0.8094448,0.62045085,0.8102254,0.59072196,0.795361
2595,0.61564976,0.80782485,0.6391155,0.8195578,0.5862265,0.79311323,0.5799624,0.7899812,0.57365644,0.7868282,0.57876676,0.7893834,0.5973246,0.7986623,0.6185863,0.80929315,0.589596,0.794798,0.5926206,0.7963103
2597,0.76628447,0.88314223,0.6941365,0.84706825,0.7010931,0.85054654,0.6451597,0.82257986,0.6954894,0.8477447,0.7266989,0.86334944,0.6549742,0.8274871,0.7320255,0.86601275,0.6708728,0.8354364,0.70296717,0.8514836
2645,0.69510305,0.8475515,0.71357775,0.8567889,0.7058648,0.8529324,0.6632033,0.8316016,0.65763444,0.82881725,0.6634497,0.8317249,0.63979137,0.8198957,0.6908718,0.84543586,0.69826365,0.8491318,0.6930281,0.84651405
2654,0.7824091,0.89120454,0.72215295,0.8610765,0.7335924,0.8667962,0.7189483,0.8594742,0.7074698,0.8537349,0.7197334,0.85986674,0.63151294,0.81575644,0.73446184,0.8672309,0.6629605,0.83148026,0.69738716,0.8486936
2655,0.71374285,0.8568714,0.698748,0.849374,0.67698675,0.83849335,0.6182543,0.80912715,0.69409585,0.8470479,0.7229482,0.8614741,0.6690738,0.8345369,0.7284956,0.8642478,0.6857107,0.84285533,0.7369101,0.86845505
2656,0.7186326,0.8593163,0.72576433,0.86288214,0.69022,0.84511,0.65670156,0.8283508,0.62784284,0.81392145,0.6185223,0.80926114,0.5699235,0.78496176,0.6812606,0.8406303,0.64723253,0.82361627,0.60184574,0.8009229
2657,0.69678175,0.8483909,0.6415248,0.8207624,0.64366555,0.8218328,0.60434204,0.802171,0.6804085,0.84020424,0.7602584,0.8801292,0.65912384,0.82956195,0.76224685,0.8811234,0.7841457,0.89207286,0.7642157,0.88210785
2658,0.72733265,0.8636663,0.6325098,0.8162549,0.6476841,0.82384205,0.6263784,0.8131892,0.61288846,0.8064442,0.5965469,0.79827344,0.49822277,0.7491114,0.64007115,0.8200356,0.60871816,0.8043591,0.5759324,0.7879662
2659,0.6906338,0.8453169,0.6673064,0.8336532,0.62019324,0.8100966,0.59809196,0.799046,0.63632226,0.81816113,0.64793193,0.82396597,0.6520284,0.82601416,0.6440842,0.8220421,0.64545333,0.82272667,0.66549146,0.83274573
2660,0.7050706,0.8525353,0.682765,0.8413825,0.63893527,0.81946766,0.62381274,0.81190634,0.65910363,0.8295518,0.6646676,0.8323338,0.67767215,0.8388361,0.6670849,0.83354247,0.67640644,0.8382032,0.67014694,0.8350735
2741,0.65527904,0.8276395,0.5899028,0.79495144,0.5446929,0.77234644,0.6049813,0.80249065,0.5409017,0.77045083,0.50934875,0.7546744,0.49656188,0.74828094,0.515314,0.757657,0.5599747,0.77998734,0.5102396,0.7551198
2766,0.7632474,0.8816237,0.81893903,0.9094695,0.732954,0.866477,0.66023284,0.8301164,0.73392093,0.86696047,0.7268552,0.86342764,0.6737197,0.8368598,0.7808839,0.89044195,0.7249619,0.86248094,0.7086991,0.85434955
2793,0.74766415,0.8738321,0.7806421,0.890321,0.66763365,0.8338168,0.65831447,0.82915723,0.72597456,0.8629873,0.71225727,0.85612863,0.71840477,0.8592024,0.76702726,0.8835136,0.7104852,0.8552426,0.7267432,0.8633716
2810,0.72257894,0.8612895,0.72236085,0.8611804,0.68082774,0.84041387,0.657796,0.828898,0.6284182,0.8142091,0.58175015,0.7908751,0.55697036,0.7784852,0.6711113,0.8355557,0.6255275,0.81276375,0.56732655,0.7836633
2824,0.68946874,0.8447344,0.69469184,0.84734595,0.62379116,0.8118956,0.62586457,0.81293225,0.6505229,0.8252615,0.61794835,0.80897415,0.61084926,0.80542463,0.6749022,0.8374511,0.6809652,0.8404826,0.6626322,0.8313161
3002,0.72114086,0.86057043,0.67042613,0.83521307,0.6736886,0.8368443,0.62776744,0.8138837,0.65481913,0.82740957,0.6271396,0.8135698,0.64244354,0.82122177,0.64137924,0.8206896,0.6437261,0.82186306,0.64288783,0.8214439
3021,0.73520494,0.86760247,0.70361984,0.8518099,0.6258712,0.8129356,0.6123214,0.8061607,0.675012,0.837506,0.6041937,0.80209684,0.6027311,0.80136555,0.63299054,0.8164953,0.6263606,0.8131803,0.61972725,0.8098636
3093,0.7762424,0.8881212,0.7841012,0.8920506,0.7396096,0.8698048,0.7056485,0.8528242,0.7831092,0.8915546,0.7454181,0.87270904,0.73662555,0.8683128,0.759189,0.8795945,0.70231974,0.8511599,0.75040656,0.87520325
3105,0.7367791,0.86838955,0.71114194,0.855571,0.65373623,0.8268681,0.6186973,0.80934864,0.6829431,0.84147155,0.6807661,0.84038305,0.6844539,0.842227,0.6997924,0.8498962,0.6766499,0.83832496,0.71331865,0.8566593
3113,0.6607611,0.83038056,0.64023566,0.82011783,0.6274216,0.8137108,0.59216565,0.79608285,0.59309137,0.7965457,0.65761566,0.82880783,0.6093326,0.8046663,0.66000414,0.83000207,0.6551151,0.82755756,0.6897432,0.84487164
3118,0.7733706,0.8866853,0.7317785,0.86588925,0.692495,0.8462475,0.64415944,0.8220797,0.720102,0.86005104,0.72241366,0.8612068,0.67332846,0.8366642,0.71150947,0.85575473,0.70829195,0.854146,0.7087221,0.85436106
3120,0.5933092,0.7966546,0.5959512,0.7979756,0.5358664,0.7679332,0.5654545,0.78272724,0.54744124,0.7737206,0.56591946,0.7829597,0.53733784,0.7686689,0.5873871,0.79369354,0.59974384,0.7998719,0.60502934,0.8025147
3122,0.7754775,0.88773876,0.76301944,0.8815097,0.7196816,0.8598408,0.6436225,0.82181126,0.7165101,0.858255,0.7034115,0.8517058,0.66005063,0.8300253,0.71891236,0.8594562,0.706398,0.853199,0.7118201,0.85591006
3123,0.75336254,0.87668127,0.7377635,0.86888176,0.68484807,0.84242404,0.64444137,0.8222207,0.7261735,0.86308676,0.75151575,0.8757579,0.71696365,0.8584818,0.7458987,0.87294936,0.73411393,0.86705697,0.76272243,0.88136125
3133,0.7923975,0.89619875,0.7460499,0.87302494,0.7160497,0.85802484,0.6666862,0.8333431,0.7405164,0.8702582,0.78694654,0.89347327,0.75893134,0.8794657,0.7842145,0.89210725,0.7283542,0.8641771,0.7853097,0.89265484
3134,0.78331554,0.89165777,0.7180524,0.8590262,0.74646866,0.87323433,0.65848696,0.8292435,0.71854866,0.8592743,0.74452937,0.8722647,0.66233975,0.83116984,0.74526954,0.87263477,0.6929084,0.8464542,0.7085897,0.85429484
3135,0.7282928,0.8641464,0.7004266,0.8502133,0.6583294,0.82916474,0.59484625,0.7974231,0.65744203,0.82872105,0.6365417,0.81827086,0.61438817,0.8071941,0.64208674,0.8210434,0.6142378,0.8071189,0.6105206,0.8052603
3136,0.75874037,0.8793702,0.7466785,0.87333924,0.7005931,0.85029656,0.63085014,0.81542504,0.730835,0.8654175,0.731839,0.8659195,0.6963891,0.84819454,0.7426082,0.8713041,0.69013274,0.84506637,0.70933723,0.8546686
3137,0.7578599,0.87893,0.66085273,0.83042634,0.658675,0.8293375,0.6069361,0.80346805,0.6533728,0.8266864,0.7024505,0.85122526,0.61159384,0.8057969,0.6781984,0.83909917,0.6201014,0.8100507,0.6553936,0.8276968
3138,0.7854434,0.8927217,0.66907066,0.83453536,0.7197866,0.8598933,0.63531184,0.8176559,0.68329835,0.8416492,0.739285,0.8696425,0.605513,0.8027565,0.6945791,0.84728956,0.6447263,0.82236314,0.6929562,0.8464781
3139,0.75133884,0.8756694,0.6841289,0.84206444,0.6857091,0.84285456,0.6432129,0.82160646,0.6798,0.8399,0.71547055,0.8577353,0.6085044,0.8042522,0.72220635,0.8611032,0.65775585,0.8288779,0.6746589,0.83732945
3140,0.73075706,0.8653785,0.68176264,0.84088135,0.6550147,0.8275074,0.62375903,0.8118795,0.63272154,0.8163608,0.6447803,0.82239014,0.61436015,0.80718005,0.65060884,0.8253044,0.6279454,0.8139727,0.6400026,0.8200013
3141,0.7092388,0.8546194,0.69709814,0.84854907,0.6587521,0.82937604,0.58837414,0.79418707,0.67625785,0.8381289,0.68786293,0.84393144,0.62015986,0.81007993,0.6914123,0.84570616,0.6624094,0.8312047,0.6883845,0.84419227
3142,0.7310843,0.8655422,0.68868864,0.8443443,0.68615085,0.8430754,0.6062064,0.8031032,0.68638957,0.8431948,0.7297002,0.8648501,0.63335574,0.81667787,0.7151369,0.85756844,0.67808825,0.8390441,0.68939984,0.8446999
3143,0.7296741,0.86483705,0.6818179,0.84090894,0.666361,0.8331805,0.603818,0.80190897,0.6706708,0.8353354,0.6878748,0.8439374,0.64312124,0.8215606,0.6904341,0.84521705,0.65342206,0.82671106,0.6879692,0.8439846
3144,0.68135405,0.840677,0.62322915,0.8116146,0.69874346,0.84937173,0.55596435,0.7779822,0.65183115,0.8259156,0.6745292,0.8372646,0.5674563,0.7837281,0.7052365,0.8526182,0.6216942,0.8108471,0.63135386,0.8156769
3145,0.6468496,0.8234248,0.61135125,0.8056756,0.5702143,0.78510714,0.594487,0.7972435,0.58886075,0.7944304,0.579168,0.78958404,0.59523857,0.7976193,0.599429,0.7997145,0.583234,0.79161704,0.5742346,0.7871173
3146,0.72688985,0.8634449,0.677783,0.8388915,0.68183315,0.8409166,0.6131309,0.80656546,0.70825624,0.8541281,0.71565354,0.85782677,0.6562747,0.82813734,0.709551,0.8547755,0.6539899,0.82699496,0.67978215,0.8398911
3147,0.7551497,0.87757486,0.7316463,0.86582315,0.6905014,0.8452507,0.71149814,0.8557491,0.7004243,0.85021216,0.7008526,0.8504263,0.67233455,0.8361673,0.7447117,0.8723558,0.7184284,0.8592142,0.7060435,0.85302174
3148,0.71841556,0.85920775,0.6613486,0.8306743,0.65233725,0.82616866,0.58590794,0.79295397,0.6668676,0.8334338,0.72663754,0.8633188,0.67213607,0.83606803,0.6969452,0.8484726,0.64755166,0.8237758,0.70595074,0.85297537
3149,0.7390918,0.86954594,0.68816316,0.8440816,0.66130173,0.83065087,0.63451535,0.81725764,0.6744233,0.8372116,0.6909536,0.8454768,0.6463573,0.82317865,0.6654875,0.83274376,0.6358843,0.81794214,0.6670753,0.83353764
3150,0.7245033,0.86225164,0.6436709,0.82183546,0.63622344,0.8181117,0.619614,0.809807,0.65125096,0.8256255,0.64385605,0.821928,0.59272754,0.7963638,0.65358126,0.82679063,0.58374906,0.7918745,0.6322614,0.8161307
3153,0.72043955,0.8602198,0.64142585,0.8207129,0.6539888,0.8269944,0.60667026,0.80333513,0.6600261,0.83001304,0.70342034,0.8517102,0.63771164,0.8188558,0.65319276,0.8265964,0.65208846,0.8260442,0.67709965,0.83854985
3155,0.53139436,0.7656972,0.5111619,0.75558096,0.5228013,0.76140064,0.45341867,0.72670937,0.45025885,0.7251294,0.44485205,0.72242606,0.42182693,0.7109135,0.46956676,0.7347834,0.4501447,0.7250724,0.4136603,0.70683014
3156,0.79333895,0.8966695,0.68742156,0.8437108,0.71882415,0.8594121,0.62533617,0.8126681,0.70484555,0.8524228,0.70038605,0.850193,0.62135416,0.81067705,0.6985324,0.8492662,0.62976605,0.814883,0.664428,0.832214
3157,0.754741,0.8773705,0.6923294,0.8461647,0.72553563,0.8627678,0.6521114,0.8260557,0.6964826,0.8482413,0.6974385,0.84871924,0.62818927,0.81409466,0.69531286,0.8476564,0.66353315,0.8317666,0.69114625,0.8455731
3158,0.74563897,0.8728195,0.6943289,0.84716445,0.6541672,0.8270836,0.6239247,0.81196237,0.6810962,0.8405481,0.70552063,0.8527603,0.6707549,0.83537745,0.6912248,0.8456124,0.63794196,0.818971,0.6814997,0.84074986
3159,0.7336836,0.8668418,0.6383204,0.8191602,0.6689359,0.83446795,0.5566113,0.77830565,0.66451144,0.8322557,0.73171353,0.86585677,0.6153531,0.80767655,0.68943286,0.8447164,0.6132337,0.80661684,0.66262853,0.83131427
3160,0.7536001,0.87680006,0.71449065,0.8572453,0.68345964,0.8417298,0.6311177,0.81555885,0.69844234,0.84922117,0.7164523,0.8582262,0.7025672,0.8512836,0.72057164,0.8602858,0.6909723,0.84548616,0.7130356,0.8565178
3161,0.7899672,0.8949836,0.78703177,0.8935159,0.7292345,0.8646172,0.6703555,0.8351778,0.75203073,0.87601537,0.7050918,0.85254586,0.6911201,0.8455601,0.73857087,0.86928546,0.6998616,0.84993076,0.715431,0.8577155
3162,0.71476513,0.85738254,0.6817962,0.8408981,0.6317526,0.8158763,0.605084,0.802542,0.65424407,0.82712203,0.69158363,0.8457918,0.641148,0.820574,0.7175006,0.85875034,0.67055875,0.83527935,0.6837283,0.8418641
3186,0.76583743,0.8829187,0.7114644,0.8557322,0.6802027,0.84010136,0.6433315,0.82166576,0.7365761,0.86828804,0.7157891,0.85789454,0.65520394,0.82760197,0.72027385,0.8601369,0.68270886,0.8413544,0.7305155,0.86525774
3225,0.6501415,0.82507074,0.6960915,0.8480457,0.59945124,0.79972565,0.6070809,0.80354047,0.6222561,0.811128,0.5891085,0.79455423,0.59306264,0.7965313,0.6194266,0.8097133,0.61089224,0.80544615,0.5912499,0.795625
3315,0.6842885,0.84214425,0.6468699,0.82343495,0.6520463,0.82602316,0.5691585,0.7845793,0.64059734,0.8202987,0.7002822,0.8501411,0.63132834,0.8156642,0.70276076,0.85138035,0.6559949,0.82799745,0.6773889,0.83869445
3321,0.7263855,0.86319274,0.6710799,0.83553994,0.67239535,0.8361977,0.6393362,0.8196681,0.6623641,0.83118206,0.6695975,0.83479875,0.60801876,0.8040094,0.69518673,0.84759337,0.61452186,0.80726093,0.62088597,0.810443
3332,0.6580211,0.82901055,0.62203234,0.8110162,0.69244933,0.84622467,0.5934837,0.79674184,0.5986606,0.7993303,0.6262394,0.8131197,0.53867614,0.7693381,0.6501054,0.82505274,0.62661195,0.813306,0.6308945,0.8154472
5877,0.65763474,0.82881737,0.69563615,0.8478181,0.609288,0.804644,0.57063717,0.7853186,0.61741185,0.8087059,0.60840535,0.8042027,0.5955011,0.7977506,0.6264609,0.81323045,0.63581926,0.8179096,0.6538504,0.82692516
5981,0.807055,0.9035275,0.7393365,0.86966825,0.7658398,0.8829199,0.69331276,0.8466564,0.7670876,0.8835438,0.74112314,0.8705616,0.6802581,0.840129,0.7393302,0.8696651,0.70524246,0.8526212,0.7149031,0.85745156
6043,0.7427408,0.87137043,0.66544807,0.83272403,0.6470208,0.8235104,0.606019,0.8030095,0.68355644,0.8417782,0.71384066,0.85692036,0.65068984,0.8253449,0.68289316,0.8414466,0.6815549,0.84077746,0.68980503,0.8449025
6078,0.7431658,0.87158287,0.6870512,0.8435256,0.6679129,0.8339565,0.6130078,0.8065039,0.6863701,0.84318507,0.7015737,0.85078686,0.6636064,0.8318032,0.66405976,0.8320299,0.68561685,0.8428084,0.6963784,0.84818923
6081,0.7729541,0.88647705,0.69913423,0.8495671,0.68203604,0.841018,0.66596943,0.8329847,0.74774945,0.8738747,0.7877829,0.89389145,0.7648519,0.88242596,0.75212604,0.876063,0.7609559,0.88047796,0.78292716,0.8914636
6082,0.69552493,0.84776247,0.6350086,0.8175043,0.6151917,0.80759585,0.60940945,0.8047047,0.6531913,0.82659566,0.70748234,0.85374117,0.6919632,0.8459816,0.6634563,0.83172816,0.7083348,0.8541674,0.717557,0.8587785
6090,0.6313934,0.8156967,0.629133,0.8145665,0.5854896,0.79274476,0.60324717,0.8016236,0.5745632,0.78728163,0.5801513,0.79007566,0.6109874,0.8054937,0.63234806,0.81617403,0.58031183,0.7901559,0.59964,0.79982
6127,0.7354065,0.86770326,0.76504743,0.8825237,0.71094465,0.8554723,0.63076067,0.81538033,0.7137635,0.85688174,0.7343193,0.86715966,0.68618697,0.8430935,0.7533606,0.8766803,0.6731887,0.83659434,0.72322655,0.8616133
6211,0.7418673,0.87093365,0.7313599,0.86568,0.7062324,0.8531162,0.6123979,0.80619895,0.7206252,0.8603126,0.713549,0.8567745,0.7009561,0.85047805,0.7249112,0.8624556,0.6791148,0.8395574,0.69947237,0.8497362
6213,0.6758259,0.8379129,0.59368145,0.7968407,0.55368644,0.7768432,0.58852357,0.7942618,0.5852666,0.7926333,0.65880907,0.82940453,0.59814465,0.7990723,0.6265147,0.81325734,0.64471996,0.82236,0.6574444,0.82872224
6214,0.68734074,0.84367037,0.6229773,0.8114886,0.6334144,0.8167072,0.5582044,0.7791022,0.5932496,0.7966248,0.65619993,0.82809997,0.5949516,0.7974758,0.62371147,0.81185573,0.6363919,0.81819594,0.6294707,0.81473535
6231,0.684921,0.8424605,0.63955843,0.8197792,0.62792856,0.81396425,0.55749,0.778745,0.60710436,0.80355215,0.6085295,0.8042648,0.5844364,0.7922182,0.6249187,0.81245935,0.5942897,0.7971449,0.5924887,0.7962444
6232,0.75360835,0.8768042,0.69187796,0.845939,0.71228164,0.85614085,0.62764245,0.8138212,0.6825501,0.84127504,0.7280078,0.8640039,0.6529478,0.8264739,0.71931386,0.85965693,0.6858188,0.8429094,0.7308963,0.8654481
6233,0.74857414,0.87428707,0.7172297,0.85861486,0.7320627,0.86603135,0.62005854,0.81002927,0.6856059,0.84280294,0.6854934,0.84274673,0.5830488,0.7915244,0.69407,0.847035,0.66222274,0.8311114,0.6398641,0.81993204
6239,0.68014896,0.8400745,0.6349097,0.8174548,0.61613065,0.8080653,0.60078746,0.8003937,0.6124706,0.8062353,0.67162883,0.8358144,0.62208664,0.8110433,0.6441138,0.8220569,0.6469748,0.8234874,0.689798,0.844899
6240,0.713308,0.856654,0.6382618,0.8191309,0.6476234,0.8238117,0.5768249,0.78841245,0.6330594,0.8165297,0.62686515,0.8134326,0.59181875,0.7959094,0.60092413,0.80046207,0.6272136,0.8136068,0.6095129,0.80475646
6254,0.7260505,0.86302525,0.78113973,0.89056987,0.6910802,0.8455401,0.675328,0.837664,0.70365644,0.8518282,0.68298554,0.8414928,0.6986334,0.8493167,0.7516595,0.87582976,0.7095988,0.8547994,0.7212953,0.8606477
6255,0.7329161,0.86645806,0.62928665,0.8146433,0.6542312,0.8271156,0.5770852,0.7885426,0.65285885,0.8264294,0.6978703,0.8489351,0.6230263,0.8115132,0.6514152,0.8257076,0.63607025,0.8180351,0.65224934,0.82612467
6342,0.66389585,0.8319479,0.65682983,0.8284149,0.6233344,0.8116672,0.5283199,0.7641599,0.6575464,0.8287732,0.66391367,0.83195686,0.63680047,0.81840026,0.6587694,0.8293847,0.6025504,0.8012752,0.62096596,0.810483
7630,0.70319897,0.85159945,0.7339127,0.86695635,0.6213174,0.8106587,0.62336206,0.81168103,0.6475487,0.82377434,0.62946546,0.81473273,0.6410795,0.8205397,0.70515805,0.852579,0.65175784,0.8258789,0.68038785,0.8401939
7654,0.72697043,0.8634852,0.70270944,0.8513547,0.6893118,0.8446559,0.61438805,0.807194,0.66971016,0.8348551,0.69200206,0.846001,0.63222456,0.8161123,0.6614859,0.83074296,0.69681036,0.8484052,0.6876496,0.8438248
8890,0.58166623,0.7908331,0.5770128,0.7885064,0.54654324,0.7732716,0.5564118,0.7782059,0.5536839,0.77684194,0.6307286,0.8153643,0.5974376,0.7987188,0.6446861,0.82234305,0.6553416,0.8276708,0.6732141,0.83660704
8916,0.645229,0.8226145,0.6424782,0.8212391,0.6355012,0.8177506,0.58143526,0.7907176,0.5865194,0.79325974,0.5493729,0.77468646,0.5588758,0.7794379,0.58738357,0.79369175,0.62192607,0.81096303,0.55768424,0.7788421
9028,0.70070624,0.8503531,0.7060938,0.8530469,0.63960075,0.8198004,0.62464565,0.81232285,0.6407518,0.8203759,0.6339432,0.8169716,0.6433748,0.8216874,0.68350834,0.8417542,0.6465646,0.8232823,0.6614197,0.8307098
9066,0.7037803,0.85189015,0.6229056,0.8114528,0.62401134,0.81200564,0.5642642,0.7821321,0.6294142,0.8147071,0.6175153,0.80875766,0.5357392,0.7678696,0.6200712,0.8100356,0.5938977,0.79694885,0.5968468,0.7984234
9445,0.637652,0.81882596,0.6602694,0.8301347,0.59123415,0.7956171,0.5928719,0.79643595,0.6107749,0.80538744,0.60815823,0.8040791,0.62346053,0.81173027,0.64578235,0.8228912,0.65408933,0.82704467,0.6574079,0.82870394
9542,0.7579132,0.87895656,0.73991513,0.86995757,0.68682754,0.8434138,0.7107698,0.8553849,0.7174449,0.85872245,0.67711323,0.83855665,0.63635087,0.81817544,0.72593963,0.8629698,0.68934613,0.84467304,0.6838815,0.84194076
9546,0.72615993,0.86307997,0.7082753,0.85413766,0.6318438,0.8159219,0.6226826,0.8113413,0.70134413,0.85067207,0.6967279,0.84836394,0.6708083,0.83540416,0.7149004,0.8574502,0.68989086,0.84494543,0.69688416,0.8484421
9547,0.7232462,0.8616231,0.6890322,0.8445161,0.6635878,0.8317939,0.66175646,0.83087826,0.6462711,0.82313555,0.66132617,0.8306631,0.6354167,0.8177084,0.65735734,0.82867867,0.66249883,0.8312494,0.6744242,0.8372121
9583,0.70008147,0.85004073,0.66589785,0.8329489,0.6269678,0.8134839,0.62460256,0.8123013,0.63405275,0.8170264,0.6231709,0.8115854,0.58821666,0.79410833,0.64361215,0.8218061,0.64168,0.82084,0.61889815,0.8094491
9587,0.6279733,0.81398666,0.61260986,0.80630493,0.59446263,0.7972313,0.51759946,0.75879973,0.55731654,0.7786583,0.6431303,0.82156515,0.59695005,0.798475,0.6142774,0.8071387,0.633549,0.8167745,0.6404067,0.82020336
12037,0.73804826,0.86902416,0.76070523,0.8803526,0.73481965,0.8674098,0.64058346,0.82029176,0.7263874,0.8631937,0.7426781,0.8713391,0.71256506,0.85628253,0.7678298,0.8839149,0.7468365,0.8734182,0.75763416,0.8788171
12116,0.65254444,0.82627225,0.6283016,0.8141508,0.6601165,0.8300582,0.5729352,0.7864676,0.60197926,0.8009896,0.66737616,0.8336881,0.62244344,0.8112217,0.64572656,0.8228633,0.64291084,0.8214554,0.68483984,0.8424199
12122,0.73140866,0.8657043,0.6578578,0.8289289,0.66709995,0.83355,0.5820566,0.79102826,0.645544,0.822772,0.68582964,0.8429148,0.5977578,0.7988789,0.6631574,0.83157873,0.64237297,0.8211865,0.6527672,0.8263836
12124,0.69711167,0.8485558,0.6563624,0.8281812,0.6538816,0.8269408,0.58514076,0.79257035,0.6285352,0.81426764,0.7206756,0.8603378,0.65501,0.827505,0.66884845,0.83442426,0.667943,0.8339715,0.7125591,0.85627955
12141,0.6777915,0.83889574,0.64235926,0.8211796,0.6018266,0.80091333,0.5768933,0.78844666,0.63800097,0.8190005,0.61637115,0.8081856,0.6469085,0.82345426,0.60268486,0.8013424,0.61608243,0.8080412,0.6328039,0.81640196
12143,0.68926823,0.8446341,0.67454946,0.83727473,0.6650994,0.8325497,0.58143604,0.790718,0.6296483,0.81482416,0.6777379,0.838869,0.5984678,0.7992339,0.6656344,0.8328172,0.6520903,0.82604516,0.6571053,0.82855266
12149,0.7542729,0.87713647,0.7576628,0.8788314,0.7396344,0.8698172,0.6541189,0.82705945,0.7106588,0.8553294,0.7174729,0.85873646,0.72325724,0.86162865,0.7265334,0.8632667,0.7314441,0.86572206,0.74577594,0.87288797
12161,0.699901,0.8499505,0.6640078,0.8320039,0.65924966,0.82962483,0.61583185,0.8079159,0.6725124,0.8362562,0.7146244,0.8573122,0.67517674,0.83758837,0.70288396,0.851442,0.6800698,0.8400349,0.7154227,0.8577113
12252,0.68086827,0.84043413,0.7501476,0.8750738,0.6671401,0.83357006,0.64298946,0.8214947,0.68568206,0.842841,0.6394769,0.81973845,0.6278237,0.81391186,0.71532035,0.8576602,0.6753952,0.8376976,0.673452,0.836726
12408,0.62292063,0.8114603,0.67288494,0.8364425,0.5964929,0.79824644,0.5842881,0.79214406,0.60975546,0.80487776,0.61588615,0.8079431,0.6122191,0.80610955,0.651834,0.825917,0.6279274,0.8139637,0.6486719,0.82433593
12409,0.73525906,0.8676295,0.6803559,0.84017795,0.6631633,0.83158165,0.59401894,0.79700947,0.6867455,0.84337276,0.722473,0.8612365,0.653642,0.82682097,0.718607,0.8593035,0.66415983,0.8320799,0.70945346,0.85472673
12410,0.71392345,0.8569617,0.7204932,0.8602466,0.67670417,0.8383521,0.6201386,0.8100693,0.6547539,0.82737696,0.6810272,0.8405136,0.6466925,0.82334626,0.7071358,0.8535679,0.67223424,0.83611715,0.6602111,0.83010554
12418,0.6711784,0.8355892,0.63914394,0.819572,0.6257223,0.81286114,0.58599305,0.7929965,0.6203038,0.81015193,0.6590116,0.8295058,0.63189924,0.8159496,0.66612935,0.8330647,0.64789414,0.8239471,0.6714269,0.83571345
12422,0.69246304,0.8462315,0.6646917,0.83234584,0.6446818,0.8223409,0.60696876,0.8034844,0.65802777,0.8290139,0.660159,0.8300795,0.6239207,0.81196034,0.6420838,0.82104194,0.6325861,0.81629306,0.63220763,0.8161038
12435,0.59279203,0.796396,0.5746075,0.78730375,0.5464992,0.7732496,0.52670074,0.76335037,0.55609715,0.7780486,0.5494094,0.7747047,0.5840279,0.79201394,0.5438955,0.77194774,0.5603597,0.78017986,0.56816804,0.784084
12436,0.6739578,0.8369789,0.6365527,0.81827635,0.6403908,0.82019544,0.61687565,0.8084378,0.60406554,0.80203277,0.6002806,0.80014026,0.576186,0.788093,0.65714955,0.8285748,0.632586,0.816293,0.6057718,0.8028859
12437,0.6370825,0.8185413,0.6410892,0.8205446,0.5772212,0.7886106,0.5865003,0.79325014,0.6125395,0.80626976,0.6337261,0.81686306,0.6147955,0.8073977,0.6752292,0.8376146,0.6658704,0.8329352,0.66934896,0.8346745
12447,0.74499774,0.87249887,0.75344276,0.8767214,0.70999694,0.85499847,0.67321485,0.83660746,0.70094776,0.8504739,0.7106721,0.85533607,0.6805699,0.84028494,0.74414337,0.8720717,0.7205438,0.86027193,0.71060526,0.85530263
12448,0.8304163,0.91520816,0.77885747,0.88942873,0.7775725,0.88878626,0.74157363,0.8707868,0.79971653,0.89985824,0.77032423,0.8851621,0.73912776,0.8695639,0.80341375,0.9017069,0.75766337,0.8788317,0.7779003,0.8889501
12449,0.70685637,0.8534282,0.6454896,0.8227448,0.63608944,0.8180447,0.59107304,0.7955365,0.6445271,0.82226354,0.71092355,0.8554618,0.6239779,0.81198895,0.6669557,0.83347785,0.66706944,0.8335347,0.67533946,0.83766973
12450,0.70398694,0.85199344,0.6436659,0.82183295,0.64446944,0.82223475,0.57136434,0.7856822,0.6286876,0.8143438,0.6766249,0.83831245,0.6307216,0.8153608,0.65388274,0.8269414,0.63396645,0.8169832,0.6634897,0.83174485
12451,0.72890705,0.86445355,0.67761815,0.8388091,0.71303487,0.85651743,0.5615746,0.7807873,0.6695416,0.8347708,0.67026234,0.83513117,0.6010219,0.80051094,0.6551175,0.82755876,0.63149655,0.8157483,0.64260757,0.8213038
12452,0.72113013,0.86056507,0.67002183,0.8350109,0.6844138,0.8422069,0.62494266,0.81247133,0.68102384,0.8405119,0.68599,0.842995,0.6428691,0.82143456,0.6993356,0.8496678,0.67995936,0.83997965,0.69180405,0.845902
12453,0.71691406,0.858457,0.71216273,0.85608137,0.6509429,0.82547146,0.6349312,0.8174656,0.6822548,0.8411274,0.66488844,0.8324442,0.65810674,0.8290534,0.73542607,0.86771303,0.6440867,0.82204336,0.665689,0.8328445
12454,0.72295094,0.86147547,0.63698936,0.8184947,0.6430634,0.8215317,0.5902821,0.79514104,0.6842934,0.8421467,0.68967557,0.8448378,0.63369507,0.81684756,0.66188633,0.83094317,0.64475673,0.8223784,0.64697695,0.8234885
12455,0.72895664,0.86447835,0.7136034,0.8568017,0.69824624,0.8491231,0.59022737,0.7951137,0.67838883,0.8391944,0.74573827,0.87286913,0.66557324,0.8327866,0.72575027,0.8628751,0.714468,0.857234,0.72011554,0.8600578
12456,0.77813977,0.8890699,0.671223,0.83561146,0.7067174,0.8533587,0.5685983,0.78429914,0.72423184,0.8621159,0.7488205,0.8744103,0.64562094,0.8228105,0.71734643,0.8586732,0.6236813,0.81184065,0.6846924,0.8423462
12457,0.730752,0.865376,0.6671434,0.8335717,0.6987587,0.84937936,0.608577,0.8042885,0.6856085,0.84280425,0.72955215,0.8647761,0.6883846,0.84419227,0.6917746,0.8458873,0.6730479,0.83652395,0.6827068,0.8413534
12458,0.73002416,0.86501205,0.7085084,0.8542542,0.73081434,0.86540717,0.5968009,0.79840046,0.6837347,0.8418673,0.73115396,0.865577,0.5937828,0.7968914,0.73999286,0.8699964,0.6924061,0.8462031,0.6881954,0.84409773
12459,0.7099904,0.8549952,0.6819817,0.84099084,0.66924906,0.8346245,0.59064466,0.7953223,0.71343035,0.8567152,0.70607567,0.85303783,0.6924431,0.84622157,0.7157922,0.8578961,0.64542425,0.8227121,0.6715102,0.8357551
12460,0.6927928,0.8463964,0.6562847,0.82814234,0.6098677,0.80493385,0.5978958,0.79894793,0.6731068,0.8365534,0.75661635,0.8783082,0.70170856,0.8508543,0.7125943,0.85629714,0.73986435,0.8699322,0.7415582,0.8707791
12461,0.75286484,0.8764324,0.667665,0.8338325,0.7262296,0.86311483,0.6116071,0.80580354,0.6778586,0.8389293,0.72324985,0.86162496,0.5904183,0.79520917,0.6857169,0.84285843,0.6683024,0.8341512,0.67572474,0.8378624
12462,0.7235566,0.86177826,0.7015488,0.8507744,0.7010383,0.8505192,0.6108273,0.80541366,0.6776602,0.8388301,0.7527701,0.8763851,0.6791589,0.83957946,0.7055819,0.85279095,0.7401938,0.8700969,0.7507678,0.8753839
12463,0.67866313,0.83933157,0.6234927,0.81174636,0.6417688,0.8208844,0.56102395,0.780512,0.6308445,0.81542224,0.7230809,0.86154044,0.6413359,0.820668,0.6680966,0.8340483,0.68658316,0.8432916,0.7036482,0.8518241
12464,0.755773,0.87788653,0.67682296,0.83841145,0.68496406,0.84248203,0.59541005,0.79770505,0.7185099,0.85925496,0.7740197,0.88700986,0.6870227,0.84351134,0.727506,0.86375296,0.7007214,0.8503607,0.73622185,0.8681109
12465,0.6666729,0.8333365,0.7179007,0.8589504,0.6559658,0.8279829,0.6031787,0.80158937,0.654125,0.8270625,0.63622797,0.818114,0.680907,0.8404535,0.6833439,0.84167194,0.6608379,0.83041894,0.6420113,0.82100564
12466,0.61056244,0.8052812,0.5715544,0.7857772,0.5617317,0.78086585,0.5125025,0.7562512,0.56760955,0.7838048,0.6155705,0.8077853,0.56086266,0.78043133,0.5798551,0.78992754,0.5828955,0.79144776,0.60617375,0.8030869
12467,0.6583774,0.8291887,0.6323168,0.8161584,0.61621714,0.80810857,0.5873778,0.7936889,0.58949065,0.7947453,0.7072706,0.8536353,0.6308801,0.81544006,0.6994947,0.84974736,0.69030905,0.8451545,0.7076082,0.8538041
12468,0.72714436,0.8635722,0.6549695,0.8274847,0.6709833,0.83549166,0.59030026,0.79515016,0.7068593,0.8534297,0.7408792,0.8704396,0.7126936,0.8563468,0.6838174,0.8419087,0.69059336,0.8452967,0.73028725,0.86514366
12469,0.43637457,0.7181873,0.48731464,0.74365735,0.44000372,0.7200019,0.4072192,0.7036096,0.42214948,0.7110747,0.4463257,0.72316283,0.44080293,0.72040147,0.4873405,0.7436702,0.5305103,0.76525515,0.5178307,0.75891536
12470,0.73382986,0.8669149,0.7014302,0.8507151,0.76046085,0.8802304,0.64722747,0.82361376,0.7497953,0.87489766,0.74893785,0.8744689,0.6821089,0.84105444,0.80641115,0.9032056,0.704288,0.852144,0.70964795,0.85482395
12471,0.73985267,0.86992633,0.754995,0.8774975,0.6539858,0.82699287,0.6614296,0.8307148,0.7078932,0.85394657,0.71029276,0.8551464,0.69906557,0.8495328,0.748211,0.8741055,0.72203803,0.861019,0.74395263,0.8719763
12472,0.70108485,0.8505424,0.7250099,0.86250496,0.63053143,0.8152657,0.5934609,0.79673046,0.676829,0.8384145,0.6987001,0.84935004,0.6633419,0.83167094,0.71320546,0.8566027,0.6872102,0.8436051,0.7027079,0.85135394
12473,0.68869585,0.84434795,0.66022843,0.83011425,0.6325004,0.8162502,0.60875225,0.8043761,0.64078045,0.8203902,0.67120075,0.8356004,0.6610458,0.8305229,0.66321087,0.83160543,0.6384529,0.81922644,0.69674647,0.84837323
12474,0.57882965,0.7894148,0.5509831,0.77549154,0.58169544,0.7908477,0.5509709,0.77548546,0.5051329,0.75256646,0.5813284,0.7906642,0.50765646,0.7538282,0.5922938,0.79614687,0.6054293,0.80271465,0.5621095,0.78105474
12475,0.6815537,0.84077686,0.6495514,0.8247757,0.616953,0.8084765,0.6414163,0.82070816,0.64865416,0.8243271,0.6872357,0.84361786,0.6753059,0.8376529,0.6651656,0.83258283,0.73800135,0.8690007,0.722769,0.8613845
12476,0.7550967,0.87754834,0.71068966,0.85534483,0.6833092,0.8416546,0.60331297,0.8016565,0.7447991,0.87239957,0.73009336,0.8650467,0.72636163,0.8631808,0.72512686,0.86256343,0.6732472,0.8366236,0.71178037,0.85589015
12477,0.68821,0.844105,0.65869445,0.82934725,0.6674491,0.83372456,0.6374483,0.81872416,0.66426134,0.8321307,0.723216,0.861608,0.6428808,0.8214404,0.73043287,0.86521643,0.677796,0.838898,0.7343079,0.86715394
12478,0.7661733,0.8830867,0.7019198,0.8509599,0.703193,0.8515965,0.6253114,0.8126557,0.7382468,0.8691234,0.7938934,0.89694667,0.6965356,0.8482678,0.7694648,0.88473237,0.7394525,0.86972624,0.760327,0.8801635
12479,0.6642149,0.8321074,0.6312256,0.8156128,0.69103754,0.84551877,0.57182986,0.7859149,0.61420196,0.807101,0.6613516,0.83067584,0.58695847,0.7934792,0.6685804,0.8342902,0.63773537,0.8188677,0.634303,0.8171515
12480,0.74687445,0.8734372,0.7150432,0.8575216,0.73255634,0.8662782,0.65343857,0.8267193,0.6876051,0.8438026,0.71045876,0.8552294,0.6257265,0.81286323,0.7136765,0.8568382,0.6785196,0.8392598,0.687328,0.843664
12481,0.7402322,0.8701161,0.6958114,0.8479057,0.69241714,0.8462086,0.64494455,0.8224723,0.6737256,0.8368628,0.7068783,0.85343915,0.6440031,0.8220016,0.7278766,0.86393833,0.6905917,0.84529585,0.7063676,0.8531838
12482,0.75896573,0.87948287,0.7134043,0.85670215,0.69074696,0.8453735,0.6703322,0.8351661,0.6953064,0.8476532,0.70413494,0.8520675,0.66353333,0.83176666,0.70562947,0.85281473,0.66457415,0.8322871,0.66961,0.834805
12483,0.6950935,0.84754676,0.6849779,0.84248894,0.6783724,0.8391862,0.6143617,0.8071809,0.645741,0.8228705,0.71760505,0.85880256,0.65685743,0.82842875,0.7095786,0.85478926,0.7048856,0.8524428,0.72739154,0.86369574
12484,0.6996964,0.8498482,0.6716202,0.83581007,0.70145583,0.8507279,0.602478,0.801239,0.6644275,0.83221376,0.6822027,0.84110135,0.60283023,0.8014151,0.66693354,0.83346677,0.6541889,0.82709444,0.67516524,0.8375826
12485,0.7089644,0.8544822,0.68092144,0.8404607,0.67621195,0.838106,0.59383976,0.7969199,0.66990376,0.8349519,0.7288609,0.8644304,0.68314576,0.8415729,0.70715845,0.8535792,0.67627853,0.8381393,0.71342564,0.8567128
12486,0.76322174,0.8816109,0.7559181,0.877959,0.74712247,0.87356126,0.6434661,0.82173306,0.7522985,0.87614924,0.7609478,0.8804739,0.71327233,0.85663617,0.791265,0.8956325,0.7264011,0.86320055,0.72666156,0.8633308
12487,0.7823869,0.89119345,0.73334444,0.8666722,0.75848126,0.87924063,0.65110946,0.8255547,0.7192435,0.85962176,0.7840858,0.8920429,0.6827619,0.84138095,0.7754794,0.88773966,0.7238664,0.86193323,0.74473655,0.8723683
12488,0.7119564,0.8559782,0.7352562,0.8676281,0.7072354,0.85361767,0.631881,0.8159405,0.6872016,0.8436008,0.7237149,0.8618574,0.6488886,0.8244443,0.71544385,0.8577219,0.7108803,0.85544014,0.70358336,0.8517917
12489,0.64029557,0.82014775,0.62608194,0.813041,0.6327175,0.81635875,0.5570701,0.778535,0.59897196,0.799486,0.6563303,0.8281652,0.6317474,0.81587374,0.663987,0.83199346,0.61270624,0.8063531,0.64523315,0.8226166
12490,0.64812994,0.82406497,0.6007595,0.80037975,0.5917671,0.79588354,0.5827719,0.79138595,0.57442534,0.78721267,0.6158358,0.8079179,0.584605,0.7923025,0.59759724,0.7987986,0.627254,0.813627,0.60180116,0.8009006
12491,0.686229,0.8431145,0.6519942,0.8259971,0.6519967,0.8259983,0.61353314,0.80676657,0.6382259,0.81911296,0.6767907,0.83839536,0.64130294,0.8206515,0.66875756,0.8343788,0.6825012,0.8412506,0.6785749,0.83928746
12492,0.7197666,0.8598833,0.71183515,0.8559176,0.7137503,0.8568752,0.64553034,0.8227652,0.64892197,0.824461,0.6632359,0.83161795,0.6162542,0.8081271,0.7132064,0.8566032,0.6926327,0.84631634,0.6435112,0.8217556
12493,0.5939031,0.79695153,0.56529945,0.78264976,0.58739626,0.79369813,0.55186415,0.7759321,0.53564596,0.767823,0.6374496,0.8187248,0.5866581,0.79332906,0.6090725,0.8045362,0.62850034,0.8142502,0.643656,0.821828
12494,0.70031524,0.8501576,0.65915716,0.8295786,0.6503031,0.82515156,0.5876748,0.7938374,0.67003644,0.8350182,0.73668367,0.8683418,0.71307415,0.8565371,0.69078135,0.8453907,0.7189117,0.8594558,0.7473249,0.8736625
12495,0.70579267,0.85289633,0.70926607,0.85463303,0.68084514,0.8404226,0.6516201,0.8258101,0.66875374,0.8343769,0.7291813,0.86459064,0.66657007,0.83328503,0.7405321,0.8702661,0.749231,0.8746155,0.73267376,0.8663369
12496,0.7562757,0.8781378,0.69595087,0.84797543,0.7078108,0.85390544,0.61356723,0.8067836,0.71680915,0.8584046,0.78510714,0.89255357,0.6928538,0.8464269,0.75498307,0.87749153,0.7622342,0.8811171,0.77484834,0.8874242
12497,0.76191604,0.880958,0.7116853,0.85584265,0.7107774,0.8553887,0.62952065,0.8147603,0.7108514,0.8554257,0.7668749,0.88343745,0.6945904,0.84729517,0.7461738,0.8730869,0.7107873,0.85539365,0.74840623,0.8742031
12498,0.75719476,0.8785974,0.75278246,0.87639123,0.7324689,0.8662344,0.6602113,0.83010566,0.68233,0.841165,0.71331406,0.856657,0.6674035,0.8337017,0.7349015,0.8674507,0.70933205,0.854666,0.6984545,0.84922725
12499,0.645392,0.822696,0.624475,0.8122375,0.6560694,0.8280347,0.5117225,0.7558613,0.647889,0.8239445,0.6538261,0.82691306,0.6250192,0.8125096,0.65733695,0.8286685,0.5929191,0.79645956,0.6147646,0.8073823
12500,0.7219543,0.8609772,0.65666914,0.82833457,0.6047181,0.80235904,0.5518522,0.7759261,0.677246,0.838623,0.7045651,0.8522825,0.67366946,0.8368347,0.6655467,0.8327733,0.6316968,0.8158484,0.66231775,0.8311589
12501,0.64718276,0.82359135,0.62512386,0.8125619,0.60021245,0.8001062,0.54184586,0.7709229,0.5884172,0.7942086,0.5571439,0.77857196,0.5553415,0.77767074,0.5423179,0.77115893,0.57196474,0.7859824,0.5719229,0.78596145
12502,0.6968693,0.8484347,0.7283112,0.8641556,0.6729995,0.83649975,0.6177784,0.8088892,0.7086675,0.85433376,0.6675539,0.83377695,0.6885421,0.84427106,0.7174627,0.8587314,0.6686864,0.8343432,0.6801754,0.8400877
12503,0.6509383,0.82546914,0.5963372,0.7981686,0.62750566,0.81375283,0.5499737,0.77498686,0.5798967,0.78994834,0.6654866,0.8327433,0.5755265,0.78776324,0.6407689,0.82038444,0.6342988,0.8171494,0.64151466,0.8207573
12504,0.75466394,0.877332,0.69830215,0.8491511,0.705987,0.8529935,0.64889073,0.82444537,0.68849236,0.84424615,0.7275828,0.8637914,0.6439613,0.82198066,0.72537947,0.86268973,0.6735156,0.8367578,0.6772327,0.8386164
12505,0.6533399,0.82666993,0.61952525,0.8097626,0.65257573,0.82628787,0.57612675,0.7880634,0.59973,0.799865,0.6595043,0.82975215,0.5745874,0.7872937,0.634249,0.8171245,0.6710377,0.83551884,0.6620532,0.8310266
12506,0.69409513,0.84704757,0.70713913,0.85356957,0.64203787,0.82101893,0.6159486,0.80797434,0.6766099,0.83830494,0.66409796,0.832049,0.6667342,0.8333671,0.6881803,0.84409016,0.63820654,0.81910324,0.67159325,0.8357966
12507,0.7241135,0.86205673,0.74796605,0.873983,0.69452417,0.8472621,0.6122519,0.80612594,0.75392497,0.8769625,0.77993774,0.8899689,0.793754,0.896877,0.75238407,0.87619203,0.76368093,0.88184047,0.81351554,0.9067578
12508,0.767612,0.883806,0.6763629,0.83818144,0.67923737,0.8396187,0.59709513,0.79854757,0.71230227,0.8561511,0.73515344,0.8675767,0.6556984,0.8278492,0.703338,0.851669,0.6384838,0.8192419,0.68865156,0.8443258
12509,0.6926953,0.8463477,0.6544088,0.8272044,0.67338014,0.83669007,0.5631259,0.7815629,0.65128076,0.8256404,0.7271118,0.8635559,0.6328448,0.8164224,0.6883341,0.84416705,0.67979085,0.8398954,0.69033754,0.84516877
12510,0.6110723,0.80553615,0.599015,0.7995075,0.5860722,0.7930361,0.6136161,0.80680805,0.56108975,0.7805449,0.6288684,0.8144342,0.6019029,0.8009515,0.63898695,0.8194935,0.6718191,0.83590955,0.66419184,0.8320959
12511,0.5590435,0.77952176,0.54726434,0.77363217,0.532195,0.7660975,0.5311573,0.7655786,0.4805473,0.74027365,0.50858533,0.75429267,0.48869908,0.74434954,0.5094093,0.75470465,0.54157865,0.7707893,0.53141785,0.7657089
12512,0.6439927,0.82199633,0.65324926,0.82662463,0.5739009,0.78695047,0.59090734,0.79545367,0.61874235,0.8093712,0.5740428,0.7870214,0.6134314,0.8067157,0.6137037,0.80685186,0.6664078,0.8332039,0.6111331,0.80556655
12513,0.6989866,0.84949327,0.63724375,0.8186219,0.67266524,0.8363326,0.60891294,0.8044565,0.62427765,0.8121388,0.68108726,0.8405436,0.6063688,0.8031844,0.66507363,0.8325368,0.65211815,0.8260591,0.6613944,0.8306972
12514,0.7302995,0.86514974,0.72150844,0.86075425,0.67696655,0.8384833,0.6534164,0.8267082,0.6811544,0.8405772,0.67179203,0.835896,0.64400625,0.8220031,0.6913023,0.84565115,0.6969662,0.8484831,0.6812973,0.84064865
12515,0.7272268,0.86361337,0.69284135,0.84642065,0.65251386,0.82625693,0.62144744,0.8107237,0.6721368,0.8360684,0.7030369,0.85151845,0.6641016,0.8320508,0.71981615,0.8599081,0.6979775,0.8489888,0.68022,0.84011
12516,0.7802955,0.89014775,0.71628225,0.8581411,0.75002766,0.8750138,0.6682821,0.834141,0.7381135,0.86905676,0.6825785,0.8412893,0.64093673,0.82046837,0.7301526,0.8650763,0.6481348,0.8240674,0.64751244,0.8237562
12518,0.7049942,0.8524971,0.7461121,0.87305605,0.68235314,0.84117657,0.651515,0.8257575,0.76963544,0.8848177,0.7373246,0.8686623,0.75162625,0.8758131,0.797449,0.8987245,0.7479276,0.87396383,0.7656368,0.8828184
12519,0.68681836,0.8434092,0.6461704,0.8230852,0.61938155,0.8096908,0.5645946,0.7822973,0.6159477,0.80797386,0.6485038,0.8242519,0.5829073,0.79145366,0.6548661,0.82743305,0.6024525,0.80122626,0.6171023,0.8085512
12520,0.7425984,0.8712992,0.7102983,0.85514915,0.66507757,0.8325388,0.6701971,0.83509856,0.6859522,0.8429761,0.70732486,0.85366243,0.6611202,0.8305601,0.707461,0.8537305,0.6830069,0.84150344,0.71430004,0.85715
12521,0.7380223,0.86901116,0.6864353,0.8432176,0.67618865,0.83809435,0.617824,0.80891204,0.6873841,0.84369206,0.7134348,0.8567174,0.67813635,0.8390682,0.7141526,0.8570763,0.643849,0.8219245,0.7190025,0.85950124
12523,0.65975976,0.8298799,0.6463659,0.82318294,0.6168163,0.80840814,0.59741634,0.7987082,0.5935168,0.7967584,0.6623863,0.83119315,0.62395823,0.8119791,0.65860283,0.8293014,0.655311,0.8276555,0.6716349,0.83581746
12525,0.8133869,0.90669346,0.7354201,0.86771005,0.7569071,0.87845355,0.65947187,0.82973593,0.7870215,0.89351076,0.753912,0.876956,0.72065276,0.8603264,0.74993795,0.874969,0.7012716,0.85063577,0.73714405,0.868572
12526,0.75865865,0.8793293,0.65647626,0.8282381,0.6723789,0.83618945,0.5755293,0.78776467,0.70120513,0.85060257,0.7985846,0.8992923,0.68975836,0.84487915,0.722419,0.8612095,0.6873532,0.84367657,0.76969624,0.8848481
12527,0.7524128,0.8762064,0.69235665,0.8461783,0.6978016,0.8489008,0.62115586,0.8105779,0.72253484,0.86126745,0.7774076,0.8887038,0.667814,0.833907,0.75843394,0.87921697,0.74648786,0.8732439,0.7384409,0.86922044
12528,0.67556024,0.8377801,0.6401031,0.82005155,0.6797382,0.83986914,0.5978117,0.79890585,0.6188878,0.8094439,0.6928169,0.8464085,0.60298836,0.8014942,0.6810154,0.8405077,0.688056,0.844028,0.6628168,0.8314084
12529,0.78443766,0.8922188,0.73473895,0.8673695,0.7281692,0.8640846,0.661435,0.8307175,0.74058294,0.8702915,0.7570697,0.87853485,0.6917982,0.8458991,0.7638377,0.88191885,0.6841003,0.84205014,0.7213347,0.86066735
12530,0.6746605,0.8373302,0.6433331,0.82166654,0.62630534,0.8131527,0.569425,0.7847125,0.60769343,0.8038467,0.6146134,0.8073067,0.58239686,0.79119843,0.58450663,0.7922533,0.5939082,0.7969541,0.63252956,0.81626475
12531,0.6853595,0.84267974,0.67013615,0.8350681,0.66090536,0.8304527,0.5757493,0.78787464,0.6515635,0.82578176,0.6757664,0.83788323,0.6381146,0.8190573,0.6584462,0.8292231,0.6368415,0.81842077,0.65521187,0.82760596
12532,0.693243,0.8466215,0.6694635,0.83473176,0.6544571,0.82722855,0.62451404,0.81225705,0.6709015,0.83545077,0.7065278,0.8532639,0.67623293,0.83811647,0.6945549,0.84727746,0.68689764,0.8434488,0.7185565,0.85927826
12533,0.71884155,0.8594208,0.6664734,0.8332367,0.67959654,0.8397983,0.59798956,0.7989948,0.64930534,0.8246527,0.6932124,0.8466062,0.6316625,0.81583124,0.6891154,0.8445577,0.6306001,0.81530005,0.65969694,0.82984847
12565,0.70850337,0.8542517,0.68578035,0.84289014,0.62757456,0.8137873,0.6260114,0.8130057,0.6520798,0.8260399,0.72191167,0.86095583,0.6679902,0.8339951,0.72879666,0.86439836,0.7233786,0.8616893,0.73277485,0.8663874
12656,0.68722594,0.84361297,0.73954874,0.86977434,0.6242104,0.8121052,0.5984564,0.7992282,0.69949263,0.84974635,0.66743976,0.83371985,0.68142104,0.8407105,0.7167561,0.85837805,0.68380797,0.841904,0.712039,0.8560195
12674,0.723873,0.8619365,0.6863383,0.84316915,0.6962739,0.84813696,0.6152111,0.80760556,0.6610899,0.83054495,0.7306696,0.8653348,0.65685415,0.8284271,0.6931962,0.8465981,0.6766983,0.83834916,0.7124456,0.8562228
12687,0.6271355,0.81356776,0.68856454,0.84428227,0.59301317,0.7965066,0.58789515,0.7939476,0.6359314,0.8179657,0.6606292,0.83031464,0.6900296,0.8450148,0.707802,0.853901,0.72590756,0.8629538,0.7157966,0.8578983
12736,0.8106075,0.9053037,0.72949183,0.8647459,0.68756896,0.84378445,0.6768546,0.8384273,0.7564951,0.87824756,0.7491412,0.8745706,0.72691643,0.8634582,0.7460228,0.8730114,0.7234938,0.8617469,0.74704736,0.8735237
13078,0.7334001,0.86670005,0.706108,0.853054,0.69679284,0.8483964,0.67247367,0.83623683,0.71646714,0.8582336,0.71378374,0.8568919,0.6848271,0.84241354,0.728354,0.864177,0.6803529,0.84017646,0.70271134,0.8513557
13080,0.76906246,0.88453126,0.7300832,0.8650416,0.7244864,0.8622432,0.65618175,0.8280909,0.7071358,0.8535679,0.7174197,0.8587098,0.6647837,0.83239186,0.7370527,0.86852634,0.7194774,0.8597387,0.7274556,0.8637278
13146,0.6578865,0.82894325,0.63750255,0.8187513,0.5757578,0.7878789,0.5722322,0.7861161,0.61163557,0.8058178,0.6099964,0.80499816,0.5994147,0.79970735,0.606028,0.80301404,0.6468713,0.82343566,0.63926417,0.81963205
13147,0.76914704,0.8845735,0.7065164,0.8532582,0.676736,0.838368,0.63073564,0.8153678,0.7542624,0.8771312,0.73649335,0.8682467,0.71477056,0.8573853,0.7122685,0.85613424,0.71811754,0.85905874,0.75186557,0.8759328
13148,0.71834993,0.85917497,0.6614864,0.8307432,0.6580511,0.8290255,0.5919931,0.79599655,0.7142117,0.85710585,0.6114186,0.8057093,0.5800604,0.79003024,0.6544355,0.82721776,0.5376235,0.76881176,0.5652836,0.78264177
13149,0.687372,0.843686,0.6478579,0.82392895,0.59461385,0.7973069,0.53914857,0.7695743,0.64529043,0.8226452,0.6047631,0.8023815,0.55240434,0.7762022,0.5867342,0.7933671,0.6243528,0.8121764,0.6025027,0.80125135
13150,0.75355095,0.8767755,0.7561784,0.8780892,0.6757374,0.8378687,0.6476887,0.8238443,0.7248732,0.8624366,0.72665757,0.8633288,0.7189784,0.8594892,0.74358815,0.8717941,0.71173024,0.8558651,0.74273056,0.8713653
13196,0.739105,0.8695525,0.718129,0.85906446,0.66257715,0.8312886,0.6316621,0.81583107,0.65625614,0.8281281,0.66687393,0.83343697,0.66006815,0.8300341,0.6493131,0.82465655,0.6470789,0.82353944,0.663993,0.8319965
13382,0.6539616,0.8269808,0.63128006,0.81564003,0.60323215,0.8016161,0.5749076,0.7874538,0.614496,0.807248,0.6855493,0.8427746,0.66208273,0.83104134,0.659755,0.8298775,0.66295546,0.83147776,0.690002,0.845001
13461,0.7196642,0.8598321,0.6684085,0.83420426,0.67570406,0.837852,0.6050702,0.80253506,0.64281154,0.82140577,0.67203486,0.83601743,0.6184637,0.8092319,0.6535257,0.82676286,0.641531,0.8207655,0.65997356,0.8299868
13475,0.71789896,0.8589495,0.7544186,0.8772093,0.68621635,0.8431082,0.6149032,0.8074516,0.68890816,0.84445405,0.67538846,0.8376942,0.6803763,0.84018815,0.7262839,0.86314195,0.68112737,0.84056365,0.68879163,0.8443958
13477,0.7015944,0.8507972,0.6746633,0.83733165,0.6446594,0.8223297,0.5795634,0.7897817,0.654725,0.82736254,0.69781315,0.8489066,0.6596048,0.8298024,0.6903628,0.8451814,0.6062339,0.8031169,0.6797769,0.83988845
13537,0.80053216,0.90026605,0.74963826,0.87481916,0.75857866,0.8792893,0.6794863,0.83974314,0.7308257,0.86541283,0.73476875,0.8673844,0.6557415,0.8278707,0.74278075,0.87139034,0.7013744,0.8506872,0.7400585,0.8700292
13893,0.73989654,0.86994827,0.7302425,0.86512125,0.7204913,0.86024565,0.6573693,0.8286847,0.70311075,0.85155535,0.67963,0.839815,0.6524724,0.8262362,0.69812864,0.84906435,0.64789504,0.82394755,0.66968024,0.8348401
13897,0.7422116,0.8711058,0.66362906,0.8318145,0.6190425,0.80952126,0.60405654,0.8020283,0.6492919,0.82464594,0.60377836,0.8018892,0.572845,0.7864225,0.6443356,0.8221678,0.6032145,0.80160725,0.5707387,0.78536934
14744,0.72672343,0.8633617,0.6883834,0.8441917,0.6538918,0.8269459,0.6236577,0.81182885,0.65477335,0.8273867,0.6764231,0.83821154,0.64222497,0.8211125,0.69225407,0.84612703,0.67059463,0.83529735,0.6881368,0.8440684
14862,0.7635533,0.8817767,0.751344,0.875672,0.6594765,0.82973826,0.6725956,0.8362978,0.7155962,0.8577981,0.6648939,0.83244693,0.68025744,0.8401287,0.7333873,0.8666936,0.70378447,0.85189223,0.6801977,0.84009886
14882,0.7072706,0.8536353,0.74780333,0.87390167,0.65161526,0.82580763,0.61586595,0.807933,0.72764957,0.8638248,0.67807627,0.83903813,0.66442645,0.8322132,0.7236434,0.8618217,0.66819406,0.834097,0.6840263,0.8420131
14890,0.7688654,0.8844327,0.7194844,0.85974216,0.6923715,0.84618574,0.6396312,0.81981564,0.7217146,0.8608573,0.7517614,0.8758807,0.676963,0.8384815,0.7659857,0.88299286,0.70304275,0.8515214,0.73108697,0.8655435
14906,0.72087514,0.8604376,0.6632647,0.8316324,0.6467623,0.8233812,0.6635045,0.83175224,0.65511835,0.8275592,0.60036117,0.80018055,0.60315824,0.8015791,0.6360781,0.81803906,0.6075164,0.8037582,0.61387396,0.806937
14907,0.64858574,0.8242929,0.69570565,0.8478528,0.6153722,0.8076861,0.5770838,0.7885419,0.6699376,0.8349688,0.6042048,0.8021024,0.64888704,0.8244435,0.6742814,0.8371407,0.62673205,0.81336606,0.6398907,0.81994534
14914,0.6789336,0.8394668,0.6124778,0.8062389,0.5765308,0.7882654,0.59303457,0.79651725,0.5954781,0.797739,0.55774015,0.7788701,0.5428412,0.7714206,0.6014637,0.80073184,0.5627705,0.78138524,0.53882873,0.76941437
14916,0.7301685,0.8650843,0.714246,0.857123,0.65128493,0.82564247,0.6346625,0.81733125,0.6631482,0.8315741,0.6717988,0.8358994,0.63838094,0.8191905,0.69222987,0.84611493,0.6773882,0.8386941,0.66750896,0.8337545
14930,0.73937607,0.86968803,0.70773304,0.8538665,0.6613284,0.83066416,0.61505705,0.8075285,0.7224741,0.86123705,0.7488135,0.87440675,0.69815016,0.8490751,0.7170776,0.8585388,0.68468726,0.8423436,0.719513,0.85975647
14932,0.6460147,0.82300735,0.6590353,0.82951766,0.62221503,0.8111075,0.5434393,0.7717197,0.62897885,0.8144894,0.67089903,0.8354495,0.65391695,0.8269585,0.6602305,0.83011526,0.6767278,0.8383639,0.6709404,0.8354702
14939,0.7114545,0.85572726,0.6913957,0.8456979,0.63795125,0.8189756,0.6145074,0.8072537,0.66411,0.832055,0.7002783,0.85013914,0.6748588,0.8374294,0.6771829,0.83859146,0.65454006,0.82727003,0.7139647,0.85698235
14947,0.688181,0.84409046,0.6501116,0.82505584,0.6036685,0.8018342,0.58407044,0.7920352,0.60495126,0.80247563,0.67268157,0.8363408,0.6105281,0.80526406,0.6563086,0.8281543,0.6457827,0.82289135,0.657153,0.8285765
15180,0.66249657,0.8312483,0.6336845,0.81684226,0.6401104,0.8200552,0.6196519,0.80982596,0.5814327,0.79071635,0.5986001,0.7993001,0.5443948,0.77219737,0.5707816,0.7853908,0.6294011,0.81470054,0.5991665,0.79958326
15240,0.67532897,0.8376645,0.6721667,0.83608335,0.576488,0.788244,0.55198884,0.7759944,0.6817169,0.84085846,0.6475021,0.8237511,0.7179523,0.8589761,0.6586243,0.82931215,0.62457085,0.8122854,0.6959038,0.8479519
15339,0.71957684,0.8597884,0.7752141,0.88760704,0.6853524,0.84267616,0.67530453,0.83765227,0.6944002,0.8472001,0.6425477,0.82127386,0.6378292,0.8189146,0.72722626,0.8636131,0.6596111,0.82980555,0.6713468,0.8356734
15419,0.75700736,0.8785037,0.68392265,0.8419613,0.73621726,0.86810863,0.6410277,0.82051384,0.68161523,0.8408076,0.6627338,0.8313669,0.62224025,0.81112015,0.68486655,0.8424333,0.63926184,0.8196309,0.6669651,0.83348256
15425,0.74982667,0.87491333,0.7009294,0.8504647,0.6616703,0.83083516,0.64760554,0.82380277,0.69734865,0.8486743,0.6773773,0.8386886,0.68592334,0.84296167,0.6807875,0.8403938,0.68312573,0.84156287,0.699474,0.849737
15426,0.6967665,0.84838325,0.69182545,0.8459127,0.6154587,0.80772936,0.56961036,0.7848052,0.6268788,0.81343937,0.6337547,0.81687737,0.60727066,0.80363536,0.64933443,0.8246672,0.62940973,0.8147049,0.6301992,0.8150996
15474,0.6856746,0.84283733,0.71909356,0.8595468,0.6501096,0.82505476,0.6249199,0.81245995,0.6625204,0.8312602,0.6408062,0.8204031,0.60673565,0.80336785,0.6849551,0.84247756,0.6435847,0.82179236,0.67326176,0.8366309
15519,0.72786546,0.8639327,0.6962211,0.84811056,0.6602119,0.83010596,0.5904076,0.7952038,0.69048035,0.8452402,0.6777988,0.8388994,0.64074236,0.82037115,0.6711504,0.8355752,0.6726058,0.8363029,0.68620896,0.8431045
15524,0.7290065,0.86450326,0.730736,0.865368,0.6647438,0.8323719,0.64211506,0.82105756,0.6939221,0.846961,0.68646395,0.843232,0.6839046,0.8419523,0.72252226,0.8612611,0.70968986,0.8548449,0.72428477,0.8621424
15589,0.6996574,0.8498287,0.69106185,0.8455309,0.6192711,0.8096355,0.5827702,0.7913851,0.6482222,0.8241111,0.6352105,0.81760526,0.66553855,0.8327693,0.654568,0.827284,0.63967836,0.8198392,0.6559333,0.8279667
15679,0.5625771,0.78128856,0.5392034,0.7696017,0.4509772,0.7254886,0.5229244,0.7614622,0.58490837,0.7924542,0.60172296,0.8008615,0.6454151,0.82270753,0.5652854,0.7826427,0.66011953,0.83005977,0.6691792,0.8345896
15743,0.7542405,0.87712026,0.7285476,0.8642738,0.6403184,0.8201592,0.59688044,0.7984402,0.70963526,0.8548176,0.735682,0.867841,0.72293806,0.86146903,0.716553,0.8582765,0.69712853,0.84856427,0.7382618,0.8691309
16036,0.7602879,0.88014394,0.69424844,0.8471242,0.6681795,0.83408976,0.6854551,0.84272754,0.689718,0.844859,0.6632675,0.83163375,0.61158353,0.80579174,0.6715971,0.83579856,0.6428241,0.8214121,0.65835655,0.8291783
16039,0.63776624,0.8188831,0.63097453,0.81548727,0.64665455,0.8233273,0.69830287,0.84915143,0.5346085,0.76730424,0.47461647,0.73730826,0.46163052,0.7308153,0.59795743,0.7989787,0.5862838,0.7931419,0.4862482,0.7431241
16064,0.80677027,0.90338516,0.81479275,0.9073964,0.7405714,0.8702857,0.7487647,0.8743824,0.78770137,0.8938507,0.7137044,0.8568522,0.722451,0.8612255,0.7965751,0.89828753,0.7293184,0.8646592,0.7312332,0.86561656
