Unnamed: 0,Modified_meta-llama/llama-3.3-70b-instruct:free_of_Modified_meta-llama/llama-3.3-70b-instruct:free_of_Modified_meta-llama/llama-3.3-70b-instruct:free_of_resume_Modelmeta-llama/llama-3.3-70b-instruct:free_Modelmeta-llama/llama-3.3-70b-instruct:free_Modelmeta-llama/llama-3.3-70b-instruct:free_doordash_pm_Raw_Score,Modified_meta-llama/llama-3.3-70b-instruct:free_of_Modified_meta-llama/llama-3.3-70b-instruct:free_of_Modified_meta-llama/llama-3.3-70b-instruct:free_of_resume_Modelmeta-llama/llama-3.3-70b-instruct:free_Modelmeta-llama/llama-3.3-70b-instruct:free_Modelmeta-llama/llama-3.3-70b-instruct:free_doordash_pm_Score,Modified_meta-llama/llama-3.3-70b-instruct:free_of_Modified_meta-llama/llama-3.3-70b-instruct:free_of_Modified_meta-llama/llama-3.3-70b-instruct:free_of_resume_Modelmeta-llama/llama-3.3-70b-instruct:free_Modelmeta-llama/llama-3.3-70b-instruct:free_Modelmeta-llama/llama-3.3-70b-instruct:free_apple_pm_Raw_Score,Modified_meta-llama/llama-3.3-70b-instruct:free_of_Modified_meta-llama/llama-3.3-70b-instruct:free_of_Modified_meta-llama/llama-3.3-70b-instruct:free_of_resume_Modelmeta-llama/llama-3.3-70b-instruct:free_Modelmeta-llama/llama-3.3-70b-instruct:free_Modelmeta-llama/llama-3.3-70b-instruct:free_apple_pm_Score,Modified_meta-llama/llama-3.3-70b-instruct:free_of_Modified_meta-llama/llama-3.3-70b-instruct:free_of_Modified_meta-llama/llama-3.3-70b-instruct:free_of_resume_Modelmeta-llama/llama-3.3-70b-instruct:free_Modelmeta-llama/llama-3.3-70b-instruct:free_Modelmeta-llama/llama-3.3-70b-instruct:free_samsara_pm_Raw_Score,Modified_meta-llama/llama-3.3-70b-instruct:free_of_Modified_meta-llama/llama-3.3-70b-instruct:free_of_Modified_meta-llama/llama-3.3-70b-instruct:free_of_resume_Modelmeta-llama/llama-3.3-70b-instruct:free_Modelmeta-llama/llama-3.3-70b-instruct:free_Modelmeta-llama/llama-3.3-70b-instruct:free_samsara_pm_Score,Modified_meta-llama/llama-3.3-70b-instruct:free_of_Modified_meta-llama/llama-3.3-70b-instruct:free_of_Modified_meta-llama/llama-3.3-70b-instruct:free_of_resume_Modelmeta-llama/llama-3.3-70b-instruct:free_Modelmeta-llama/llama-3.3-70b-instruct:free_Modelmeta-llama/llama-3.3-70b-instruct:free_yelp_pm_Raw_Score,Modified_meta-llama/llama-3.3-70b-instruct:free_of_Modified_meta-llama/llama-3.3-70b-instruct:free_of_Modified_meta-llama/llama-3.3-70b-instruct:free_of_resume_Modelmeta-llama/llama-3.3-70b-instruct:free_Modelmeta-llama/llama-3.3-70b-instruct:free_Modelmeta-llama/llama-3.3-70b-instruct:free_yelp_pm_Score,Modified_meta-llama/llama-3.3-70b-instruct:free_of_Modified_meta-llama/llama-3.3-70b-instruct:free_of_Modified_meta-llama/llama-3.3-70b-instruct:free_of_resume_Modelmeta-llama/llama-3.3-70b-instruct:free_Modelmeta-llama/llama-3.3-70b-instruct:free_Modelmeta-llama/llama-3.3-70b-instruct:free_match_pm_Raw_Score,Modified_meta-llama/llama-3.3-70b-instruct:free_of_Modified_meta-llama/llama-3.3-70b-instruct:free_of_Modified_meta-llama/llama-3.3-70b-instruct:free_of_resume_Modelmeta-llama/llama-3.3-70b-instruct:free_Modelmeta-llama/llama-3.3-70b-instruct:free_Modelmeta-llama/llama-3.3-70b-instruct:free_match_pm_Score,Modified_meta-llama/llama-3.3-70b-instruct:free_of_Modified_meta-llama/llama-3.3-70b-instruct:free_of_Modified_meta-llama/llama-3.3-70b-instruct:free_of_resume_Modelmeta-llama/llama-3.3-70b-instruct:free_Modelmeta-llama/llama-3.3-70b-instruct:free_Modelmeta-llama/llama-3.3-70b-instruct:free_i2c_ux_Raw_Score,Modified_meta-llama/llama-3.3-70b-instruct:free_of_Modified_meta-llama/llama-3.3-70b-instruct:free_of_Modified_meta-llama/llama-3.3-70b-instruct:free_of_resume_Modelmeta-llama/llama-3.3-70b-instruct:free_Modelmeta-llama/llama-3.3-70b-instruct:free_Modelmeta-llama/llama-3.3-70b-instruct:free_i2c_ux_Score,Modified_meta-llama/llama-3.3-70b-instruct:free_of_Modified_meta-llama/llama-3.3-70b-instruct:free_of_Modified_meta-llama/llama-3.3-70b-instruct:free_of_resume_Modelmeta-llama/llama-3.3-70b-instruct:free_Modelmeta-llama/llama-3.3-70b-instruct:free_Modelmeta-llama/llama-3.3-70b-instruct:free_adobe_ux_Raw_Score,Modified_meta-llama/llama-3.3-70b-instruct:free_of_Modified_meta-llama/llama-3.3-70b-instruct:free_of_Modified_meta-llama/llama-3.3-70b-instruct:free_of_resume_Modelmeta-llama/llama-3.3-70b-instruct:free_Modelmeta-llama/llama-3.3-70b-instruct:free_Modelmeta-llama/llama-3.3-70b-instruct:free_adobe_ux_Score,Modified_meta-llama/llama-3.3-70b-instruct:free_of_Modified_meta-llama/llama-3.3-70b-instruct:free_of_Modified_meta-llama/llama-3.3-70b-instruct:free_of_resume_Modelmeta-llama/llama-3.3-70b-instruct:free_Modelmeta-llama/llama-3.3-70b-instruct:free_Modelmeta-llama/llama-3.3-70b-instruct:free_amazon_ux_Raw_Score,Modified_meta-llama/llama-3.3-70b-instruct:free_of_Modified_meta-llama/llama-3.3-70b-instruct:free_of_Modified_meta-llama/llama-3.3-70b-instruct:free_of_resume_Modelmeta-llama/llama-3.3-70b-instruct:free_Modelmeta-llama/llama-3.3-70b-instruct:free_Modelmeta-llama/llama-3.3-70b-instruct:free_amazon_ux_Score,Modified_meta-llama/llama-3.3-70b-instruct:free_of_Modified_meta-llama/llama-3.3-70b-instruct:free_of_Modified_meta-llama/llama-3.3-70b-instruct:free_of_resume_Modelmeta-llama/llama-3.3-70b-instruct:free_Modelmeta-llama/llama-3.3-70b-instruct:free_Modelmeta-llama/llama-3.3-70b-instruct:free_rowan_ux_Raw_Score,Modified_meta-llama/llama-3.3-70b-instruct:free_of_Modified_meta-llama/llama-3.3-70b-instruct:free_of_Modified_meta-llama/llama-3.3-70b-instruct:free_of_resume_Modelmeta-llama/llama-3.3-70b-instruct:free_Modelmeta-llama/llama-3.3-70b-instruct:free_Modelmeta-llama/llama-3.3-70b-instruct:free_rowan_ux_Score,Modified_meta-llama/llama-3.3-70b-instruct:free_of_Modified_meta-llama/llama-3.3-70b-instruct:free_of_Modified_meta-llama/llama-3.3-70b-instruct:free_of_resume_Modelmeta-llama/llama-3.3-70b-instruct:free_Modelmeta-llama/llama-3.3-70b-instruct:free_Modelmeta-llama/llama-3.3-70b-instruct:free_google_ux_Raw_Score,Modified_meta-llama/llama-3.3-70b-instruct:free_of_Modified_meta-llama/llama-3.3-70b-instruct:free_of_Modified_meta-llama/llama-3.3-70b-instruct:free_of_resume_Modelmeta-llama/llama-3.3-70b-instruct:free_Modelmeta-llama/llama-3.3-70b-instruct:free_Modelmeta-llama/llama-3.3-70b-instruct:free_google_ux_Score
1747,0.7120602,0.8560301,0.64014006,0.82007,0.65010417,0.8250521,0.66348106,0.8317405,0.65292203,0.826461,0.71685195,0.858426,0.6528317,0.82641584,0.6942749,0.84713745,0.7293267,0.86466336,0.72523415,0.8626171
1784,0.6567389,0.82836944,0.66020834,0.8301042,0.587919,0.7939595,0.59417665,0.7970883,0.71740437,0.8587022,0.70489955,0.8524498,0.74907494,0.87453747,0.7093445,0.85467225,0.7461003,0.87305015,0.69585466,0.84792733
2476,0.8057254,0.90286267,0.74182045,0.8709102,0.75556123,0.8777806,0.674451,0.8372255,0.7774963,0.88874817,0.7861757,0.89308786,0.7181508,0.8590754,0.79472446,0.89736223,0.7153334,0.85766673,0.76972157,0.88486075
2515,0.7596761,0.87983805,0.73424053,0.86712027,0.73109937,0.8655497,0.67217684,0.8360884,0.74533737,0.8726687,0.7125466,0.8562733,0.69596803,0.847984,0.73981535,0.8699077,0.7159599,0.85797995,0.72219265,0.8610963
2517,0.76497066,0.88248533,0.6653578,0.8326789,0.6715114,0.8357557,0.58158433,0.79079217,0.72758657,0.86379325,0.7006154,0.8503077,0.59867275,0.7993364,0.6779664,0.8389832,0.60236657,0.8011833,0.64541304,0.8227065
2529,0.70816576,0.8540829,0.66701794,0.83350897,0.6256176,0.8128088,0.61701345,0.8085067,0.6926382,0.8463191,0.61607695,0.8080385,0.66777587,0.83388793,0.64963955,0.8248198,0.60845804,0.804229,0.6361282,0.8180641
2538,0.7103183,0.85515916,0.64419305,0.8220965,0.6576601,0.82883006,0.6334323,0.8167162,0.64650077,0.8232504,0.6286075,0.81430376,0.56917447,0.78458726,0.6636639,0.83183193,0.62297,0.811485,0.6191362,0.8095681
2551,0.7599892,0.87999463,0.71178174,0.85589087,0.6880756,0.8440378,0.60298455,0.8014923,0.72383165,0.8619158,0.7294013,0.8647007,0.66528594,0.832643,0.70407367,0.85203683,0.7063768,0.8531884,0.69811726,0.8490586
2553,0.79126847,0.89563423,0.70684063,0.8534203,0.7034464,0.8517232,0.6259145,0.8129573,0.747275,0.8736375,0.74379176,0.8718959,0.703866,0.851933,0.736945,0.86847246,0.7017917,0.8508959,0.74519795,0.872599
2554,0.71000195,0.855001,0.70749295,0.8537465,0.6531031,0.82655156,0.66177994,0.83088994,0.70898837,0.8544942,0.7803339,0.89016694,0.72639155,0.8631958,0.7796235,0.88981175,0.7880625,0.8940313,0.8109022,0.90545106
2555,0.69228303,0.8461415,0.6878766,0.8439383,0.6644846,0.8322423,0.6711874,0.8355937,0.6573287,0.82866436,0.66397476,0.8319874,0.64201695,0.82100844,0.6792581,0.83962905,0.70223427,0.85111713,0.6891748,0.8445874
2556,0.6034873,0.8017436,0.6847292,0.8423646,0.65702045,0.8285102,0.6245953,0.81229764,0.58179796,0.790899,0.5616171,0.78080857,0.51410043,0.7570502,0.6691743,0.83458716,0.6165358,0.8082679,0.5638318,0.7819159
2577,0.7791431,0.88957155,0.71964383,0.8598219,0.68314457,0.8415723,0.65898395,0.829492,0.7240143,0.86200714,0.7636608,0.8818304,0.70529413,0.85264707,0.7504003,0.87520015,0.6977744,0.8488872,0.73863655,0.86931825
2582,0.74725753,0.87362874,0.7083603,0.85418016,0.71421385,0.8571069,0.62538266,0.81269133,0.70772696,0.8538635,0.7249561,0.862478,0.63025403,0.815127,0.7445471,0.87227356,0.6573018,0.8286509,0.6766639,0.83833194
2583,0.6635274,0.83176374,0.70533514,0.85266757,0.70922697,0.8546135,0.6192874,0.8096437,0.651335,0.8256675,0.6381284,0.8190642,0.5847608,0.7923804,0.6681448,0.8340724,0.64437634,0.82218814,0.6269734,0.8134867
2584,0.7554951,0.87774754,0.6688849,0.83444244,0.6806241,0.84031206,0.59148854,0.7957443,0.7014282,0.8507141,0.7124974,0.85624874,0.6144922,0.8072461,0.72716236,0.8635812,0.6185123,0.80925614,0.6650078,0.8325039
2585,0.7393911,0.86969554,0.7170594,0.8585297,0.699517,0.8497585,0.65853834,0.8292692,0.706728,0.853364,0.6960232,0.8480116,0.68610466,0.8430523,0.7340324,0.8670162,0.7137342,0.8568671,0.71281266,0.85640633
2586,0.72084,0.86042,0.6932453,0.84662265,0.67729074,0.83864534,0.6417992,0.8208996,0.60941887,0.80470943,0.6266417,0.8133209,0.5428163,0.77140814,0.6722164,0.8361082,0.6374129,0.81870645,0.6051104,0.8025552
2587,0.58816767,0.79408383,0.5751242,0.78756213,0.60886335,0.8044317,0.5253254,0.7626627,0.5220427,0.7610214,0.52916026,0.76458013,0.47366607,0.73683304,0.5722902,0.7861451,0.5154486,0.7577243,0.49754822,0.7487741
2588,0.71573675,0.8578684,0.65881014,0.82940507,0.6202471,0.81012356,0.6576527,0.8288263,0.60329175,0.8016459,0.6197979,0.809899,0.55436736,0.77718365,0.666097,0.83304846,0.6515045,0.82575226,0.61774397,0.808872
2589,0.77916795,0.88958395,0.7445849,0.87229246,0.72629845,0.8631492,0.6732719,0.83663595,0.7236605,0.86183023,0.7024952,0.8512476,0.6793583,0.8396791,0.7340495,0.8670248,0.66912234,0.83456117,0.69203794,0.84601897
2590,0.7432494,0.8716247,0.7258006,0.86290026,0.7199472,0.8599736,0.6775106,0.8387553,0.7056862,0.8528431,0.65945864,0.8297293,0.6511093,0.8255546,0.7147666,0.8573833,0.62149674,0.81074834,0.6679288,0.8339644
2591,0.73786235,0.8689312,0.6909021,0.84545106,0.6853179,0.84265894,0.61873126,0.80936563,0.6904048,0.8452024,0.73103327,0.86551666,0.64289296,0.8214465,0.72937775,0.8646889,0.67153543,0.83576775,0.71383375,0.8569169
2592,0.7033721,0.85168606,0.64655626,0.8232781,0.6451317,0.82256585,0.63358754,0.8167938,0.6533337,0.82666683,0.614696,0.807348,0.572665,0.7863325,0.6490256,0.82451284,0.57549083,0.7877454,0.591072,0.79553604
2594,0.69840163,0.84920084,0.621862,0.81093097,0.6604928,0.8302464,0.60893005,0.80446506,0.6579136,0.82895684,0.66657007,0.83328503,0.5865092,0.7932546,0.6659256,0.8329628,0.5970783,0.79853916,0.64340955,0.82170475
2595,0.57305866,0.7865293,0.64136887,0.82068443,0.5915209,0.79576045,0.5634534,0.7817267,0.5538977,0.7769488,0.5358734,0.7679367,0.5540867,0.77704334,0.59424657,0.7971233,0.5566019,0.77830094,0.57361454,0.7868073
2597,0.79651546,0.89825773,0.70016646,0.85008323,0.73943114,0.8697156,0.62374043,0.8118702,0.7532163,0.87660813,0.78183985,0.8909199,0.66460824,0.8323041,0.75083745,0.8754187,0.678522,0.839261,0.71541834,0.85770917
2645,0.67307526,0.8365376,0.68321747,0.84160876,0.6938134,0.84690666,0.6207501,0.8103751,0.6491883,0.82459414,0.67333174,0.83666587,0.6362262,0.8181131,0.68359506,0.84179753,0.673383,0.8366915,0.6829854,0.8414927
2654,0.7213727,0.86068636,0.68228525,0.84114265,0.6951949,0.8475975,0.672,0.83599997,0.6549658,0.82748294,0.62237644,0.8111882,0.5729842,0.7864921,0.6796534,0.8398267,0.61854243,0.8092712,0.6287205,0.81436026
2655,0.6973553,0.84867764,0.6830115,0.84150577,0.6484027,0.82420135,0.63655925,0.8182796,0.6549893,0.8274946,0.6745573,0.83727866,0.62552226,0.8127611,0.66284686,0.8314234,0.65200305,0.8260015,0.66486144,0.8324307
2656,0.66838086,0.8341904,0.6673583,0.83367914,0.65015256,0.8250763,0.5898237,0.79491186,0.6215019,0.81075096,0.6254697,0.81273484,0.5492592,0.7746296,0.6826862,0.8413431,0.5913384,0.7956692,0.5875597,0.79377985
2657,0.6490086,0.82450426,0.66546226,0.8327311,0.6199875,0.80999374,0.6060209,0.80301046,0.6607468,0.8303734,0.73556256,0.8677813,0.6871539,0.8435769,0.7601725,0.88008624,0.79457986,0.89728993,0.76844734,0.8842237
2658,0.6938601,0.84693,0.6695548,0.8347774,0.6611279,0.83056396,0.6089994,0.8044997,0.6174426,0.8087213,0.6024224,0.80121124,0.4707408,0.7353704,0.68391436,0.8419572,0.5985718,0.7992859,0.5540463,0.77702314
2659,0.63812625,0.8190631,0.67220795,0.836104,0.6058941,0.80294704,0.611395,0.8056975,0.64873576,0.8243679,0.6507722,0.8253861,0.6933047,0.8466524,0.666714,0.833357,0.7129872,0.8564936,0.71532106,0.85766053
2660,0.69980335,0.8499017,0.67707694,0.83853847,0.63071036,0.8153552,0.5916697,0.79583484,0.69860506,0.84930253,0.73009276,0.8650464,0.7241077,0.8620539,0.6978862,0.8489431,0.7055764,0.8527882,0.73135203,0.86567605
2741,0.69374466,0.8468723,0.6083571,0.80417854,0.5862331,0.79311657,0.62559086,0.8127954,0.59385794,0.796929,0.5714513,0.78572565,0.51771414,0.7588571,0.55679834,0.77839917,0.55654657,0.7782733,0.55471444,0.7773572
2766,0.7543887,0.87719434,0.78875077,0.8943754,0.6990074,0.8495037,0.60372907,0.8018645,0.73654366,0.8682718,0.7542609,0.87713045,0.68483233,0.84241617,0.7878058,0.8939029,0.6978289,0.84891444,0.7051418,0.8525709
2793,0.77392507,0.88696253,0.785483,0.8927415,0.70647573,0.85323787,0.6641326,0.8320663,0.73794746,0.86897373,0.7608335,0.88041675,0.7525134,0.8762567,0.8078251,0.90391254,0.7492559,0.87462795,0.79008794,0.89504397
2810,0.7117691,0.85588455,0.72731405,0.863657,0.6901212,0.8450606,0.6205129,0.8102565,0.6176702,0.8088351,0.57416964,0.7870848,0.5179974,0.7589987,0.6931144,0.8465572,0.59877324,0.7993866,0.5262901,0.7631451
2824,0.6947297,0.84736484,0.69123423,0.8456171,0.69714785,0.8485739,0.63010824,0.8150541,0.6494633,0.82473165,0.6190337,0.80951685,0.57128656,0.7856433,0.7039697,0.85198486,0.6856022,0.8428011,0.65797204,0.82898605
3002,0.7428287,0.87141436,0.69938886,0.84969443,0.7071909,0.85359544,0.6754196,0.8377098,0.6917589,0.84587944,0.68504274,0.84252137,0.6921458,0.8460729,0.70487165,0.8524358,0.66774476,0.8338724,0.69597864,0.8479893
3021,0.724474,0.862237,0.70969486,0.85484743,0.645162,0.822581,0.61646974,0.8082349,0.67835104,0.8391755,0.6115047,0.80575234,0.58332705,0.7916635,0.6759623,0.83798116,0.6361316,0.81806576,0.617746,0.808873
3093,0.7626623,0.88133115,0.7605485,0.88027424,0.7231083,0.86155415,0.69211483,0.8460574,0.7730994,0.8865497,0.7078605,0.85393023,0.7201534,0.86007667,0.77334607,0.88667303,0.7424929,0.87124646,0.75751436,0.8787572
3105,0.8107267,0.9053633,0.76470006,0.88235,0.761752,0.880876,0.6777408,0.8388704,0.7765073,0.8882537,0.7407814,0.8703907,0.7215041,0.86075205,0.75728387,0.87864196,0.72491324,0.8624566,0.7614973,0.8807486
3113,0.6536902,0.8268451,0.61162376,0.8058119,0.6178509,0.80892545,0.5546917,0.77734584,0.5792792,0.7896396,0.66350317,0.8317516,0.5563776,0.7781888,0.6408958,0.8204479,0.60667515,0.8033376,0.62792504,0.8139625
3118,0.7110604,0.8555302,0.72391987,0.86195993,0.6782624,0.83913124,0.6369771,0.81848854,0.72153264,0.8607663,0.68954664,0.8447733,0.68295515,0.8414776,0.72714067,0.86357033,0.73239183,0.8661959,0.7322401,0.86612004
3120,0.7085581,0.85427904,0.6915873,0.84579366,0.64385426,0.82192713,0.63956976,0.8197849,0.6697463,0.83487314,0.66353846,0.8317692,0.61591893,0.80795944,0.6981575,0.8490788,0.65434015,0.8271701,0.6613738,0.8306869
3122,0.7701286,0.8850643,0.7149869,0.85749346,0.69910735,0.8495537,0.6376698,0.8188349,0.7188542,0.8594271,0.72846985,0.8642349,0.630814,0.81540704,0.74977326,0.87488663,0.70262086,0.85131043,0.70019245,0.8500962
3123,0.66599214,0.8329961,0.66951466,0.8347573,0.6469699,0.82348496,0.62687325,0.8134366,0.6447645,0.8223822,0.66153324,0.8307666,0.63381946,0.81690973,0.69299436,0.8464972,0.67685056,0.8384253,0.6645603,0.83228016
3133,0.7440896,0.8720448,0.7005098,0.8502549,0.7080342,0.85401714,0.6569749,0.82848746,0.6735015,0.83675075,0.7070576,0.8535288,0.62517107,0.81258553,0.7389226,0.8694613,0.6587945,0.82939726,0.68436736,0.8421837
3134,0.7641189,0.88205945,0.7025187,0.85125935,0.7060436,0.8530218,0.63456845,0.8172842,0.73114985,0.86557496,0.76292557,0.8814628,0.66642225,0.8332111,0.74687374,0.87343687,0.6921896,0.8460948,0.7261039,0.86305195
3135,0.7481165,0.87405825,0.70412815,0.8520641,0.70753986,0.8537699,0.6246547,0.8123274,0.6910995,0.84554976,0.68337893,0.84168947,0.5901352,0.7950676,0.68482393,0.842412,0.63119245,0.8155962,0.6317632,0.8158816
3136,0.72969365,0.8648468,0.7849046,0.8924523,0.73635393,0.86817694,0.6557262,0.8278631,0.7245957,0.8622979,0.67619276,0.8380964,0.67254215,0.83627105,0.7623553,0.88117766,0.7123844,0.85619223,0.7017865,0.85089326
3137,0.751174,0.875587,0.656391,0.8281955,0.6620923,0.83104616,0.57589805,0.787949,0.69407433,0.8470372,0.71765506,0.85882753,0.6086024,0.8043012,0.6921917,0.84609586,0.6233312,0.8116656,0.6738414,0.83692074
3138,0.6828075,0.8414037,0.6399602,0.81998014,0.70976114,0.8548806,0.58582175,0.7929109,0.62845844,0.81422925,0.6347226,0.8173613,0.5496595,0.77482975,0.65240777,0.8262039,0.5925045,0.79625225,0.6165575,0.80827874
3139,0.72513056,0.8625653,0.66281474,0.83140737,0.68379164,0.8418958,0.6046287,0.80231434,0.6619221,0.83096105,0.716501,0.8582505,0.6056888,0.8028444,0.7054629,0.85273147,0.6570908,0.8285454,0.6739741,0.836987
3140,0.7811697,0.8905848,0.6817765,0.84088826,0.69534,0.84766996,0.6368336,0.81841683,0.70637524,0.8531876,0.72181165,0.8609058,0.6582696,0.8291348,0.7154615,0.85773075,0.6429478,0.8214739,0.69388205,0.846941
3141,0.73116755,0.8655838,0.7133498,0.8566749,0.711277,0.8556385,0.61308926,0.80654466,0.7163862,0.8581931,0.65256464,0.8262823,0.6152444,0.8076222,0.6974901,0.84874505,0.63142526,0.81571263,0.663187,0.8315935
3142,0.6598091,0.82990456,0.61550045,0.8077502,0.6557565,0.82787824,0.57334787,0.7866739,0.5811752,0.7905876,0.56950766,0.7847538,0.5311438,0.7655719,0.6112629,0.80563146,0.5771408,0.7885704,0.56722945,0.78361475
3143,0.76436925,0.8821846,0.6977733,0.8488866,0.68975675,0.8448784,0.62445045,0.8122252,0.7220616,0.8610308,0.7264211,0.86321056,0.6636878,0.8318439,0.7237053,0.86185265,0.67820686,0.83910346,0.6991958,0.84959793
3144,0.71455455,0.8572773,0.6156155,0.80780774,0.64681756,0.8234088,0.5110465,0.75552326,0.68156755,0.8407838,0.7172361,0.858618,0.59974676,0.79987335,0.68990546,0.8449527,0.5757418,0.7878709,0.645046,0.822523
3145,0.68970984,0.84485495,0.662376,0.83118796,0.62665784,0.8133289,0.5999358,0.7999679,0.65274096,0.8263705,0.6413443,0.82067215,0.6338517,0.8169259,0.6378015,0.81890076,0.64309955,0.8215498,0.63813204,0.81906605
3146,0.7324692,0.8662346,0.6857692,0.8428846,0.7146311,0.85731554,0.61946774,0.80973387,0.69766057,0.8488303,0.682183,0.8410915,0.6238343,0.8119172,0.70695657,0.8534783,0.63852406,0.819262,0.6638297,0.83191484
3147,0.6924956,0.8462478,0.6628194,0.8314097,0.6523496,0.8261748,0.6608436,0.8304218,0.6436095,0.82180476,0.681338,0.84066904,0.63135993,0.81567997,0.7148926,0.8574463,0.70445645,0.8522282,0.6946751,0.84733754
3148,0.74332654,0.8716633,0.7014444,0.8507222,0.70347273,0.85173637,0.6117841,0.80589205,0.7282884,0.8641442,0.7306725,0.86533624,0.69992673,0.84996337,0.7319348,0.8659674,0.70683,0.853415,0.7506715,0.87533575
3149,0.75597095,0.8779855,0.6897782,0.8448891,0.7259793,0.86298966,0.6453662,0.8226831,0.7095172,0.8547586,0.71860313,0.85930157,0.64624685,0.82312346,0.7133579,0.85667896,0.6520808,0.8260404,0.70021164,0.8501058
3150,0.6638081,0.83190405,0.60638887,0.8031944,0.611773,0.8058865,0.5727823,0.78639114,0.5661409,0.78307045,0.5494721,0.77473605,0.49970305,0.7498515,0.59792334,0.79896164,0.5615632,0.7807816,0.5406695,0.7703347
3153,0.70487964,0.8524398,0.6662148,0.8331074,0.7031367,0.85156834,0.58953583,0.7947679,0.68536884,0.8426844,0.674544,0.837272,0.6352269,0.8176135,0.67866254,0.83933127,0.66051745,0.8302587,0.6680363,0.8340181
3155,0.60995597,0.804978,0.58741987,0.79370993,0.602184,0.801092,0.47466248,0.7373313,0.5750797,0.78753984,0.535449,0.7677245,0.5138972,0.7569486,0.57138896,0.7856945,0.5175618,0.7587809,0.5157037,0.75785184
3156,0.8037766,0.9018883,0.6698686,0.8349343,0.71120715,0.8556036,0.62166476,0.8108324,0.7152058,0.8576029,0.69712126,0.84856063,0.58320165,0.7916008,0.69183767,0.84591883,0.6198104,0.8099052,0.65229726,0.8261486
3157,0.7628366,0.8814183,0.68977594,0.844888,0.7282453,0.8641226,0.63595927,0.81797963,0.729616,0.86480796,0.7621936,0.88109684,0.6834197,0.84170985,0.72829247,0.86414623,0.68901753,0.84450877,0.7307577,0.86537886
3158,0.6889118,0.8444559,0.62071645,0.8103582,0.60072696,0.8003635,0.5632809,0.7816404,0.63950217,0.8197511,0.67785466,0.8389273,0.6130941,0.80654705,0.6503662,0.8251831,0.5916947,0.79584736,0.62755203,0.813776
3159,0.73371774,0.86685884,0.6666217,0.83331084,0.71264994,0.856325,0.55717826,0.7785891,0.71261734,0.8563087,0.70944333,0.85472167,0.6379092,0.8189546,0.71422756,0.8571138,0.600084,0.80004203,0.66622514,0.8331126
3160,0.7575676,0.8787838,0.71833956,0.8591698,0.7060609,0.85303044,0.6277696,0.8138848,0.72621703,0.8631085,0.75777423,0.8788871,0.71888167,0.8594408,0.7642109,0.88210547,0.7157334,0.8578667,0.73721206,0.86860603
3161,0.74050033,0.87025017,0.75677013,0.87838507,0.7731998,0.8865999,0.66503507,0.8325175,0.74234706,0.8711735,0.66606295,0.8330315,0.61083984,0.8054199,0.7405677,0.87028384,0.66089106,0.8304455,0.6850169,0.84250844
3162,0.7249528,0.8624764,0.67062116,0.8353106,0.66100013,0.83050007,0.63944405,0.81972206,0.6444197,0.82220984,0.68524873,0.84262437,0.6100533,0.80502665,0.7104945,0.85524726,0.6905638,0.8452819,0.67978823,0.8398941
3186,0.7974111,0.89870554,0.7436359,0.87181795,0.70434356,0.8521718,0.63969773,0.8198489,0.773956,0.88697803,0.7582711,0.87913555,0.70352393,0.85176194,0.73821735,0.8691087,0.69594884,0.8479744,0.7430856,0.8715428
3225,0.6845643,0.8422822,0.74124014,0.8706201,0.67735785,0.83867896,0.6601703,0.83008516,0.66768104,0.8338405,0.6036438,0.8018219,0.5920309,0.79601544,0.6752349,0.83761746,0.6265608,0.8132804,0.6076205,0.80381024
3315,0.697465,0.8487325,0.6334647,0.81673235,0.67022574,0.83511287,0.57785517,0.78892756,0.635797,0.8178985,0.71169233,0.85584617,0.6143421,0.80717105,0.6880927,0.84404635,0.64950305,0.8247515,0.66085446,0.8304272
3321,0.6411151,0.8205576,0.63504076,0.8175204,0.5925716,0.7962858,0.5720307,0.7860154,0.62167346,0.81083673,0.63078654,0.81539327,0.5735184,0.7867592,0.66910505,0.8345525,0.60466325,0.8023316,0.5917857,0.79589283
3332,0.5982348,0.7991174,0.57926214,0.78963107,0.6449255,0.82246274,0.5429132,0.7714566,0.5579778,0.7789889,0.5642581,0.78212905,0.45985952,0.72992975,0.56958526,0.78479266,0.57453287,0.78726643,0.5186468,0.75932336
5877,0.70969903,0.8548495,0.7472671,0.87363356,0.6737263,0.83686316,0.62914294,0.8145715,0.69304633,0.84652317,0.6821337,0.84106684,0.65088576,0.8254429,0.6959823,0.8479911,0.70485365,0.8524268,0.7099893,0.85499465
5981,0.789257,0.8946285,0.6908062,0.8454031,0.75053537,0.8752677,0.6718806,0.8359403,0.75408757,0.8770438,0.7224091,0.86120456,0.6276764,0.81383824,0.7415166,0.8707583,0.69353366,0.8467668,0.69832504,0.8491625
6043,0.7266264,0.8633132,0.6310149,0.8155074,0.63096917,0.8154846,0.5666009,0.78330046,0.65223694,0.82611847,0.6856357,0.84281784,0.5969802,0.7984901,0.6320782,0.8160391,0.6441832,0.8220916,0.6312549,0.81562746
6078,0.72718835,0.8635942,0.689591,0.84479547,0.6770406,0.8385203,0.63256204,0.816281,0.6773948,0.83869743,0.6759425,0.8379712,0.61263525,0.8063176,0.6738074,0.8369037,0.6813791,0.84068954,0.6590704,0.8295352
6081,0.7607386,0.8803693,0.6398754,0.8199377,0.677377,0.8386885,0.6310382,0.8155191,0.7129688,0.8564844,0.7916284,0.8958142,0.6775875,0.83879375,0.7215083,0.86075413,0.6979776,0.8489888,0.7312384,0.8656192
6082,0.6974525,0.8487263,0.6170249,0.80851245,0.6104447,0.8052224,0.5949457,0.79747283,0.63642573,0.81821287,0.67433524,0.8371676,0.62981045,0.8149052,0.65074,0.82537,0.6636127,0.83180636,0.6527509,0.8263755
6090,0.6820181,0.841009,0.6367204,0.8183602,0.65446305,0.8272315,0.6489248,0.8244624,0.6126807,0.80634034,0.6126313,0.80631566,0.6036172,0.8018086,0.65272725,0.8263636,0.64837587,0.82418793,0.6448263,0.82241315
6127,0.69969606,0.84984803,0.77452016,0.8872601,0.7427465,0.87137324,0.66378367,0.83189183,0.7084413,0.8542206,0.69851935,0.8492597,0.6295427,0.81477135,0.7510619,0.87553096,0.64364684,0.8218234,0.6709317,0.83546585
6211,0.7487632,0.8743816,0.71588147,0.85794073,0.7078996,0.8539498,0.58302534,0.79151267,0.71975636,0.8598782,0.7565405,0.87827027,0.6875277,0.8437638,0.73415303,0.8670765,0.6934761,0.84673804,0.7275698,0.8637849
6213,0.71224797,0.856124,0.6545075,0.82725376,0.6330959,0.816548,0.6171986,0.8085993,0.67865056,0.8393253,0.69428945,0.8471447,0.66303205,0.831516,0.6597916,0.8298958,0.6932374,0.8466187,0.7034508,0.8517254
6214,0.6508557,0.8254279,0.64317787,0.82158893,0.6609619,0.83048093,0.5733534,0.7866767,0.5894978,0.7947489,0.6378652,0.8189326,0.5883615,0.79418075,0.62257206,0.81128603,0.62541926,0.8127096,0.626728,0.813364
6231,0.6974981,0.84874904,0.65326035,0.8266302,0.6603856,0.8301928,0.57932234,0.78966117,0.6596733,0.8298366,0.66500056,0.8325003,0.62376267,0.8118813,0.6581234,0.8290617,0.65364814,0.82682407,0.64849246,0.8242462
6232,0.78391165,0.89195585,0.70467484,0.8523374,0.74982023,0.8749101,0.6466675,0.82333374,0.73528457,0.8676423,0.7676781,0.883839,0.67960703,0.8398035,0.7499652,0.8749826,0.69215935,0.8460797,0.76975733,0.88487864
6233,0.73184973,0.86592484,0.69188863,0.8459443,0.6890303,0.84451514,0.58536685,0.7926834,0.6869623,0.8434812,0.6716789,0.83583945,0.5739732,0.7869866,0.67065656,0.8353283,0.63072866,0.81536436,0.61294115,0.8064706
6239,0.6594343,0.82971716,0.6408653,0.82043266,0.60277504,0.80138755,0.64994425,0.82497215,0.609022,0.804511,0.65916705,0.8295835,0.6178354,0.8089177,0.66675633,0.8333782,0.70327556,0.8516378,0.6863656,0.8431828
6240,0.6941639,0.84708196,0.59924763,0.79962385,0.61778355,0.8088918,0.51180553,0.75590277,0.6496151,0.8248075,0.6705501,0.83527505,0.60271394,0.801357,0.61839724,0.8091986,0.60642254,0.8032113,0.62045634,0.81022817
6254,0.742122,0.87106097,0.7784769,0.8892385,0.7011404,0.8505702,0.6720675,0.83603376,0.72293687,0.86146843,0.6842977,0.84214884,0.70110893,0.85055447,0.7479505,0.8739753,0.6946425,0.8473213,0.69139475,0.8456974
6255,0.59481883,0.7974094,0.58320904,0.7916045,0.583518,0.791759,0.5116992,0.7558496,0.57016635,0.7850832,0.59456027,0.79728013,0.59125143,0.7956257,0.56741077,0.78370535,0.6220573,0.81102866,0.604851,0.8024255
6342,0.54722106,0.77361053,0.5586942,0.77934706,0.52395546,0.76197773,0.45437396,0.727187,0.5592381,0.77961904,0.5323171,0.7661586,0.53847945,0.7692397,0.5566516,0.7783258,0.51021606,0.755108,0.49195373,0.74597687
7630,0.6280711,0.81403553,0.6546356,0.82731783,0.5619664,0.7809832,0.614241,0.8071205,0.60049933,0.8002497,0.6024432,0.8012216,0.6007322,0.8003661,0.6625953,0.83129764,0.6298933,0.81494665,0.6694124,0.8347062
7654,0.7234141,0.8617071,0.7447324,0.8723662,0.66296244,0.8314812,0.65506005,0.82753,0.70880616,0.8544031,0.71309733,0.85654867,0.6958134,0.8479067,0.72079945,0.8603997,0.7291903,0.8645952,0.7204871,0.86024356
8890,0.7170806,0.8585403,0.70435655,0.8521783,0.70396316,0.8519816,0.6621628,0.8310814,0.70306957,0.8515348,0.7894635,0.89473176,0.70090544,0.8504527,0.7858585,0.89292926,0.7850836,0.89254177,0.8057379,0.902869
8916,0.54986286,0.77493143,0.60458124,0.8022906,0.5925225,0.79626125,0.52468216,0.7623411,0.53710085,0.7685504,0.48060942,0.7403047,0.52602196,0.763011,0.5411234,0.7705617,0.59073484,0.7953674,0.5235386,0.7617693
9028,0.73697484,0.8684874,0.71472454,0.8573623,0.6937413,0.84687066,0.6227484,0.8113742,0.68362176,0.8418109,0.71184933,0.85592467,0.68206424,0.84103215,0.7391882,0.8695941,0.66673243,0.8333662,0.719861,0.8599305
9066,0.67904043,0.8395202,0.5687647,0.78438234,0.55150115,0.7757506,0.5026785,0.75133926,0.6104703,0.80523515,0.6565317,0.82826585,0.5385606,0.7692803,0.5908185,0.79540926,0.5529705,0.77648526,0.5883023,0.7941512
9445,0.7046591,0.85232955,0.7311523,0.86557615,0.6710365,0.83551824,0.660344,0.830172,0.6856822,0.8428411,0.6759283,0.8379642,0.67237693,0.83618844,0.7304329,0.8652165,0.73549634,0.86774814,0.711199,0.8555995
9542,0.69999814,0.84999907,0.67524827,0.83762413,0.6264825,0.81324124,0.66314495,0.8315725,0.6869786,0.8434893,0.628104,0.814052,0.55800754,0.77900374,0.7066126,0.8533063,0.66016114,0.83008057,0.6195016,0.8097508
9546,0.6817378,0.8408689,0.62805104,0.8140255,0.56934524,0.7846726,0.58187383,0.79093695,0.5878399,0.7939199,0.5666373,0.78331864,0.50285935,0.7514297,0.60498154,0.8024908,0.5692173,0.78460866,0.5138123,0.75690615
9547,0.72941136,0.8647057,0.67854,0.83927,0.6562301,0.82811505,0.63173926,0.8158696,0.6579479,0.82897395,0.6558441,0.82792205,0.6270643,0.8135321,0.6728853,0.83644265,0.65474284,0.8273714,0.64623964,0.8231198
9583,0.7462569,0.8731284,0.6853051,0.84265256,0.662846,0.83142304,0.6761006,0.8380503,0.69893885,0.8494694,0.6974269,0.84871346,0.65073514,0.82536757,0.702454,0.851227,0.6838084,0.84190416,0.6842448,0.84212244
9587,0.65070593,0.82535297,0.65645874,0.82822937,0.65690434,0.82845217,0.5504345,0.7752173,0.5979308,0.7989654,0.6391727,0.81958634,0.5957923,0.79789615,0.6459174,0.8229587,0.62927055,0.8146353,0.6437993,0.82189965
12037,0.72087145,0.8604357,0.7426127,0.87130636,0.72817063,0.8640853,0.651502,0.825751,0.7315328,0.8657664,0.7710351,0.88551754,0.720361,0.8601805,0.7971031,0.8985516,0.78113514,0.89056754,0.79292595,0.896463
12116,0.6451864,0.8225932,0.616797,0.8083985,0.655357,0.8276785,0.57938683,0.7896934,0.5877776,0.7938888,0.6228924,0.8114462,0.5823368,0.7911684,0.6347147,0.81735736,0.6172739,0.80863696,0.65045387,0.8252269
12122,0.71851087,0.85925543,0.6332747,0.81663734,0.64966977,0.8248349,0.55718124,0.7785906,0.63735616,0.8186781,0.6992421,0.84962106,0.56454337,0.7822717,0.66201717,0.83100855,0.6320782,0.8160391,0.6313976,0.8156988
12124,0.58806133,0.79403067,0.5821909,0.79109544,0.5950283,0.79751414,0.5395123,0.76975614,0.50387096,0.7519355,0.57332313,0.78666157,0.5255475,0.76277375,0.551617,0.7758085,0.5577625,0.77888125,0.5822667,0.79113334
12141,0.7394052,0.8697026,0.6832353,0.84161764,0.6623782,0.8311891,0.60692275,0.8034614,0.69532233,0.84766114,0.73280567,0.86640286,0.70063657,0.8503183,0.6943601,0.84718,0.71508455,0.8575423,0.73824465,0.8691223
12143,0.6965736,0.8482868,0.6705754,0.8352877,0.65666175,0.8283309,0.57094574,0.78547287,0.6454944,0.82274723,0.7241568,0.8620784,0.62153274,0.81076634,0.68289304,0.8414465,0.6528081,0.8264041,0.677831,0.83891547
12149,0.68284637,0.84142315,0.7216196,0.8608098,0.72033966,0.8601698,0.6203873,0.81019366,0.65958905,0.8297945,0.642804,0.821402,0.6656039,0.83280194,0.68969804,0.844849,0.70264626,0.8513231,0.6969888,0.8484944
12161,0.6438812,0.8219406,0.61782044,0.80891025,0.6074045,0.80370224,0.6012215,0.8006108,0.6233028,0.8116514,0.66316855,0.8315843,0.6426544,0.8213272,0.6758355,0.83791775,0.68476707,0.8423835,0.68032765,0.8401638
12252,0.6718131,0.8359065,0.7016015,0.85080075,0.63271797,0.816359,0.66196716,0.8309836,0.6655402,0.8327701,0.6858616,0.8429308,0.6443082,0.8221541,0.73523545,0.8676177,0.71375763,0.8568788,0.7247144,0.8623572
12408,0.6221757,0.81108785,0.6543298,0.8271649,0.5889698,0.7944849,0.5745276,0.7872638,0.64200526,0.8210026,0.66442466,0.8322123,0.65459806,0.827299,0.6565121,0.828256,0.6557929,0.8278965,0.6801723,0.84008616
12409,0.64822656,0.82411325,0.6072786,0.8036393,0.5725426,0.78627133,0.54954785,0.77477396,0.6009598,0.8004799,0.6571808,0.8285904,0.63405526,0.8170276,0.6438135,0.82190675,0.6447174,0.8223587,0.6811979,0.84059894
12410,0.76742977,0.8837149,0.748549,0.8742745,0.74830765,0.87415385,0.6141577,0.80707884,0.7556386,0.8778193,0.7448416,0.8724208,0.67942005,0.83971,0.7661477,0.8830738,0.706663,0.8533315,0.72601175,0.8630059
12418,0.71531796,0.857659,0.6554915,0.82774574,0.66966283,0.8348314,0.5879015,0.79395074,0.67437434,0.8371872,0.748732,0.874366,0.6890522,0.8445261,0.7016537,0.85082686,0.675949,0.8379745,0.71717465,0.8585873
12422,0.6842129,0.84210646,0.5953146,0.7976573,0.6486082,0.8243041,0.5430247,0.7715124,0.64964306,0.82482153,0.7043699,0.85218495,0.603179,0.8015895,0.642609,0.8213045,0.6322402,0.8161201,0.671871,0.8359355
12435,0.5630378,0.78151894,0.54727983,0.7736399,0.54402107,0.77201056,0.52115667,0.76057833,0.51869595,0.759348,0.52417254,0.7620863,0.5264004,0.76320016,0.5242971,0.76214856,0.53799963,0.7689998,0.54005533,0.77002764
12436,0.7436028,0.8718014,0.67699516,0.8384976,0.6751528,0.8375764,0.5974049,0.7987025,0.6995096,0.8497548,0.7191104,0.85955524,0.6439462,0.8219731,0.7084652,0.8542326,0.664987,0.83249354,0.6764972,0.8382486
12437,0.58200777,0.7910039,0.62601167,0.8130058,0.6018309,0.8009155,0.5980816,0.7990408,0.57454395,0.787272,0.54380405,0.771902,0.55853856,0.7792693,0.6459739,0.82298696,0.61524105,0.8076205,0.58878505,0.7943925
12447,0.7578921,0.87894607,0.74602103,0.8730105,0.6975188,0.8487594,0.66993755,0.8349688,0.74116737,0.87058365,0.7708441,0.88542205,0.7150991,0.85754955,0.75127447,0.87563723,0.7508508,0.8754254,0.7622715,0.88113576
12448,0.77930695,0.88965344,0.7095821,0.85479105,0.74405766,0.8720288,0.6970883,0.8485441,0.74672544,0.8733627,0.7883284,0.8941642,0.6736186,0.8368093,0.78892446,0.8944622,0.7304349,0.86521745,0.75320214,0.8766011
12449,0.7235881,0.86179405,0.63131297,0.8156565,0.66192186,0.8309609,0.55328846,0.77664423,0.6688763,0.83443815,0.75885725,0.8794286,0.5918323,0.79591614,0.6757597,0.83787984,0.66263235,0.8313162,0.6686865,0.83434325
12450,0.6639594,0.8319797,0.66877866,0.8343893,0.6860777,0.84303886,0.568718,0.784359,0.6679612,0.83398056,0.66062355,0.8303118,0.64543295,0.8227165,0.6752863,0.83764315,0.65519255,0.8275963,0.6795331,0.83976656
12451,0.71272767,0.85636383,0.6685628,0.83428144,0.71057403,0.855287,0.5573952,0.7786976,0.6663585,0.83317924,0.6403978,0.8201989,0.56043065,0.7802153,0.64938796,0.824694,0.6041496,0.8020748,0.60340303,0.80170155
12452,0.740064,0.870032,0.65229356,0.8261468,0.70633864,0.8531693,0.5950858,0.7975429,0.69979227,0.84989613,0.70572734,0.85286367,0.60429054,0.80214524,0.7040677,0.85203385,0.6371637,0.8185818,0.67726827,0.83863413
12453,0.7242305,0.86211526,0.6844798,0.84223986,0.67087626,0.83543813,0.65426683,0.8271334,0.6764829,0.83824146,0.66266656,0.8313333,0.60222423,0.8011121,0.712254,0.856127,0.6458285,0.82291424,0.65924335,0.8296217
12454,0.7594644,0.8797322,0.70298743,0.8514937,0.662206,0.83110297,0.6323926,0.8161963,0.76847076,0.8842354,0.7415749,0.87078744,0.6844704,0.8422352,0.73930645,0.8696532,0.6563256,0.8281628,0.67985284,0.8399264
12455,0.73778856,0.8688943,0.69515204,0.847576,0.70574623,0.8528731,0.64047295,0.82023644,0.65605175,0.8280259,0.69237936,0.8461897,0.60971177,0.8048559,0.7002765,0.85013825,0.6928253,0.84641266,0.6837481,0.84187406
12456,0.778687,0.8893435,0.6943841,0.84719205,0.69271034,0.8463552,0.5846958,0.7923479,0.75380886,0.8769044,0.7622136,0.8811068,0.6900542,0.8450271,0.72729874,0.86364937,0.6312071,0.81560355,0.714221,0.8571105
12457,0.73363614,0.8668181,0.720455,0.86022747,0.7397449,0.86987245,0.61549985,0.8077499,0.74252164,0.8712608,0.75268257,0.8763413,0.71832,0.85916,0.75787914,0.87893957,0.7052352,0.8526176,0.7361016,0.8680508
12458,0.79572046,0.8978602,0.75737214,0.8786861,0.7642584,0.8821292,0.6470916,0.8235458,0.75482345,0.8774117,0.7602924,0.8801462,0.63800555,0.81900275,0.7799703,0.88998514,0.7076343,0.85381716,0.7175082,0.8587541
12459,0.7015314,0.8507657,0.64054716,0.8202736,0.6864215,0.84321076,0.5469936,0.7734968,0.6747856,0.8373928,0.6446454,0.8223227,0.60903966,0.80451983,0.6830118,0.8415059,0.58062327,0.79031163,0.61868656,0.8093433
12460,0.7805832,0.8902916,0.7388723,0.86943614,0.7347714,0.8673857,0.66921425,0.8346071,0.7808825,0.89044124,0.815279,0.9076395,0.75059164,0.8752958,0.7999883,0.89999413,0.79049253,0.89524627,0.79813933,0.89906967
12461,0.74899954,0.8744998,0.6568953,0.82844764,0.71628165,0.8581408,0.6005817,0.8002908,0.6809936,0.8404968,0.7559091,0.87795454,0.60405326,0.8020266,0.7165098,0.8582549,0.69297683,0.8464884,0.693326,0.846663
12462,0.7298546,0.8649273,0.7043071,0.85215354,0.71635765,0.85817885,0.59999,0.799995,0.71683097,0.8584155,0.7743437,0.88717186,0.68165815,0.8408291,0.7407892,0.8703946,0.74722207,0.87361103,0.75529075,0.8776454
12463,0.63247347,0.81623673,0.5738619,0.7869309,0.6079626,0.8039813,0.53243744,0.7662187,0.5914756,0.7957378,0.67316055,0.8365803,0.57160175,0.7858009,0.6188016,0.8094008,0.652034,0.826017,0.6286583,0.81432915
12464,0.7422602,0.8711301,0.6534995,0.82674974,0.68043524,0.8402176,0.59324086,0.7966204,0.6989224,0.8494612,0.7501847,0.8750924,0.614761,0.8073805,0.7136482,0.8568241,0.68252826,0.8412641,0.6999364,0.8499682
12465,0.7078329,0.8539164,0.71210265,0.8560513,0.7370357,0.8685179,0.6196054,0.8098027,0.7019346,0.8509673,0.6581163,0.8290582,0.65332496,0.8266625,0.71649355,0.8582468,0.6450108,0.8225054,0.6610738,0.8305369
12466,0.636814,0.818407,0.5633813,0.78169066,0.5700939,0.78504694,0.4847484,0.7423742,0.5867996,0.7933998,0.67242306,0.83621156,0.5714971,0.78574854,0.61432636,0.8071632,0.6069277,0.8034638,0.63412416,0.8170621
12467,0.6457393,0.82286966,0.6518041,0.82590204,0.6566556,0.8283278,0.61600006,0.808,0.5913675,0.79568374,0.6622723,0.8311361,0.5965324,0.7982662,0.71622604,0.85811305,0.69356185,0.8467809,0.6521575,0.8260788
12468,0.63769484,0.8188474,0.6074227,0.80371135,0.6322048,0.8161024,0.5673628,0.7836814,0.6478888,0.8239444,0.63669926,0.8183496,0.67635906,0.8381795,0.61792797,0.808964,0.64183646,0.8209182,0.651031,0.8255155
12469,0.46255907,0.73127955,0.5098981,0.7549491,0.4609565,0.7304783,0.4386816,0.7193408,0.46505058,0.7325253,0.4805563,0.7402781,0.47015116,0.7350756,0.522993,0.76149654,0.5813941,0.79069704,0.55198026,0.7759901
12470,0.7570958,0.8785479,0.7168199,0.85840994,0.77614915,0.8880746,0.6630031,0.83150154,0.7611338,0.8805669,0.75280356,0.8764018,0.67127556,0.8356378,0.7877842,0.8938921,0.6697284,0.8348642,0.71297055,0.85648525
12471,0.75994897,0.8799745,0.7375842,0.86879206,0.6962378,0.8481189,0.6968354,0.8484177,0.7201699,0.86008495,0.73605317,0.8680266,0.6858089,0.84290445,0.76275104,0.88137555,0.74171376,0.8708569,0.75852764,0.8792638
12472,0.7129315,0.85646576,0.7737956,0.8868978,0.71939754,0.8596988,0.695721,0.84786046,0.71255577,0.8562779,0.69019896,0.84509945,0.684077,0.8420385,0.78913695,0.89456844,0.7346257,0.86731285,0.7118747,0.85593736
12473,0.73453426,0.86726713,0.7058352,0.8529176,0.6828831,0.8414415,0.64334834,0.82167417,0.7224227,0.86121136,0.747875,0.8739375,0.74753416,0.8737671,0.7403859,0.87019295,0.7081912,0.8540956,0.77857894,0.8892895
12474,0.6610577,0.83052886,0.65507865,0.8275393,0.6653537,0.8326769,0.58763295,0.79381645,0.67308396,0.836542,0.71016896,0.8550845,0.61438155,0.8071908,0.70390487,0.85195243,0.6737709,0.83688545,0.6667693,0.83338463
12475,0.69232714,0.8461636,0.66021216,0.8301061,0.661733,0.83086646,0.57479274,0.7873964,0.669669,0.83483446,0.70736647,0.85368323,0.66861737,0.8343087,0.6911167,0.84555835,0.67889583,0.8394479,0.70254475,0.85127234
12476,0.7141807,0.85709035,0.6692705,0.83463526,0.66540605,0.832703,0.58784556,0.7939228,0.7026856,0.8513428,0.715926,0.85796297,0.7283404,0.8641702,0.7207712,0.8603856,0.6954376,0.84771883,0.74977136,0.8748857
12477,0.5732708,0.7866354,0.57640684,0.7882034,0.5486427,0.7743213,0.6032834,0.8016417,0.5362425,0.76812124,0.5735842,0.7867921,0.53997046,0.7699852,0.621434,0.810717,0.59366906,0.7968345,0.6182243,0.8091122
12478,0.7521054,0.87605274,0.7578825,0.87894124,0.740693,0.8703465,0.66709125,0.8335456,0.77326787,0.88663393,0.75393736,0.8769687,0.72089636,0.8604482,0.78122723,0.8906136,0.7464119,0.87320596,0.7621571,0.88107854
12479,0.7018578,0.8509289,0.60672224,0.8033611,0.6874506,0.8437253,0.5243411,0.76217055,0.64569783,0.8228489,0.7268895,0.86344475,0.59187937,0.7959397,0.6856658,0.8428329,0.6239743,0.81198716,0.65894645,0.82947326
12480,0.75454247,0.87727123,0.68402076,0.8420104,0.70111823,0.8505591,0.6207527,0.81037635,0.6878565,0.8439282,0.7259314,0.8629657,0.6024721,0.80123603,0.71511275,0.85755634,0.6572236,0.8286118,0.6721573,0.83607864
12481,0.75199217,0.8759961,0.69756556,0.8487828,0.7427994,0.8713997,0.67787963,0.8389398,0.6953453,0.84767264,0.74802166,0.8740108,0.6602104,0.8301052,0.7469194,0.8734597,0.7399112,0.8699556,0.7467584,0.87337923
12482,0.75922656,0.8796133,0.70288146,0.8514407,0.7141454,0.8570727,0.69601077,0.8480054,0.72305375,0.86152685,0.7295607,0.8647803,0.66198313,0.83099157,0.72483695,0.8624185,0.6949605,0.84748024,0.7153583,0.8576791
12483,0.70416725,0.8520836,0.67017484,0.8350874,0.6990962,0.8495481,0.6089828,0.8044914,0.6559082,0.8279541,0.7276449,0.86382246,0.64603966,0.82301986,0.7205174,0.8602587,0.70180154,0.85090077,0.72960645,0.8648032
12484,0.7188629,0.85943145,0.68547076,0.8427354,0.7034707,0.85173535,0.5919453,0.79597265,0.7397089,0.86985445,0.7239666,0.8619833,0.65874743,0.8293737,0.7201917,0.86009586,0.6652511,0.8326255,0.7159146,0.8579573
12485,0.6721584,0.83607924,0.67369175,0.8368459,0.6758284,0.8379142,0.585518,0.792759,0.66747844,0.8337392,0.7594769,0.87973845,0.71163476,0.8558174,0.7379714,0.8689857,0.73290247,0.86645126,0.77463585,0.8873179
12486,0.7657825,0.88289124,0.77495986,0.8874799,0.7633553,0.8816776,0.66051364,0.8302568,0.79809415,0.8990471,0.76046515,0.8802326,0.7328677,0.86643386,0.81154966,0.90577483,0.74862117,0.8743106,0.7643559,0.88217795
12487,0.77203655,0.8860183,0.7461147,0.87305737,0.76396203,0.881981,0.65546036,0.8277302,0.73552394,0.86776197,0.75272375,0.87636185,0.7034711,0.8517356,0.7883232,0.8941616,0.74445534,0.87222767,0.76014555,0.8800728
12488,0.6039642,0.8019821,0.71184444,0.8559222,0.6196984,0.8098492,0.61803627,0.80901814,0.6163552,0.8081776,0.5904658,0.7952329,0.58946687,0.7947334,0.65451336,0.8272567,0.66640663,0.8332033,0.6298915,0.81494576
12489,0.5919171,0.7959585,0.59138656,0.7956933,0.60935557,0.8046778,0.5088246,0.7544123,0.5713372,0.7856686,0.6107917,0.80539584,0.5721885,0.78609425,0.6254432,0.8127216,0.57042503,0.7852125,0.57533777,0.7876689
12490,0.5502742,0.77513707,0.5272918,0.7636459,0.56187284,0.7809364,0.53471565,0.7673578,0.5115754,0.75578773,0.56792426,0.78396213,0.52364236,0.76182115,0.54321706,0.77160853,0.5905953,0.7952976,0.556411,0.7782055
12491,0.6598635,0.82993174,0.67466545,0.8373327,0.68412566,0.84206283,0.6125177,0.80625886,0.6489084,0.8244542,0.66939914,0.8346996,0.6398968,0.81994843,0.7079093,0.8539547,0.7039218,0.8519609,0.70301473,0.85150737
12492,0.59732074,0.7986604,0.6142211,0.80711055,0.59324634,0.7966232,0.58205897,0.79102945,0.5726957,0.78634787,0.5282047,0.76410234,0.539467,0.7697335,0.604914,0.802457,0.5974978,0.7987489,0.51030904,0.7551545
12493,0.59509915,0.7975496,0.56150484,0.7807524,0.60730815,0.8036541,0.5373629,0.7686814,0.5580772,0.7790386,0.6484146,0.8242073,0.5544524,0.7772262,0.62407714,0.81203854,0.652721,0.82636046,0.6381493,0.81907463
12494,0.72736263,0.8636813,0.70299786,0.85149896,0.732347,0.8661735,0.6516353,0.82581764,0.7139628,0.8569814,0.7343472,0.8671736,0.71296316,0.85648155,0.7385011,0.86925054,0.7605255,0.88026273,0.7740859,0.88704294
12495,0.7054119,0.85270596,0.7040698,0.8520349,0.67648214,0.8382411,0.646953,0.8234765,0.67532754,0.83766377,0.7471225,0.87356126,0.6610726,0.8305363,0.7565317,0.87826586,0.75115424,0.8755771,0.7369989,0.86849946
12496,0.7538326,0.8769163,0.69371605,0.846858,0.7108356,0.8554178,0.6205206,0.8102603,0.7212496,0.8606248,0.7852743,0.89263713,0.6869095,0.8434547,0.7580966,0.8790483,0.7399427,0.8699714,0.7535162,0.8767581
12497,0.7583525,0.87917626,0.7082068,0.8541034,0.75253874,0.87626934,0.64296734,0.8214837,0.7370781,0.86853904,0.77182454,0.8859123,0.6984722,0.84923613,0.7569783,0.87848914,0.7190794,0.8595397,0.7463548,0.8731774
12498,0.73841476,0.8692074,0.73525876,0.8676294,0.70707023,0.8535351,0.66660964,0.8333048,0.6986232,0.8493116,0.7476834,0.8738417,0.68291605,0.841458,0.77490944,0.88745475,0.736863,0.8684315,0.7491631,0.8745816
12499,0.7163735,0.8581867,0.69478345,0.8473917,0.71390724,0.8569536,0.5849333,0.79246664,0.7194339,0.85971695,0.7123291,0.8561646,0.691777,0.8458885,0.71840036,0.8592002,0.6659064,0.8329532,0.7091298,0.8545649
12500,0.7232597,0.86162984,0.6907513,0.84537566,0.65945053,0.82972527,0.5772337,0.78861684,0.7177097,0.8588549,0.70658106,0.85329056,0.69268143,0.8463407,0.71435165,0.8571758,0.6721376,0.8360688,0.6934496,0.8467248
12501,0.44640225,0.72320116,0.45268056,0.7263403,0.45964473,0.7298224,0.38599387,0.6929969,0.41479605,0.70739806,0.3473667,0.67368335,0.36165503,0.6808275,0.36688194,0.683441,0.41121486,0.7056074,0.36955392,0.68477696
12502,0.6885146,0.8442573,0.74001133,0.87000567,0.7001536,0.8500768,0.6322794,0.8161397,0.73798716,0.8689936,0.649886,0.824943,0.6954026,0.8477013,0.74723625,0.8736181,0.68445134,0.8422257,0.67695284,0.8384764
12503,0.63330245,0.8166512,0.5521124,0.7760562,0.6436123,0.8218062,0.5536858,0.7768429,0.54845977,0.7742299,0.6295564,0.8147782,0.4971648,0.74858236,0.59074533,0.79537266,0.62144375,0.8107219,0.567627,0.7838135
12504,0.67146814,0.83573407,0.65730095,0.8286505,0.6769246,0.8384623,0.61742777,0.8087139,0.6144235,0.80721176,0.56527984,0.7826399,0.5076264,0.7538132,0.67224884,0.8361244,0.57887447,0.78943723,0.51998925,0.7599946
12505,0.66238844,0.8311942,0.624231,0.8121155,0.6583304,0.8291652,0.5789275,0.78946376,0.6180672,0.80903363,0.6436072,0.82180357,0.55057406,0.77528703,0.63206345,0.8160317,0.6582337,0.8291168,0.6356791,0.81783956
12506,0.6527033,0.82635164,0.6202956,0.81014776,0.6370289,0.81851447,0.56226623,0.7811331,0.6296066,0.8148033,0.6529789,0.82648945,0.61924535,0.80962265,0.6343956,0.8171978,0.6194904,0.8097452,0.63907313,0.81953657
12507,0.6452464,0.8226232,0.68228924,0.8411446,0.7069298,0.8534649,0.57829016,0.7891451,0.69270754,0.84635377,0.6659602,0.8329801,0.70044875,0.8502244,0.678859,0.8394295,0.68181974,0.84090984,0.7223946,0.8611973
12508,0.7384801,0.86924005,0.659476,0.829738,0.6921677,0.8460839,0.56174237,0.78087115,0.7087631,0.85438156,0.738958,0.869479,0.6425087,0.8212544,0.7026051,0.85130256,0.63529295,0.8176465,0.70981646,0.8549082
12509,0.7193552,0.8596776,0.67722416,0.8386121,0.7383374,0.8691687,0.5887486,0.7943743,0.6835005,0.84175026,0.7252232,0.8626116,0.6187763,0.80938816,0.71830714,0.85915357,0.6824312,0.8412156,0.7050103,0.85250515
12510,0.6497561,0.82487804,0.637678,0.818839,0.6524539,0.82622695,0.57726634,0.78863317,0.62739575,0.8136979,0.6965693,0.84828466,0.6534326,0.8267163,0.69226754,0.84613377,0.7102201,0.85511005,0.7188115,0.85940576
12511,0.5883721,0.79418606,0.5649104,0.7824552,0.54463506,0.7723175,0.5289413,0.76447064,0.5448788,0.77243936,0.5975485,0.79877424,0.5534475,0.77672374,0.57594705,0.7879735,0.61166954,0.8058348,0.5716871,0.78584355
12512,0.6215059,0.810753,0.63668185,0.8183409,0.55701756,0.7785088,0.5931266,0.79656327,0.61781096,0.8089055,0.5988493,0.79942465,0.6191255,0.80956274,0.6598192,0.82990956,0.67806613,0.83903307,0.65629864,0.8281493
12513,0.67624974,0.8381249,0.6079099,0.80395496,0.65697587,0.82848793,0.5661074,0.7830537,0.6125014,0.8062507,0.6637443,0.8318721,0.5525311,0.77626556,0.65201485,0.8260074,0.61899436,0.8094972,0.62390953,0.81195474
12514,0.7233864,0.8616932,0.7066684,0.8533342,0.6931021,0.84655106,0.6139407,0.80697036,0.69110763,0.8455538,0.69945383,0.8497269,0.6106696,0.8053348,0.71377957,0.8568898,0.63245773,0.81622887,0.64346075,0.8217304
12515,0.71751213,0.85875607,0.7106501,0.85532504,0.69399023,0.8469951,0.62140083,0.8107004,0.7099775,0.85498875,0.6808456,0.8404228,0.63052213,0.81526107,0.7290139,0.86450696,0.7056006,0.8528003,0.66869664,0.8343483
12516,0.69334996,0.846675,0.6939991,0.8469995,0.737569,0.8687845,0.63858664,0.8192933,0.68906,0.84453,0.67387253,0.83693624,0.64747584,0.8237379,0.70734113,0.8536706,0.69154656,0.8457733,0.6996584,0.8498292
12518,0.6749803,0.83749014,0.71501625,0.8575081,0.7272909,0.86364543,0.64417565,0.8220878,0.71481204,0.857406,0.70474017,0.8523701,0.723014,0.861507,0.76603544,0.8830177,0.73029435,0.8651472,0.73295283,0.8664764
12519,0.6770883,0.83854413,0.6501373,0.82506865,0.6641071,0.83205354,0.5553309,0.77766544,0.62334716,0.8116736,0.6335554,0.8167777,0.6045333,0.80226666,0.6581625,0.82908124,0.63062775,0.8153139,0.6476269,0.82381344
12520,0.7627648,0.8813824,0.71863353,0.85931677,0.6896057,0.84480286,0.59563327,0.79781663,0.7286247,0.86431235,0.76809955,0.8840498,0.68698114,0.8434906,0.7231053,0.86155266,0.67771375,0.8388569,0.75151396,0.875757
12521,0.7653543,0.88267714,0.7319807,0.86599034,0.73861027,0.86930513,0.6531038,0.8265519,0.7522843,0.87614214,0.7469635,0.87348175,0.73852134,0.86926067,0.76189184,0.8809459,0.71253884,0.8562694,0.7988009,0.8994005
12523,0.6976999,0.84884995,0.69818413,0.84909207,0.70126736,0.8506337,0.63764834,0.8188242,0.66193295,0.8309665,0.7105691,0.8552846,0.6663604,0.8331802,0.7143141,0.85715705,0.7061369,0.8530685,0.7463719,0.873186
12525,0.84248334,0.92124164,0.7747911,0.88739556,0.7820329,0.8910165,0.71080136,0.8554007,0.85326004,0.92663,0.82046115,0.9102306,0.77226126,0.88613063,0.81883955,0.9094198,0.74874973,0.87437487,0.78536284,0.8926814
12526,0.78110737,0.8905537,0.73098236,0.86549115,0.7089883,0.85449415,0.6602556,0.83012784,0.7500628,0.8750314,0.77479494,0.88739747,0.732278,0.866139,0.74773943,0.8738697,0.72883785,0.8644189,0.76508915,0.8825446
12527,0.7616253,0.88081264,0.67374015,0.8368701,0.6752466,0.8376233,0.61245686,0.8062284,0.7036627,0.8518313,0.79291594,0.89645797,0.64383817,0.8219191,0.7397906,0.86989534,0.71867293,0.8593365,0.7234001,0.86170006
12528,0.6440818,0.8220409,0.63840175,0.8192009,0.6497568,0.8248784,0.5491936,0.7745968,0.6195614,0.8097807,0.6501565,0.82507825,0.55824757,0.7791238,0.6538198,0.8269099,0.6388289,0.81941444,0.60714513,0.80357254
12529,0.7967267,0.89836335,0.68699473,0.8434974,0.7206218,0.8603109,0.5922971,0.79614854,0.7472867,0.87364334,0.77478135,0.8873907,0.6572964,0.8286482,0.7534331,0.87671655,0.6342594,0.81712973,0.7041931,0.85209656
12530,0.5669596,0.7834798,0.5153957,0.7576978,0.51800823,0.7590041,0.5034503,0.75172514,0.45718133,0.72859067,0.4857992,0.7428996,0.4396415,0.71982074,0.49101096,0.74550545,0.46405876,0.7320294,0.48716688,0.74358344
12531,0.59020495,0.7951025,0.62108946,0.8105447,0.6203735,0.81018674,0.52148753,0.76074374,0.5917449,0.79587245,0.61435795,0.807179,0.59645116,0.7982256,0.6008457,0.80042285,0.6126505,0.80632526,0.6173004,0.8086502
12532,0.7559205,0.87796026,0.6581136,0.8290568,0.66928613,0.83464307,0.5667863,0.78339314,0.66843283,0.8342164,0.695681,0.8478405,0.5890132,0.7945066,0.65068287,0.82534146,0.6114925,0.80574626,0.63053715,0.8152686
12533,0.7137495,0.85687476,0.6598464,0.8299232,0.6828054,0.8414027,0.59320414,0.7966021,0.6686616,0.8343308,0.6996543,0.8498272,0.63028884,0.8151444,0.7044821,0.85224104,0.64653945,0.8232697,0.6862234,0.8431117
12565,0.7426055,0.8713027,0.7285671,0.86428356,0.70942163,0.8547108,0.6463083,0.82315415,0.7029325,0.85146624,0.75197804,0.875989,0.6695461,0.83477306,0.75483054,0.8774153,0.70710033,0.8535502,0.73016584,0.8650829
12656,0.7165072,0.8582536,0.7504002,0.8752001,0.6665227,0.8332614,0.6112948,0.8056474,0.7516329,0.87581646,0.66903365,0.8345168,0.64179385,0.8208969,0.74466205,0.872331,0.6758015,0.83790076,0.6773978,0.83869886
12674,0.73718226,0.8685911,0.7089778,0.8544889,0.73066723,0.8653336,0.63579917,0.8178996,0.7185508,0.8592754,0.7692373,0.88461864,0.7018899,0.85094494,0.7497262,0.8748631,0.72283393,0.86141694,0.75239325,0.8761966
12687,0.6265712,0.8132856,0.6517908,0.8258954,0.5765058,0.7882529,0.55321354,0.7766068,0.669545,0.83477247,0.6983109,0.8491554,0.6773945,0.83869725,0.7339071,0.86695355,0.67883295,0.8394165,0.72088367,0.8604418
12736,0.81708455,0.9085423,0.73376477,0.8668824,0.6708778,0.8354389,0.7174542,0.8587271,0.7795438,0.88977194,0.7338984,0.8669492,0.75841093,0.87920547,0.767516,0.883758,0.7363417,0.86817086,0.7679312,0.8839656
13078,0.7253103,0.86265516,0.6852859,0.84264296,0.6941911,0.84709555,0.671204,0.835602,0.7143108,0.85715544,0.72123784,0.86061895,0.6893029,0.84465146,0.7137103,0.85685515,0.7033988,0.8516994,0.72570497,0.86285245
13080,0.7578099,0.87890494,0.70125043,0.8506252,0.71061945,0.8553097,0.61703086,0.8085154,0.7063017,0.85315084,0.7333269,0.86666346,0.634158,0.817079,0.73319316,0.8665966,0.68266094,0.84133047,0.68463445,0.8423172
13146,0.7593664,0.8796832,0.7401272,0.8700636,0.69540703,0.8477035,0.6862298,0.8431149,0.7219964,0.8609982,0.7234156,0.8617078,0.7044437,0.85222185,0.74448067,0.8722403,0.7854607,0.89273036,0.78950775,0.8947539
13147,0.7889615,0.89448076,0.7299737,0.86498684,0.71606237,0.85803115,0.6776078,0.8388039,0.7678956,0.8839478,0.7130841,0.85654205,0.69853574,0.84926784,0.7331809,0.86659044,0.7202145,0.86010724,0.7480451,0.87402254
13148,0.7073853,0.85369265,0.60830915,0.8041546,0.6540191,0.82700956,0.598063,0.7990315,0.67672265,0.8383613,0.59563804,0.797819,0.5209389,0.76046944,0.65985847,0.82992923,0.5375942,0.7687971,0.55115604,0.775578
13149,0.6897526,0.8448763,0.6462159,0.82310796,0.6081444,0.8040722,0.56307983,0.7815399,0.66217554,0.83108777,0.60964584,0.8048229,0.5863359,0.79316795,0.60373783,0.8018689,0.63643867,0.8182193,0.66676223,0.8333811
13150,0.76850176,0.8842509,0.71316373,0.85658187,0.73513365,0.8675668,0.67583454,0.83791727,0.73159814,0.86579907,0.7348308,0.8674154,0.66182137,0.8309107,0.7568859,0.87844294,0.67825305,0.8391265,0.70728385,0.8536419
13196,0.7255734,0.8627867,0.7409487,0.87047434,0.6986717,0.84933585,0.6444569,0.82222843,0.6960714,0.8480357,0.6438329,0.82191646,0.65156674,0.8257834,0.70888674,0.8544434,0.68898314,0.8444916,0.66075146,0.83037573
13382,0.6634774,0.8317387,0.68071425,0.8403571,0.63970184,0.8198509,0.6253233,0.81266165,0.6460316,0.8230158,0.65606093,0.82803047,0.63449454,0.8172473,0.65915805,0.829579,0.64575535,0.82287765,0.68514365,0.84257185
13461,0.65557134,0.8277857,0.60821414,0.80410707,0.6542059,0.82710296,0.5482069,0.77410346,0.60371625,0.8018581,0.62214077,0.8110704,0.57380885,0.78690445,0.63044393,0.81522197,0.61873037,0.80936515,0.6193601,0.80968004
13475,0.7758533,0.88792664,0.7328502,0.8664251,0.69516015,0.8475801,0.6434848,0.8217424,0.76158583,0.8807929,0.78395975,0.8919799,0.7382029,0.86910146,0.7775477,0.88877386,0.71484625,0.8574231,0.7611938,0.8805969
13477,0.74290526,0.8714526,0.6585802,0.8292901,0.677963,0.8389815,0.59348696,0.7967435,0.6964586,0.8482293,0.76821184,0.8841059,0.67660546,0.83830273,0.71596926,0.85798466,0.6568229,0.82841146,0.7322426,0.8661213
13537,0.7530002,0.8765001,0.6795081,0.83975405,0.71251243,0.85625625,0.64887094,0.8244355,0.7086414,0.8543207,0.7064673,0.85323364,0.6370689,0.8185345,0.7069459,0.85347295,0.6393863,0.81969315,0.6990197,0.84950984
13893,0.7035292,0.85176456,0.7132981,0.85664904,0.70539045,0.8526952,0.6548843,0.82744217,0.6964486,0.8482243,0.59058964,0.7952948,0.5618823,0.7809411,0.67221487,0.83610743,0.5986264,0.7993132,0.5817151,0.79085755
13897,0.7033676,0.8516838,0.6583401,0.82917005,0.62079406,0.810397,0.60105,0.800525,0.60841227,0.80420613,0.5172069,0.75860345,0.50292754,0.7514638,0.6120499,0.8060249,0.5627799,0.78138995,0.5063575,0.7531787
14744,0.722406,0.861203,0.6422628,0.8211314,0.6820611,0.84103054,0.6275171,0.81375855,0.6619508,0.8309754,0.7051428,0.85257137,0.62140787,0.81070393,0.6815375,0.84076875,0.668834,0.834417,0.7080326,0.8540163
14862,0.72926104,0.8646305,0.6828251,0.84141254,0.66063225,0.8303161,0.64912325,0.8245616,0.71312153,0.85656077,0.6878984,0.8439492,0.6413267,0.82066333,0.71647197,0.85823596,0.66159606,0.83079803,0.6644583,0.83222914
14882,0.7751128,0.88755643,0.78707886,0.8935394,0.73051506,0.8652575,0.6814896,0.8407448,0.78867185,0.8943359,0.70164466,0.8508223,0.7027739,0.85138696,0.76825607,0.88412803,0.7085523,0.8542762,0.71797454,0.8589873
14890,0.7509115,0.87545574,0.6909923,0.8454962,0.67169595,0.835848,0.62346065,0.8117303,0.7176101,0.85880506,0.74383044,0.8719152,0.66111594,0.83055794,0.7615272,0.8807636,0.6853182,0.8426591,0.72270316,0.8613516
14906,0.61977327,0.80988663,0.59638965,0.7981948,0.58182347,0.79091173,0.6377004,0.81885016,0.577659,0.7888295,0.525931,0.7629655,0.547657,0.7738285,0.5797788,0.7898894,0.6042846,0.80214226,0.557904,0.778952
14907,0.5692687,0.78463435,0.62993705,0.8149685,0.5430026,0.7715013,0.48386246,0.7419312,0.62504584,0.8125229,0.5954251,0.79771256,0.6279285,0.81396425,0.6431888,0.82159436,0.61325216,0.8066261,0.59689605,0.798448
14914,0.7420354,0.8710177,0.6323521,0.81617606,0.6254682,0.8127341,0.5808151,0.79040754,0.71136546,0.85568273,0.6871284,0.8435642,0.60868704,0.8043435,0.66831654,0.8341583,0.6212618,0.8106309,0.6365187,0.81825936
14916,0.7188263,0.85941315,0.7428045,0.87140226,0.64904976,0.8245249,0.64474213,0.82237107,0.6861247,0.84306234,0.65613043,0.8280652,0.66946924,0.8347346,0.72136134,0.8606807,0.67071867,0.83535933,0.6759232,0.8379616
14930,0.7702421,0.88512105,0.67203236,0.8360162,0.71361303,0.8568065,0.5907401,0.79537004,0.7375814,0.8687907,0.802342,0.90117097,0.6696689,0.83483446,0.7497618,0.8748809,0.7090523,0.85452616,0.7393728,0.86968637
14932,0.60276383,0.80138195,0.63228136,0.81614065,0.61953866,0.80976933,0.5266111,0.76330554,0.5956089,0.7978045,0.62931323,0.8146566,0.5919061,0.79595304,0.64016116,0.8200806,0.6723787,0.8361894,0.64749366,0.8237468
14939,0.71888936,0.8594447,0.6360252,0.8180126,0.6379575,0.8189788,0.5761578,0.7880789,0.66614676,0.8330734,0.7402009,0.87010044,0.67886746,0.8394337,0.6773659,0.83868295,0.66018915,0.8300946,0.7285348,0.8642674
14947,0.7175292,0.8587646,0.708019,0.8540095,0.6737803,0.83689016,0.6233057,0.81165284,0.6733884,0.83669424,0.69304216,0.8465211,0.67388403,0.836942,0.7013769,0.85068846,0.69401395,0.847007,0.7132416,0.8566208
15180,0.7442397,0.87211984,0.67834365,0.8391718,0.7153304,0.8576652,0.6691072,0.8345536,0.69533694,0.84766847,0.75496465,0.8774823,0.6495743,0.82478714,0.71081245,0.8554062,0.70126176,0.8506309,0.72127354,0.8606368
15240,0.67578536,0.83789265,0.6929529,0.84647644,0.6218784,0.8109392,0.5834509,0.79172546,0.68552923,0.8427646,0.6834946,0.8417473,0.6994695,0.8497348,0.68657005,0.843285,0.69935,0.849675,0.73637944,0.8681897
15339,0.708415,0.8542075,0.77523375,0.8876169,0.6784866,0.8392433,0.6430217,0.82151085,0.6735089,0.83675444,0.6410476,0.8205238,0.60056245,0.8002812,0.7502659,0.8751329,0.62573767,0.81286883,0.6448113,0.82240564
15419,0.76416487,0.88208246,0.7007246,0.8503623,0.73050034,0.8652502,0.6542523,0.82712615,0.68924487,0.84462243,0.6879586,0.8439793,0.62833095,0.8141655,0.70968854,0.8548443,0.6664672,0.8332336,0.7008534,0.8504267
15425,0.78582704,0.8929135,0.68708,0.84354,0.73765016,0.8688251,0.70417064,0.85208535,0.7330252,0.8665126,0.7152951,0.85764754,0.6094574,0.8047287,0.71054643,0.85527325,0.68965334,0.8448267,0.70546335,0.8527317
15426,0.6211896,0.8105948,0.64470494,0.82235247,0.58585465,0.7929273,0.5190288,0.7595144,0.5649245,0.78246224,0.575704,0.787852,0.53373957,0.7668698,0.6288111,0.81440556,0.60992813,0.80496407,0.5778307,0.78891534
15474,0.7117493,0.85587466,0.73496354,0.86748177,0.6811663,0.84058315,0.65141356,0.8257068,0.70518506,0.8525925,0.71838796,0.859194,0.6777846,0.83889234,0.7299705,0.8649852,0.7046654,0.8523327,0.7450831,0.87254155
15519,0.6844965,0.84224826,0.7351736,0.8675868,0.6900331,0.84501654,0.6364967,0.8182484,0.7132721,0.85663605,0.6619761,0.83098805,0.6946249,0.84731245,0.704306,0.852153,0.7217715,0.86088574,0.71486676,0.8574334
15524,0.6564628,0.8282314,0.68090594,0.84045297,0.6218276,0.8109138,0.59722173,0.79861087,0.626276,0.813138,0.6308589,0.81542945,0.60581774,0.8029089,0.65089166,0.82544583,0.6639117,0.83195585,0.68343115,0.8417156
15589,0.80684435,0.9034222,0.7542194,0.8771097,0.7468393,0.87341964,0.65105414,0.8255271,0.74810565,0.8740528,0.71326256,0.8566313,0.6993234,0.8496617,0.7452398,0.87261987,0.6990669,0.84953344,0.7304543,0.86522716
15679,0.4369259,0.71846294,0.47246134,0.7362307,0.35726357,0.6786318,0.45347238,0.7267362,0.44238582,0.7211929,0.41346693,0.70673347,0.48877764,0.7443888,0.4458145,0.72290725,0.5290303,0.76451516,0.48729104,0.74364555
15743,0.71982884,0.8599144,0.7250159,0.86250794,0.65654147,0.82827073,0.62497735,0.8124887,0.68531585,0.8426579,0.62311107,0.8115555,0.66133916,0.8306696,0.70477915,0.8523896,0.65611225,0.8280561,0.66273737,0.8313687
16036,0.7133462,0.8566731,0.6540073,0.82700366,0.64329696,0.8216485,0.67431897,0.8371595,0.6534318,0.8267159,0.56412864,0.7820643,0.5262683,0.7631341,0.64542866,0.8227143,0.57995164,0.7899758,0.5466373,0.77331865
16039,0.7142265,0.85711324,0.69333565,0.8466678,0.700094,0.850047,0.7093738,0.85468686,0.61289096,0.8064455,0.5763706,0.7881853,0.5394366,0.7697183,0.68358195,0.841791,0.6518055,0.82590276,0.5740143,0.78700715
16064,0.8132891,0.9066446,0.8222889,0.91114444,0.74335766,0.8716788,0.7453835,0.87269175,0.8186118,0.90930593,0.7360239,0.86801195,0.7426125,0.87130624,0.8363242,0.9181621,0.75368357,0.8768418,0.77866584,0.8893329
6018,0.65266114,0.82633054,0.6629485,0.83147424,0.60373664,0.8018683,0.64220786,0.82110393,0.68496436,0.8424822,0.7389969,0.8694985,0.6976079,0.84880394,0.7866586,0.89332926,0.7871289,0.89356446,0.7901306,0.8950653
6021,0.7055534,0.8527767,0.6469951,0.82349753,0.6329513,0.81647563,0.63577574,0.8178879,0.65717745,0.8285887,0.74018687,0.87009346,0.67043203,0.83521605,0.7141843,0.85709214,0.71347725,0.8567386,0.7217171,0.86085856
6026,0.5576888,0.77884436,0.58107877,0.7905394,0.4766139,0.73830694,0.5588176,0.7794088,0.58637226,0.7931861,0.63611513,0.81805754,0.6287625,0.81438124,0.6619803,0.83099014,0.626742,0.813371,0.6653334,0.8326667
9479,0.7070753,0.8535377,0.6521745,0.82608724,0.5819202,0.7909601,0.610945,0.8054725,0.7200086,0.8600043,0.7831667,0.8915833,0.7284945,0.86424726,0.77107847,0.88553923,0.7366729,0.86833644,0.7715646,0.8857823
16980,0.72754604,0.863773,0.7303602,0.86518013,0.6881856,0.8440928,0.716557,0.8582785,0.71979976,0.8598999,0.738958,0.869479,0.6891761,0.84458804,0.76581013,0.88290507,0.7925534,0.8962767,0.76517797,0.882589
17014,0.33030656,0.66515326,0.44120848,0.72060424,0.34408388,0.67204195,0.3868611,0.69343054,0.3961029,0.69805145,0.3071748,0.6535874,0.42291647,0.7114582,0.3881216,0.6940608,0.4829812,0.7414906,0.41736728,0.7086836
18230,0.6670707,0.8335353,0.65870243,0.8293512,0.59614486,0.79807246,0.6356144,0.8178072,0.6752855,0.8376428,0.6849457,0.84247285,0.69110143,0.8455507,0.7085914,0.85429573,0.71350276,0.8567514,0.7140103,0.8570051
18348,0.6576724,0.8288362,0.67896795,0.839484,0.590476,0.795238,0.60234344,0.8011717,0.71119297,0.8555965,0.8216378,0.91081893,0.7741164,0.8870582,0.8104601,0.90523005,0.8028083,0.90140414,0.8615198,0.9307599
26715,0.6846669,0.84233344,0.7522061,0.87610304,0.634673,0.8173365,0.66477656,0.8323883,0.75672424,0.8783621,0.69745505,0.8487275,0.785074,0.892537,0.76570034,0.88285017,0.7820498,0.8910249,0.7468885,0.87344426
26747,0.78124857,0.8906243,0.71404195,0.857021,0.66436696,0.8321835,0.6886618,0.8443309,0.763574,0.881787,0.80881834,0.90440917,0.7226275,0.86131376,0.80578005,0.90289,0.73082864,0.8654143,0.7793957,0.88969785
29788,0.64110446,0.82055223,0.6413988,0.8206994,0.561967,0.7809835,0.58768296,0.7938415,0.6747263,0.8373631,0.77950895,0.8897545,0.7426674,0.8713337,0.7103548,0.8551774,0.75847036,0.87923515,0.81234694,0.90617347
29835,0.73311657,0.8665583,0.73436177,0.8671809,0.64959407,0.82479703,0.6632921,0.8316461,0.7366529,0.8683264,0.81805706,0.90902853,0.7797886,0.8898943,0.8196238,0.9098119,0.82073617,0.9103681,0.83889973,0.91944987
30606,0.5336656,0.7668328,0.4684381,0.7342191,0.48011866,0.7400593,0.49874556,0.7493728,0.5286701,0.76433504,0.62397695,0.8119885,0.5132463,0.75662315,0.54779327,0.77389663,0.6097113,0.80485564,0.5872041,0.79360205
30845,0.74358904,0.8717945,0.72172844,0.8608642,0.6614878,0.8307439,0.7063494,0.8531747,0.75580454,0.87790227,0.85131806,0.92565906,0.7517066,0.8758533,0.85191023,0.9259551,0.83215743,0.9160787,0.84641325,0.9232066
32072,0.7468312,0.8734156,0.68471366,0.8423568,0.66309404,0.831547,0.66401815,0.8320091,0.73411655,0.8670583,0.8251187,0.9125594,0.7186003,0.85930014,0.8332142,0.91660714,0.7541518,0.8770759,0.8016485,0.90082425
46443,0.7682653,0.8841326,0.76043546,0.88021773,0.73237544,0.8661877,0.68211323,0.8410566,0.817249,0.90862453,0.8548,0.9274,0.7721726,0.8860863,0.8831263,0.9415631,0.83035576,0.9151779,0.88661456,0.9433073
46506,0.49120212,0.74560106,0.52192676,0.7609634,0.48970294,0.74485147,0.4528508,0.7264254,0.52481455,0.7624073,0.5747179,0.78735894,0.5051223,0.75256115,0.624472,0.812236,0.67148983,0.8357449,0.62301606,0.81150806
50300,0.70679307,0.85339653,0.71423185,0.8571159,0.70375365,0.85187685,0.61633307,0.8081665,0.7777842,0.8888921,0.78528595,0.892643,0.7250997,0.86254984,0.7939495,0.89697474,0.7833525,0.89167625,0.81875104,0.90937555
51419,0.6352047,0.81760234,0.6719612,0.8359806,0.62214375,0.8110719,0.62031925,0.8101596,0.6385025,0.81925124,0.6553168,0.8276584,0.6440368,0.8220184,0.7296219,0.86481094,0.7190606,0.8595303,0.6877844,0.8438922
53971,0.58196926,0.79098463,0.58026445,0.7901322,0.5392009,0.76960045,0.5207495,0.7603748,0.6450509,0.82252544,0.71707666,0.8585383,0.73734814,0.86867404,0.7002397,0.8501198,0.7136723,0.85683614,0.7424895,0.8712448
53972,0.6484161,0.824208,0.65375197,0.826876,0.5881226,0.7940613,0.5782619,0.7891309,0.69432926,0.84716463,0.73721313,0.86860657,0.73283273,0.86641634,0.7180773,0.85903865,0.741414,0.87070704,0.7515284,0.8757642
53973,0.6714425,0.83572125,0.64923334,0.8246167,0.6040168,0.8020084,0.6389295,0.81946474,0.70409274,0.8520464,0.79653525,0.8982676,0.7504319,0.87521595,0.8031039,0.90155196,0.7808334,0.89041674,0.82711774,0.91355884
53974,0.6426817,0.82134086,0.59441656,0.7972083,0.577004,0.788502,0.61183214,0.8059161,0.6840873,0.84204364,0.75670576,0.8783529,0.75811714,0.8790586,0.72792864,0.8639643,0.73368615,0.8668431,0.7953541,0.89767706
53975,0.6867342,0.8433671,0.6588656,0.8294328,0.6549721,0.82748604,0.62584555,0.8129228,0.7129363,0.85646814,0.81540966,0.90770483,0.72149086,0.86074543,0.7494346,0.8747173,0.797186,0.898593,0.79787123,0.8989356
53976,0.60404074,0.8020204,0.5597187,0.77985936,0.5348595,0.7674297,0.5263906,0.7631953,0.6162425,0.80812126,0.7086107,0.8543054,0.6914839,0.845742,0.65046644,0.8252332,0.68569696,0.8428485,0.68295836,0.8414792
53977,0.7451848,0.8725924,0.65430015,0.8271501,0.6297524,0.8148762,0.62045574,0.8102279,0.7421632,0.8710816,0.8218451,0.9109225,0.75236917,0.8761846,0.7770738,0.88853693,0.7725357,0.88626784,0.80354625,0.9017731
53978,0.6822355,0.84111774,0.6323273,0.81616366,0.59133047,0.79566526,0.58731437,0.7936572,0.7142905,0.85714525,0.8184963,0.9092481,0.7155745,0.85778725,0.77009696,0.8850485,0.74378645,0.8718932,0.8190315,0.90951574
53979,0.7447362,0.8723681,0.6875431,0.8437716,0.6467296,0.8233648,0.6283478,0.81417394,0.75366884,0.8768344,0.84612095,0.9230605,0.75829583,0.8791479,0.7990333,0.89951664,0.77302516,0.8865126,0.8023528,0.9011764
53981,0.6718528,0.8359264,0.648051,0.8240255,0.5911175,0.79555875,0.605148,0.80257404,0.7161156,0.8580578,0.79601765,0.8980088,0.7741664,0.8870832,0.7674459,0.88372296,0.75238025,0.8761901,0.797256,0.898628
54796,0.60061586,0.8003079,0.62850237,0.8142512,0.50952643,0.75476325,0.6004065,0.80020326,0.56527156,0.7826358,0.59076685,0.79538345,0.6189572,0.80947864,0.6812339,0.84061694,0.67030656,0.8351533,0.6257752,0.8128876
54797,0.7289995,0.86449975,0.7009219,0.85046095,0.6781684,0.8390842,0.63414943,0.8170747,0.77174693,0.88587344,0.8666072,0.9333036,0.7602143,0.88010716,0.83258426,0.91629213,0.7602515,0.88012576,0.8478621,0.92393106
54798,0.6482831,0.82414156,0.67871463,0.8393573,0.61369944,0.8068497,0.62062275,0.8103114,0.67473114,0.83736557,0.71016234,0.8550812,0.6642971,0.83214855,0.7174451,0.85872257,0.77761436,0.8888072,0.7083198,0.8541599
54799,0.64737487,0.82368743,0.645722,0.82286096,0.5503674,0.7751837,0.5900527,0.79502636,0.6735897,0.83679485,0.7721767,0.8860884,0.7754384,0.8877192,0.7514942,0.8757471,0.8026869,0.90134346,0.8422997,0.92114985
54800,0.6454432,0.8227216,0.63741636,0.8187082,0.5942935,0.79714674,0.58294046,0.7914702,0.6503301,0.82516503,0.70497406,0.852487,0.7372968,0.8686484,0.74159145,0.8707957,0.7240597,0.86202985,0.75535357,0.8776768
56453,0.7096877,0.85484385,0.70553565,0.8527678,0.68222123,0.8411106,0.6289896,0.8144948,0.7567697,0.8783848,0.7534037,0.87670183,0.79979676,0.8998984,0.7648076,0.8824038,0.7895516,0.8947758,0.79713655,0.8985683
56528,0.6152651,0.80763257,0.57644385,0.78822196,0.48756734,0.74378365,0.57767165,0.7888358,0.6399722,0.8199861,0.7094074,0.85470366,0.6686572,0.8343286,0.6656488,0.8328244,0.68583083,0.8429154,0.6920277,0.84601384
56542,0.6666273,0.83331364,0.645826,0.822913,0.5896151,0.79480755,0.65178144,0.8258907,0.6775167,0.83875835,0.7500427,0.87502134,0.7021314,0.8510657,0.779084,0.889542,0.74022967,0.8701148,0.7877046,0.8938523
56543,0.69662184,0.84831095,0.63829464,0.81914735,0.58751273,0.79375637,0.5640751,0.78203756,0.69257325,0.84628665,0.73469114,0.8673456,0.7284767,0.8642384,0.72842824,0.8642141,0.72067237,0.8603362,0.7374326,0.8687163
56544,0.64601475,0.82300735,0.65605384,0.8280269,0.5994595,0.79972976,0.6355362,0.8177681,0.668609,0.8343045,0.74021864,0.8701093,0.7092791,0.85463953,0.7622534,0.8811267,0.7448009,0.87240046,0.7793189,0.88965946
56545,0.5645084,0.7822542,0.6007748,0.8003874,0.49416673,0.74708337,0.54508555,0.7725428,0.53545237,0.7677262,0.5048819,0.7524409,0.5186564,0.7593282,0.6217162,0.81085813,0.5888735,0.79443675,0.5327428,0.76637137
56618,0.56584954,0.7829248,0.6273477,0.81367385,0.5194319,0.7597159,0.5706628,0.78533137,0.5854627,0.79273134,0.6227458,0.8113729,0.6641923,0.83209616,0.6926558,0.8463279,0.72591805,0.862959,0.6929919,0.846496
56619,0.6325581,0.81627905,0.643241,0.82162046,0.5443752,0.7721876,0.5985739,0.79928696,0.6581498,0.82907486,0.7304114,0.8652057,0.72432846,0.86216426,0.72913814,0.86456907,0.72894037,0.8644702,0.76624995,0.88312495
56629,0.7292865,0.8646432,0.71609724,0.8580486,0.62789905,0.8139495,0.6719371,0.83596855,0.73933864,0.8696693,0.82673156,0.9133658,0.77353394,0.88676697,0.8439697,0.92198485,0.79134023,0.8956701,0.8253685,0.91268426
56630,0.68259156,0.8412958,0.65234077,0.8261704,0.58695996,0.79348,0.606939,0.80346954,0.6992024,0.8496012,0.8165976,0.9082988,0.7672411,0.88362056,0.80563647,0.9028182,0.7936553,0.89682764,0.8554995,0.92774975
56631,0.5749892,0.7874946,0.6140669,0.8070334,0.5544511,0.77722555,0.5773394,0.7886697,0.6112678,0.8056339,0.69230163,0.8461508,0.6670793,0.83353966,0.7037948,0.85189736,0.74200296,0.8710015,0.77323437,0.8866172
56632,0.67011535,0.8350577,0.6822243,0.84111214,0.60767543,0.8038377,0.64261204,0.821306,0.68921155,0.8446058,0.7815995,0.89079976,0.77453995,0.88727,0.79218495,0.8960925,0.7808476,0.8904238,0.83814824,0.9190741
56633,0.6019546,0.8009773,0.56475824,0.78237915,0.5626707,0.78133535,0.53188944,0.7659447,0.5901803,0.79509014,0.7091832,0.8545916,0.694139,0.8470695,0.69200885,0.8460044,0.69224733,0.8461237,0.741899,0.8709495
56634,0.5737204,0.7868602,0.5787635,0.78938174,0.5019906,0.7509953,0.531,0.7655,0.63079274,0.81539637,0.72176975,0.8608849,0.7099137,0.85495687,0.72110546,0.8605527,0.7509044,0.87545216,0.7594204,0.8797102
56635,0.63306284,0.8165314,0.6814604,0.8407302,0.59356284,0.7967814,0.59120154,0.7956008,0.6768354,0.8384177,0.7616788,0.8808394,0.77736473,0.88868237,0.7850183,0.89250916,0.76062304,0.8803115,0.82841086,0.91420543
56637,0.6136271,0.80681354,0.6019036,0.80095184,0.52102655,0.7605133,0.606838,0.803419,0.62944144,0.81472075,0.70319057,0.8515953,0.6839215,0.8419608,0.7027525,0.85137624,0.6732368,0.8366184,0.7103221,0.8551611
56638,0.7122731,0.85613656,0.7373354,0.8686677,0.6702393,0.83511966,0.66216475,0.83108234,0.75088906,0.87544453,0.7210487,0.86052436,0.7618017,0.88090086,0.75861156,0.8793058,0.75198495,0.8759925,0.7638205,0.88191026
56639,0.60651326,0.80325663,0.59174716,0.7958736,0.57134473,0.78567237,0.56325734,0.78162867,0.6529663,0.82648313,0.7391887,0.86959434,0.7270776,0.8635388,0.7304343,0.86521715,0.7280004,0.8640002,0.78095067,0.89047533
56641,0.6352315,0.81761575,0.6013745,0.80068725,0.57026964,0.7851348,0.5862038,0.7931019,0.680932,0.840466,0.78033066,0.8901653,0.7657982,0.8828991,0.715693,0.8578465,0.76672643,0.88336325,0.8121582,0.9060791
56642,0.654872,0.827436,0.62843597,0.814218,0.55853844,0.7792692,0.57461476,0.7873074,0.6510746,0.8255373,0.7359136,0.86795676,0.73800945,0.8690047,0.7140611,0.8570305,0.7543194,0.8771597,0.76649225,0.8832461
56643,0.73751175,0.8687559,0.70166135,0.8508307,0.68853676,0.8442684,0.6723233,0.8361616,0.705974,0.852987,0.73200166,0.86600083,0.6261405,0.81307024,0.7701375,0.8850688,0.7318605,0.86593026,0.72516954,0.86258477
56644,0.44298267,0.72149134,0.4952899,0.74764496,0.38257113,0.69128555,0.4819417,0.74097085,0.50583875,0.7529194,0.5087985,0.75439924,0.5926131,0.79630655,0.53500366,0.76750183,0.62277955,0.8113898,0.57613015,0.7880651
56645,0.64009607,0.82004803,0.63311386,0.81655693,0.5792009,0.7896005,0.6128975,0.80644876,0.65557516,0.8277876,0.7039052,0.8519526,0.70684934,0.85342467,0.75812995,0.879065,0.7268412,0.8634206,0.7484325,0.87421626
56646,0.5339237,0.7669618,0.54091704,0.7704585,0.45263612,0.72631806,0.526689,0.7633445,0.52996314,0.76498157,0.58766353,0.79383177,0.5988329,0.7994164,0.59823215,0.7991161,0.62968564,0.8148428,0.6181518,0.8090759
56647,0.71222377,0.8561119,0.7331303,0.8665651,0.6636673,0.83183366,0.69181526,0.8459076,0.7578398,0.8789199,0.7780892,0.88904464,0.78444576,0.8922229,0.8143307,0.90716535,0.78935814,0.89467907,0.8309123,0.9154562
56648,0.6867809,0.84339046,0.6458968,0.8229484,0.6125536,0.8062768,0.6318798,0.8159399,0.66882205,0.834411,0.7176392,0.8588196,0.67000985,0.8350049,0.7567271,0.87836355,0.72359025,0.8617951,0.7110518,0.8555259
56649,0.35383713,0.67691857,0.41130292,0.70565146,0.33104932,0.66552466,0.30232942,0.6511647,0.4102895,0.70514476,0.4135785,0.70678926,0.42742717,0.7137136,0.36334613,0.68167305,0.410406,0.705203,0.39522767,0.69761384
56650,0.71777606,0.85888803,0.6692418,0.8346209,0.63052046,0.81526023,0.5955904,0.7977952,0.7831201,0.8915601,0.83523273,0.91761637,0.8150677,0.9075339,0.7836971,0.89184856,0.77064526,0.88532263,0.8442297,0.92211485
56651,0.5613946,0.7806973,0.5595899,0.77979493,0.49785396,0.748927,0.5048004,0.75240016,0.6233969,0.81169844,0.69684285,0.84842145,0.6993804,0.8496902,0.6534784,0.8267392,0.6736344,0.8368172,0.71108985,0.8555449
56652,0.73907393,0.869537,0.7186663,0.85933316,0.65545315,0.8277266,0.6737168,0.8368584,0.74266183,0.8713309,0.7951913,0.89759564,0.7566377,0.87831885,0.8152782,0.9076391,0.80151284,0.9007564,0.8101211,0.9050605
56653,0.513982,0.756991,0.5444486,0.7722243,0.483351,0.7416755,0.4916823,0.74584115,0.52207446,0.76103723,0.5832069,0.79160345,0.60604286,0.80302143,0.61620945,0.80810475,0.6424713,0.82123566,0.6137298,0.80686486
56654,0.7265562,0.8632781,0.71341205,0.856706,0.6470979,0.8235489,0.6525404,0.8262702,0.78542745,0.8927137,0.8343096,0.9171548,0.8249449,0.9124725,0.81422395,0.907112,0.81394935,0.9069747,0.8741037,0.9370519
56656,0.6081516,0.80407584,0.60723644,0.8036182,0.57415664,0.7870783,0.5502299,0.77511495,0.6492393,0.82461965,0.7117132,0.8558566,0.6926321,0.84631604,0.6795566,0.8397783,0.7158338,0.8579169,0.71899235,0.8594962
56657,0.5230078,0.76150393,0.46274215,0.73137105,0.42161334,0.71080667,0.4381462,0.7190731,0.558573,0.7792865,0.7303659,0.86518294,0.6960697,0.84803486,0.6028055,0.80140275,0.64179385,0.8208969,0.7353641,0.86768204
56661,0.727893,0.8639465,0.6942375,0.84711874,0.61057913,0.80528957,0.6244905,0.81224525,0.7293255,0.86466277,0.8062186,0.9031093,0.71788955,0.8589448,0.7736306,0.8868153,0.77208614,0.8860431,0.80190766,0.9009538
56662,0.62940973,0.8147049,0.6687626,0.83438134,0.5594835,0.77974176,0.62143123,0.8107156,0.6333163,0.81665814,0.69050014,0.84525007,0.67788315,0.8389416,0.7704334,0.8852167,0.77566224,0.8878311,0.74212945,0.8710647
56725,0.68909967,0.84454983,0.6620052,0.8310026,0.6090474,0.8045237,0.6379491,0.81897455,0.71150506,0.8557525,0.8059853,0.9029926,0.7583691,0.87918454,0.80511075,0.90255535,0.7453675,0.87268376,0.8270905,0.91354525
56795,0.5695114,0.7847557,0.62801856,0.8140093,0.536006,0.768003,0.58495337,0.79247665,0.62498254,0.8124913,0.65806854,0.82903427,0.721522,0.860761,0.735866,0.86793303,0.71469784,0.8573489,0.7345207,0.86726034
56796,0.61329234,0.80664617,0.599398,0.799699,0.5585402,0.7792701,0.57292926,0.78646463,0.6656881,0.832844,0.7479651,0.87398255,0.70287895,0.8514395,0.76837087,0.88418543,0.7211796,0.8605898,0.7565186,0.8782593
56797,0.6031764,0.8015882,0.6188122,0.8094061,0.5335234,0.76676166,0.5569128,0.7784564,0.61235404,0.806177,0.6652914,0.8326457,0.66013134,0.83006567,0.70328057,0.8516403,0.69532853,0.84766424,0.6855419,0.84277093
56798,0.58316094,0.79158044,0.6216613,0.81083065,0.54449815,0.7722491,0.567894,0.783947,0.6313555,0.81567776,0.67499495,0.8374975,0.71357834,0.8567892,0.7037921,0.85189605,0.71291614,0.85645807,0.7303146,0.8651573
56799,0.61121464,0.8056073,0.59451103,0.7972555,0.523462,0.761731,0.5487678,0.7743839,0.650143,0.8250715,0.72243273,0.86121637,0.7450466,0.8725233,0.70706415,0.8535321,0.7156371,0.85781854,0.77449805,0.887249
56800,0.6129239,0.80646193,0.59729046,0.79864526,0.5286742,0.76433706,0.5920572,0.7960286,0.55682194,0.778411,0.60887575,0.8044379,0.52493894,0.7624695,0.6443447,0.82217234,0.6250724,0.81253624,0.6070409,0.80352044
56801,0.661481,0.8307405,0.64163685,0.8208184,0.6322824,0.8161412,0.5846441,0.79232204,0.6902042,0.8451021,0.7841659,0.8920829,0.711976,0.855988,0.74700177,0.8735009,0.73072743,0.8653637,0.7808039,0.89040196
56802,0.5353167,0.76765835,0.5693405,0.78467023,0.48663825,0.74331915,0.4958927,0.7479464,0.5796962,0.7898481,0.6755352,0.8377676,0.73117334,0.86558664,0.6552918,0.8276459,0.71139264,0.8556963,0.733238,0.866619
56803,0.6864971,0.84324855,0.64698297,0.82349145,0.620385,0.81019247,0.64166623,0.8208331,0.6826886,0.8413443,0.7814863,0.89074314,0.7591337,0.87956685,0.7686465,0.88432324,0.76453245,0.8822662,0.8282374,0.9141187
56804,0.7195831,0.8597915,0.6942016,0.8471008,0.6226547,0.81132734,0.66555953,0.83277977,0.7140709,0.85703546,0.75831777,0.87915885,0.696999,0.84849954,0.8042563,0.90212816,0.7617129,0.88085645,0.76122844,0.8806142
56805,0.6203733,0.8101866,0.6076565,0.80382824,0.570346,0.785173,0.61129594,0.80564797,0.58288944,0.7914447,0.66332054,0.8316603,0.5843773,0.79218864,0.70443165,0.8522158,0.71835625,0.8591781,0.69625187,0.84812593
56807,0.6749715,0.8374858,0.6758094,0.8379047,0.5872088,0.7936044,0.6089784,0.8044892,0.70463574,0.85231787,0.74740213,0.8737011,0.7667475,0.88337374,0.7566815,0.8783407,0.7789482,0.8894741,0.78926474,0.89463234
56809,0.68180025,0.8409001,0.7007811,0.85039055,0.64899397,0.824497,0.66898656,0.8344933,0.6853251,0.8426626,0.73582774,0.86791384,0.74150324,0.8707516,0.8111991,0.9055996,0.79191417,0.8959571,0.7844321,0.8922161
56859,0.5643892,0.7821946,0.5626317,0.78131586,0.46521664,0.7326083,0.5597122,0.7798561,0.5729696,0.78648484,0.63834465,0.8191723,0.6261486,0.8130743,0.638736,0.819368,0.684699,0.8423495,0.6679466,0.8339733
56860,0.6809526,0.8404763,0.6813219,0.8406609,0.6366024,0.8183012,0.69181335,0.8459067,0.7197391,0.85986954,0.76540136,0.8827007,0.746059,0.8730295,0.7997763,0.89988816,0.7755786,0.8877893,0.8287178,0.9143589
56861,0.58345985,0.7917299,0.56119525,0.7805976,0.5344881,0.76724404,0.6043053,0.80215263,0.6009147,0.80045736,0.6650358,0.83251786,0.6691521,0.834576,0.6915109,0.84575546,0.69936204,0.849681,0.7055149,0.85275745
56862,0.6799613,0.83998066,0.6418761,0.82093805,0.53339344,0.7666967,0.58806765,0.7940338,0.6333126,0.8166563,0.7134825,0.85674125,0.657876,0.828938,0.7294102,0.8647051,0.72557604,0.862788,0.72973347,0.86486673
57384,0.74474823,0.8723741,0.6953156,0.8476578,0.65768546,0.82884276,0.6416602,0.8208301,0.74064755,0.8703238,0.8495554,0.9247777,0.7737097,0.8868549,0.8120303,0.90601516,0.7380935,0.86904675,0.8179382,0.9089691
57400,0.80155957,0.9007798,0.72586787,0.86293393,0.66727364,0.8336368,0.6464379,0.82321894,0.7794119,0.88970596,0.83480376,0.9174019,0.7774379,0.88871896,0.8082187,0.90410936,0.7107494,0.8553747,0.80333686,0.9016684
62042,0.70570314,0.85285157,0.6564309,0.8282155,0.64191246,0.82095623,0.63958085,0.8197904,0.6626925,0.8313463,0.6818918,0.8409459,0.6198579,0.80992895,0.67902267,0.83951133,0.660227,0.83011353,0.64405143,0.8220257
63086,0.47357053,0.7367853,0.5196159,0.75980794,0.43308502,0.7165425,0.46895313,0.73447657,0.52771354,0.76385677,0.61772704,0.8088635,0.6385299,0.81926495,0.6189412,0.8094706,0.6498946,0.8249473,0.6558491,0.82792455
63087,0.67766905,0.8388345,0.6484097,0.82420486,0.62314606,0.811573,0.6521482,0.8260741,0.7058556,0.8529278,0.76895195,0.88447595,0.79205865,0.89602935,0.7352042,0.8676021,0.76771283,0.8838564,0.82759166,0.9137958
83710,0.64892155,0.82446074,0.63385534,0.8169277,0.5698514,0.7849257,0.63935864,0.8196793,0.63658255,0.8182913,0.7183114,0.8591557,0.64441746,0.82220876,0.738686,0.86934304,0.70915484,0.8545774,0.7377602,0.8688801
83711,0.5183306,0.7591653,0.5744992,0.78724957,0.5190245,0.75951225,0.48719636,0.74359816,0.4447203,0.72236013,0.40846133,0.70423067,0.39949346,0.6997467,0.5437815,0.77189076,0.51924455,0.7596223,0.44049543,0.72024775
86666,0.6103984,0.8051992,0.6922539,0.8461269,0.60209036,0.8010452,0.6417849,0.82089245,0.6546789,0.8273394,0.71459115,0.8572956,0.7601851,0.88009256,0.8157259,0.90786296,0.79717505,0.8985875,0.78822184,0.8941109
87779,0.41218305,0.7060915,0.45307028,0.72653514,0.35317245,0.6765862,0.4392476,0.7196238,0.39803034,0.69901514,0.38417274,0.69208634,0.43043208,0.71521604,0.41357565,0.7067878,0.43314022,0.71657014,0.39347786,0.69673896
97622,0.7093456,0.8546728,0.7396165,0.86980826,0.69939816,0.8496991,0.63627416,0.81813705,0.76251197,0.881256,0.7994088,0.8997044,0.7354045,0.86770225,0.8358762,0.9179381,0.7745443,0.8872721,0.78993124,0.89496565
98134,0.6369847,0.81849235,0.63674235,0.8183712,0.6069611,0.8034805,0.5306929,0.7653464,0.6748045,0.8374022,0.7644628,0.8822314,0.7436373,0.87181866,0.715523,0.8577615,0.7409209,0.87046045,0.7859871,0.89299357
98135,0.6902156,0.8451078,0.685357,0.8426785,0.6613221,0.83066106,0.6372245,0.8186122,0.74418354,0.87209177,0.82630485,0.91315246,0.7635152,0.8817576,0.85038465,0.92519236,0.7781527,0.88907635,0.839421,0.9197105
98136,0.6036188,0.80180943,0.5523144,0.7761572,0.50665134,0.7533257,0.54873765,0.7743688,0.59940135,0.7997007,0.7079637,0.85398185,0.59302163,0.7965108,0.6680579,0.83402896,0.6630837,0.83154184,0.67448664,0.8372433
98137,0.61974394,0.809872,0.6388967,0.81944835,0.5777803,0.7888901,0.62060034,0.8103002,0.65731394,0.828657,0.7418045,0.87090224,0.7083538,0.8541769,0.74802035,0.8740102,0.7372527,0.86862636,0.7759058,0.8879529
98138,0.6696,0.8348,0.614669,0.80733454,0.5952686,0.7976343,0.6013326,0.80066633,0.6985837,0.84929186,0.8301803,0.91509014,0.7584216,0.8792108,0.7311914,0.8655957,0.7772429,0.88862145,0.8473582,0.9236791
98171,0.6740557,0.83702785,0.6588776,0.8294388,0.59546924,0.7977346,0.61106527,0.80553263,0.7219528,0.8609764,0.78274554,0.8913728,0.7701504,0.8850752,0.75890785,0.8794539,0.751534,0.875767,0.8135031,0.9067515
98172,0.5584036,0.7792018,0.60723627,0.80361813,0.51336884,0.7566844,0.5334298,0.76671493,0.64747536,0.8237377,0.6923406,0.8461703,0.72999513,0.86499757,0.69119215,0.8455961,0.68026763,0.8401338,0.7175751,0.85878754
98173,0.709553,0.8547765,0.7145188,0.8572594,0.63484055,0.81742024,0.691599,0.8457995,0.7238909,0.86194545,0.75822204,0.87911105,0.7107643,0.85538214,0.77306324,0.8865316,0.78888166,0.8944408,0.7922394,0.8961197
98245,0.58681786,0.79340893,0.57571757,0.7878588,0.55737114,0.77868557,0.5541147,0.77705735,0.60764515,0.8038226,0.69232833,0.84616417,0.64959013,0.82479507,0.6779711,0.83898556,0.7098603,0.85493016,0.7031094,0.8515547
98250,0.6132446,0.80662227,0.68703735,0.8435187,0.6104465,0.8052232,0.6203108,0.8101554,0.57935846,0.7896792,0.5518695,0.77593476,0.54601747,0.7730087,0.6390389,0.81951946,0.5925576,0.79627883,0.5381123,0.76905614
98251,0.5955086,0.7977543,0.556757,0.7783785,0.501564,0.750782,0.5069919,0.75349593,0.59564865,0.7978243,0.6381286,0.81906426,0.5809874,0.7904937,0.5999932,0.7999966,0.6495414,0.8247707,0.6019305,0.80096525
98252,0.4168093,0.70840466,0.3980655,0.6990328,0.32874843,0.66437423,0.5962231,0.79811156,0.41284007,0.70642006,0.39256978,0.6962849,0.39635414,0.6981771,0.41764033,0.70882016,0.46837354,0.73418677,0.40776664,0.7038833
98253,0.6838428,0.8419214,0.6584776,0.8292388,0.613062,0.806531,0.6367686,0.8183843,0.6394613,0.81973064,0.6586917,0.8293458,0.6166327,0.80831635,0.661651,0.8308255,0.6958251,0.84791255,0.6785991,0.83929956
98254,0.663079,0.8315395,0.6453381,0.822669,0.59037167,0.7951858,0.64318293,0.8215915,0.68754065,0.8437703,0.7998426,0.8999213,0.71448404,0.857242,0.7877259,0.89386296,0.77549815,0.8877491,0.79460526,0.8973026
98255,0.70917106,0.8545855,0.6641009,0.83205044,0.6343987,0.81719935,0.67888767,0.8394438,0.72378314,0.86189157,0.8164165,0.90820825,0.7278373,0.86391866,0.78705454,0.89352727,0.77010894,0.88505447,0.8241277,0.91206384
98256,0.6404036,0.8202018,0.6099384,0.8049692,0.56904763,0.78452384,0.6581881,0.82909405,0.6333506,0.8166753,0.72012764,0.8600638,0.63612807,0.81806403,0.6855527,0.84277636,0.71932673,0.85966337,0.72173786,0.86086893
98257,0.7101978,0.8550989,0.7271348,0.8635674,0.6835624,0.8417812,0.75426614,0.8771331,0.6804851,0.84024256,0.66734433,0.83367217,0.63195467,0.81597733,0.76820374,0.88410187,0.75659776,0.8782989,0.72573423,0.8628671
98258,0.54963315,0.7748166,0.588997,0.7944985,0.5044888,0.7522444,0.5273463,0.7636732,0.5375447,0.76877236,0.60602415,0.8030121,0.616078,0.808039,0.56348383,0.7817419,0.6478091,0.8239045,0.64995635,0.8249782
98259,0.7324953,0.86624765,0.71143097,0.8557155,0.67961967,0.83980983,0.70825374,0.8541269,0.7457758,0.8728879,0.7848141,0.89240706,0.76523817,0.8826191,0.78863025,0.8943151,0.8210445,0.9105222,0.84069824,0.9203491
98260,0.6173029,0.80865145,0.59976315,0.7998816,0.59620935,0.79810464,0.65033877,0.8251694,0.6117641,0.80588204,0.69380736,0.8469037,0.61731875,0.8086594,0.74409544,0.8720477,0.6684575,0.83422875,0.6844639,0.842232
98261,0.6399659,0.81998295,0.5765185,0.78825927,0.58009535,0.79004765,0.6346714,0.8173357,0.6022836,0.8011418,0.6646917,0.83234584,0.621606,0.810803,0.6526401,0.82632005,0.68140244,0.8407012,0.6741695,0.8370848
98262,0.6346814,0.81734073,0.6253891,0.81269455,0.58341473,0.7917074,0.69557256,0.8477863,0.6267616,0.81338084,0.65706515,0.8285326,0.630199,0.8150995,0.6729932,0.8364966,0.7288168,0.8644084,0.6988352,0.84941757
98263,0.67468977,0.8373449,0.68573755,0.8428688,0.6643301,0.83216506,0.68275666,0.84137833,0.6852398,0.8426199,0.7245743,0.86228716,0.65574944,0.8278747,0.7476818,0.8738409,0.74405634,0.8720282,0.7530186,0.8765093
98264,0.7034206,0.8517103,0.682451,0.8412255,0.61406755,0.8070338,0.73067343,0.8653367,0.6650754,0.8325377,0.68412197,0.842061,0.6316216,0.8158108,0.7647296,0.8823648,0.7075614,0.8537807,0.699523,0.8497615
98265,0.6913543,0.84567714,0.6130519,0.80652595,0.6048906,0.8024453,0.5971414,0.7985707,0.6741955,0.83709776,0.82140005,0.9107,0.6651355,0.83256775,0.73238003,0.86619,0.7559353,0.87796766,0.76379013,0.88189507
98266,0.75787765,0.8789388,0.6592541,0.82962704,0.61976147,0.80988073,0.7048031,0.85240155,0.6651983,0.83259916,0.7546185,0.87730926,0.6479045,0.82395226,0.7460922,0.8730461,0.7283131,0.86415654,0.7248985,0.8624493
98267,0.64527327,0.8226366,0.6081104,0.8040552,0.60182685,0.80091345,0.6706002,0.8353001,0.63730675,0.81865335,0.62791216,0.8139561,0.5766347,0.7883173,0.67614526,0.83807266,0.723812,0.861906,0.66283774,0.8314189
98268,0.624835,0.8124175,0.64946735,0.8247337,0.62109053,0.81054527,0.62820745,0.8141037,0.5997696,0.7998848,0.6147971,0.80739856,0.5586817,0.77934086,0.6580861,0.82904303,0.6391448,0.8195724,0.62237537,0.8111877
98269,0.6453434,0.8226717,0.62988853,0.81494427,0.587223,0.7936115,0.62003016,0.8100151,0.65467227,0.82733613,0.68190527,0.84095263,0.62807274,0.81403637,0.69997,0.849985,0.7058728,0.8529364,0.6571232,0.8285616
98270,0.65977716,0.8298886,0.6417397,0.82086986,0.5523603,0.77618015,0.64888597,0.824443,0.6439662,0.8219831,0.7361554,0.8680777,0.6932721,0.84663606,0.7279306,0.8639653,0.76503235,0.88251615,0.7431247,0.87156236
98271,0.59985495,0.7999275,0.54799813,0.7739991,0.5037217,0.75186086,0.5516417,0.77582085,0.6048844,0.8024422,0.76969737,0.8848487,0.71924007,0.85962003,0.70920825,0.8546041,0.7566293,0.8783146,0.8153157,0.90765786
98272,0.6642214,0.8321107,0.6407645,0.82038224,0.6128884,0.80644417,0.5985836,0.7992918,0.7056048,0.8528024,0.8510143,0.9255072,0.7407551,0.87037754,0.8198961,0.90994805,0.7685269,0.88426346,0.8584087,0.92920434
98273,0.6646564,0.8323282,0.68085,0.840425,0.60901237,0.8045062,0.6576698,0.8288349,0.6348811,0.8174405,0.70365846,0.85182923,0.66663945,0.8333197,0.78798574,0.8939929,0.7583978,0.8791989,0.77749467,0.88874733
98274,0.70480597,0.852403,0.65541494,0.82770747,0.60997164,0.8049858,0.6575221,0.82876104,0.6948345,0.84741724,0.8489504,0.9244752,0.7179064,0.85895324,0.7742852,0.8871426,0.75833416,0.8791671,0.7939045,0.8969523
98275,0.66530025,0.8326501,0.6769922,0.8384961,0.6331978,0.8165989,0.6846196,0.84230983,0.73356724,0.8667836,0.7550812,0.8775406,0.73726535,0.8686327,0.80113256,0.9005663,0.7649461,0.88247305,0.7908949,0.8954475
98276,0.6704496,0.8352248,0.67046547,0.83523273,0.5876636,0.7938318,0.6311159,0.81555796,0.7200274,0.8600137,0.77069855,0.8853493,0.74441546,0.87220776,0.7824527,0.89122635,0.7863983,0.89319915,0.8044726,0.90223634
98277,0.6493672,0.8246836,0.6238276,0.8119138,0.55181897,0.7759095,0.6224827,0.8112414,0.6522466,0.8261233,0.7924206,0.8962103,0.71476245,0.8573812,0.7766447,0.88832235,0.7828984,0.8914492,0.7930228,0.89651144
98278,0.7531668,0.8765834,0.70041746,0.85020876,0.68620574,0.8431029,0.71398824,0.85699415,0.7465143,0.87325716,0.86593103,0.9329655,0.76540303,0.8827015,0.835124,0.917562,0.7996489,0.89982444,0.8400389,0.92001945
98279,0.69167876,0.8458394,0.6555,0.82774997,0.6092367,0.80461836,0.68835413,0.84417707,0.681416,0.840708,0.77159286,0.8857964,0.6776729,0.83883643,0.76028836,0.8801442,0.7369443,0.86847216,0.7682565,0.8841282
98280,0.6727501,0.83637506,0.6659814,0.8329907,0.61018294,0.8050915,0.7035123,0.85175616,0.6538563,0.82692814,0.72706854,0.8635343,0.69363403,0.846817,0.7434399,0.87171996,0.7603152,0.8801576,0.7474721,0.873736
98281,0.64654666,0.8232733,0.59818435,0.7990922,0.57327497,0.7866375,0.66522235,0.8326112,0.641888,0.820944,0.74016726,0.87008363,0.7010756,0.8505378,0.7456093,0.87280464,0.75782317,0.8789116,0.7649418,0.8824709
98282,0.6827503,0.8413751,0.7131635,0.85658175,0.664029,0.8320145,0.72688365,0.8634418,0.65993214,0.82996607,0.6776332,0.83881664,0.67129165,0.8356458,0.7264444,0.86322224,0.71717834,0.8585892,0.7280668,0.8640334
98283,0.7708395,0.8854197,0.70360893,0.8518045,0.6578684,0.8289342,0.67160946,0.8358047,0.7646694,0.8823347,0.83419526,0.9170976,0.7866243,0.89331216,0.8128537,0.90642685,0.7818422,0.8909211,0.8429555,0.9214778
98284,0.53505105,0.76752555,0.5660481,0.7830241,0.50787574,0.75393784,0.54891294,0.7744565,0.587591,0.79379547,0.68572533,0.84286267,0.6868824,0.8434412,0.7233596,0.8616798,0.72105825,0.8605291,0.7429613,0.87148064
98285,0.5793547,0.7896774,0.57946384,0.7897319,0.5024935,0.75124675,0.5442772,0.7721386,0.6142944,0.8071472,0.7044879,0.85224396,0.68074,0.84037,0.67680943,0.8384047,0.71870023,0.8593501,0.7148291,0.85741454
98286,0.6706363,0.83531815,0.6883586,0.8441793,0.6570649,0.82853246,0.6068841,0.80344206,0.664462,0.832231,0.69646525,0.8482326,0.65324557,0.8266228,0.770477,0.8852385,0.72230697,0.8611535,0.69968784,0.8498439
98287,0.6319525,0.81597626,0.65493584,0.8274679,0.6111809,0.80559045,0.6084789,0.80423945,0.643404,0.821702,0.72952414,0.86476207,0.67243177,0.83621585,0.777806,0.888903,0.72402537,0.8620127,0.7348524,0.86742616
98288,0.52672637,0.7633632,0.5302999,0.76514995,0.4544079,0.72720397,0.5050677,0.75253385,0.5035765,0.75178826,0.52191377,0.7609569,0.50500035,0.7525002,0.6094839,0.804742,0.6029647,0.8014823,0.5634788,0.7817394
98289,0.6336579,0.81682897,0.6036246,0.8018123,0.5698823,0.78494114,0.6370487,0.81852436,0.6597234,0.8298617,0.7720947,0.88604736,0.6976391,0.84881955,0.7713487,0.88567436,0.76825774,0.88412887,0.78915715,0.8945786
98290,0.44990462,0.72495234,0.46840012,0.73420006,0.48665607,0.74332803,0.41658545,0.7082927,0.52669144,0.7633457,0.607161,0.8035805,0.6444081,0.82220405,0.5281163,0.7640581,0.6102751,0.8051375,0.6482342,0.82411706
98291,0.7235626,0.8617813,0.6922157,0.84610784,0.66514266,0.8325713,0.6382543,0.81912714,0.73592955,0.86796474,0.83819234,0.9190962,0.76141965,0.8807098,0.7958001,0.89790004,0.7965761,0.898288,0.8317939,0.91589695
98292,0.61749506,0.80874753,0.6409399,0.82047,0.5602981,0.78014904,0.6156082,0.8078041,0.6703354,0.8351677,0.7452714,0.8726357,0.72662205,0.86331105,0.7698493,0.88492465,0.7471081,0.87355405,0.7817591,0.8908795
98293,0.6416507,0.82082534,0.6258309,0.81291544,0.5599441,0.7799721,0.60951346,0.80475676,0.6517588,0.8258794,0.76692075,0.8834604,0.7082076,0.8541038,0.76035196,0.88017595,0.7659562,0.8829781,0.78286684,0.8914334
98294,0.6420069,0.82100344,0.56934536,0.7846727,0.57764846,0.7888242,0.6191902,0.8095951,0.64649177,0.8232459,0.6804708,0.8402354,0.58333474,0.79166734,0.69596267,0.84798133,0.67910457,0.8395523,0.6489459,0.82447296
98295,0.66003186,0.8300159,0.6405039,0.82025194,0.5895846,0.7947923,0.6028812,0.8014406,0.70565885,0.85282946,0.8380943,0.9190471,0.7991841,0.89959204,0.79254574,0.8962729,0.8082971,0.9041486,0.8638792,0.9319396
98296,0.7107638,0.8553819,0.6604183,0.83020914,0.62801987,0.8140099,0.62821704,0.8141085,0.6888038,0.8444019,0.7555589,0.8777795,0.6965601,0.8482801,0.7681282,0.8840641,0.7326512,0.8663256,0.7785352,0.88926756
98297,0.7049842,0.8524921,0.68979585,0.8448979,0.6281236,0.81406176,0.71111965,0.8555598,0.6832281,0.841614,0.7044934,0.8522467,0.67941344,0.8397067,0.76398695,0.8819935,0.75997245,0.8799862,0.76151764,0.8807588
98298,0.6921652,0.84608257,0.66816604,0.834083,0.5947299,0.79736495,0.6669415,0.83347076,0.6941879,0.84709394,0.78830737,0.8941537,0.73348397,0.866742,0.7790038,0.8895019,0.7657909,0.88289547,0.7977567,0.89887834
98299,0.66851366,0.8342568,0.67596805,0.837984,0.616619,0.8083095,0.6523303,0.82616514,0.69462454,0.8473123,0.7419981,0.87099904,0.6754812,0.8377406,0.7786791,0.88933957,0.6798614,0.8399307,0.7242757,0.86213785
98300,0.67782974,0.8389149,0.68748087,0.84374046,0.645555,0.8227775,0.64587384,0.8229369,0.740659,0.8703295,0.8061328,0.9030664,0.77026844,0.8851342,0.8362251,0.9181125,0.77095014,0.88547504,0.8320435,0.91602176
98301,0.5920274,0.7960137,0.5549676,0.7774838,0.53824204,0.76912105,0.50512856,0.7525643,0.65440536,0.8272027,0.78507066,0.8925353,0.7459183,0.87295914,0.70958,0.85479,0.73272794,0.866364,0.79720306,0.89860153
98302,0.7104072,0.8552036,0.68308187,0.84154093,0.614287,0.8071435,0.68926895,0.8446345,0.72848874,0.86424434,0.81559706,0.9077985,0.7521566,0.8760783,0.80310917,0.9015546,0.7867031,0.89335155,0.82466304,0.9123315
98303,0.71398747,0.85699373,0.6471583,0.8235792,0.6305857,0.81529284,0.6219406,0.8109703,0.72427875,0.86213934,0.86644363,0.9332218,0.766294,0.883147,0.782485,0.8912425,0.807248,0.903624,0.8681972,0.9340986
98304,0.7823806,0.8911903,0.76307994,0.88153994,0.68671477,0.8433574,0.667601,0.8338005,0.7521558,0.8760779,0.8580375,0.92901874,0.7756333,0.88781667,0.8472625,0.92363125,0.7990197,0.89950985,0.83210564,0.9160528
98305,0.7549046,0.8774523,0.7226608,0.8613304,0.6489264,0.8244632,0.67551017,0.8377551,0.75928795,0.879644,0.8314514,0.9157257,0.7609942,0.8804971,0.8202734,0.9101367,0.77309215,0.8865461,0.8177972,0.9088986
98306,0.67213494,0.83606744,0.67361796,0.836809,0.6142068,0.8071034,0.6425067,0.82125336,0.6586453,0.82932264,0.7324457,0.86622286,0.69179565,0.8458978,0.7604395,0.88021976,0.7447988,0.8723994,0.7606565,0.88032824
98307,0.690974,0.845487,0.6799264,0.8399632,0.6264211,0.81321055,0.62416434,0.8120822,0.7304169,0.86520845,0.8550785,0.9275392,0.7644146,0.8822073,0.83324176,0.91662085,0.7919655,0.89598274,0.83811456,0.91905725
98308,0.692508,0.846254,0.6699256,0.8349628,0.6025725,0.8012862,0.6390053,0.81950265,0.718678,0.859339,0.8132893,0.90664464,0.7987145,0.89935726,0.79226243,0.8961312,0.8071295,0.90356475,0.84472084,0.9223604
98309,0.6800224,0.84001124,0.64007485,0.8200374,0.5883503,0.79417515,0.60313857,0.8015693,0.69615805,0.848079,0.7897565,0.89487827,0.70938003,0.85469,0.8069067,0.90345335,0.784382,0.892191,0.791759,0.8958795
98310,0.7307718,0.8653859,0.65014356,0.8250718,0.66915023,0.8345751,0.6113915,0.8056958,0.7103969,0.85519844,0.7808643,0.8904321,0.6867361,0.84336805,0.7606647,0.88033235,0.6741352,0.8370676,0.74774104,0.8738705
98311,0.68707037,0.8435352,0.6963764,0.84818816,0.6048274,0.8024137,0.65389585,0.8269479,0.7118679,0.85593396,0.7488071,0.87440354,0.76016176,0.8800809,0.7400005,0.87000024,0.7853156,0.89265776,0.8159448,0.9079724
98312,0.7108681,0.85543406,0.72845495,0.8642275,0.6459203,0.82296014,0.6835016,0.8417508,0.7736248,0.8868124,0.79623294,0.89811647,0.8132566,0.9066283,0.82732415,0.9136621,0.77809113,0.8890456,0.84118307,0.92059153
98313,0.6660075,0.83300376,0.7012387,0.8506193,0.6456399,0.82281995,0.66135204,0.830676,0.7029631,0.85148156,0.7995858,0.8997929,0.69977593,0.84988797,0.82108366,0.91054183,0.79186404,0.895932,0.8150922,0.9075461
98314,0.747916,0.873958,0.7201359,0.86006796,0.66989756,0.8349488,0.7154628,0.8577314,0.76619303,0.8830965,0.8307909,0.91539544,0.7277399,0.8638699,0.8265201,0.91326004,0.7809454,0.8904727,0.80501723,0.9025086
98315,0.65845644,0.8292282,0.7030927,0.85154635,0.64067537,0.82033765,0.6645986,0.8322993,0.6949065,0.84745324,0.77400535,0.8870027,0.7203712,0.8601856,0.7647406,0.8823703,0.7950828,0.8975414,0.77355427,0.88677716
98316,0.81092525,0.9054626,0.75323087,0.8766154,0.72301567,0.86150783,0.67974085,0.83987045,0.80267614,0.9013381,0.8667827,0.93339133,0.7685405,0.88427025,0.8502249,0.9251125,0.7899444,0.8949722,0.8420999,0.92104995
98317,0.6600133,0.83000666,0.67064464,0.8353223,0.6015221,0.80076104,0.60675156,0.8033758,0.73706514,0.86853254,0.81406844,0.9070342,0.80605924,0.9030296,0.77610123,0.8880506,0.7790891,0.88954455,0.83768666,0.9188433
98318,0.7452867,0.87264335,0.69753474,0.8487674,0.672335,0.8361675,0.7075219,0.85376096,0.7431716,0.8715858,0.8235247,0.91176236,0.748533,0.8742665,0.80734456,0.9036723,0.7922753,0.89613765,0.8370166,0.9185083
98319,0.65504575,0.8275229,0.640181,0.82009053,0.60572326,0.80286163,0.68612546,0.84306276,0.6382252,0.8191126,0.74914455,0.8745723,0.67165184,0.8358259,0.7488924,0.8744462,0.761718,0.880859,0.7519343,0.87596714
98320,0.69085026,0.8454251,0.6594118,0.8297059,0.65895116,0.8294756,0.6253669,0.81268346,0.719864,0.859932,0.8398553,0.91992766,0.7151857,0.8575928,0.8129334,0.9064667,0.76383305,0.8819165,0.79991615,0.8999581
98321,0.6802199,0.84010994,0.6154711,0.80773556,0.61525637,0.80762815,0.66572547,0.83286273,0.6376467,0.81882334,0.75169116,0.87584555,0.62365764,0.81182885,0.69692236,0.84846115,0.75211644,0.8760582,0.7352767,0.86763835
98322,0.7341753,0.86708766,0.7098994,0.8549497,0.6345291,0.81726456,0.64064336,0.8203217,0.7533785,0.87668926,0.84267116,0.9213356,0.7568284,0.8784142,0.82798314,0.9139916,0.79315525,0.8965776,0.8471708,0.9235854
98323,0.6610971,0.8305485,0.65165377,0.8258269,0.5556411,0.7778206,0.5745051,0.78725255,0.6893596,0.84467983,0.74774027,0.87387013,0.7108633,0.8554317,0.75994676,0.8799734,0.70375425,0.8518771,0.7238278,0.8619139
98324,0.6809269,0.84046346,0.6895342,0.8447671,0.62557715,0.8127886,0.6903447,0.84517235,0.6767218,0.8383609,0.7468817,0.87344086,0.7178515,0.85892576,0.76696575,0.8834829,0.7904899,0.89524496,0.79762447,0.89881223
98325,0.69197714,0.8459886,0.68269724,0.84134865,0.63534796,0.817674,0.64830303,0.8241515,0.73374736,0.8668737,0.8259952,0.9129976,0.76795006,0.883975,0.8512945,0.92564726,0.7990693,0.89953464,0.85417604,0.927088
98326,0.5702364,0.7851182,0.5863391,0.79316956,0.5002368,0.7501184,0.560336,0.780168,0.5586497,0.7793249,0.66856825,0.8342841,0.60599303,0.8029965,0.68516886,0.84258443,0.7438589,0.8719294,0.68995255,0.8449763
98327,0.56395173,0.78197587,0.6390786,0.8195393,0.55517983,0.7775899,0.5738477,0.7869239,0.5884558,0.7942279,0.62359804,0.81179905,0.62271196,0.81135595,0.6690173,0.83450866,0.7156508,0.8578254,0.67896044,0.8394802
98328,0.69762707,0.84881353,0.6386813,0.81934065,0.62551475,0.8127574,0.70843923,0.8542196,0.70468485,0.8523424,0.7562072,0.8781036,0.6907638,0.84538186,0.78971016,0.8948551,0.767221,0.8836105,0.774041,0.88702047
98329,0.6287012,0.8143506,0.6203421,0.810171,0.56363255,0.78181624,0.63055444,0.8152772,0.62412125,0.8120606,0.7027019,0.85135096,0.67669916,0.8383496,0.7280811,0.86404055,0.7408935,0.87044674,0.7452176,0.8726088
98330,0.6404846,0.8202423,0.6535195,0.82675976,0.5697284,0.7848642,0.6347377,0.81736887,0.6330898,0.8165449,0.6833875,0.84169376,0.6797834,0.8398917,0.7019875,0.85099375,0.7284519,0.864226,0.7269343,0.86346716
98331,0.6219743,0.8109871,0.5683777,0.78418887,0.596178,0.798089,0.6338042,0.8169021,0.55867195,0.779336,0.66289604,0.831448,0.5193182,0.7596591,0.6459184,0.8229592,0.6832001,0.84160006,0.5973735,0.79868674
98332,0.64277357,0.8213868,0.65422434,0.8271122,0.6179967,0.80899835,0.6680377,0.8340188,0.6778281,0.83891404,0.72667146,0.8633357,0.71576756,0.8578838,0.7865664,0.8932832,0.752826,0.876413,0.75766516,0.8788326
98333,0.6101357,0.80506784,0.58274645,0.79137325,0.5828874,0.7914437,0.54669356,0.7733468,0.6047528,0.8023764,0.7430037,0.87150186,0.71185946,0.85592973,0.6787222,0.8393611,0.7556693,0.8778347,0.7827133,0.89135665
98334,0.6160496,0.80802476,0.6518189,0.82590944,0.63191974,0.8159599,0.5891936,0.7945968,0.5947698,0.79738486,0.59630966,0.79815483,0.5149014,0.7574507,0.6392983,0.81964916,0.5990455,0.79952276,0.5959612,0.7979806
98335,0.71363664,0.8568183,0.7071947,0.85359734,0.6461427,0.82307136,0.72429436,0.8621472,0.70530033,0.85265017,0.7861922,0.8930961,0.71468425,0.8573421,0.81616235,0.9080812,0.7680303,0.88401514,0.7999234,0.8999617
98336,0.5715622,0.7857811,0.548167,0.7740835,0.548511,0.7742555,0.5599984,0.7799992,0.5675899,0.78379494,0.6641376,0.8320688,0.50845325,0.7542266,0.66039205,0.830196,0.61186945,0.8059347,0.5917531,0.79587656
98337,0.619653,0.8098265,0.5753983,0.78769916,0.5512214,0.7756107,0.6089703,0.80448514,0.6249256,0.8124628,0.6565722,0.8282861,0.6437721,0.82188606,0.6263735,0.81318676,0.6905757,0.84528786,0.68184686,0.8409234
98338,0.57353526,0.7867676,0.6275202,0.8137601,0.5454848,0.7727424,0.582871,0.7914355,0.5471248,0.77356243,0.4904732,0.74523664,0.47683808,0.73841906,0.5983879,0.799194,0.60615027,0.80307513,0.52554834,0.76277417
98339,0.52638805,0.763194,0.52866703,0.7643335,0.514068,0.757034,0.50472164,0.7523608,0.55488837,0.7774442,0.72345096,0.86172545,0.656005,0.8280025,0.6620477,0.8310238,0.73556256,0.8677813,0.77107304,0.88553655
98340,0.6591254,0.82956266,0.59782624,0.7989131,0.57000214,0.78500104,0.6011613,0.8005806,0.66419077,0.8320954,0.81029934,0.9051497,0.75330627,0.87665313,0.7232331,0.86161655,0.76425445,0.8821272,0.8183445,0.90917224
98341,0.6908422,0.8454211,0.6942799,0.84713995,0.65140235,0.8257012,0.67221254,0.8361063,0.68011975,0.8400599,0.7859204,0.8929602,0.7121271,0.85606354,0.7944941,0.8972471,0.8051285,0.9025643,0.80890197,0.904451
98342,0.7417619,0.87088096,0.67092097,0.8354605,0.6761533,0.83807665,0.666286,0.833143,0.7032102,0.85160506,0.7314391,0.86571956,0.67205685,0.83602846,0.75750023,0.8787501,0.76274216,0.8813711,0.7808515,0.89042574
98343,0.47704256,0.7385213,0.49310094,0.74655044,0.44481236,0.72240615,0.4873246,0.7436623,0.51260006,0.75630003,0.5950477,0.79752386,0.556457,0.7782285,0.59344643,0.79672325,0.65885824,0.82942915,0.644326,0.822163
98344,0.7625774,0.8812887,0.7230581,0.86152905,0.68647075,0.8432354,0.7225585,0.86127925,0.7304484,0.86522424,0.80808496,0.9040425,0.73993087,0.86996543,0.8153386,0.9076693,0.78821623,0.8941081,0.829851,0.91492546
98345,0.69007075,0.8450354,0.6645375,0.8322687,0.62855715,0.8142786,0.5978695,0.79893476,0.71235895,0.8561795,0.83443224,0.9172161,0.7266034,0.8633017,0.7723358,0.8861679,0.7429215,0.87146074,0.8246918,0.9123459
98346,0.6036118,0.8018059,0.61415607,0.807078,0.58013093,0.79006547,0.6109054,0.8054527,0.6497439,0.82487196,0.71732783,0.8586639,0.66634643,0.8331732,0.7458571,0.87292856,0.730054,0.865027,0.73612803,0.86806405
98347,0.60844404,0.804222,0.5969757,0.79848784,0.59446347,0.79723173,0.5776256,0.78881276,0.58738315,0.7936916,0.69370997,0.846855,0.6330157,0.8165078,0.6618699,0.83093494,0.7474228,0.8737114,0.72025657,0.8601283
98348,0.590566,0.79528296,0.6098772,0.8049386,0.5705023,0.78525114,0.5942743,0.79713714,0.6187291,0.80936456,0.7035037,0.85175186,0.6539801,0.82699,0.7171615,0.8585807,0.77486336,0.8874317,0.75357455,0.8767873
98349,0.69992614,0.84996307,0.677486,0.838743,0.6126622,0.8063311,0.62485373,0.81242687,0.6632646,0.83163226,0.758732,0.87936604,0.6557019,0.82785094,0.77794975,0.8889749,0.7674284,0.8837142,0.7509366,0.8754683
98350,0.664011,0.8320055,0.6439141,0.82195705,0.62624454,0.8131223,0.66837454,0.83418727,0.67560303,0.8378015,0.7735068,0.88675344,0.66331494,0.83165747,0.77675825,0.8883791,0.7844397,0.89221984,0.7990694,0.8995347
98351,0.5886768,0.7943384,0.6222438,0.81112194,0.5726423,0.78632116,0.56668395,0.783342,0.65643656,0.8282183,0.6935823,0.84679115,0.6924535,0.84622675,0.67436963,0.8371848,0.7427588,0.8713794,0.73075986,0.8653799
98352,0.5561106,0.7780553,0.56398994,0.78199494,0.5533427,0.77667135,0.5650091,0.78250456,0.58252406,0.79126203,0.69693494,0.84846747,0.66411585,0.83205795,0.7152281,0.85761404,0.75165,0.875825,0.7555586,0.8777793
98353,0.4384768,0.7192384,0.45606995,0.728035,0.40163895,0.7008195,0.42132872,0.7106644,0.47749645,0.7387482,0.5784919,0.78924596,0.60093755,0.8004688,0.54013383,0.7700669,0.61220473,0.8061024,0.61486423,0.8074321
98354,0.45780772,0.7289039,0.54443496,0.7722175,0.5015396,0.7507698,0.45042592,0.72521293,0.48511678,0.74255836,0.4024461,0.701223,0.43915513,0.71957755,0.47184956,0.7359248,0.44697464,0.7234873,0.39795744,0.6989787
98355,0.71275234,0.8563762,0.70470655,0.8523533,0.64103925,0.8205196,0.6611285,0.83056426,0.71163,0.855815,0.75498015,0.87749004,0.718189,0.8590945,0.7596743,0.87983716,0.7591313,0.87956566,0.766281,0.8831405
98356,0.5215977,0.7607988,0.58456147,0.79228073,0.47526452,0.7376323,0.50229794,0.75114894,0.57252884,0.7862644,0.58974016,0.7948701,0.6049385,0.80246925,0.6157483,0.80787414,0.6235999,0.81179994,0.5931035,0.79655176
98357,0.55331004,0.776655,0.5959841,0.79799205,0.52823484,0.7641174,0.5105144,0.7552572,0.52469695,0.7623485,0.44812244,0.72406125,0.47875133,0.73937565,0.49462807,0.74731404,0.51653624,0.7582681,0.46953997,0.73477
98358,0.6856972,0.8428486,0.7050637,0.85253185,0.6722915,0.83614576,0.64926183,0.8246309,0.74719924,0.87359965,0.812279,0.9061395,0.7915982,0.8957991,0.80738217,0.90369105,0.8281995,0.91409975,0.856936,0.928468
98359,0.60461074,0.80230534,0.5683977,0.7841989,0.54815066,0.7740753,0.52370286,0.76185143,0.6374901,0.818745,0.74460644,0.87230325,0.68368554,0.8418428,0.7015525,0.85077626,0.74918497,0.8745925,0.7621174,0.8810587
98360,0.45007145,0.7250357,0.4944641,0.7472321,0.46474814,0.7323741,0.55904007,0.77952003,0.4024995,0.7012497,0.39710945,0.69855475,0.390911,0.6954555,0.477948,0.738974,0.5389254,0.7694627,0.45983028,0.72991514
98361,0.6800777,0.84003884,0.69832706,0.84916353,0.6374304,0.8187152,0.6925874,0.8462937,0.6705338,0.8352669,0.7054497,0.85272485,0.67983663,0.8399183,0.7931969,0.89659846,0.7812654,0.8906327,0.7835196,0.8917598
98362,0.59784025,0.79892015,0.60308665,0.80154335,0.5751779,0.78758895,0.56640863,0.7832043,0.6662863,0.8331431,0.69457746,0.8472887,0.71758735,0.8587937,0.6884494,0.8442247,0.70941764,0.8547088,0.71513754,0.85756874
98363,0.6365396,0.8182698,0.62480676,0.8124034,0.58518255,0.7925913,0.5903575,0.7951788,0.6336555,0.8168278,0.6816045,0.84080225,0.6119393,0.80596966,0.7130798,0.8565399,0.72192776,0.8609639,0.70734423,0.85367215
98364,0.46014047,0.73007023,0.4502501,0.7251251,0.47812223,0.7390611,0.3805406,0.6902703,0.45351326,0.72675663,0.53954995,0.769775,0.47614732,0.73807365,0.558493,0.7792465,0.5203724,0.7601862,0.5248163,0.76240814
98365,0.60510445,0.8025522,0.6249467,0.81247336,0.5888421,0.7944211,0.5606786,0.7803393,0.6060107,0.80300534,0.6825065,0.8412533,0.6346602,0.8173301,0.71024597,0.855123,0.73414445,0.8670722,0.7364309,0.86821544
98366,0.5870956,0.7935478,0.62432027,0.81216013,0.5718991,0.7859496,0.54248875,0.7712444,0.5850214,0.7925107,0.58964443,0.7948222,0.58027273,0.79013634,0.64551854,0.8227593,0.63967264,0.8198363,0.6053133,0.80265665
98367,0.67691714,0.83845854,0.67749316,0.83874655,0.67447674,0.8372384,0.6317456,0.8158728,0.70067567,0.85033786,0.78553444,0.8927672,0.7055229,0.85276145,0.75473213,0.87736607,0.77273726,0.88636863,0.78729045,0.8936452
98368,0.52679837,0.7633992,0.5781294,0.7890647,0.5105113,0.75525564,0.55147123,0.7757356,0.5296458,0.7648229,0.61336315,0.8066816,0.57345986,0.78672993,0.6121024,0.8060512,0.6658168,0.8329084,0.6269884,0.8134942
98369,0.58617014,0.7930851,0.5850971,0.79254854,0.57189286,0.7859464,0.5680859,0.78404295,0.6604789,0.8302394,0.81066227,0.90533113,0.73402,0.86701,0.77106327,0.88553166,0.7413465,0.87067324,0.84177434,0.9208872
98370,0.70250905,0.8512545,0.7050798,0.8525399,0.6347904,0.8173952,0.6870608,0.8435304,0.72186184,0.8609309,0.82851386,0.91425693,0.77942324,0.8897116,0.81266856,0.9063343,0.8346394,0.91731966,0.88216394,0.941082
98371,0.69737804,0.848689,0.68975496,0.8448775,0.637403,0.8187015,0.72134614,0.86067307,0.71748793,0.85874397,0.77505046,0.8875252,0.7228521,0.86142606,0.8124671,0.90623355,0.7602421,0.88012105,0.8135581,0.90677905
98372,0.7555947,0.87779737,0.70535445,0.8526772,0.67507505,0.8375375,0.68253183,0.8412659,0.7445334,0.8722667,0.8277582,0.9138791,0.75880617,0.8794031,0.8364171,0.91820854,0.7821525,0.8910762,0.8308188,0.9154094
98373,0.7219163,0.86095816,0.68556094,0.8427805,0.61775064,0.8088753,0.70706356,0.8535318,0.6838318,0.8419159,0.72984064,0.8649203,0.664187,0.8320935,0.7590184,0.8795092,0.74161494,0.87080747,0.73978364,0.8698918
98374,0.72465014,0.8623251,0.64812624,0.8240631,0.65090126,0.82545066,0.6831578,0.8415789,0.71223843,0.8561192,0.7926285,0.89631426,0.6931327,0.8465663,0.79117906,0.89558953,0.77113914,0.8855696,0.7940913,0.8970456
98375,0.67954457,0.8397723,0.6816453,0.84082264,0.6866623,0.84333116,0.6522616,0.8261308,0.667096,0.833548,0.76993454,0.88496727,0.6928169,0.8464085,0.74834657,0.8741733,0.8049762,0.9024881,0.8044581,0.9022291
98376,0.73338807,0.86669403,0.68202376,0.8410119,0.63435876,0.8171794,0.61563957,0.8078198,0.7290128,0.86450636,0.82699955,0.9134998,0.7334179,0.866709,0.77667856,0.8883393,0.76282966,0.88141483,0.8089664,0.9044832
98377,0.6843871,0.84219354,0.6838934,0.8419467,0.64301056,0.8215053,0.6821257,0.84106284,0.7186064,0.85930324,0.7821211,0.8910606,0.7580829,0.87904143,0.81500596,0.907503,0.8306253,0.91531265,0.85439575,0.9271979
98378,0.752797,0.8763985,0.72775424,0.8638771,0.6850109,0.84250546,0.71026134,0.8551307,0.7236986,0.8618493,0.7885034,0.8942517,0.7235534,0.8617767,0.8289479,0.91447395,0.7988923,0.8994461,0.79799974,0.89899987
98379,0.68159306,0.84079653,0.64112115,0.8205606,0.59278834,0.79639417,0.6234282,0.8117141,0.670111,0.8350555,0.81366944,0.9068347,0.7148185,0.85740924,0.7661197,0.88305986,0.74045944,0.8702297,0.80725265,0.9036263
98380,0.65930265,0.82965136,0.6331682,0.8165841,0.575997,0.7879985,0.6417253,0.82086265,0.6932883,0.84664416,0.8063817,0.90319085,0.74226594,0.87113297,0.7717526,0.8858763,0.7651707,0.88258535,0.80046976,0.9002349
98381,0.6659847,0.8329923,0.6652224,0.8326112,0.5989813,0.7994907,0.6120496,0.8060248,0.64792323,0.8239616,0.7668695,0.8834348,0.68470776,0.8423539,0.78006816,0.8900341,0.7471261,0.87356305,0.7434237,0.87171185
98382,0.6655623,0.83278114,0.62466884,0.8123344,0.60101104,0.8005055,0.6233728,0.8116864,0.69027966,0.84513986,0.7965066,0.8982533,0.7346108,0.8673054,0.7874646,0.8937323,0.7696656,0.8848328,0.818478,0.909239
98383,0.63746893,0.81873447,0.62850803,0.81425405,0.56894195,0.784471,0.6184044,0.8092022,0.6354016,0.8177008,0.7093512,0.8546756,0.644276,0.822138,0.6945563,0.8472781,0.72286725,0.8614336,0.7100152,0.8550076
98384,0.6437229,0.82186145,0.6024163,0.80120814,0.57348317,0.7867416,0.70590866,0.8529543,0.58985764,0.7949288,0.6377485,0.81887424,0.56715465,0.7835773,0.6939707,0.84698534,0.68358934,0.84179467,0.6559083,0.8279542
98385,0.6137302,0.8068651,0.59170544,0.7958527,0.5408095,0.77040476,0.57824165,0.7891208,0.6207835,0.8103918,0.7657415,0.8828708,0.68073237,0.8403662,0.7335046,0.86675227,0.73105025,0.8655251,0.7858386,0.8929193
98386,0.6679176,0.8339588,0.6865728,0.8432864,0.65107614,0.82553804,0.7050681,0.85253406,0.68641585,0.84320796,0.6911272,0.8455636,0.67055935,0.8352797,0.7606655,0.8803327,0.7625561,0.88127804,0.7294669,0.86473346
98387,0.6521627,0.82608134,0.6931761,0.846588,0.623736,0.811868,0.7029736,0.8514868,0.69163716,0.8458186,0.72872984,0.8643649,0.6847871,0.8423935,0.7378632,0.8689316,0.7058666,0.8529333,0.73958325,0.8697916
98388,0.75033295,0.8751665,0.7270087,0.86350435,0.68563235,0.8428162,0.71853304,0.8592665,0.7465694,0.8732847,0.81639093,0.9081955,0.73819363,0.8690968,0.8067417,0.90337086,0.8061532,0.9030766,0.82973385,0.9148669
98389,0.7124792,0.85623956,0.69228816,0.8461441,0.65737325,0.8286866,0.65883374,0.8294169,0.7395058,0.8697529,0.8208916,0.9104458,0.7418858,0.8709429,0.8076927,0.9038464,0.79369926,0.89684963,0.8238467,0.91192335
98390,0.6133033,0.80665165,0.5718193,0.78590965,0.5477518,0.7738759,0.6776937,0.83884686,0.6137738,0.8068869,0.70716774,0.8535839,0.6194041,0.80970204,0.6841955,0.84209776,0.66685045,0.8334252,0.70339096,0.8516955
98391,0.6247919,0.81239593,0.57677656,0.78838825,0.5727263,0.7863631,0.53949267,0.7697463,0.6731237,0.83656186,0.840386,0.92019296,0.76965195,0.88482594,0.73441756,0.8672088,0.7661228,0.8830614,0.84385645,0.9219282
98392,0.62024176,0.8101209,0.62239325,0.8111966,0.590456,0.795228,0.64045084,0.8202254,0.61670303,0.8083515,0.7019811,0.85099053,0.6415645,0.82078224,0.76303196,0.881516,0.74384403,0.871922,0.7712066,0.8856033
98393,0.5236749,0.7618375,0.5618586,0.7809293,0.4547406,0.7273703,0.52603906,0.76301956,0.5432481,0.7716241,0.64181054,0.82090527,0.60844827,0.80422413,0.6365738,0.8182869,0.674073,0.8370365,0.66840315,0.8342016
98394,0.54396397,0.77198195,0.5568585,0.77842927,0.51409674,0.75704837,0.5175375,0.75876874,0.592788,0.796394,0.67714834,0.8385742,0.6563665,0.8281833,0.6735412,0.8367706,0.70837605,0.854188,0.7268131,0.86340654
98395,0.76842237,0.8842112,0.70169175,0.8508459,0.6699402,0.8349701,0.6377782,0.81888914,0.8034159,0.90170795,0.8881295,0.94406474,0.788048,0.894024,0.8469256,0.9234628,0.77736914,0.8886846,0.8603287,0.93016434
98396,0.59946,0.79973,0.5951309,0.79756546,0.5480229,0.7740115,0.6177806,0.80889034,0.6265167,0.81325835,0.71296656,0.8564833,0.7033286,0.8516643,0.73686075,0.8684304,0.75826395,0.879132,0.7703095,0.8851547
98397,0.6426989,0.82134944,0.6602371,0.83011854,0.5978739,0.79893696,0.6176554,0.8088277,0.69746995,0.848735,0.7658019,0.88290095,0.73869246,0.86934626,0.7910577,0.89552885,0.79431903,0.8971595,0.82393605,0.911968
98398,0.6801177,0.84005886,0.656149,0.8280745,0.61376405,0.806882,0.5922749,0.79613745,0.7398559,0.86992794,0.8095995,0.90479976,0.74806374,0.8740319,0.7697875,0.8848938,0.7752123,0.88760614,0.80644584,0.9032229
98399,0.4933599,0.74667996,0.49530244,0.7476512,0.45794162,0.7289708,0.45258087,0.72629046,0.5323169,0.76615846,0.5717893,0.78589463,0.5589933,0.77949667,0.576365,0.7881825,0.57888985,0.7894449,0.5649928,0.7824964
98400,0.5604867,0.78024334,0.54930085,0.77465045,0.48182002,0.74091,0.5747483,0.78737414,0.5638246,0.7819123,0.60009956,0.8000498,0.60944545,0.8047227,0.61195827,0.80597913,0.68383944,0.8419197,0.640162,0.820081
98401,0.61734617,0.8086731,0.629892,0.814946,0.5431116,0.7715558,0.5619133,0.7809566,0.58737564,0.7936878,0.6394639,0.81973195,0.60460925,0.8023046,0.7222023,0.86110115,0.6863202,0.8431601,0.6673868,0.8336934
98402,0.7601651,0.88008255,0.72038364,0.8601918,0.68573815,0.84286904,0.6601922,0.8300961,0.76324403,0.881622,0.84520847,0.9226042,0.7624312,0.8812156,0.8005483,0.90027416,0.7879596,0.8939798,0.83463633,0.91731817
