Unnamed: 0,Modified_mistralai/mixtral-8x7b-instruct_of_Modified_mistralai/mixtral-8x7b-instruct_of_resume_Modelmistralai/mixtral-8x7b-instruct_Modelmistralai/mixtral-8x7b-instruct_doordash_pm_Raw_Score,Modified_mistralai/mixtral-8x7b-instruct_of_Modified_mistralai/mixtral-8x7b-instruct_of_resume_Modelmistralai/mixtral-8x7b-instruct_Modelmistralai/mixtral-8x7b-instruct_doordash_pm_Score,Modified_mistralai/mixtral-8x7b-instruct_of_Modified_mistralai/mixtral-8x7b-instruct_of_resume_Modelmistralai/mixtral-8x7b-instruct_Modelmistralai/mixtral-8x7b-instruct_apple_pm_Raw_Score,Modified_mistralai/mixtral-8x7b-instruct_of_Modified_mistralai/mixtral-8x7b-instruct_of_resume_Modelmistralai/mixtral-8x7b-instruct_Modelmistralai/mixtral-8x7b-instruct_apple_pm_Score,Modified_mistralai/mixtral-8x7b-instruct_of_Modified_mistralai/mixtral-8x7b-instruct_of_resume_Modelmistralai/mixtral-8x7b-instruct_Modelmistralai/mixtral-8x7b-instruct_samsara_pm_Raw_Score,Modified_mistralai/mixtral-8x7b-instruct_of_Modified_mistralai/mixtral-8x7b-instruct_of_resume_Modelmistralai/mixtral-8x7b-instruct_Modelmistralai/mixtral-8x7b-instruct_samsara_pm_Score,Modified_mistralai/mixtral-8x7b-instruct_of_Modified_mistralai/mixtral-8x7b-instruct_of_resume_Modelmistralai/mixtral-8x7b-instruct_Modelmistralai/mixtral-8x7b-instruct_yelp_pm_Raw_Score,Modified_mistralai/mixtral-8x7b-instruct_of_Modified_mistralai/mixtral-8x7b-instruct_of_resume_Modelmistralai/mixtral-8x7b-instruct_Modelmistralai/mixtral-8x7b-instruct_yelp_pm_Score,Modified_mistralai/mixtral-8x7b-instruct_of_Modified_mistralai/mixtral-8x7b-instruct_of_resume_Modelmistralai/mixtral-8x7b-instruct_Modelmistralai/mixtral-8x7b-instruct_match_pm_Raw_Score,Modified_mistralai/mixtral-8x7b-instruct_of_Modified_mistralai/mixtral-8x7b-instruct_of_resume_Modelmistralai/mixtral-8x7b-instruct_Modelmistralai/mixtral-8x7b-instruct_match_pm_Score,Modified_mistralai/mixtral-8x7b-instruct_of_Modified_mistralai/mixtral-8x7b-instruct_of_resume_Modelmistralai/mixtral-8x7b-instruct_Modelmistralai/mixtral-8x7b-instruct_i2c_ux_Raw_Score,Modified_mistralai/mixtral-8x7b-instruct_of_Modified_mistralai/mixtral-8x7b-instruct_of_resume_Modelmistralai/mixtral-8x7b-instruct_Modelmistralai/mixtral-8x7b-instruct_i2c_ux_Score,Modified_mistralai/mixtral-8x7b-instruct_of_Modified_mistralai/mixtral-8x7b-instruct_of_resume_Modelmistralai/mixtral-8x7b-instruct_Modelmistralai/mixtral-8x7b-instruct_adobe_ux_Raw_Score,Modified_mistralai/mixtral-8x7b-instruct_of_Modified_mistralai/mixtral-8x7b-instruct_of_resume_Modelmistralai/mixtral-8x7b-instruct_Modelmistralai/mixtral-8x7b-instruct_adobe_ux_Score,Modified_mistralai/mixtral-8x7b-instruct_of_Modified_mistralai/mixtral-8x7b-instruct_of_resume_Modelmistralai/mixtral-8x7b-instruct_Modelmistralai/mixtral-8x7b-instruct_amazon_ux_Raw_Score,Modified_mistralai/mixtral-8x7b-instruct_of_Modified_mistralai/mixtral-8x7b-instruct_of_resume_Modelmistralai/mixtral-8x7b-instruct_Modelmistralai/mixtral-8x7b-instruct_amazon_ux_Score,Modified_mistralai/mixtral-8x7b-instruct_of_Modified_mistralai/mixtral-8x7b-instruct_of_resume_Modelmistralai/mixtral-8x7b-instruct_Modelmistralai/mixtral-8x7b-instruct_rowan_ux_Raw_Score,Modified_mistralai/mixtral-8x7b-instruct_of_Modified_mistralai/mixtral-8x7b-instruct_of_resume_Modelmistralai/mixtral-8x7b-instruct_Modelmistralai/mixtral-8x7b-instruct_rowan_ux_Score,Modified_mistralai/mixtral-8x7b-instruct_of_Modified_mistralai/mixtral-8x7b-instruct_of_resume_Modelmistralai/mixtral-8x7b-instruct_Modelmistralai/mixtral-8x7b-instruct_google_ux_Raw_Score,Modified_mistralai/mixtral-8x7b-instruct_of_Modified_mistralai/mixtral-8x7b-instruct_of_resume_Modelmistralai/mixtral-8x7b-instruct_Modelmistralai/mixtral-8x7b-instruct_google_ux_Score
6018,0.73156875,0.8657844,0.69879556,0.8493978,0.6368759,0.81843793,0.671588,0.835794,0.7359366,0.8679683,0.83034015,0.9151701,0.7739607,0.88698035,0.840803,0.9204015,0.8108808,0.9054404,0.8516289,0.92581445
6021,0.64923763,0.8246188,0.6416422,0.8208211,0.5954479,0.79772395,0.6226437,0.81132185,0.6403371,0.82016855,0.626616,0.813308,0.6075887,0.8037944,0.6648941,0.83244705,0.6884019,0.84420097,0.65673685,0.8283684
6026,0.54620165,0.77310085,0.47288805,0.736444,0.49273485,0.74636745,0.48646557,0.7432328,0.57068074,0.78534037,0.5929697,0.7964848,0.50763476,0.7538174,0.5797955,0.78989774,0.51116955,0.7555848,0.5752132,0.7876066
9479,0.70406675,0.8520334,0.66025794,0.83012897,0.6029893,0.80149466,0.6401881,0.82009405,0.68864644,0.8443232,0.76636314,0.8831816,0.72089803,0.860449,0.7394541,0.869727,0.7546122,0.8773061,0.7765626,0.8882813
16980,0.53761125,0.7688056,0.5894489,0.79472446,0.5478964,0.7739482,0.5544531,0.77722657,0.54910564,0.7745528,0.5141663,0.7570832,0.52145743,0.7607287,0.5629376,0.7814688,0.6320766,0.8160383,0.5568795,0.77843976
17014,0.30363715,0.6518186,0.38241363,0.6912068,0.29351395,0.646757,0.3385754,0.6692877,0.3567819,0.678391,0.30420703,0.65210354,0.38738823,0.6936941,0.37074703,0.68537354,0.45114514,0.7255726,0.4081487,0.7040744
18230,0.65192604,0.825963,0.67685854,0.8384293,0.6163445,0.8081722,0.6577977,0.82889885,0.64477086,0.82238543,0.6382902,0.8191451,0.5941815,0.79709077,0.7053848,0.85269237,0.66031706,0.83015853,0.654297,0.8271485
18348,0.6386775,0.81933874,0.65813684,0.8290684,0.56752837,0.7837642,0.57398856,0.7869943,0.6787636,0.8393818,0.7756826,0.88784134,0.7449044,0.8724522,0.7613952,0.8806976,0.77350986,0.88675493,0.8121401,0.90607005
26715,0.52978766,0.76489383,0.61732197,0.808661,0.5022536,0.75112677,0.57160634,0.7858032,0.5751504,0.7875752,0.5368688,0.7684344,0.60338145,0.8016907,0.6201128,0.8100564,0.6633344,0.8316672,0.5942365,0.79711825
26747,0.77744627,0.88872313,0.7139133,0.85695666,0.68740165,0.8437008,0.699859,0.8499295,0.776179,0.88808954,0.8369177,0.9184588,0.74194485,0.8709724,0.8211796,0.9105898,0.7565609,0.87828046,0.81062853,0.90531427
29788,0.5580984,0.77904916,0.57382125,0.78691065,0.47566557,0.7378328,0.5315368,0.7657684,0.5759857,0.78799284,0.6825353,0.84126765,0.6559431,0.8279716,0.65320516,0.8266026,0.67767453,0.83883727,0.71647805,0.85823905
29835,0.6904016,0.8452008,0.7109166,0.85545826,0.6347195,0.81735975,0.6339213,0.8169607,0.69457006,0.84728503,0.77768105,0.88884056,0.7732978,0.8866489,0.790435,0.89521754,0.7800628,0.8900314,0.79924524,0.8996226
30606,0.67171264,0.8358563,0.5991296,0.79956484,0.5762396,0.7881198,0.5859487,0.79297435,0.6847997,0.84239984,0.7813974,0.8906987,0.6577246,0.8288623,0.71205544,0.8560277,0.7371143,0.86855716,0.75675297,0.8783765
30845,0.7517583,0.87587917,0.7287053,0.86435264,0.673824,0.83691204,0.7591057,0.87955284,0.7362447,0.86812234,0.812734,0.906367,0.75820655,0.8791033,0.83417565,0.9170878,0.82093894,0.9104695,0.83317316,0.9165866
32072,0.7498614,0.87493074,0.7226224,0.8613112,0.73609567,0.86804783,0.68217546,0.8410877,0.7495238,0.87476194,0.80580664,0.9029033,0.72212315,0.8610616,0.82498395,0.912492,0.76906896,0.8845345,0.7899302,0.8949651
46443,0.7330122,0.8665061,0.7862215,0.89311075,0.70617664,0.8530883,0.71273804,0.856369,0.7634225,0.88171124,0.7816869,0.89084345,0.7702966,0.8851483,0.8306288,0.91531444,0.83565855,0.9178293,0.8542722,0.92713606
46506,0.40951467,0.70475733,0.46484345,0.73242176,0.4424522,0.7212261,0.4168936,0.7084468,0.44117686,0.72058845,0.4850483,0.74252415,0.43875593,0.719378,0.5420132,0.7710066,0.6028614,0.8014307,0.5586666,0.7793333
50300,0.71412134,0.8570607,0.73558164,0.8677908,0.7188624,0.8594312,0.6610502,0.8305251,0.74681264,0.8734063,0.78664124,0.8933206,0.743708,0.871854,0.8107021,0.90535104,0.7954695,0.89773476,0.8418734,0.9209367
51419,0.5973382,0.7986691,0.6443113,0.82215565,0.5694352,0.78471756,0.61085516,0.80542755,0.6032369,0.80161846,0.65437126,0.82718563,0.674538,0.837269,0.7239585,0.86197925,0.7277747,0.8638873,0.7330147,0.86650735
53971,0.60908043,0.8045402,0.61038494,0.8051925,0.52981806,0.764909,0.53908443,0.7695422,0.66021276,0.8301064,0.6986204,0.84931016,0.7295815,0.86479074,0.69436765,0.8471838,0.71862614,0.8593131,0.7165767,0.85828835
53972,0.6558295,0.8279147,0.6533157,0.8266579,0.58797216,0.7939861,0.59724605,0.798623,0.6542008,0.8271004,0.70554173,0.85277086,0.67876077,0.8393804,0.6930001,0.84650004,0.73599064,0.8679953,0.7204681,0.860234
53973,0.670838,0.835419,0.6524368,0.82621837,0.61268723,0.8063436,0.64640534,0.82320267,0.6912377,0.84561884,0.7674391,0.88371956,0.7274943,0.8637471,0.76973414,0.8848671,0.78141433,0.89070714,0.80353355,0.9017668
53974,0.6382227,0.81911135,0.6183063,0.80915314,0.5774305,0.78871524,0.63129187,0.81564593,0.6744808,0.8372404,0.7243067,0.86215335,0.7285522,0.8642761,0.7243786,0.8621893,0.7482407,0.87412035,0.758951,0.8794755
53975,0.65964144,0.82982075,0.60422856,0.80211425,0.6066789,0.8033395,0.6004877,0.80024385,0.6694335,0.83471674,0.7923904,0.8961952,0.6791355,0.8395678,0.70029855,0.8501493,0.76347303,0.8817365,0.7777505,0.88887525
53976,0.51531637,0.7576582,0.50570965,0.7528548,0.49409348,0.7470467,0.4677632,0.7338816,0.5253202,0.7626601,0.6468723,0.82343614,0.6572292,0.8286146,0.5933984,0.79669917,0.6647464,0.8323732,0.6746712,0.8373356
53977,0.71929157,0.8596458,0.64199704,0.82099855,0.6050174,0.8025087,0.6014092,0.8007046,0.70297515,0.8514876,0.8026154,0.9013077,0.7571785,0.8785893,0.7581967,0.87909836,0.7702049,0.88510245,0.79778445,0.8988922
53978,0.61323357,0.8066168,0.58142185,0.7907109,0.54724646,0.7736232,0.53542197,0.767711,0.6804277,0.84021384,0.7661054,0.8830527,0.67993295,0.8399665,0.70468795,0.852344,0.7173936,0.8586968,0.7524913,0.8762456
53979,0.78148586,0.8907429,0.7285546,0.8642773,0.7010087,0.85050434,0.67137945,0.8356897,0.77281094,0.88640547,0.85762465,0.9288123,0.77944595,0.88972294,0.833635,0.9168175,0.81103206,0.905516,0.852198,0.926099
53981,0.6255071,0.81275356,0.62914824,0.8145741,0.56378806,0.781894,0.58668077,0.7933404,0.6450559,0.82252795,0.74830174,0.8741509,0.7351979,0.86759895,0.71491736,0.8574587,0.7518965,0.87594825,0.7601074,0.8800537
54796,0.61521506,0.80760753,0.6105052,0.8052526,0.5292363,0.76461816,0.5955081,0.79775405,0.64048266,0.82024133,0.73721707,0.86860853,0.71558696,0.85779345,0.7362725,0.8681363,0.7670973,0.8835486,0.78575826,0.8928791
54797,0.6676076,0.8338038,0.6834667,0.84173334,0.6452081,0.82260406,0.64750856,0.8237543,0.71501946,0.85750973,0.8102511,0.90512556,0.72680855,0.8634043,0.8174058,0.9087029,0.8058394,0.9029197,0.8249621,0.91248107
54798,0.62123334,0.8106167,0.6798158,0.8399079,0.56259,0.781295,0.60499394,0.80249697,0.65085864,0.8254293,0.6765974,0.8382987,0.69796586,0.84898293,0.6852442,0.8426221,0.75372446,0.8768622,0.70340645,0.8517032
54799,0.47650662,0.7382533,0.5155976,0.7577988,0.41101384,0.7055069,0.49275413,0.74637705,0.4902926,0.7451463,0.5479165,0.7739582,0.57091874,0.7854594,0.577919,0.7889595,0.6351794,0.8175897,0.661349,0.8306745
54800,0.6496115,0.82480574,0.6357705,0.8178853,0.58906925,0.7945346,0.5801177,0.79005885,0.6277596,0.8138798,0.72268385,0.86134195,0.7259296,0.8629648,0.73142564,0.8657128,0.7591481,0.87957406,0.7759049,0.88795245
56453,0.6594318,0.8297159,0.6110847,0.80554235,0.5625439,0.78127193,0.5605899,0.78029495,0.6822848,0.8411424,0.7767823,0.88839114,0.75941527,0.87970763,0.73490906,0.8674545,0.7375399,0.86876994,0.7831333,0.89156663
56528,0.6095848,0.8047924,0.5866407,0.79332036,0.518106,0.759053,0.5335747,0.76678735,0.59923303,0.7996165,0.6486392,0.8243196,0.63449025,0.8172451,0.6151635,0.8075818,0.6915901,0.84579504,0.65296495,0.8264825
56542,0.630195,0.8150975,0.61428034,0.8071402,0.5526246,0.7763123,0.6303073,0.81515366,0.6186228,0.8093114,0.69586205,0.847931,0.6635617,0.83178085,0.7253246,0.8626623,0.71832097,0.8591605,0.7534286,0.8767143
56543,0.6816097,0.8408048,0.63114023,0.8155701,0.5864463,0.79322314,0.5865997,0.79329985,0.69813335,0.8490667,0.7871003,0.89355016,0.7795094,0.8897547,0.7524468,0.8762234,0.76415384,0.8820769,0.82398736,0.9119937
56544,0.5735048,0.7867524,0.5894107,0.7947054,0.5593507,0.77967536,0.5843997,0.79219985,0.60390544,0.8019527,0.6438682,0.8219341,0.6356951,0.81784755,0.6361804,0.8180902,0.66324264,0.8316213,0.6901738,0.84508693
56545,0.6248956,0.8124478,0.655046,0.827523,0.56397736,0.7819887,0.5700134,0.7850067,0.65860105,0.8293005,0.67978156,0.8398908,0.6440228,0.8220114,0.7419982,0.8709991,0.7282062,0.8641031,0.7052382,0.8526191
56618,0.6351573,0.8175787,0.67276406,0.83638203,0.5968375,0.79841876,0.62073874,0.8103694,0.6362616,0.8181308,0.68456244,0.8422812,0.71100366,0.85550183,0.75587165,0.8779358,0.7576597,0.87882984,0.7485024,0.8742512
56619,0.5219568,0.7609784,0.5643141,0.78215706,0.47227618,0.7361381,0.5094154,0.7547077,0.56138414,0.7806921,0.643392,0.82169604,0.6857549,0.84287745,0.6310319,0.81551594,0.68204033,0.84102017,0.6994374,0.8497187
56629,0.7561088,0.8780544,0.6877941,0.84389704,0.6638447,0.83192235,0.6155826,0.8077913,0.7896266,0.8948133,0.8875997,0.94379985,0.7859031,0.89295155,0.8278637,0.91393185,0.8071319,0.90356594,0.87889975,0.9394499
56630,0.610101,0.8050505,0.60016453,0.80008227,0.54162085,0.7708104,0.57086974,0.78543484,0.62263346,0.8113167,0.7236476,0.8618238,0.71952856,0.8597643,0.7130265,0.85651326,0.74544424,0.87272215,0.7903091,0.89515454
56631,0.59858364,0.79929185,0.6443281,0.82216406,0.58494216,0.79247105,0.59561217,0.7978061,0.6215685,0.8107842,0.6715498,0.8357749,0.6272375,0.8136188,0.7178664,0.8589332,0.740784,0.87039196,0.746282,0.873141
56632,0.713844,0.85692203,0.71118104,0.8555905,0.6112391,0.80561954,0.66321814,0.8316091,0.7332431,0.86662155,0.8128783,0.9064392,0.801409,0.9007045,0.82949483,0.9147474,0.8021401,0.90107006,0.85860527,0.92930263
56633,0.7186813,0.85934067,0.69165325,0.8458266,0.62898505,0.8144925,0.6558649,0.8279325,0.73830676,0.8691534,0.8174242,0.9087121,0.80123484,0.9006174,0.8056887,0.9028443,0.8053229,0.90266144,0.84092355,0.9204618
56634,0.5802282,0.7901141,0.60324,0.80162,0.57436407,0.78718203,0.5847882,0.7923941,0.56932724,0.7846636,0.6343999,0.81719995,0.5890267,0.79451334,0.6634438,0.8317219,0.7118312,0.8559156,0.68636787,0.84318393
56635,0.49596775,0.7479839,0.4917703,0.74588513,0.44101387,0.7205069,0.47919476,0.7395974,0.5060204,0.7530102,0.5812558,0.7906279,0.57954544,0.78977275,0.5719639,0.78598195,0.6335204,0.8167602,0.62867576,0.81433785
56637,0.5957409,0.79787046,0.58375406,0.79187703,0.49613935,0.74806964,0.58293915,0.7914696,0.6084708,0.8042354,0.6848754,0.84243774,0.6421489,0.8210745,0.7062054,0.8531027,0.65912557,0.8295628,0.694533,0.8472665
56638,0.7030131,0.8515066,0.68286836,0.8414342,0.6183329,0.80916643,0.64428926,0.8221446,0.73493505,0.8674675,0.8277155,0.91385776,0.7784839,0.88924193,0.81957424,0.9097871,0.7931117,0.89655584,0.85358727,0.92679363
56639,0.45184126,0.7259206,0.4795679,0.73978394,0.4331845,0.71659225,0.4354667,0.7177334,0.51866424,0.7593321,0.64486563,0.8224328,0.6517718,0.8258859,0.56155777,0.7807789,0.66317683,0.8315884,0.6953743,0.8476871
56641,0.4545204,0.72726023,0.46710703,0.7335535,0.3946188,0.6973094,0.43176264,0.71588135,0.49003652,0.74501824,0.59103787,0.79551893,0.6149727,0.80748636,0.53616977,0.7680849,0.6217718,0.8108859,0.67265326,0.8363266
56642,0.57724833,0.78862417,0.5718547,0.78592736,0.509323,0.7546615,0.54009116,0.7700456,0.5980288,0.7990144,0.6724743,0.8362372,0.7042179,0.85210896,0.67282677,0.8364134,0.7215818,0.8607909,0.7296505,0.86482525
56643,0.74632645,0.8731632,0.6783707,0.83918536,0.67026985,0.8351349,0.65265095,0.8263255,0.7017151,0.85085756,0.75544643,0.8777232,0.63061494,0.8153075,0.7776185,0.88880926,0.73326117,0.86663055,0.73923564,0.8696178
56644,0.52586627,0.76293314,0.5629137,0.7814568,0.4904632,0.7452316,0.51971614,0.7598581,0.586547,0.7932735,0.638219,0.8191095,0.71010697,0.8550535,0.66266453,0.83133227,0.69688076,0.8484404,0.73432755,0.8671638
56645,0.6033423,0.80167115,0.6435859,0.82179296,0.57598674,0.7879934,0.6189165,0.80945826,0.5947671,0.79738355,0.6532012,0.8266006,0.6784247,0.83921236,0.7103814,0.8551907,0.7469345,0.8734672,0.7401759,0.870088
56646,0.45196843,0.7259842,0.46584,0.73292,0.37150532,0.68575263,0.45063168,0.7253158,0.46962082,0.7348104,0.503963,0.7519815,0.54120755,0.7706038,0.5257361,0.76286805,0.54367936,0.7718397,0.55012655,0.7750633
56647,0.6697009,0.83485043,0.6911546,0.8455773,0.6614496,0.83072484,0.6783885,0.83919424,0.6828389,0.84141946,0.7030959,0.85154796,0.70093405,0.850467,0.7425884,0.8712942,0.7491776,0.8745888,0.7625561,0.88127804
56648,0.70930314,0.8546516,0.6752373,0.83761865,0.6242008,0.8121004,0.65606403,0.828032,0.69795716,0.8489786,0.7394947,0.86974734,0.7063611,0.8531805,0.7822751,0.89113754,0.74479294,0.87239647,0.75144446,0.8757222
56649,0.6200539,0.81002694,0.65092224,0.82546115,0.5485101,0.77425504,0.60810983,0.8040549,0.6197516,0.8098758,0.6344014,0.81720066,0.5984657,0.79923284,0.65012574,0.8250629,0.7010807,0.85054034,0.65606445,0.82803226
56650,0.6944729,0.84723645,0.69588745,0.8479437,0.6291065,0.81455326,0.6465018,0.8232509,0.7375393,0.86876965,0.76367843,0.8818392,0.77015567,0.88507783,0.7733512,0.8866756,0.76963186,0.88481593,0.7951412,0.8975706
56651,0.7225313,0.86126566,0.6825888,0.8412944,0.68212485,0.8410624,0.65870655,0.8293533,0.77121854,0.88560927,0.8216487,0.91082436,0.7460919,0.8730459,0.8164518,0.9082259,0.76680714,0.88340354,0.8143859,0.90719295
56652,0.6733353,0.83666766,0.6816267,0.84081334,0.6148244,0.8074122,0.6122572,0.8061286,0.6834787,0.84173936,0.7223475,0.86117375,0.7118195,0.85590976,0.72629344,0.8631467,0.76276076,0.8813804,0.76390755,0.8819538
56653,0.5719405,0.7859702,0.6082731,0.8041365,0.5495436,0.7747718,0.5497364,0.7748682,0.5782635,0.78913176,0.61479414,0.80739707,0.58508986,0.79254496,0.6444881,0.82224405,0.6452968,0.8226484,0.61972845,0.8098642
56654,0.71188986,0.85594493,0.70959806,0.85479903,0.66681993,0.83340997,0.6662245,0.83311224,0.7576339,0.87881696,0.80304587,0.90152293,0.8040654,0.90203273,0.79344225,0.8967211,0.82074946,0.91037476,0.86785877,0.9339294
56656,0.60257745,0.8012887,0.6216003,0.81080014,0.57059795,0.78529894,0.57575816,0.7878791,0.65172,0.82586,0.683439,0.8417195,0.70671564,0.8533578,0.6902443,0.84512216,0.72150695,0.8607535,0.7304684,0.8652342
56657,0.30599514,0.65299755,0.32695866,0.6634793,0.31605172,0.65802586,0.32695487,0.6634774,0.31894648,0.65947324,0.35730237,0.6786512,0.4026822,0.7013411,0.32304412,0.66152203,0.4669155,0.73345774,0.35930645,0.6796532
56661,0.66241187,0.83120596,0.6651288,0.8325644,0.573354,0.786677,0.57095295,0.78547645,0.6891285,0.84456426,0.7635349,0.88176745,0.69588935,0.8479447,0.7293627,0.86468136,0.69109637,0.84554815,0.74769795,0.873849
56662,0.65835536,0.8291777,0.65595293,0.82797647,0.5860858,0.7930429,0.60758734,0.80379367,0.64992887,0.8249644,0.77527463,0.8876373,0.68250877,0.84125435,0.7818613,0.89093065,0.82219994,0.9111,0.80101305,0.9005065
56725,0.6664377,0.8332188,0.665859,0.8329295,0.58723056,0.7936153,0.6214936,0.8107468,0.6577237,0.82886183,0.7503347,0.87516737,0.718809,0.8594045,0.7374252,0.8687126,0.7193016,0.8596508,0.7643133,0.8821566
56795,0.5977907,0.79889536,0.6239698,0.8119849,0.54267466,0.77133733,0.59986734,0.7999337,0.60142875,0.8007144,0.6564748,0.8282374,0.68407106,0.84203553,0.7235707,0.86178535,0.7224648,0.8612324,0.7311295,0.86556476
56796,0.6522099,0.82610494,0.6127399,0.80636996,0.5717551,0.7858776,0.5893202,0.7946601,0.6697904,0.8348952,0.77718216,0.88859105,0.6765542,0.8382771,0.7540351,0.87701756,0.7325258,0.8662629,0.73222494,0.8661125
56797,0.655373,0.8276865,0.6733128,0.8366564,0.61835444,0.8091772,0.6124701,0.8062351,0.68066597,0.840333,0.7700063,0.88500315,0.7064231,0.8532115,0.78587735,0.8929387,0.7962562,0.8981281,0.79407746,0.8970387
56798,0.59150577,0.7957529,0.5923548,0.7961774,0.54933786,0.77466893,0.5904904,0.7952452,0.59655887,0.7982794,0.66260314,0.83130157,0.6737014,0.8368507,0.68295544,0.84147775,0.68007135,0.8400357,0.7234248,0.8617124
56799,0.6446179,0.82230896,0.6011153,0.8005576,0.5496697,0.7748349,0.5547599,0.77738,0.6690391,0.8345195,0.8012056,0.9006028,0.767004,0.883502,0.7418487,0.87092435,0.7730485,0.88652426,0.8282051,0.91410255
56800,0.60537624,0.8026881,0.59046996,0.795235,0.52089727,0.76044863,0.59476304,0.7973815,0.5637132,0.7818566,0.6031923,0.80159616,0.5444601,0.77223,0.639877,0.81993854,0.6207044,0.8103522,0.60296524,0.8014826
56801,0.59840035,0.7992002,0.58686894,0.7934345,0.5706676,0.7853338,0.5389708,0.7694854,0.60837704,0.8041885,0.71302915,0.8565146,0.61851215,0.8092561,0.6595839,0.82979196,0.6848035,0.84240174,0.7035223,0.85176116
56802,0.6230439,0.81152195,0.60141575,0.8007079,0.5756372,0.7878186,0.5649675,0.78248376,0.6286526,0.8143263,0.7359493,0.86797464,0.74830437,0.8741522,0.6933625,0.84668124,0.7611745,0.8805872,0.7766639,0.88833195
56803,0.7402218,0.87011087,0.6987246,0.8493623,0.6598273,0.8299136,0.66573787,0.83286893,0.72101057,0.8605053,0.76630527,0.8831526,0.75733894,0.8786695,0.812516,0.906258,0.7501409,0.87507045,0.78761935,0.8938097
56804,0.7521366,0.8760683,0.7161113,0.85805565,0.6396784,0.81983924,0.6520543,0.82602715,0.7354125,0.86770624,0.7769492,0.8884746,0.7029665,0.8514832,0.8011006,0.9005503,0.753085,0.8765425,0.74925953,0.87462974
56805,0.5641681,0.78208405,0.5891219,0.7945609,0.5302302,0.76511514,0.5857639,0.79288197,0.53441465,0.7672073,0.5896578,0.7948289,0.58470577,0.7923529,0.6569944,0.8284972,0.6653015,0.8326508,0.63987046,0.8199352
56807,0.6898671,0.8449335,0.6877668,0.8438834,0.60892045,0.8044602,0.6169039,0.80845195,0.71928865,0.8596443,0.76178706,0.8808935,0.7915034,0.8957517,0.75106514,0.87553257,0.7732593,0.88662964,0.79459226,0.89729613
56809,0.6079059,0.80395293,0.6492419,0.82462096,0.59700215,0.7985011,0.6794456,0.8397228,0.61278236,0.8063912,0.63645947,0.81822973,0.6464056,0.8232028,0.7193538,0.8596769,0.74606687,0.8730334,0.6993111,0.8496555
56859,0.5407394,0.7703697,0.56150305,0.7807515,0.49112982,0.74556494,0.54493225,0.7724661,0.53279376,0.7663969,0.6260617,0.81303084,0.6111722,0.8055861,0.6266038,0.8133019,0.7089771,0.85448855,0.6934203,0.84671015
56860,0.5786499,0.78932494,0.59887916,0.79943955,0.56341445,0.7817072,0.6121762,0.8060881,0.6244682,0.8122341,0.6825652,0.8412826,0.6558503,0.82792515,0.71530825,0.8576541,0.7327721,0.86638606,0.74119353,0.87059677
56861,0.5963665,0.79818326,0.57971674,0.78985834,0.51981163,0.7599058,0.6193258,0.80966294,0.58635855,0.7931793,0.59926444,0.7996322,0.6155423,0.80777115,0.62868464,0.8143423,0.664296,0.83214796,0.6337274,0.81686366
56862,0.6883907,0.84419537,0.69415224,0.8470761,0.6524508,0.8262254,0.6234895,0.81174475,0.66922003,0.83461,0.75981194,0.87990594,0.75237036,0.8761852,0.78061557,0.8903078,0.801807,0.90090346,0.8344116,0.9172058
57384,0.738311,0.8691555,0.7153212,0.8576606,0.64211166,0.8210558,0.65050834,0.8252542,0.7577656,0.87888277,0.87546057,0.9377303,0.78395766,0.89197886,0.84411335,0.9220567,0.80348265,0.9017413,0.877277,0.9386385
57400,0.8020704,0.9010352,0.7393458,0.8696729,0.687806,0.843903,0.6872531,0.84362656,0.7965891,0.89829457,0.84876585,0.9243829,0.7805529,0.89027643,0.8360969,0.91804844,0.7571244,0.8785622,0.83868253,0.91934127
62042,0.5527777,0.7763889,0.6025984,0.8012992,0.51586545,0.7579327,0.5554772,0.7777386,0.5574359,0.778718,0.6140313,0.80701566,0.6010041,0.80050206,0.6615047,0.8307524,0.6990359,0.84951794,0.6386888,0.8193444
63086,0.41854647,0.7092732,0.4547825,0.72739124,0.40025154,0.70012575,0.42006075,0.7100304,0.45763552,0.72881776,0.5491207,0.77456033,0.5511135,0.77555674,0.5207281,0.76036406,0.59346247,0.79673123,0.5765298,0.7882649
63087,0.6288291,0.81441456,0.64683807,0.82341903,0.59404945,0.7970247,0.5994458,0.7997229,0.6669847,0.83349234,0.7126141,0.856307,0.7638511,0.8819256,0.7287185,0.86435926,0.765615,0.8828075,0.80078566,0.90039283
83710,0.6889809,0.8444904,0.697791,0.8488955,0.6019993,0.80099964,0.7003881,0.85019404,0.68559724,0.8427986,0.72194636,0.8609732,0.6713798,0.8356899,0.75593096,0.87796545,0.77280676,0.8864034,0.754514,0.877257
83711,0.5229543,0.7614771,0.6058796,0.8029398,0.5150533,0.75752664,0.53260016,0.7663001,0.5008327,0.75041634,0.51199317,0.7559966,0.5353292,0.7676646,0.5540383,0.77701914,0.61980855,0.8099043,0.59912884,0.7995644
86666,0.56187403,0.780937,0.67907345,0.8395367,0.54110634,0.7705532,0.5932617,0.79663086,0.6098158,0.8049079,0.66144013,0.83072007,0.689551,0.8447755,0.7595926,0.87979627,0.7369534,0.8684767,0.695549,0.8477745
87779,0.39781177,0.6989059,0.47135967,0.73567986,0.39025587,0.69512796,0.44905996,0.72453,0.32592672,0.6629634,0.30474615,0.6523731,0.29825723,0.6491286,0.4501896,0.7250948,0.42184803,0.710924,0.32455352,0.66227674
97622,0.68279433,0.84139717,0.73242843,0.8662142,0.6856395,0.84281975,0.6500462,0.8250231,0.7340177,0.86700886,0.8035922,0.9017961,0.73070437,0.86535215,0.8329276,0.9164638,0.77686316,0.88843155,0.7996445,0.89982224
98134,0.6720932,0.8360466,0.6908525,0.84542626,0.63979566,0.81989783,0.58483183,0.7924159,0.7269952,0.8634976,0.7738138,0.88690686,0.78466713,0.89233357,0.78695214,0.89347607,0.7870263,0.89351314,0.8189766,0.9094883
98135,0.6601486,0.8300743,0.6600913,0.83004564,0.64283895,0.8214195,0.62516385,0.8125819,0.65680814,0.82840407,0.75231075,0.8761554,0.6620471,0.8310236,0.76810586,0.88405293,0.72695994,0.86348,0.73734987,0.86867493
98136,0.5996973,0.7998487,0.5705117,0.78525585,0.5348152,0.7674076,0.5540955,0.77704775,0.60846424,0.8042321,0.711027,0.8555135,0.6148168,0.8074084,0.69541466,0.84770733,0.68752354,0.8437618,0.70629746,0.8531487
98137,0.61485547,0.80742776,0.62924695,0.8146235,0.56679523,0.7833976,0.60772604,0.80386305,0.638201,0.8191005,0.71796536,0.8589827,0.6825227,0.8412614,0.72074044,0.8603702,0.7268957,0.86344784,0.74917996,0.87459
98138,0.67908156,0.8395408,0.6711298,0.8355649,0.6327426,0.8163713,0.6309242,0.8154621,0.6972977,0.84864885,0.79198885,0.8959944,0.76579225,0.8828961,0.76174676,0.8808734,0.8142921,0.90714604,0.8396833,0.91984165
98171,0.7226825,0.86134124,0.69294584,0.8464729,0.64041716,0.82020855,0.64087063,0.8204353,0.7523302,0.8761651,0.83798635,0.9189932,0.76137865,0.8806893,0.78411806,0.892059,0.7872887,0.89364433,0.84167993,0.92083997
98172,0.6398974,0.8199487,0.6683177,0.83415884,0.5805996,0.7902998,0.6020936,0.8010468,0.6785426,0.8392713,0.7847073,0.89235365,0.7530804,0.8765402,0.7854312,0.8927156,0.7930002,0.8965001,0.829826,0.914913
98173,0.7297269,0.86486346,0.7627672,0.8813836,0.6743796,0.8371898,0.7115129,0.85575646,0.74720573,0.87360287,0.7639507,0.88197535,0.7529839,0.87649196,0.797819,0.8989095,0.799652,0.899826,0.7985612,0.8992806
98245,0.5715283,0.78576416,0.5844197,0.79220986,0.5379425,0.76897126,0.5702266,0.78511333,0.5829503,0.7914752,0.6858272,0.8429136,0.6515062,0.8257531,0.7016834,0.8508417,0.72344995,0.861725,0.7095633,0.8547816
98250,0.58357024,0.7917851,0.62348354,0.81174177,0.5745808,0.7872904,0.5767422,0.7883711,0.55355537,0.7767777,0.54764414,0.77382207,0.551654,0.775827,0.6188431,0.80942154,0.6079356,0.80396783,0.5842025,0.79210126
98251,0.6149763,0.80748814,0.59166783,0.79583395,0.5209979,0.76049894,0.5723438,0.7861719,0.6121781,0.80608904,0.6626587,0.83132935,0.63541126,0.81770563,0.62817574,0.81408787,0.7174281,0.85871404,0.67852426,0.8392621
98252,0.37300965,0.68650484,0.3114565,0.6557282,0.28736258,0.6436813,0.4949267,0.74746335,0.3588001,0.6794001,0.33601934,0.66800964,0.33952072,0.66976035,0.31970757,0.6598538,0.4099018,0.7049509,0.34740275,0.6737014
98253,0.7198571,0.85992855,0.70288587,0.85144293,0.6539842,0.8269921,0.650121,0.8250605,0.72131485,0.86065745,0.7370436,0.8685218,0.69888806,0.84944403,0.7374781,0.868739,0.75330424,0.8766521,0.74870396,0.874352
98254,0.64757884,0.8237894,0.66354686,0.8317734,0.583814,0.791907,0.64542574,0.8227129,0.676931,0.8384655,0.75483954,0.87741977,0.71700394,0.858502,0.75051755,0.8752588,0.7532646,0.87663233,0.77298415,0.8864921
98255,0.7454469,0.87272346,0.73795164,0.8689758,0.67233396,0.836167,0.69485956,0.84742975,0.76035726,0.88017863,0.8189992,0.9094996,0.7534142,0.8767071,0.8268982,0.9134491,0.78887033,0.89443517,0.83373773,0.91686887
98256,0.6724851,0.83624256,0.6509913,0.82549566,0.6106853,0.8053427,0.6910758,0.8455379,0.65420145,0.82710075,0.72111833,0.86055917,0.6251211,0.81256056,0.7239671,0.86198354,0.7279538,0.8639769,0.7115304,0.8557652
98257,0.67742586,0.83871293,0.70536315,0.8526816,0.6828414,0.8414207,0.72125983,0.8606299,0.6371566,0.8185783,0.7090193,0.85450965,0.64275724,0.8213786,0.7364515,0.86822575,0.7581935,0.87909675,0.75887954,0.8794398
98258,0.6384164,0.8192082,0.6352016,0.8176008,0.56822413,0.7841121,0.61820865,0.8091043,0.58924234,0.79462117,0.6848839,0.8424419,0.65845704,0.8292285,0.67792946,0.8389647,0.7172141,0.85860705,0.7211382,0.8605691
98259,0.6946428,0.8473214,0.6835501,0.84177506,0.64928615,0.8246431,0.69807243,0.8490362,0.70088696,0.8504435,0.74222684,0.8711134,0.72315216,0.8615761,0.7492428,0.8746214,0.78692836,0.8934642,0.78718585,0.89359295
98260,0.5890844,0.7945422,0.57675016,0.7883751,0.6059246,0.8029623,0.67848724,0.83924365,0.5826306,0.7913153,0.63394773,0.81697387,0.571823,0.7859115,0.6920301,0.84601504,0.6682158,0.8341079,0.6480546,0.8240273
98261,0.69464326,0.8473216,0.6487433,0.82437164,0.6209109,0.81045544,0.67892385,0.8394619,0.61132336,0.8056617,0.6611593,0.83057964,0.63769007,0.81884503,0.6379533,0.81897664,0.7181368,0.8590684,0.69218963,0.84609485
98262,0.6351131,0.81755656,0.6189035,0.80945176,0.54900146,0.7745007,0.68674207,0.84337103,0.5903818,0.79519093,0.6511423,0.8255712,0.6329243,0.81646216,0.6675705,0.83378524,0.72845846,0.8642292,0.727826,0.863913
98263,0.6069395,0.8034698,0.6299497,0.81497484,0.6253588,0.8126794,0.65078485,0.8253924,0.59295404,0.796477,0.6462426,0.8231213,0.5636065,0.78180325,0.67951155,0.8397558,0.69073,0.845365,0.67164755,0.8358238
98264,0.70131606,0.85065806,0.6937402,0.84687006,0.60616446,0.8030822,0.7243156,0.8621578,0.6672348,0.8336174,0.6713817,0.83569086,0.6345407,0.81727034,0.7718495,0.88592476,0.71167994,0.85583997,0.6938235,0.8469118
98265,0.67229104,0.8361455,0.60908186,0.80454093,0.58304566,0.79152286,0.62231714,0.81115854,0.67975163,0.8398758,0.80943674,0.9047184,0.6928667,0.84643334,0.74863386,0.87431693,0.750198,0.875099,0.7776383,0.88881916
98266,0.6786804,0.8393402,0.6919654,0.8459827,0.6244823,0.81224114,0.710377,0.8551885,0.6321028,0.81605136,0.650658,0.825329,0.6200006,0.8100003,0.71171904,0.8558595,0.74344635,0.8717232,0.6993918,0.8496959
98267,0.5919541,0.79597706,0.5943686,0.7971843,0.56091964,0.7804598,0.6506307,0.82531536,0.61590815,0.8079541,0.5820559,0.79102796,0.5825074,0.7912537,0.65424466,0.82712233,0.71115315,0.8555766,0.6572695,0.82863474
98268,0.6218127,0.81090635,0.6588345,0.8294172,0.6552815,0.8276408,0.66787577,0.8339379,0.60067606,0.80033803,0.62968755,0.8148438,0.54558396,0.772792,0.67548895,0.8377445,0.67165685,0.8358284,0.65447354,0.8272368
98269,0.6362647,0.81813234,0.6258811,0.81294054,0.58482003,0.79241,0.6178578,0.8089289,0.6403098,0.8201549,0.67285246,0.83642626,0.619897,0.8099485,0.68639684,0.8431984,0.71889746,0.85944873,0.65880364,0.82940185
98270,0.5979307,0.79896533,0.5914004,0.7957002,0.5165833,0.75829166,0.611702,0.805851,0.57199097,0.7859955,0.6293581,0.814679,0.6060348,0.8030174,0.65629756,0.8281488,0.71479404,0.857397,0.6505455,0.82527274
98271,0.576267,0.7881335,0.5774252,0.7887126,0.51576394,0.757882,0.5759727,0.78798634,0.5980818,0.7990409,0.7369203,0.8684602,0.68177354,0.8408868,0.7183044,0.8591522,0.7710533,0.88552666,0.78480613,0.89240307
98272,0.64549077,0.8227454,0.66099405,0.830497,0.61515856,0.8075793,0.62143946,0.8107197,0.6871252,0.8435626,0.79693246,0.8984662,0.7249689,0.86248446,0.8021946,0.9010973,0.78302526,0.89151263,0.8267721,0.91338605
98273,0.7384366,0.8692183,0.7278019,0.86390096,0.6816416,0.8408208,0.6866747,0.84333736,0.74248815,0.8712441,0.80812204,0.904061,0.7202873,0.86014366,0.85051507,0.92525756,0.8191366,0.9095683,0.83743507,0.9187175
98274,0.7422566,0.8711283,0.7072606,0.8536303,0.66822994,0.83411497,0.70469093,0.85234547,0.7611208,0.8805604,0.84889543,0.9244477,0.77657807,0.88828903,0.8461709,0.92308545,0.8104652,0.9052326,0.8485599,0.9242799
98275,0.6901694,0.84508467,0.62588274,0.8129414,0.598102,0.799051,0.611969,0.8059845,0.7091186,0.8545593,0.7909527,0.89547634,0.73759556,0.8687978,0.755944,0.877972,0.7295503,0.8647752,0.7573347,0.87866735
98276,0.64403594,0.82201797,0.6470327,0.82351637,0.57654965,0.7882748,0.6228207,0.8114103,0.6817563,0.8408781,0.730281,0.8651405,0.7093692,0.8546846,0.75553393,0.87776697,0.7784257,0.88921285,0.7698922,0.8849461
98277,0.59676766,0.79838383,0.62718624,0.81359315,0.5154026,0.7577013,0.63140005,0.81570005,0.623278,0.811639,0.70745885,0.8537294,0.69872737,0.8493637,0.7005385,0.85026926,0.7272531,0.86362654,0.7292461,0.86462307
98278,0.700192,0.850096,0.64047164,0.82023585,0.60864663,0.8043233,0.6710521,0.83552605,0.70293,0.851465,0.80835974,0.9041799,0.7298191,0.8649095,0.762213,0.8811065,0.7809942,0.8904971,0.819741,0.9098705
98279,0.7167671,0.85838354,0.6774844,0.8387422,0.6361171,0.81805855,0.70769083,0.8538454,0.7010811,0.8505405,0.79572964,0.8978648,0.7101717,0.85508585,0.78830415,0.89415205,0.77982914,0.8899146,0.79021466,0.8951073
98280,0.6606822,0.8303411,0.6459696,0.8229848,0.5858615,0.7929307,0.6778527,0.8389263,0.6388801,0.81944,0.72219825,0.8610991,0.6805645,0.84028226,0.7160425,0.85802126,0.74333334,0.87166667,0.74789596,0.873948
98281,0.63304746,0.81652373,0.60230345,0.80115175,0.5658665,0.78293324,0.63418317,0.8170916,0.60780907,0.80390453,0.7087388,0.8543694,0.64172626,0.8208631,0.6957839,0.8478919,0.71788657,0.8589433,0.70077837,0.8503892
98282,0.6273149,0.81365746,0.68452084,0.8422604,0.6012721,0.80063605,0.60367435,0.8018372,0.66739184,0.8336959,0.7244373,0.8622186,0.7359474,0.8679737,0.7637162,0.8818581,0.73904526,0.86952263,0.74126434,0.8706322
98283,0.7465142,0.8732571,0.68058527,0.84029263,0.63715124,0.8185756,0.70752263,0.8537613,0.7445152,0.8722576,0.8019146,0.9009573,0.744735,0.8723675,0.8010456,0.9005228,0.7622304,0.8811152,0.8011944,0.9005972
98284,0.446123,0.7230615,0.4845846,0.7422923,0.40359443,0.70179725,0.45469376,0.7273469,0.50228417,0.7511421,0.56584704,0.7829235,0.6041144,0.8020572,0.5902827,0.79514134,0.62869895,0.8143495,0.6219023,0.8109511
98285,0.59076154,0.7953808,0.5720952,0.7860476,0.5001967,0.75009835,0.5837259,0.79186296,0.58804715,0.7940236,0.6851021,0.84255105,0.6406336,0.8203168,0.6752095,0.83760476,0.7231327,0.86156636,0.6962222,0.8481111
98286,0.6316085,0.81580424,0.64441085,0.8222054,0.6115976,0.80579877,0.56951106,0.7847555,0.65346515,0.8267326,0.7286246,0.8643123,0.6818385,0.84091926,0.7526369,0.87631845,0.7280707,0.86403537,0.74036664,0.87018335
98287,0.67776525,0.8388826,0.67487365,0.8374368,0.6358937,0.81794685,0.6441181,0.82205904,0.68400615,0.8420031,0.78823674,0.89411837,0.6989156,0.8494578,0.8153366,0.9076683,0.7656318,0.8828159,0.7796732,0.8898366
98288,0.5163064,0.7581532,0.55527234,0.7776362,0.5199287,0.75996435,0.48707443,0.7435372,0.5189762,0.7594881,0.5301039,0.76505196,0.5179275,0.75896376,0.61322165,0.8066108,0.6200256,0.8100128,0.58009315,0.7900466
98289,0.624268,0.812134,0.62162316,0.8108116,0.5761718,0.78808594,0.6150149,0.80750746,0.6100589,0.80502945,0.6997527,0.84987634,0.65964127,0.82982063,0.6981897,0.84909487,0.7171409,0.85857046,0.74078715,0.8703936
98290,0.6389571,0.8194785,0.6315496,0.8157748,0.5762676,0.7881338,0.5928883,0.7964442,0.6893978,0.8446989,0.7571506,0.8785753,0.7409098,0.8704549,0.7480944,0.87404716,0.75489086,0.87744546,0.7875937,0.89379686
98291,0.6751816,0.8375908,0.6636396,0.8318198,0.63207823,0.8160391,0.6124203,0.80621016,0.68883884,0.8444194,0.76196754,0.88098377,0.7139137,0.85695684,0.7484158,0.8742079,0.759018,0.879509,0.7836056,0.8918028
98292,0.63854957,0.8192748,0.7076429,0.85382146,0.6098299,0.80491495,0.6659876,0.8329938,0.71321523,0.8566076,0.7096205,0.85481024,0.72611415,0.8630571,0.756958,0.878479,0.75685024,0.8784251,0.7548008,0.8774004
98293,0.6310787,0.81553936,0.6221837,0.81109184,0.5475465,0.77377325,0.5959525,0.79797626,0.65578485,0.8278924,0.7533189,0.87665945,0.7050016,0.8525008,0.74489796,0.872449,0.7628765,0.88143826,0.7612505,0.88062525
98294,0.63929284,0.8196464,0.59696496,0.7984825,0.5820548,0.7910274,0.6532441,0.826622,0.64086294,0.8204315,0.7119248,0.8559624,0.64223564,0.8211178,0.71711826,0.85855913,0.7243018,0.8621509,0.7178222,0.8589111
98295,0.6177856,0.8088928,0.63775086,0.81887543,0.5848419,0.792421,0.620695,0.8103475,0.63975525,0.8198776,0.7458255,0.87291276,0.73554724,0.86777365,0.7419653,0.87098265,0.7851509,0.89257544,0.80572057,0.9028603
98296,0.6607177,0.83035886,0.69266075,0.8463304,0.594731,0.7973655,0.61838865,0.8091943,0.6923989,0.84619945,0.77178967,0.88589483,0.7206366,0.8603183,0.78016496,0.8900825,0.77861553,0.88930774,0.8059089,0.90295446
98297,0.7233561,0.86167806,0.70058966,0.8502948,0.6519087,0.8259543,0.7123942,0.8561971,0.7058165,0.85290825,0.7433623,0.87168115,0.7248893,0.86244464,0.7780576,0.8890288,0.8086312,0.9043156,0.8184351,0.90921754
98298,0.6524675,0.82623374,0.6429359,0.82146794,0.6163225,0.80816126,0.68294656,0.8414733,0.6205356,0.8102678,0.67104286,0.83552146,0.6719323,0.8359661,0.700155,0.8500775,0.74105465,0.8705273,0.7366147,0.86830735
98299,0.5127289,0.75636446,0.5580646,0.7790323,0.50500256,0.75250125,0.53013015,0.7650651,0.5358666,0.7679333,0.5186192,0.7593096,0.5017562,0.7508781,0.57980466,0.7899023,0.50924194,0.75462097,0.50906444,0.7545322
98300,0.6625054,0.8312527,0.67821336,0.8391067,0.63553303,0.81776655,0.6067596,0.8033798,0.6844872,0.8422436,0.72107184,0.8605359,0.7051324,0.85256624,0.7716886,0.8858443,0.7282052,0.8641026,0.7608442,0.8804221
98301,0.49724054,0.7486203,0.49568594,0.74784297,0.44715464,0.7235773,0.44458443,0.7222922,0.5506693,0.77533466,0.64733624,0.8236681,0.6299703,0.81498516,0.6106756,0.8053378,0.6554922,0.8277461,0.68666965,0.8433348
98302,0.75111794,0.875559,0.7107342,0.85536706,0.6614091,0.83070457,0.7297399,0.86486995,0.7530235,0.87651175,0.80101585,0.9005079,0.749761,0.8748805,0.8053169,0.90265846,0.7918923,0.89594615,0.81945,0.909725
98303,0.6746292,0.8373146,0.6359322,0.8179661,0.58865106,0.79432553,0.62646323,0.8132316,0.7062396,0.8531198,0.8234667,0.9117334,0.7363207,0.86816037,0.75554454,0.8777723,0.79039764,0.8951988,0.8298146,0.91490734
98304,0.79763186,0.89881593,0.76754427,0.88377213,0.7017565,0.85087824,0.68617874,0.84308934,0.7852823,0.8926412,0.8373841,0.91869205,0.77839255,0.8891963,0.8476872,0.9238436,0.8338016,0.9169008,0.8367522,0.9183761
98305,0.7739574,0.8869787,0.73204917,0.8660246,0.69900453,0.84950227,0.73095846,0.86547923,0.7088797,0.85443985,0.80568016,0.9028401,0.71419805,0.85709906,0.8263546,0.9131773,0.797305,0.8986525,0.81031,0.905155
98306,0.65788984,0.8289449,0.66872835,0.8343642,0.6303876,0.8151938,0.6529076,0.8264538,0.66491747,0.83245873,0.7212738,0.8606369,0.66867363,0.8343368,0.75805163,0.8790258,0.75623655,0.8781183,0.74420905,0.8721045
98307,0.53603995,0.76802,0.61003566,0.8050178,0.50800216,0.7540011,0.5710864,0.7855432,0.5684415,0.78422076,0.62645644,0.81322825,0.62160623,0.8108031,0.6901395,0.84506977,0.68511236,0.8425562,0.67230666,0.8361533
98308,0.63788164,0.8189408,0.7130791,0.85653955,0.5883335,0.79416674,0.6058639,0.80293196,0.66943717,0.8347186,0.75423706,0.8771185,0.7170967,0.85854834,0.7687814,0.8843907,0.7900151,0.89500755,0.7767129,0.88835645
98309,0.58572984,0.7928649,0.61190516,0.80595255,0.5453248,0.7726624,0.55190945,0.7759547,0.60278964,0.8013948,0.6729007,0.83645034,0.6566133,0.8283067,0.7056258,0.8528129,0.7386452,0.8693226,0.6973086,0.84865427
98310,0.80747604,0.903738,0.709172,0.854586,0.72353125,0.8617656,0.65837836,0.8291892,0.75368524,0.8768426,0.8021339,0.90106696,0.712523,0.8562615,0.7969937,0.89849687,0.71482456,0.8574123,0.77303326,0.88651663
98311,0.6725787,0.83628935,0.6627867,0.83139336,0.6000652,0.8000326,0.6047381,0.80236906,0.6747408,0.8373704,0.73956776,0.8697839,0.7377666,0.8688833,0.7108395,0.85541975,0.764531,0.8822655,0.78002715,0.8900136
98312,0.66708785,0.8335439,0.72706306,0.86353153,0.6138841,0.80694205,0.6601769,0.83008844,0.713419,0.8567095,0.74325716,0.8716286,0.78268933,0.89134467,0.80395985,0.9019799,0.7369385,0.86846924,0.7793628,0.8896814
98313,0.6965201,0.84826005,0.6739571,0.83697855,0.64845943,0.8242297,0.6532537,0.82662684,0.6957667,0.84788334,0.78894687,0.89447343,0.6745765,0.83728826,0.7882982,0.89414907,0.7833956,0.89169776,0.7964971,0.89824855
98314,0.7199098,0.8599549,0.7170718,0.8585359,0.6615312,0.8307656,0.6968337,0.84841686,0.72654784,0.8632739,0.7876432,0.8938216,0.7156608,0.8578304,0.8101131,0.90505654,0.78721106,0.89360553,0.8089522,0.9044761
98315,0.5723603,0.78618014,0.599875,0.7999375,0.57147294,0.78573644,0.5917584,0.7958792,0.5762411,0.7881205,0.6682113,0.8341056,0.61500204,0.807501,0.65891147,0.82945573,0.71078026,0.85539013,0.6694103,0.8347051
98316,0.7773893,0.88869464,0.7307294,0.8653647,0.7056453,0.85282266,0.68201387,0.84100693,0.7761716,0.88808584,0.86394775,0.9319739,0.74577165,0.8728858,0.8402083,0.92010415,0.80044746,0.90022373,0.82947457,0.9147373
98317,0.65458155,0.8272908,0.5950565,0.79752827,0.5389118,0.7694559,0.538556,0.769278,0.6732273,0.83661366,0.8257139,0.91285694,0.75899655,0.87949824,0.71166843,0.85583425,0.7366148,0.8683074,0.8228661,0.91143304
98318,0.6880992,0.8440496,0.6961619,0.848081,0.6281638,0.8140819,0.6984477,0.84922385,0.7188433,0.8594216,0.769423,0.8847115,0.7512916,0.87564576,0.790781,0.8953905,0.8029567,0.90147835,0.8205644,0.9102822
98319,0.6646241,0.83231205,0.6519682,0.8259841,0.62799066,0.81399536,0.685036,0.842518,0.62283075,0.8114154,0.6961752,0.8480876,0.6498176,0.8249088,0.6822852,0.8411426,0.73307914,0.8665396,0.72983223,0.8649161
98320,0.7405032,0.8702516,0.68482524,0.8424126,0.66040385,0.8302019,0.609563,0.8047815,0.7545238,0.8772619,0.8899624,0.9449812,0.7574259,0.87871295,0.8325302,0.91626513,0.8097395,0.90486974,0.86471903,0.9323595
98321,0.6490805,0.82454026,0.690927,0.8454635,0.6274024,0.8137012,0.6795222,0.83976114,0.6645516,0.8322758,0.7251942,0.8625971,0.68211114,0.8410556,0.7311635,0.86558175,0.7881181,0.89405906,0.771244,0.885622
98322,0.7189262,0.8594631,0.69015026,0.84507513,0.64925134,0.8246257,0.62673295,0.8133665,0.73345375,0.8667269,0.86994046,0.93497026,0.73357743,0.86678874,0.81512475,0.9075624,0.8119133,0.9059566,0.84767437,0.9238372
98323,0.6866959,0.8433479,0.639842,0.819921,0.57940865,0.7897043,0.5902785,0.79513925,0.6831474,0.8415737,0.7679978,0.8839989,0.7041267,0.85206336,0.78561354,0.89280677,0.7348339,0.867417,0.7777134,0.8888567
98324,0.7125503,0.85627514,0.6627697,0.83138484,0.64359665,0.8217983,0.6966909,0.84834546,0.681815,0.8409075,0.76603925,0.8830196,0.67648876,0.8382444,0.77331954,0.88665974,0.78211427,0.89105713,0.7836522,0.8918261
98325,0.6876031,0.84380156,0.6061397,0.80306983,0.62415063,0.8120753,0.60918486,0.80459243,0.6698656,0.8349328,0.8388542,0.9194271,0.73963153,0.86981577,0.7706255,0.88531274,0.7982898,0.8991449,0.84695494,0.9234775
98326,0.6740875,0.83704376,0.64145017,0.8207251,0.5953243,0.79766214,0.63525915,0.8176296,0.6486197,0.8243098,0.77385104,0.8869255,0.6492342,0.8246171,0.77004683,0.8850234,0.7762525,0.88812625,0.75743854,0.8787193
98327,0.5221131,0.76105654,0.5883328,0.7941664,0.5051305,0.75256526,0.52183473,0.76091737,0.55030274,0.7751514,0.6366874,0.8183437,0.603632,0.801816,0.63985664,0.8199283,0.69040763,0.8452038,0.6884068,0.8442034
98328,0.768186,0.884093,0.6662886,0.8331443,0.6716797,0.83583987,0.7069359,0.85346794,0.75859964,0.8792998,0.8481463,0.92407316,0.74094063,0.8704703,0.823306,0.91165304,0.7751227,0.8875613,0.8189359,0.90946794
98329,0.6383829,0.81919146,0.66203356,0.8310168,0.5996748,0.7998374,0.66816765,0.8340838,0.6280894,0.8140447,0.6932639,0.84663194,0.6820421,0.84102106,0.7605291,0.8802645,0.77474314,0.88737154,0.7656398,0.8828199
98330,0.5623764,0.7811882,0.59725034,0.7986252,0.51333046,0.7566652,0.5680544,0.7840272,0.56295073,0.78147537,0.6025356,0.8012678,0.5994026,0.79970133,0.6223881,0.81119406,0.6551441,0.82757205,0.6298908,0.8149454
98331,0.6383301,0.81916505,0.61103547,0.80551773,0.60638833,0.80319417,0.6520491,0.82602453,0.6066731,0.80333656,0.6782404,0.8391202,0.54899216,0.7744961,0.68536806,0.84268403,0.71775895,0.85887945,0.6516726,0.8258363
98332,0.69201297,0.8460065,0.71127766,0.85563886,0.6464301,0.823215,0.6998762,0.8499381,0.7084789,0.85423946,0.7189946,0.8594973,0.74750787,0.8737539,0.800966,0.900483,0.78614736,0.8930737,0.77130246,0.88565123
98333,0.49395332,0.7469767,0.48175886,0.7408794,0.4714455,0.7357228,0.4952475,0.74762374,0.49390966,0.7469548,0.5917436,0.7958718,0.5832528,0.7916264,0.5568347,0.77841735,0.62327933,0.81163967,0.6270524,0.8135262
98334,0.6242886,0.8121443,0.6748252,0.8374126,0.64977145,0.8248857,0.6249151,0.81245756,0.5865595,0.79327977,0.61098796,0.80549395,0.553287,0.7766435,0.665048,0.832524,0.62687474,0.81343734,0.614522,0.807261
98335,0.6908943,0.8454472,0.72043395,0.860217,0.6649082,0.8324541,0.71485245,0.8574262,0.7163788,0.8581894,0.7496025,0.8748013,0.70996326,0.85498166,0.80934864,0.9046743,0.7762395,0.88811976,0.76163244,0.8808162
98336,0.52364266,0.7618213,0.53735393,0.768677,0.5510813,0.77554065,0.5438582,0.7719291,0.53023416,0.76511705,0.5883644,0.7941822,0.462393,0.7311965,0.5955661,0.797783,0.5903121,0.79515606,0.5292698,0.7646349
98337,0.54143745,0.7707187,0.5276637,0.76383185,0.48660314,0.7433016,0.550647,0.7753235,0.5601239,0.78006196,0.6065395,0.80326974,0.6058184,0.8029092,0.58399886,0.79199946,0.63947964,0.8197398,0.6326785,0.81633925
98338,0.61260176,0.8063009,0.6538961,0.82694805,0.5907701,0.79538506,0.61753786,0.8087689,0.59461796,0.797309,0.5444048,0.7722024,0.5548874,0.7774437,0.6443597,0.82217985,0.63943166,0.81971586,0.5821153,0.79105765
98339,0.6022333,0.80111665,0.61251885,0.8062594,0.56543756,0.7827188,0.56402063,0.7820103,0.62103117,0.8105156,0.74942815,0.8747141,0.69948995,0.849745,0.7424649,0.87123245,0.76230955,0.8811548,0.8006002,0.9003001
98340,0.64245296,0.8212265,0.6254538,0.8127269,0.5801204,0.79006016,0.6262765,0.81313825,0.6388905,0.81944525,0.7229501,0.86147505,0.6957066,0.8478533,0.691831,0.8459155,0.74167144,0.8708357,0.74636286,0.87318146
98341,0.6947136,0.8473568,0.7297932,0.8648966,0.65421003,0.82710505,0.72348964,0.8617448,0.70102715,0.8505136,0.7598569,0.87992847,0.7303258,0.8651629,0.80005646,0.9000282,0.81270456,0.9063523,0.8119775,0.90598875
98342,0.7263031,0.86315155,0.6537918,0.8268959,0.6611867,0.83059335,0.6338388,0.8169194,0.70689046,0.85344523,0.7358031,0.86790156,0.6841165,0.84205824,0.755425,0.8777125,0.7536085,0.87680423,0.76168805,0.880844
98343,0.4922955,0.74614775,0.5027277,0.7513639,0.45104736,0.7255237,0.50606525,0.7530326,0.52557945,0.7627897,0.62372166,0.8118608,0.5774297,0.7887149,0.61915505,0.8095775,0.6598122,0.8299061,0.6710985,0.83554924
98344,0.70326626,0.85163313,0.70585895,0.8529295,0.6304019,0.8152009,0.71430963,0.85715485,0.6887911,0.8443955,0.6954505,0.8477253,0.65371186,0.8268559,0.7482948,0.8741474,0.709057,0.8545285,0.71078634,0.8553932
98345,0.66693246,0.83346623,0.6291686,0.8145843,0.61565125,0.8078256,0.56860405,0.784302,0.66669977,0.8333499,0.7826251,0.89131254,0.66923183,0.83461595,0.7132911,0.8566456,0.7024449,0.85122246,0.7698865,0.88494325
98346,0.5390388,0.7695194,0.55099034,0.7754952,0.53632206,0.76816106,0.60349405,0.801747,0.58050835,0.7902542,0.644225,0.8221125,0.5863745,0.79318726,0.68405485,0.8420274,0.65968454,0.82984227,0.6483871,0.82419354
98347,0.5631124,0.7815562,0.54843,0.774215,0.5602392,0.7801196,0.55064464,0.7753223,0.54769397,0.773847,0.6276454,0.8138227,0.5539692,0.7769846,0.6083274,0.8041637,0.6918343,0.8459171,0.6155542,0.8077771
98348,0.50955224,0.7547761,0.52358186,0.76179093,0.49856448,0.74928224,0.5232443,0.7616222,0.5775442,0.7887721,0.6890846,0.84454226,0.65503263,0.8275163,0.6104509,0.8052255,0.73632646,0.8681632,0.7301974,0.8650987
98349,0.6196559,0.8098279,0.66958845,0.8347942,0.5877533,0.79387665,0.63390625,0.8169531,0.6516551,0.82582754,0.6724547,0.83622736,0.6842038,0.84210193,0.74033153,0.87016577,0.7241585,0.86207926,0.7556188,0.8778094
98350,0.6334732,0.8167366,0.6348939,0.81744695,0.59014326,0.7950716,0.6422689,0.82113445,0.6616216,0.8308108,0.7770815,0.88854074,0.7106694,0.8553347,0.7587659,0.87938297,0.7575946,0.8787973,0.8014234,0.90071166
98351,0.62773514,0.81386757,0.6307486,0.8153743,0.59213823,0.79606915,0.58636624,0.7931831,0.6583892,0.8291946,0.731766,0.865883,0.6854856,0.8427428,0.70858586,0.8542929,0.76105845,0.8805292,0.75242114,0.8762106
98352,0.5827414,0.7913707,0.5753705,0.7876853,0.5346658,0.7673329,0.55464435,0.7773222,0.5745409,0.7872704,0.7077197,0.85385984,0.67293525,0.8364676,0.7054382,0.85271907,0.76072204,0.880361,0.76857257,0.8842863
98353,0.6007978,0.8003989,0.5672113,0.78360564,0.48623073,0.74311537,0.5144906,0.7572453,0.6362852,0.8181426,0.7576973,0.8788487,0.7328097,0.8664049,0.682423,0.8412115,0.7120774,0.8560387,0.7650111,0.88250554
98354,0.509269,0.7546345,0.603705,0.80185246,0.56525725,0.78262866,0.51774526,0.7588726,0.5692488,0.7846244,0.48526037,0.7426302,0.50823605,0.754118,0.5484498,0.7742249,0.51864046,0.75932026,0.47692603,0.73846304
98355,0.5920487,0.7960243,0.59569275,0.7978464,0.5456952,0.7728476,0.6195969,0.8097985,0.6124555,0.80622774,0.6049357,0.8024678,0.6112835,0.8056418,0.6196379,0.809819,0.6813854,0.8406927,0.6619892,0.8309946
98356,0.64234227,0.82117116,0.62083435,0.8104172,0.56873363,0.78436685,0.572678,0.78633904,0.65406716,0.8270336,0.75034046,0.87517023,0.6966878,0.8483439,0.74795467,0.8739773,0.75130785,0.8756539,0.7489917,0.87449586
98357,0.57863307,0.78931653,0.60703,0.80351496,0.5495941,0.7747971,0.5138457,0.75692284,0.5644809,0.78224045,0.47754893,0.7387745,0.49082217,0.7454111,0.5114562,0.7557281,0.5005078,0.7502539,0.45897767,0.72948885
98358,0.6790063,0.83950317,0.6733583,0.83667916,0.6347678,0.8173839,0.5984417,0.79922086,0.7317119,0.86585593,0.80415475,0.9020774,0.7678013,0.88390064,0.7684032,0.8842016,0.7937336,0.8968668,0.82054853,0.91027427
98359,0.7076261,0.85381305,0.62140524,0.8107026,0.617175,0.8085875,0.58240134,0.79120064,0.68498766,0.84249383,0.8051697,0.90258485,0.6994748,0.8497374,0.75361633,0.87680817,0.7683302,0.8841651,0.783008,0.891504
98360,0.56056994,0.780285,0.63924634,0.8196232,0.55654216,0.7782711,0.6725008,0.8362504,0.5177747,0.75888735,0.49460304,0.7473015,0.528448,0.764224,0.6006299,0.80031496,0.65974486,0.8298724,0.5804198,0.7902099
98361,0.7239013,0.86195064,0.7560228,0.8780114,0.679739,0.8398695,0.6971058,0.84855294,0.7422666,0.8711333,0.79242575,0.8962129,0.77121556,0.8856078,0.8293848,0.9146924,0.82783747,0.91391873,0.8438878,0.9219439
98362,0.5791669,0.78958344,0.5947142,0.7973571,0.5519235,0.77596176,0.5554196,0.77770984,0.62963754,0.81481874,0.65531373,0.82765687,0.68675065,0.8433753,0.6701987,0.83509934,0.6976409,0.84882045,0.6908001,0.84540004
98363,0.67030585,0.8351529,0.7058607,0.8529303,0.6541229,0.8270614,0.63684845,0.8184242,0.73329425,0.8666471,0.750286,0.875143,0.70772076,0.8538604,0.7718531,0.88592654,0.75602126,0.87801063,0.75727,0.878635
98364,0.49189132,0.7459457,0.5370126,0.7685063,0.4861614,0.74308074,0.4421059,0.72105294,0.4931168,0.7465584,0.54460543,0.77230275,0.5217781,0.76088905,0.5633651,0.78168255,0.58695114,0.79347557,0.57290184,0.7864509
98365,0.56389403,0.781947,0.6380303,0.81901515,0.58780277,0.7939014,0.565447,0.7827235,0.55486244,0.77743125,0.54182875,0.7709144,0.5278777,0.76393884,0.6234609,0.81173044,0.6588202,0.8294101,0.6162267,0.80811334
98366,0.6278186,0.8139093,0.6741717,0.83708584,0.63202786,0.81601393,0.64964706,0.8248235,0.6513183,0.82565916,0.6964961,0.84824806,0.6832156,0.8416078,0.7722219,0.88611096,0.77468026,0.8873401,0.75778127,0.87889063
98367,0.558266,0.77913296,0.5558872,0.7779436,0.528818,0.764409,0.5567622,0.7783811,0.5604757,0.78023785,0.6854918,0.8427459,0.6269263,0.81346315,0.6406292,0.8203146,0.7116282,0.8558141,0.700163,0.8500815
98368,0.5452021,0.772601,0.6149613,0.8074807,0.5576552,0.7788276,0.5876255,0.79381275,0.59111476,0.7955574,0.6548273,0.8274137,0.62264234,0.81132114,0.6913439,0.84567195,0.7324289,0.86621445,0.7074317,0.85371584
98369,0.64326894,0.8216345,0.68727565,0.8436378,0.6589841,0.8294921,0.6904255,0.84521276,0.6972263,0.84861314,0.7588184,0.8794092,0.7170472,0.8585236,0.796132,0.89806604,0.76825154,0.88412577,0.8283819,0.91419095
98370,0.6766826,0.8383413,0.72926605,0.864633,0.66264856,0.8313243,0.6865655,0.84328276,0.7030437,0.85152185,0.7481173,0.87405866,0.72962403,0.864812,0.80551744,0.9027587,0.7981448,0.8990724,0.78980255,0.8949013
98371,0.632408,0.816204,0.65424037,0.8271202,0.63225055,0.8161253,0.7072354,0.85361767,0.6381035,0.81905174,0.651562,0.825781,0.6367291,0.81836456,0.69463587,0.84731793,0.7274927,0.86374635,0.7009797,0.85048985
98372,0.6969979,0.84849894,0.67481774,0.8374089,0.62894535,0.8144727,0.6552959,0.8276479,0.6729108,0.8364554,0.7374027,0.86870134,0.68954015,0.8447701,0.7827951,0.89139754,0.74571407,0.87285703,0.76106304,0.88053155
98373,0.65116286,0.82558143,0.61342585,0.8067129,0.6444526,0.8222263,0.5912384,0.7956192,0.6311592,0.8155796,0.67687666,0.83843833,0.57669276,0.7883464,0.6471029,0.8235514,0.6646067,0.83230335,0.6793374,0.8396687
98374,0.6382283,0.81911415,0.6347914,0.8173957,0.58081543,0.7904077,0.65416604,0.827083,0.6430037,0.82150185,0.66150224,0.8307511,0.63085437,0.8154272,0.69573724,0.8478686,0.71971506,0.85985756,0.68323946,0.84161973
98375,0.6554997,0.82774985,0.643008,0.821504,0.62570953,0.81285477,0.6508262,0.8254131,0.61682576,0.8084129,0.70554805,0.852774,0.62880385,0.8144019,0.69513315,0.8475666,0.7617904,0.8808952,0.74054974,0.8702749
98376,0.6734898,0.8367449,0.62272894,0.8113645,0.5799333,0.78996664,0.6175566,0.8087783,0.6329661,0.816483,0.77435696,0.8871785,0.6487142,0.8243571,0.70789427,0.85394716,0.7427014,0.8713507,0.7656119,0.88280594
98377,0.66577667,0.83288836,0.6987742,0.8493871,0.632214,0.81610703,0.68190265,0.8409513,0.6567745,0.82838726,0.74652696,0.8732635,0.7437215,0.87186074,0.7862716,0.8931358,0.8193176,0.9096588,0.83715427,0.91857713
98378,0.6765932,0.8382966,0.676543,0.8382715,0.6305809,0.81529045,0.67185414,0.83592707,0.64536154,0.8226808,0.7323178,0.8661589,0.68370324,0.8418516,0.7773546,0.8886773,0.7739562,0.8869781,0.80341005,0.901705
98379,0.6823911,0.8411956,0.59931356,0.79965675,0.5807706,0.7903853,0.6145619,0.80728096,0.6668398,0.8334199,0.82462853,0.9123143,0.69173396,0.845867,0.7376946,0.8688473,0.7490158,0.8745079,0.78039026,0.89019513
98380,0.7432282,0.8716141,0.71668154,0.85834074,0.6647474,0.83237374,0.69571984,0.8478599,0.7663963,0.88319814,0.8659817,0.93299085,0.8080147,0.9040073,0.84293926,0.9214696,0.83601797,0.918009,0.86942035,0.93471014
98381,0.6123606,0.8061803,0.6509156,0.8254578,0.54167867,0.77083933,0.5867532,0.79337656,0.6247946,0.8123973,0.67200416,0.8360021,0.66146934,0.83073467,0.69515216,0.8475761,0.70095354,0.85047674,0.6819315,0.84096575
98382,0.63586724,0.8179336,0.67806387,0.83903193,0.60890275,0.80445135,0.6395121,0.81975603,0.6587717,0.8293859,0.7119998,0.8559999,0.7154056,0.8577028,0.766298,0.883149,0.7792764,0.8896382,0.7950727,0.89753634
98383,0.69813,0.849065,0.6605642,0.8302821,0.63722897,0.8186145,0.6168789,0.8084395,0.68484277,0.8424214,0.78380704,0.8919035,0.6772865,0.83864325,0.7338203,0.86691016,0.7781652,0.8890826,0.773582,0.886791
98384,0.62227786,0.8111389,0.6332878,0.8166439,0.56321526,0.7816076,0.6898613,0.84493065,0.5992403,0.79962015,0.61874294,0.8093715,0.6061171,0.80305856,0.6772037,0.8386018,0.69984746,0.84992373,0.68539953,0.84269977
98385,0.6093216,0.8046608,0.58239436,0.7911972,0.52085817,0.7604291,0.5739202,0.7869601,0.6046576,0.8023288,0.73427665,0.8671383,0.6566833,0.82834166,0.7135333,0.85676664,0.7211716,0.8605858,0.7698059,0.88490295
98386,0.66218764,0.8310938,0.68781,0.843905,0.6271265,0.8135632,0.7249096,0.8624548,0.66386735,0.8319337,0.6690675,0.83453375,0.67133284,0.8356664,0.7462603,0.87313014,0.746752,0.873376,0.71363986,0.8568199
98387,0.50657797,0.753289,0.5578888,0.7789444,0.51918864,0.7595943,0.61703014,0.8085151,0.5103276,0.7551638,0.5185318,0.7592659,0.45923898,0.7296195,0.57157385,0.7857869,0.5299725,0.7649863,0.537513,0.7687565
98388,0.7188734,0.8594367,0.6797397,0.83986986,0.6505826,0.8252913,0.7027083,0.8513541,0.6847136,0.8423568,0.7502721,0.875136,0.68638235,0.84319115,0.760112,0.880056,0.7651224,0.8825612,0.7595006,0.8797503
98389,0.6822627,0.8411313,0.68324673,0.84162337,0.6036141,0.80180705,0.63343346,0.81671673,0.7232086,0.86160433,0.7998712,0.8999356,0.7775924,0.8887962,0.76270276,0.88135135,0.78772914,0.8938646,0.8190302,0.90951514
98390,0.6965512,0.8482756,0.640791,0.82039547,0.5972477,0.79862386,0.71196014,0.85598004,0.66163355,0.83081675,0.74704856,0.8735243,0.6838136,0.8419068,0.7301191,0.86505955,0.7471077,0.8735539,0.78637636,0.8931882
98391,0.6210387,0.81051934,0.591805,0.7959025,0.5783378,0.7891689,0.59120333,0.79560167,0.6397017,0.81985086,0.7517607,0.87588036,0.7081579,0.85407895,0.7170211,0.85851055,0.7435534,0.8717767,0.78375,0.891875
98392,0.5902077,0.79510385,0.59717274,0.79858637,0.56391644,0.7819582,0.5996969,0.79984844,0.5737614,0.78688073,0.6322614,0.8161307,0.5991851,0.79959255,0.6901959,0.84509796,0.7213767,0.8606883,0.70139664,0.85069835
98393,0.65575665,0.82787836,0.63051105,0.8152555,0.5811616,0.7905808,0.5977223,0.79886115,0.6353991,0.81769955,0.7691313,0.88456565,0.6782892,0.8391446,0.75219107,0.87609553,0.7763968,0.8881984,0.7737061,0.88685304
98394,0.567904,0.783952,0.5721619,0.78608096,0.5297014,0.76485074,0.52953404,0.76476705,0.6045345,0.80226725,0.69691384,0.8484569,0.66901374,0.83450687,0.68201303,0.8410065,0.7365045,0.8682523,0.7344059,0.86720294
98395,0.7288333,0.86441666,0.6719646,0.8359823,0.6705926,0.8352963,0.63616735,0.81808364,0.7734579,0.88672894,0.8845113,0.9422556,0.78074634,0.8903732,0.85378987,0.9268949,0.80012083,0.9000604,0.89040357,0.94520175
98396,0.6465403,0.82327014,0.66182864,0.8309143,0.6151297,0.80756485,0.65915143,0.8295757,0.67455065,0.8372753,0.7641286,0.88206434,0.73327595,0.86663795,0.7597487,0.87987435,0.83331203,0.916656,0.8277983,0.9138992
98397,0.5762855,0.78814274,0.5806238,0.79031193,0.5396682,0.7698341,0.5389186,0.7694593,0.6199348,0.8099674,0.69186676,0.8459334,0.66172636,0.8308632,0.6950189,0.84750944,0.7493239,0.8746619,0.75201344,0.8760067
98398,0.6631804,0.8315902,0.62448514,0.81224257,0.5852085,0.7926042,0.5581858,0.7790929,0.70048964,0.8502448,0.7644104,0.8822052,0.71016115,0.8550806,0.71686524,0.85843265,0.7423065,0.87115324,0.75537395,0.877687
98399,0.47003064,0.73501533,0.48466098,0.7423305,0.4078583,0.7039292,0.39203578,0.69601786,0.5054088,0.7527044,0.52175945,0.76087976,0.5644002,0.7822001,0.490162,0.745081,0.50440466,0.75220233,0.49839735,0.7491987
98400,0.71389246,0.85694623,0.664564,0.832282,0.60857356,0.8042868,0.7021041,0.85105205,0.68434,0.84217,0.67517173,0.83758587,0.61866665,0.8093333,0.6981971,0.84909856,0.7304458,0.86522293,0.69034076,0.8451704
98401,0.59345794,0.79672897,0.62016857,0.8100843,0.5253177,0.76265883,0.5595434,0.7797717,0.5790881,0.78954405,0.62437034,0.81218517,0.60837895,0.80418944,0.70360965,0.85180485,0.6753173,0.83765864,0.64612234,0.82306117
98402,0.788126,0.894063,0.7553078,0.8776539,0.714422,0.857211,0.6847954,0.8423977,0.78502834,0.89251417,0.8497546,0.9248773,0.78036845,0.8901842,0.8597154,0.92985773,0.807899,0.9039495,0.8562201,0.92811006
1747,0.68196946,0.8409847,0.6213548,0.8106774,0.61229306,0.8061465,0.64693457,0.82346725,0.63397455,0.8169873,0.68253005,0.841265,0.64484346,0.8224217,0.66361237,0.8318062,0.74324715,0.8716236,0.69401586,0.84700793
1784,0.634405,0.8172025,0.6692781,0.8346391,0.57085335,0.7854267,0.5913986,0.7956993,0.720183,0.8600915,0.6897242,0.8448621,0.73099977,0.86549985,0.70814085,0.8540704,0.7422415,0.87112075,0.68370795,0.841854
2476,0.6063527,0.80317634,0.64096594,0.82048297,0.65382564,0.8269128,0.6366981,0.81834906,0.58795065,0.79397535,0.58557177,0.7927859,0.5812166,0.7906083,0.6290526,0.8145263,0.6185317,0.80926585,0.6381738,0.8190869
2515,0.7320957,0.86604786,0.7158176,0.8579088,0.70931697,0.8546585,0.65578884,0.82789445,0.6976837,0.84884185,0.6671715,0.83358574,0.6464663,0.8232331,0.6993071,0.84965354,0.7201795,0.8600898,0.70285934,0.8514297
2517,0.68998003,0.84499,0.64015007,0.82007504,0.7070178,0.8535089,0.5953299,0.79766494,0.6256768,0.81283844,0.5594212,0.7797106,0.47293997,0.73647,0.6326983,0.81634915,0.57782114,0.78891057,0.54932034,0.77466017
2529,0.7394519,0.86972594,0.6531935,0.82659674,0.6587974,0.8293987,0.58866453,0.79433227,0.70377743,0.8518887,0.6346191,0.81730956,0.63279295,0.8163965,0.654917,0.8274585,0.60787296,0.8039365,0.62986267,0.81493133
2538,0.72802365,0.8640118,0.66142595,0.830713,0.6743579,0.83717895,0.651224,0.825612,0.67159605,0.835798,0.6170194,0.8085097,0.57854956,0.7892748,0.6790892,0.8395446,0.6222464,0.8111232,0.61186266,0.8059313
2551,0.7588212,0.8794106,0.71102595,0.855513,0.68811846,0.8440592,0.6174484,0.80872416,0.6870116,0.8435058,0.7321006,0.8660503,0.67147636,0.8357382,0.70573926,0.85286963,0.7308459,0.86542296,0.722757,0.8613785
2553,0.7552694,0.8776347,0.69853985,0.8492699,0.7102211,0.8551105,0.6887034,0.8443517,0.66185427,0.83092713,0.6621597,0.83107984,0.6173569,0.80867845,0.70262223,0.8513111,0.6989076,0.8494538,0.6908089,0.84540445
2554,0.5913074,0.7956537,0.6419376,0.8209688,0.5676675,0.78383374,0.6158321,0.80791605,0.58677477,0.7933874,0.6207962,0.8103981,0.6041277,0.8020638,0.6779531,0.83897656,0.654123,0.82706153,0.6790023,0.83950114
2555,0.6463102,0.8231551,0.6738744,0.8369372,0.664063,0.8320315,0.640646,0.820323,0.6011997,0.8005998,0.5617469,0.7808734,0.565292,0.782646,0.62831324,0.81415665,0.642272,0.821136,0.60135615,0.8006781
2556,0.60604274,0.8030214,0.669853,0.8349265,0.6473118,0.8236559,0.62339485,0.8116974,0.5581702,0.7790851,0.5196314,0.7598157,0.4951741,0.7475871,0.6287246,0.8143623,0.58861834,0.79430914,0.5213442,0.7606721
2577,0.78502125,0.89251065,0.71845555,0.8592278,0.6615931,0.83079654,0.679031,0.8395155,0.693041,0.84652054,0.716382,0.858191,0.65093124,0.8254656,0.7215925,0.8607962,0.6895751,0.84478754,0.7018335,0.85091674
2582,0.48442066,0.7422103,0.5889421,0.794471,0.50068533,0.75034267,0.46604663,0.7330233,0.5291395,0.76456976,0.47181883,0.7359094,0.5343816,0.7671908,0.5729861,0.78649306,0.50056005,0.75028,0.5188278,0.7594139
2583,0.6883178,0.8441589,0.7499449,0.87497246,0.7287497,0.8643749,0.6507344,0.8253672,0.6745713,0.83728564,0.64001024,0.8200051,0.6164897,0.8082448,0.7030216,0.85151076,0.6579397,0.82896984,0.63106966,0.81553483
2584,0.68119967,0.84059983,0.574262,0.787131,0.6293386,0.8146693,0.529369,0.7646845,0.6378645,0.81893224,0.6206624,0.8103312,0.5449277,0.77246386,0.63574916,0.81787455,0.5250841,0.762542,0.56498086,0.78249043
2585,0.65055877,0.82527936,0.6401571,0.82007855,0.5750267,0.7875134,0.5880899,0.794045,0.6113781,0.80568904,0.6169741,0.80848706,0.6338097,0.81690484,0.65224767,0.82612383,0.64844227,0.82422113,0.6432365,0.82161826
2586,0.68983257,0.8449163,0.6389265,0.81946325,0.6334245,0.81671226,0.62264466,0.81132233,0.5645218,0.7822609,0.6045327,0.80226636,0.5028126,0.7514063,0.6379195,0.8189597,0.5993446,0.7996723,0.557852,0.778926
2587,0.7011956,0.8505978,0.6907499,0.84537494,0.71765625,0.8588281,0.6379031,0.81895155,0.65976846,0.82988423,0.6405579,0.82027894,0.61029065,0.8051453,0.6805812,0.8402906,0.6686734,0.8343367,0.65667313,0.8283366
2588,0.7403624,0.8701812,0.71808565,0.8590428,0.662135,0.8310675,0.68773055,0.8438653,0.6561086,0.8280543,0.6308732,0.8154366,0.604655,0.8023275,0.69605434,0.84802717,0.6980994,0.8490497,0.66013634,0.8300682
2589,0.76263964,0.8813198,0.6875775,0.84378874,0.70009124,0.8500456,0.62436885,0.81218445,0.68304133,0.84152067,0.6550371,0.8275186,0.59216714,0.79608357,0.69801784,0.8490089,0.6374267,0.8187133,0.63389075,0.8169454
2590,0.6401714,0.8200857,0.6363058,0.8181529,0.66915125,0.83457565,0.6060323,0.8030162,0.5914179,0.79570895,0.57772684,0.7888634,0.54789835,0.77394915,0.6335751,0.81678754,0.5629646,0.78148234,0.57410616,0.7870531
2591,0.71998024,0.8599901,0.7133037,0.85665184,0.69670343,0.8483517,0.66342,0.83171,0.6784663,0.83923316,0.6907536,0.8453768,0.66688687,0.8334434,0.7095986,0.8547993,0.7092179,0.85460895,0.7137213,0.85686064
2592,0.788805,0.8944025,0.7433263,0.87166315,0.74243426,0.87121713,0.71122235,0.8556112,0.78814805,0.894074,0.73299545,0.86649776,0.69229394,0.84614694,0.73049337,0.86524665,0.69167674,0.84583837,0.7254442,0.8627221
2594,0.67952883,0.8397644,0.677708,0.838854,0.70795876,0.85397935,0.68534744,0.8426737,0.6537478,0.8268739,0.609822,0.804911,0.5526216,0.7763108,0.6984186,0.8492093,0.6414107,0.82070535,0.60029185,0.8001459
2595,0.5625988,0.7812994,0.58711344,0.7935567,0.5648116,0.7824058,0.5405963,0.7702981,0.499148,0.749574,0.5260495,0.76302475,0.51144785,0.75572395,0.5754814,0.7877407,0.53550696,0.7677535,0.527876,0.763938
2597,0.80144227,0.90072113,0.75475025,0.8773751,0.8252436,0.9126218,0.687122,0.843561,0.78471196,0.892356,0.7388357,0.86941785,0.6232911,0.8116455,0.79911816,0.8995591,0.68017936,0.8400897,0.6961053,0.8480526
2645,0.65371203,0.826856,0.66262966,0.8313148,0.67267066,0.8363353,0.6351073,0.81755364,0.61893016,0.80946505,0.6346072,0.8173036,0.6097728,0.8048864,0.6568062,0.8284031,0.6565863,0.82829314,0.64947164,0.8247358
2654,0.69527864,0.8476393,0.6855488,0.8427744,0.66269505,0.8313475,0.68093324,0.8404666,0.6365199,0.81825995,0.60597193,0.80298597,0.5764719,0.78823596,0.67617255,0.83808625,0.5885749,0.79428744,0.5941733,0.79708666
2655,0.7316619,0.86583096,0.67495143,0.8374757,0.6698961,0.83494806,0.6308795,0.81543976,0.68036807,0.84018403,0.70222116,0.8511106,0.6416769,0.82083845,0.67224646,0.8361232,0.67232835,0.8361642,0.6967073,0.8483536
2656,0.57720023,0.7886001,0.5955205,0.79776025,0.57987875,0.7899394,0.53288513,0.76644254,0.5456296,0.7728148,0.5103392,0.75516963,0.5092282,0.7546141,0.5749682,0.7874841,0.5915694,0.7957847,0.5479923,0.7739961
2657,0.5712577,0.78562886,0.6106394,0.80531967,0.5887897,0.79439485,0.55992746,0.77996373,0.60527134,0.80263567,0.67658055,0.8382903,0.6245731,0.81228656,0.7200939,0.860047,0.78578293,0.89289147,0.7304982,0.8652491
2658,0.6595564,0.8297782,0.62992656,0.8149633,0.6156615,0.80783075,0.6058551,0.80292755,0.5943142,0.7971571,0.547204,0.773602,0.47045586,0.73522794,0.6306953,0.8153477,0.6024053,0.80120265,0.5404097,0.77020484
2659,0.6273891,0.81369454,0.66022694,0.8301135,0.60582626,0.8029131,0.58514047,0.79257023,0.6154678,0.8077339,0.6026124,0.8013062,0.63906133,0.81953067,0.64771825,0.8238591,0.66292566,0.83146286,0.64969385,0.8248469
2660,0.6277275,0.81386375,0.62605023,0.8130251,0.60885155,0.8044258,0.58403826,0.7920191,0.60155976,0.8007799,0.58222115,0.7911106,0.601061,0.8005305,0.62166286,0.8108314,0.6175602,0.8087801,0.5958214,0.7979107
2741,0.6617874,0.8308937,0.6319901,0.81599504,0.5609032,0.7804516,0.6249225,0.81246126,0.59454286,0.79727143,0.5474291,0.77371454,0.5527489,0.77637446,0.5621636,0.7810818,0.6134991,0.8067496,0.5811408,0.7905704
2766,0.69535804,0.847679,0.76168126,0.88084066,0.69712746,0.84856373,0.61972594,0.809863,0.6597009,0.82985044,0.64555895,0.8227795,0.6112222,0.80561113,0.73920506,0.86960256,0.6610187,0.83050936,0.6382293,0.8191147
2793,0.67738146,0.83869076,0.71666074,0.85833037,0.61155427,0.80577713,0.6313042,0.81565213,0.6559981,0.82799906,0.64149356,0.8207468,0.67264843,0.8363242,0.7122141,0.85610706,0.67844725,0.8392236,0.70090115,0.8504506
2810,0.6500207,0.82501036,0.6774076,0.8387038,0.63182837,0.81591415,0.5752348,0.7876174,0.5807273,0.79036367,0.55364156,0.7768208,0.52106327,0.76053166,0.6381336,0.81906676,0.59687835,0.79843915,0.52920854,0.7646043
2824,0.70929587,0.85464793,0.7330452,0.8665226,0.72242546,0.86121273,0.6682356,0.83411777,0.7021067,0.85105336,0.6600834,0.8300417,0.6257046,0.81285226,0.77298725,0.8864936,0.6999329,0.8499664,0.6829882,0.8414941
3002,0.7102964,0.8551482,0.7043972,0.8521986,0.71464396,0.857322,0.6875065,0.8437532,0.67127466,0.83563733,0.62305367,0.81152683,0.65630186,0.8281509,0.6722327,0.8361163,0.656132,0.828066,0.6692496,0.83462477
3021,0.6898738,0.8449369,0.67221135,0.8361057,0.63225603,0.816128,0.59351224,0.79675615,0.61687124,0.8084356,0.55215454,0.7760773,0.5298329,0.7649164,0.61148775,0.8057439,0.6098286,0.8049143,0.5708742,0.7854371
3093,0.73637915,0.8681896,0.7620946,0.8810473,0.7330552,0.86652756,0.6795963,0.83979815,0.77071476,0.8853574,0.71524024,0.8576201,0.71523255,0.8576163,0.7696321,0.88481605,0.7476771,0.87383854,0.7691083,0.88455415
3105,0.7398639,0.86993194,0.75026715,0.8751336,0.714561,0.8572805,0.66639996,0.8332,0.7090633,0.85453165,0.6984731,0.84923655,0.721323,0.8606615,0.71787345,0.8589367,0.71486497,0.8574325,0.7275264,0.8637632
3113,0.5622344,0.7811172,0.5607182,0.7803591,0.5165471,0.75827354,0.5383048,0.7691524,0.5041499,0.75207496,0.6277236,0.8138618,0.583279,0.7916395,0.58336115,0.7916806,0.6398737,0.8199369,0.65127873,0.82563937
3118,0.7198652,0.8599326,0.69661725,0.8483086,0.6563246,0.8281623,0.6451731,0.82258654,0.7201998,0.8600999,0.67729616,0.8386481,0.68568325,0.8428416,0.7050905,0.85254526,0.703579,0.8517895,0.7119317,0.85596585
3120,0.629673,0.8148365,0.67433953,0.83716977,0.61952186,0.8097609,0.60404205,0.802021,0.60516286,0.8025814,0.60809004,0.804045,0.6195295,0.80976474,0.6504969,0.8252485,0.6608337,0.83041686,0.65248716,0.8262436
3122,0.7834816,0.8917408,0.7393788,0.8696894,0.68182456,0.8409123,0.6566862,0.8283431,0.7301046,0.86505234,0.727152,0.863576,0.6734748,0.8367374,0.74461067,0.87230533,0.7011095,0.85055476,0.7116014,0.8558007
3123,0.70216084,0.8510804,0.6979215,0.84896076,0.6858683,0.84293413,0.6128893,0.80644464,0.7010057,0.85050285,0.74993944,0.8749697,0.7035568,0.8517784,0.7552721,0.8776361,0.7369695,0.86848474,0.756179,0.8780895
3133,0.76773643,0.8838682,0.69588614,0.84794307,0.7190489,0.8595245,0.67722124,0.83861065,0.6957802,0.84789014,0.70449626,0.85224813,0.63106024,0.8155301,0.74296474,0.8714824,0.6732856,0.8366428,0.70865583,0.8543279
3134,0.79732585,0.8986629,0.71987826,0.8599391,0.7404157,0.87020785,0.63722754,0.81861377,0.74635255,0.8731763,0.786319,0.8931595,0.6691249,0.8345624,0.7478888,0.8739444,0.7038269,0.85191345,0.7253674,0.8626837
3135,0.73366916,0.8668346,0.6947496,0.8473748,0.69579506,0.8478975,0.6073849,0.80369246,0.6789743,0.83948714,0.67483795,0.837419,0.597901,0.7989505,0.6743908,0.8371954,0.6387868,0.8193934,0.6414591,0.82072955
3136,0.39767194,0.69883597,0.4781163,0.73905814,0.42390218,0.7119511,0.40057942,0.7002897,0.42496094,0.7124805,0.40061623,0.7003081,0.437048,0.718524,0.46869338,0.7343467,0.5294637,0.7647319,0.46330982,0.7316549
3137,0.76889443,0.8844472,0.70656735,0.85328364,0.70565766,0.85282886,0.6360143,0.8180071,0.71056885,0.85528445,0.7241112,0.8620556,0.6533606,0.8266803,0.74534565,0.8726728,0.66243863,0.8312193,0.69581294,0.8479065
3138,0.57024276,0.7851214,0.5622224,0.78111124,0.58175313,0.79087657,0.5314268,0.7657134,0.5201502,0.7600751,0.51297903,0.7564895,0.46435428,0.73217714,0.54318684,0.77159345,0.53996056,0.7699803,0.4982667,0.74913335
3139,0.67699194,0.83849597,0.6205585,0.81027925,0.63300276,0.8165014,0.59446174,0.79723084,0.59058034,0.7952902,0.6324955,0.81624776,0.53164583,0.7658229,0.6534269,0.82671344,0.6228353,0.81141764,0.60855603,0.804278
3140,0.75964,0.87982,0.66624576,0.83312285,0.6744559,0.83722794,0.61707824,0.80853915,0.67515206,0.83757603,0.73276526,0.8663826,0.670986,0.83549297,0.70669097,0.8533455,0.6503815,0.8251908,0.7027645,0.85138226
3141,0.6683362,0.8341681,0.72105503,0.8605275,0.6992575,0.84962875,0.58328855,0.7916443,0.66691744,0.8334587,0.62009937,0.81004965,0.6003833,0.80019164,0.65939975,0.8296999,0.6355128,0.8177564,0.64889896,0.8244495
3142,0.7866008,0.8933004,0.7087282,0.8543641,0.7406058,0.8703029,0.6555686,0.8277843,0.7228408,0.8614204,0.7275009,0.86375046,0.6345693,0.81728464,0.74151766,0.87075883,0.68507206,0.84253603,0.71489125,0.8574456
3143,0.74720526,0.8736026,0.68238807,0.84119403,0.70652723,0.8532636,0.64660394,0.823302,0.68723524,0.8436176,0.68406725,0.8420336,0.6425849,0.82129246,0.70857453,0.85428727,0.66634583,0.8331729,0.68734574,0.8436729
3144,0.7622063,0.88110316,0.7327314,0.8663657,0.74782944,0.8739147,0.65340126,0.8267006,0.69230425,0.8461521,0.7260859,0.86304295,0.6483189,0.82415944,0.7451191,0.87255955,0.70515823,0.8525791,0.6963954,0.8481977
3145,0.6263356,0.8131678,0.6330631,0.81653154,0.57281184,0.7864059,0.58380663,0.7919033,0.6003845,0.80019224,0.5701304,0.7850652,0.59955275,0.7997764,0.5865165,0.79325825,0.6026114,0.8013057,0.5852201,0.79261005
3146,0.6884053,0.84420264,0.65866077,0.8293304,0.70000935,0.8500047,0.5943898,0.7971949,0.6687371,0.8343686,0.6530696,0.8265348,0.6052507,0.80262536,0.68422425,0.8421121,0.62974143,0.8148707,0.6471677,0.82358384
3147,0.70514953,0.85257477,0.6739914,0.8369957,0.65190256,0.8259513,0.67549956,0.8377498,0.6574051,0.82870257,0.7013035,0.85065174,0.6590523,0.8295262,0.7294005,0.86470026,0.70066416,0.8503321,0.71756995,0.858785
3148,0.686497,0.8432485,0.67827624,0.83913815,0.65887785,0.8294389,0.60387045,0.8019352,0.67347,0.836735,0.68066955,0.8403348,0.6817237,0.84086186,0.69653153,0.84826577,0.6758206,0.8379103,0.70247996,0.85124
3149,0.74956715,0.8747836,0.69777286,0.84888643,0.6985492,0.84927464,0.6638346,0.8319173,0.6548043,0.8274021,0.6364183,0.8182092,0.5982845,0.79914224,0.6622015,0.83110076,0.63323355,0.8166168,0.64531326,0.82265663
3150,0.7142475,0.85712373,0.5824053,0.79120266,0.62293303,0.8114665,0.51749146,0.75874573,0.628569,0.8142845,0.70302236,0.8515112,0.54398507,0.77199256,0.6538284,0.8269142,0.58374965,0.7918748,0.6221757,0.81108785
3153,0.6191783,0.80958915,0.6270555,0.81352776,0.62435496,0.8121775,0.5913397,0.79566985,0.6009891,0.80049455,0.61067915,0.8053396,0.63388115,0.81694055,0.618528,0.809264,0.6597812,0.8298906,0.6397921,0.81989604
3155,0.54813135,0.7740657,0.50096714,0.7504836,0.52888453,0.76444227,0.44179142,0.7208957,0.46266246,0.7313312,0.46492207,0.73246104,0.4250877,0.71254385,0.4880944,0.74404716,0.45302746,0.72651374,0.4444374,0.7222187
3156,0.74924654,0.8746233,0.6415948,0.82079744,0.68372095,0.8418605,0.62744164,0.8137208,0.6514021,0.82570106,0.6441355,0.82206774,0.5418682,0.7709341,0.64870685,0.82435346,0.59593993,0.79796994,0.61226237,0.8061312
3157,0.6843325,0.84216624,0.66898936,0.8344947,0.68819296,0.8440965,0.6288899,0.81444496,0.6618186,0.8309093,0.6360896,0.8180448,0.62140405,0.810702,0.67150855,0.8357543,0.6488875,0.82444376,0.65273905,0.8263695
3158,0.6913365,0.84566826,0.6590335,0.82951677,0.6312574,0.8156287,0.59459805,0.797299,0.6374876,0.8187438,0.6643752,0.8321876,0.6326157,0.81630784,0.6604329,0.8302164,0.636889,0.8184445,0.6577636,0.8288818
3159,0.7422004,0.8711002,0.64898044,0.8244902,0.6954344,0.84771717,0.61193216,0.8059661,0.68217194,0.841086,0.6876377,0.84381884,0.5711924,0.7855962,0.6895493,0.84477466,0.6252122,0.8126061,0.65421975,0.8271099
3160,0.7372892,0.8686446,0.6957599,0.84787995,0.70721084,0.8536054,0.60235846,0.80117923,0.7057394,0.8528697,0.71580946,0.85790473,0.6616636,0.83083177,0.7286625,0.86433125,0.7110646,0.8555323,0.7261728,0.8630864
3161,0.75519943,0.8775997,0.77166384,0.88583195,0.75816286,0.8790814,0.675764,0.83788204,0.72447383,0.8622369,0.68768036,0.8438402,0.6519139,0.82595694,0.73753023,0.8687651,0.707679,0.8538395,0.7307276,0.86536384
3162,0.74303174,0.87151587,0.69132483,0.8456624,0.6722872,0.8361436,0.66040516,0.8302026,0.66869426,0.8343471,0.71063614,0.85531807,0.64643115,0.8232156,0.73813665,0.8690683,0.71046644,0.8552332,0.7228861,0.86144304
3186,0.795719,0.8978595,0.74391294,0.87195647,0.7504579,0.87522894,0.6624993,0.83124965,0.77304465,0.8865223,0.74750674,0.87375337,0.6805572,0.8402786,0.7617032,0.8808516,0.7109591,0.85547954,0.7577101,0.87885505
3225,0.7197274,0.8598637,0.7430773,0.87153864,0.6862958,0.8431479,0.6851181,0.84255904,0.6752728,0.8376364,0.62654054,0.8132703,0.5976436,0.7988218,0.6879638,0.84398186,0.6558708,0.8279354,0.6433159,0.82165796
3315,0.7260618,0.8630309,0.66609526,0.8330476,0.7007299,0.8503649,0.60708666,0.8035433,0.6639706,0.8319853,0.7278639,0.86393195,0.6228374,0.8114187,0.72280395,0.861402,0.6863769,0.84318846,0.68895346,0.8444767
3321,0.6916735,0.84583676,0.6851388,0.8425694,0.6515642,0.82578206,0.64227295,0.8211365,0.65376496,0.8268825,0.63193667,0.81596833,0.60289335,0.8014467,0.7119638,0.8559819,0.6470941,0.823547,0.64442533,0.8222127
3332,0.6857351,0.84286755,0.6891122,0.8445561,0.7364094,0.8682047,0.61982024,0.8099101,0.6647507,0.83237535,0.7034657,0.85173285,0.5953598,0.7976799,0.7125667,0.8562833,0.69381964,0.8469098,0.65632653,0.82816327
5877,0.6259054,0.8129527,0.66181886,0.83090943,0.5734397,0.78671986,0.5660591,0.78302956,0.59009355,0.7950468,0.5866442,0.7933221,0.5737301,0.78686506,0.6015536,0.80077684,0.62554383,0.8127719,0.6267873,0.81339365
5981,0.79941565,0.8997078,0.7186545,0.85932726,0.7751274,0.8875637,0.68594116,0.8429706,0.769351,0.8846755,0.72065175,0.8603259,0.6413534,0.8206767,0.7414309,0.87071544,0.6801828,0.8400914,0.69725597,0.848628
6043,0.5936979,0.79684895,0.5543774,0.77718866,0.5435751,0.7717875,0.4766456,0.7383228,0.5649085,0.78245425,0.48970333,0.74485165,0.44765288,0.7238264,0.4903121,0.74515605,0.47442943,0.7372147,0.43536204,0.71768105
6078,0.7237532,0.8618766,0.70198035,0.8509902,0.68189037,0.8409452,0.67148936,0.8357447,0.68549526,0.8427476,0.661216,0.830608,0.63913614,0.81956804,0.666395,0.8331975,0.69811225,0.8490561,0.67576265,0.8378813
6081,0.7890422,0.8945211,0.6969598,0.84847987,0.69656587,0.84828293,0.6930287,0.84651434,0.736627,0.8683135,0.8047019,0.90235096,0.70916253,0.85458124,0.76337343,0.8816867,0.75574994,0.877875,0.78283215,0.8914161
6082,0.67571676,0.8378584,0.6254693,0.81273466,0.64318264,0.8215913,0.60424685,0.8021234,0.6456188,0.8228094,0.66547513,0.83273757,0.63734627,0.81867313,0.63889253,0.81944627,0.6717739,0.83588696,0.6699256,0.8349628
6090,0.55226845,0.77613425,0.5690636,0.78453183,0.53575885,0.7678794,0.53387594,0.766938,0.50580674,0.75290334,0.4536271,0.72681355,0.46386883,0.7319344,0.5588716,0.7794358,0.48263898,0.7413195,0.44849306,0.7242465
6127,0.71554863,0.8577743,0.73901796,0.869509,0.7364871,0.8682436,0.62097263,0.8104863,0.75328827,0.87664413,0.7368838,0.86844194,0.64989245,0.8249462,0.7662031,0.8831016,0.6416428,0.8208214,0.70500565,0.8525028
6211,0.3808517,0.6904259,0.43251684,0.7162584,0.3921165,0.6960583,0.38511527,0.69255763,0.40008962,0.7000448,0.38640785,0.6932039,0.4222836,0.7111418,0.38413274,0.6920664,0.40808773,0.70404387,0.3949489,0.6974745
6213,0.6740244,0.8370122,0.6065796,0.8032898,0.5848888,0.7924444,0.5449591,0.77247953,0.6319618,0.8159809,0.6260463,0.81302315,0.586691,0.7933455,0.6101228,0.8050614,0.62596476,0.8129824,0.620041,0.8100205
6214,0.69893503,0.8494675,0.67841685,0.8392084,0.71044725,0.85522366,0.6137593,0.80687964,0.6493584,0.8246792,0.62965643,0.8148282,0.61438274,0.8071914,0.67282367,0.83641183,0.6472952,0.8236476,0.6231135,0.81155676
6231,0.66569924,0.8328496,0.66905856,0.8345293,0.611269,0.8056345,0.57358307,0.78679156,0.6519863,0.8259932,0.6631038,0.8315519,0.65850854,0.82925427,0.6754808,0.8377404,0.67582554,0.8379128,0.67937696,0.8396885
6232,0.75653064,0.8782653,0.71241546,0.8562077,0.7480149,0.87400746,0.6784951,0.8392476,0.6816318,0.8408159,0.6891562,0.8445781,0.63896644,0.8194832,0.7312157,0.86560786,0.68420243,0.8421012,0.721525,0.8607625
6233,0.74051285,0.8702564,0.7130612,0.8565306,0.7120969,0.85604846,0.6104316,0.80521584,0.69149005,0.845745,0.66945356,0.8347268,0.59153134,0.79576564,0.68006843,0.84003425,0.6493255,0.82466274,0.6203793,0.81018966
6239,0.32578903,0.6628945,0.39973593,0.69986796,0.28990775,0.64495385,0.33607683,0.6680384,0.31491607,0.65745807,0.34588796,0.67294395,0.39867032,0.69933516,0.3409351,0.67046756,0.45902687,0.7295134,0.4061337,0.7030668
6240,0.5047395,0.75236976,0.50278866,0.75139433,0.49929994,0.74965,0.4359371,0.7179686,0.5267066,0.7633533,0.49216533,0.74608266,0.50765467,0.75382733,0.4614904,0.7307452,0.48250473,0.74125236,0.4631,0.73155
6254,0.6644466,0.8322233,0.7307701,0.86538506,0.6077502,0.8038751,0.6084031,0.80420154,0.6783579,0.8391789,0.62619853,0.81309927,0.6493875,0.82469374,0.68018806,0.84009403,0.6754643,0.83773214,0.66567606,0.83283806
6255,0.7281323,0.8640661,0.6509682,0.8254841,0.6761086,0.8380543,0.6130928,0.8065464,0.62593096,0.8129655,0.6615472,0.8307736,0.62300694,0.81150347,0.6574426,0.8287213,0.65637743,0.8281887,0.66342735,0.8317137
6342,0.615374,0.80768704,0.6044755,0.80223775,0.5798801,0.78994006,0.5151689,0.75758445,0.58860993,0.79430497,0.5754739,0.78773695,0.5491887,0.7745943,0.6039398,0.8019699,0.5531744,0.7765872,0.54859394,0.774297
7630,0.5878447,0.79392236,0.6525489,0.82627445,0.54789114,0.77394557,0.6143402,0.8071701,0.60679877,0.8033994,0.5701844,0.78509223,0.59525514,0.79762757,0.66180253,0.83090127,0.65931886,0.82965946,0.68841696,0.8442085
7654,0.69767135,0.8488357,0.7216916,0.8608458,0.6793674,0.8396837,0.64102876,0.8205144,0.6878586,0.8439293,0.68301976,0.8415099,0.6546347,0.82731736,0.70269954,0.8513498,0.73184526,0.86592263,0.70622003,0.85311
8890,0.72323954,0.8616198,0.7194549,0.85972744,0.7272645,0.86363226,0.6796381,0.8398191,0.71205765,0.8560288,0.73225987,0.86612993,0.6959173,0.8479587,0.78467137,0.89233565,0.7819065,0.89095324,0.7885629,0.89428145
8916,0.50304407,0.75152206,0.5307605,0.76538026,0.5603925,0.78019625,0.48364997,0.741825,0.4659757,0.7329879,0.42583948,0.7129197,0.4520686,0.7260343,0.4825519,0.74127597,0.5249905,0.7624953,0.45614147,0.72807074
9028,0.6506727,0.82533634,0.65592307,0.82796156,0.6234797,0.81173986,0.6057012,0.8028506,0.60633904,0.8031695,0.6514838,0.8257419,0.6368724,0.8184362,0.66656244,0.8332812,0.64061713,0.82030857,0.69525653,0.84762824
9066,0.6866114,0.8433057,0.6363378,0.8181689,0.6115175,0.8057587,0.5702388,0.7851194,0.62934864,0.8146743,0.6037401,0.80187005,0.55308735,0.7765437,0.60816973,0.8040849,0.6001266,0.8000633,0.5825847,0.7912923
9445,0.40494645,0.7024732,0.3425099,0.67125493,0.3413567,0.6706784,0.4090339,0.70451695,0.33483076,0.6674154,0.3684515,0.68422574,0.32313997,0.66156995,0.3487426,0.6743713,0.3493099,0.67465496,0.3404644,0.6702322
9542,0.7052773,0.85263866,0.7159935,0.85799676,0.62358207,0.81179106,0.6885495,0.84427476,0.6933116,0.8466558,0.62625766,0.8131288,0.60922325,0.8046116,0.7038417,0.85192084,0.6981877,0.84909385,0.6461959,0.82309794
9546,0.6797803,0.8398901,0.6526178,0.8263089,0.63828015,0.8191401,0.617839,0.8089195,0.62455964,0.8122798,0.6664968,0.8332484,0.654475,0.8272375,0.6677005,0.83385026,0.6626408,0.8313204,0.7145195,0.85725975
9547,0.5704691,0.7852346,0.52598906,0.7629945,0.5417019,0.77085096,0.5472196,0.77360976,0.49976832,0.7498841,0.48989353,0.7449468,0.4624094,0.7312047,0.52431965,0.7621598,0.5417298,0.7708649,0.5012634,0.7506317
9583,0.70968485,0.8548424,0.65624833,0.82812417,0.6419007,0.8209504,0.66512436,0.8325622,0.63828814,0.81914407,0.6181256,0.80906284,0.5544238,0.7772119,0.6453908,0.8226954,0.6558269,0.82791346,0.6201111,0.81005555
9587,0.687116,0.843558,0.6802811,0.8401406,0.66673625,0.8333681,0.5887586,0.7943793,0.62196,0.81097996,0.64107716,0.8205386,0.5983865,0.79919326,0.6649395,0.83246976,0.64639187,0.82319593,0.6530544,0.82652724
12037,0.7006029,0.85030144,0.73146194,0.865731,0.6999703,0.8499851,0.6666591,0.83332956,0.68554246,0.84277123,0.72690535,0.8634527,0.7108747,0.85543734,0.7573894,0.8786947,0.762609,0.8813045,0.7639893,0.88199466
12116,0.6651591,0.83257955,0.6841413,0.84207064,0.6790623,0.8395312,0.63616806,0.818084,0.63702613,0.81851304,0.63735473,0.81867737,0.63765585,0.8188279,0.6736733,0.83683664,0.6710295,0.8355148,0.6827407,0.84137034
12122,0.7382748,0.8691374,0.6677021,0.83385104,0.679253,0.8396265,0.58714426,0.7935721,0.6428178,0.82140887,0.70516163,0.8525808,0.60408336,0.80204165,0.6890418,0.8445209,0.6776695,0.83883476,0.67475545,0.8373777
12124,0.576656,0.788328,0.5494577,0.7747289,0.57411575,0.7870579,0.5238219,0.7619109,0.47514942,0.7375747,0.56168336,0.7808417,0.48531812,0.7426591,0.5210606,0.7605303,0.535398,0.767699,0.5448542,0.7724271
12141,0.52608365,0.76304185,0.5083007,0.7541504,0.49502277,0.7475114,0.47497404,0.737487,0.47039428,0.7351971,0.37740728,0.68870366,0.41383934,0.70691967,0.45549724,0.72774863,0.4331335,0.71656674,0.37398624,0.6869931
12143,0.64365375,0.8218269,0.65353894,0.8267695,0.5999236,0.7999618,0.55153227,0.77576613,0.61832523,0.8091626,0.6794836,0.8397418,0.6246872,0.8123436,0.6475824,0.8237912,0.66955316,0.8347766,0.67950284,0.8397514
12149,0.61968994,0.809845,0.6875441,0.84377205,0.6619537,0.83097684,0.58262825,0.7913141,0.6005808,0.8002904,0.5810817,0.7905408,0.64598113,0.82299054,0.638823,0.8194115,0.6533759,0.82668793,0.6491653,0.82458264
12161,0.5367131,0.76835656,0.51643723,0.75821865,0.52309376,0.76154685,0.5272371,0.7636186,0.5080403,0.75402015,0.55071723,0.7753586,0.5255389,0.76276946,0.54592377,0.77296185,0.5962496,0.7981248,0.55293703,0.7764685
12252,0.6156782,0.8078391,0.6560401,0.82802004,0.6000328,0.8000164,0.60705507,0.80352753,0.60029066,0.8001453,0.6062417,0.80312085,0.5811666,0.7905833,0.66414213,0.83207107,0.66694975,0.8334749,0.6597562,0.8298781
12408,0.6370696,0.8185348,0.6612365,0.83061826,0.61232257,0.8061613,0.59216774,0.79608387,0.65411305,0.8270565,0.6684395,0.83421975,0.6665554,0.8332777,0.6604928,0.8302464,0.66796607,0.83398306,0.69459915,0.8472996
12409,0.70494634,0.85247314,0.6740932,0.8370466,0.6533227,0.82666135,0.5992283,0.7996142,0.6463729,0.82318646,0.6880394,0.8440197,0.66246915,0.8312346,0.68648946,0.84324473,0.6951737,0.84758687,0.7130196,0.8565098
12410,0.69075215,0.8453761,0.7250215,0.86251074,0.72522104,0.8626105,0.60756576,0.8037829,0.65362215,0.8268111,0.6471161,0.8235581,0.6069306,0.8034653,0.70337677,0.8516884,0.6588314,0.8294157,0.6443472,0.8221736
12418,0.6101525,0.80507624,0.5888995,0.79444975,0.5826367,0.79131836,0.54407847,0.77203923,0.5664849,0.78324246,0.6086456,0.80432284,0.5950472,0.7975236,0.6257107,0.81285536,0.61188006,0.80594003,0.6351234,0.8175617
12422,0.652907,0.8264535,0.56769884,0.7838494,0.62345684,0.8117284,0.51379305,0.7568965,0.6355611,0.81778055,0.70936215,0.8546811,0.6144558,0.8072279,0.6262376,0.8131188,0.61664283,0.8083214,0.67770547,0.83885276
12435,0.57887447,0.78943723,0.5489787,0.77448934,0.54803175,0.7740159,0.53835094,0.76917547,0.527984,0.763992,0.5182306,0.75911534,0.52631253,0.7631563,0.5335672,0.7667836,0.5374036,0.7687018,0.5298984,0.7649492
12436,0.6042539,0.80212694,0.5513747,0.77568734,0.56556433,0.7827822,0.5004523,0.75022614,0.543303,0.7716515,0.58044565,0.7902228,0.4751928,0.7375964,0.5712263,0.7856132,0.5697384,0.7848692,0.521153,0.7605765
12437,0.5750889,0.7875445,0.59771764,0.7988588,0.58340967,0.79170483,0.5415226,0.7707613,0.5661942,0.7830971,0.57681036,0.7884052,0.5765489,0.7882744,0.63438,0.81719,0.59926367,0.79963183,0.5901361,0.795068
12447,0.7544697,0.8772348,0.7347863,0.86739314,0.6977954,0.8488977,0.6741388,0.8370694,0.7145395,0.85726976,0.74658567,0.8732928,0.7043382,0.8521691,0.72961473,0.86480737,0.7535352,0.87676764,0.7489891,0.87449455
12448,0.72851264,0.8642563,0.6933586,0.84667933,0.73108625,0.8655431,0.7145376,0.8572688,0.6887685,0.84438425,0.7215706,0.8607853,0.65179336,0.8258967,0.7484659,0.87423295,0.7670398,0.8835199,0.7325661,0.86628306
12449,0.7736608,0.8868304,0.69766134,0.8488307,0.7118647,0.85593235,0.6206081,0.81030405,0.7049265,0.85246325,0.74087214,0.8704361,0.63934064,0.8196703,0.70494795,0.852474,0.7047597,0.85237986,0.7038314,0.8519157
12450,0.61267567,0.80633783,0.60639864,0.8031993,0.6044886,0.8022443,0.54198366,0.7709918,0.56910694,0.78455347,0.5883203,0.7941601,0.5808391,0.7904196,0.60799956,0.8039998,0.6020436,0.8010218,0.5951127,0.79755634
12451,0.72667694,0.8633385,0.6805669,0.84028345,0.72277075,0.86138535,0.59415585,0.7970779,0.67712015,0.8385601,0.6599587,0.82997936,0.6011107,0.80055535,0.6687845,0.83439225,0.6506607,0.8253304,0.65092564,0.8254628
12452,0.7556226,0.8778113,0.7059729,0.85298645,0.7242509,0.86212546,0.6359502,0.8179751,0.70081073,0.85040534,0.69817805,0.849089,0.64463925,0.8223196,0.713223,0.8566115,0.6854316,0.8427158,0.7207035,0.86035174
12453,0.65024984,0.8251249,0.6655009,0.83275044,0.62290335,0.8114517,0.5992875,0.79964375,0.6391511,0.81957555,0.63463426,0.8173171,0.61511457,0.8075573,0.6926724,0.8463362,0.63246167,0.81623083,0.6502802,0.8251401
12454,0.54307,0.77153504,0.59599555,0.7979978,0.53758144,0.7687907,0.4767779,0.73838896,0.59804064,0.7990203,0.580853,0.7904265,0.6330912,0.8165456,0.61666334,0.80833167,0.6233679,0.81168395,0.61326146,0.80663073
12455,0.7343848,0.8671924,0.67663044,0.83831525,0.70537066,0.85268533,0.61325413,0.80662704,0.6344807,0.81724036,0.70886946,0.8544347,0.59229845,0.79614925,0.7043289,0.85216445,0.67712414,0.8385621,0.67736596,0.838683
12456,0.7753804,0.8876902,0.74163806,0.87081903,0.75681406,0.878407,0.67370814,0.8368541,0.7393328,0.8696664,0.73312116,0.8665606,0.714708,0.857354,0.75999784,0.8799989,0.7159364,0.8579682,0.74021864,0.8701093
12457,0.70214516,0.85107255,0.65561235,0.8278062,0.73802644,0.8690132,0.5811293,0.79056466,0.717235,0.85861754,0.7521217,0.87606084,0.6884756,0.8442378,0.73254776,0.8662739,0.6979316,0.84896576,0.7420025,0.87100124
12458,0.7199883,0.8599942,0.7352922,0.8676461,0.7180587,0.85902935,0.6058866,0.8029433,0.660214,0.830107,0.6898438,0.8449219,0.59440863,0.7972043,0.71940756,0.8597038,0.69361746,0.84680873,0.66661084,0.8333054
12459,0.62622726,0.81311363,0.5619153,0.78095764,0.5934918,0.7967459,0.49409816,0.7470491,0.60083663,0.8004183,0.59409815,0.79704905,0.5563568,0.7781784,0.5978506,0.7989253,0.554338,0.777169,0.57126296,0.7856315
12460,0.66736484,0.8336824,0.64232194,0.821161,0.64997894,0.82498944,0.59753746,0.79876876,0.66748536,0.8337427,0.7181047,0.85905236,0.6327325,0.81636626,0.6712846,0.83564234,0.7345065,0.86725324,0.6775279,0.83876395
12461,0.72595036,0.8629752,0.6354612,0.8177306,0.7169201,0.85846007,0.5891717,0.7945858,0.65429735,0.8271487,0.74008405,0.870042,0.5847067,0.7923534,0.69385684,0.8469284,0.67700815,0.8385041,0.6895113,0.84475565
12462,0.7008513,0.85042566,0.7047938,0.8523969,0.69630337,0.8481517,0.6385143,0.81925714,0.6919185,0.84595925,0.7714256,0.8857128,0.71876085,0.8593804,0.75166833,0.87583417,0.7873696,0.8936848,0.80846196,0.90423095
12463,0.56765723,0.7838286,0.54558015,0.7727901,0.54981166,0.7749058,0.5504088,0.7752044,0.5358834,0.7679417,0.5885986,0.7942993,0.58333874,0.79166937,0.5613379,0.780669,0.6575061,0.82875305,0.5996878,0.7998439
12464,0.75647914,0.8782396,0.6756313,0.83781564,0.6888772,0.8444386,0.61882895,0.8094145,0.6842643,0.84213215,0.7115065,0.85575324,0.6290275,0.81451374,0.6872605,0.84363025,0.67249227,0.83624613,0.67721146,0.83860576
12465,0.6518835,0.82594174,0.7102921,0.85514605,0.6683509,0.83417547,0.60160816,0.8008041,0.6417639,0.82088196,0.60394704,0.8019735,0.65694034,0.8284702,0.67858446,0.8392922,0.66617036,0.8330852,0.6348034,0.8174017
12466,0.6243409,0.81217045,0.59653765,0.7982688,0.5778807,0.7889403,0.5015923,0.75079614,0.59220105,0.7961005,0.6546584,0.82732916,0.5830008,0.7915004,0.6062802,0.8031401,0.6291363,0.81456816,0.64091724,0.82045865
12467,0.5763256,0.7881628,0.6014403,0.80072016,0.5970914,0.7985457,0.58276075,0.7913804,0.52007055,0.7600353,0.59757787,0.7987889,0.55031204,0.775156,0.6576439,0.82882196,0.6666338,0.8333169,0.61815774,0.8090789
12468,0.6488334,0.8244167,0.6447259,0.82236296,0.6657461,0.83287305,0.579893,0.7899465,0.6855241,0.84276205,0.67000246,0.83500123,0.70547044,0.8527352,0.6736449,0.83682245,0.6990808,0.8495404,0.6867499,0.84337497
12469,0.43573093,0.71786547,0.48605305,0.7430265,0.4514501,0.72572505,0.4189254,0.7094627,0.42866307,0.7143315,0.43442655,0.7172133,0.44355148,0.72177577,0.485708,0.742854,0.5415557,0.7707778,0.5181967,0.75909835
12470,0.7254771,0.86273855,0.7304865,0.86524326,0.7488067,0.87440336,0.66471577,0.8323579,0.73422277,0.8671114,0.7079158,0.8539579,0.7098969,0.85494846,0.77805567,0.88902783,0.69490546,0.84745276,0.7174118,0.8587059
12471,0.7465612,0.87328064,0.7375433,0.8687717,0.67305756,0.8365288,0.6866833,0.84334165,0.7259947,0.86299735,0.72470444,0.86235225,0.7007445,0.85037225,0.7757701,0.8878851,0.7475328,0.8737664,0.753256,0.87662804
12472,0.63260365,0.8163018,0.6579722,0.8289861,0.6060008,0.8030004,0.5906304,0.7953152,0.6365648,0.81828237,0.61589164,0.80794585,0.6377051,0.81885254,0.68521905,0.8426095,0.6885022,0.8442511,0.66154844,0.8307742
12473,0.6758944,0.8379472,0.66600734,0.83300364,0.6466131,0.82330656,0.6324581,0.81622905,0.65417653,0.82708824,0.6649437,0.83247185,0.65766597,0.828833,0.69307524,0.8465376,0.6588922,0.8294461,0.70309526,0.8515476
12474,0.6428932,0.8214466,0.64413273,0.82206637,0.65035796,0.825179,0.56956893,0.78478444,0.6636119,0.83180594,0.69945663,0.84972835,0.62655926,0.8132796,0.69094276,0.8454714,0.66356647,0.83178324,0.6588142,0.8294071
12475,0.6155663,0.8077831,0.5903811,0.7951906,0.5445589,0.77227944,0.53372896,0.7668645,0.5826129,0.79130644,0.5625966,0.7812983,0.59320617,0.7966031,0.57235175,0.78617585,0.5785762,0.7892881,0.55927074,0.77963537
12476,0.6786947,0.83934736,0.67042136,0.8352107,0.62772214,0.8138611,0.5876481,0.7938241,0.6849704,0.8424852,0.6678826,0.83394134,0.717192,0.85859597,0.6992134,0.8496067,0.6602622,0.8301311,0.69128287,0.84564143
12477,0.59841526,0.7992076,0.5504675,0.77523375,0.5790629,0.78953147,0.61781883,0.8089094,0.5535901,0.776795,0.6321322,0.8160661,0.5476635,0.7738317,0.61741775,0.8087089,0.5961696,0.7980848,0.64637387,0.82318693
12478,0.60384774,0.8019239,0.64855766,0.82427883,0.62821424,0.8141071,0.61708504,0.8085425,0.60984457,0.8049223,0.5995302,0.7997651,0.5894683,0.7947341,0.6679996,0.8339998,0.6598041,0.82990205,0.6461472,0.8230736
12479,0.7242433,0.86212164,0.69635105,0.8481755,0.71380246,0.8569012,0.6213693,0.8106847,0.7073016,0.8536508,0.7423879,0.87119395,0.6666764,0.8333382,0.72778535,0.8638927,0.6998363,0.8499181,0.71200454,0.8560023
12480,0.6307404,0.8153702,0.63579255,0.81789625,0.6107463,0.8053732,0.601009,0.8005045,0.58803016,0.79401505,0.5762559,0.78812796,0.5497551,0.77487755,0.6211177,0.81055886,0.592222,0.796111,0.5760833,0.78804165
12481,0.6658527,0.8329264,0.6536126,0.8268063,0.6858485,0.84292424,0.64048755,0.8202438,0.60739744,0.8036987,0.6733663,0.83668315,0.6173307,0.80866534,0.70320964,0.8516048,0.7105729,0.8552865,0.6992064,0.8496032
12482,0.6981038,0.8490519,0.70431983,0.8521599,0.6789769,0.83948845,0.6759513,0.8379756,0.6757387,0.83786935,0.6456654,0.8228327,0.61045396,0.805227,0.6880473,0.84402364,0.64816797,0.824084,0.6456832,0.82284164
12483,0.6054232,0.8027116,0.59858,0.79929,0.57625765,0.78812885,0.5562983,0.7781491,0.57076156,0.7853808,0.59011805,0.795059,0.5919858,0.7959929,0.6060844,0.8030422,0.58189285,0.7909464,0.6181497,0.8090749
12484,0.6664711,0.83323556,0.6593293,0.82966465,0.6728359,0.8364179,0.5877634,0.7938817,0.6562921,0.82814604,0.66854453,0.83427227,0.63076097,0.81538045,0.6596313,0.8298156,0.6662746,0.8331373,0.68295634,0.84147817
12485,0.6035218,0.8017609,0.6326664,0.8163332,0.6004653,0.80023265,0.5387689,0.76938444,0.60522807,0.80261403,0.69650495,0.8482525,0.6927602,0.8463801,0.6533507,0.82667536,0.69756794,0.84878397,0.73045456,0.8652273
12486,0.70241284,0.8512064,0.7184925,0.85924625,0.73872167,0.8693608,0.6172424,0.80862117,0.7113215,0.85566074,0.6964398,0.8482199,0.6849197,0.84245986,0.7464669,0.87323344,0.70200336,0.8510017,0.7009665,0.85048324
12487,0.6756035,0.83780175,0.6856715,0.8428358,0.6914753,0.84573764,0.6007634,0.80038166,0.65746856,0.8287343,0.7109574,0.8554787,0.6974014,0.8487007,0.7289486,0.8644743,0.7338911,0.86694556,0.73282456,0.8664123
12488,0.5533046,0.77665234,0.6311463,0.81557316,0.57565737,0.7878287,0.56086946,0.7804347,0.54762185,0.7738109,0.5399332,0.7699666,0.50392336,0.7519617,0.5871967,0.79359835,0.61906385,0.8095319,0.58248115,0.7912406
12489,0.6339594,0.8169797,0.6292705,0.8146353,0.64914834,0.8245742,0.5540942,0.7770471,0.6117111,0.8058555,0.68139803,0.840699,0.6580056,0.8290028,0.67430055,0.8371503,0.6604943,0.83024716,0.69481075,0.8474054
12490,0.6136205,0.80681026,0.620987,0.81049347,0.6086754,0.80433774,0.60356355,0.8017818,0.58279335,0.7913967,0.58704144,0.7935207,0.6069615,0.80348074,0.5983976,0.7991988,0.64878535,0.8243927,0.6146188,0.8073094
12491,0.69377244,0.8468862,0.69225454,0.8461273,0.6832008,0.8416004,0.625971,0.81298554,0.65619725,0.82809865,0.68580544,0.8429027,0.64467394,0.822337,0.70132613,0.85066307,0.6739286,0.8369643,0.6899173,0.84495866
12492,0.5188583,0.75942916,0.54373634,0.77186817,0.52955866,0.7647793,0.5096335,0.7548168,0.5188409,0.75942045,0.45512766,0.72756386,0.44378588,0.72189295,0.4934377,0.7467189,0.52631605,0.763158,0.43291044,0.7164552
12493,0.58208793,0.791044,0.57707286,0.7885364,0.6219895,0.81099474,0.5209511,0.7604755,0.54430306,0.7721515,0.6351138,0.81755686,0.57024354,0.7851218,0.61171484,0.8058574,0.6496747,0.8248373,0.62179554,0.81089777
12494,0.66469216,0.8323461,0.67401105,0.8370055,0.6695435,0.83477175,0.6379374,0.8189687,0.6277195,0.81385976,0.6464875,0.82324374,0.6672225,0.83361125,0.6608485,0.83042425,0.7302967,0.8651483,0.69192654,0.84596324
12495,0.71869993,0.85934997,0.7212419,0.860621,0.6983141,0.84915704,0.64757574,0.82378787,0.6970055,0.84850276,0.74957746,0.87478876,0.67993134,0.8399657,0.758809,0.8794045,0.75961816,0.8798091,0.7447264,0.8723632
12496,0.6208547,0.8104273,0.6101881,0.80509406,0.62036765,0.8101838,0.58260036,0.7913002,0.58334583,0.79167295,0.61119246,0.80559623,0.5509974,0.7754987,0.6369835,0.81849176,0.67825913,0.83912957,0.62325144,0.8116257
12497,0.6648226,0.8324113,0.645224,0.822612,0.6696621,0.83483106,0.61789393,0.80894697,0.6310874,0.8155437,0.66546977,0.8327349,0.5978545,0.79892725,0.6921619,0.84608096,0.6454048,0.8227024,0.6457088,0.8228544
12498,0.7120428,0.8560214,0.7273851,0.8636925,0.7036948,0.8518474,0.67658883,0.8382944,0.6696191,0.83480954,0.7207729,0.8603865,0.67556447,0.83778226,0.74763453,0.87381727,0.72765946,0.86382973,0.72624576,0.8631229
12499,0.700803,0.8504015,0.69274414,0.84637207,0.6889912,0.8444956,0.59167355,0.7958368,0.68552506,0.84276253,0.7138636,0.8569318,0.67444634,0.8372232,0.7330923,0.86654615,0.68243086,0.84121543,0.7260093,0.8630047
12500,0.69401175,0.84700584,0.67883843,0.83941925,0.67247486,0.83623743,0.5787761,0.78938806,0.6804172,0.8402086,0.68622226,0.84311116,0.6743151,0.83715755,0.70714927,0.85357463,0.66444993,0.83222497,0.6894343,0.84471714
12501,0.23018423,0.6150921,0.25840524,0.6292026,0.24302551,0.6215128,0.18431795,0.592159,0.17664456,0.5883223,0.14919552,0.5745978,0.10853223,0.5542661,0.15750451,0.5787523,0.18607375,0.5930369,0.16311646,0.5815582
12502,0.61442024,0.8072101,0.69750124,0.8487506,0.62407136,0.8120357,0.6047584,0.8023792,0.64914244,0.82457125,0.557552,0.778776,0.62695134,0.81347567,0.66970646,0.83485323,0.62333786,0.81166893,0.5962132,0.7981066
12503,0.61662304,0.8083115,0.5588639,0.77943194,0.6312285,0.8156142,0.53161055,0.76580524,0.54470754,0.77235377,0.63183695,0.81591845,0.50789386,0.7539469,0.5974876,0.79874384,0.5988838,0.79944193,0.570687,0.7853435
12504,0.7105224,0.8552612,0.72871745,0.8643587,0.71204823,0.85602415,0.6758543,0.83792716,0.67726123,0.8386306,0.6017158,0.8008579,0.59811664,0.7990583,0.7221073,0.86105365,0.6276487,0.81382436,0.576807,0.7884035
12505,0.5606761,0.78033805,0.59223735,0.7961187,0.60875106,0.8043755,0.49905396,0.749527,0.5532368,0.77661836,0.57184994,0.785925,0.5308895,0.76544476,0.5782893,0.78914464,0.6044073,0.80220366,0.5971909,0.7985954
12506,0.54213,0.771065,0.5962018,0.7981009,0.6272303,0.81361514,0.5528407,0.77642035,0.5577164,0.7788582,0.48730195,0.743651,0.46376818,0.7318841,0.56341374,0.78170687,0.51852214,0.7592611,0.5015799,0.75078994
12507,0.6868259,0.84341294,0.69756067,0.84878033,0.6984767,0.84923834,0.6324174,0.8162087,0.73579574,0.86789787,0.7617713,0.88088566,0.77316606,0.88658303,0.7576118,0.8788059,0.7662034,0.8831017,0.79769707,0.89884853
12508,0.7412319,0.87061596,0.64979684,0.8248984,0.66231596,0.831158,0.5421585,0.77107924,0.70068973,0.8503449,0.77762157,0.88881075,0.6818016,0.8409008,0.7008325,0.85041624,0.64179796,0.820899,0.7313143,0.86565715
12509,0.71976006,0.85988003,0.66622835,0.83311415,0.7322582,0.8661291,0.62100816,0.8105041,0.6754385,0.83771926,0.7537718,0.8768859,0.6533781,0.82668906,0.7283621,0.86418104,0.7223481,0.86117405,0.7425206,0.8712603
12510,0.55754596,0.77877295,0.5613782,0.7806891,0.55455065,0.7772753,0.54789233,0.77394617,0.516814,0.758407,0.5523323,0.77616614,0.5767673,0.78838366,0.57671005,0.788355,0.5990912,0.7995456,0.5922183,0.79610914
12511,0.5887822,0.7943911,0.565904,0.782952,0.5304073,0.76520365,0.5326687,0.76633435,0.5636653,0.78183264,0.6446349,0.8223175,0.5995196,0.7997598,0.6076378,0.80381894,0.65796614,0.82898307,0.63107884,0.8155394
12512,0.53330946,0.76665473,0.54113495,0.7705675,0.49861473,0.7493074,0.5480052,0.7740026,0.5244668,0.7622334,0.48540813,0.74270403,0.50951,0.754755,0.54628897,0.7731445,0.59036076,0.7951804,0.5332059,0.766603
12513,0.65903246,0.82951623,0.61633515,0.8081676,0.6353736,0.8176868,0.5964302,0.7982151,0.5894594,0.7947297,0.6260056,0.8130028,0.55571866,0.77785933,0.6225981,0.8112991,0.636513,0.8182565,0.6115279,0.80576396
12514,0.751649,0.8758245,0.7441497,0.87207484,0.73063654,0.8653183,0.6634759,0.83173794,0.74256414,0.8712821,0.7117708,0.8558854,0.6524391,0.82621956,0.7409733,0.8704866,0.68537503,0.8426875,0.6922208,0.8461104
12515,0.6954808,0.8477404,0.72062504,0.8603125,0.690797,0.8453985,0.66591465,0.8329573,0.64627326,0.8231366,0.6251377,0.81256884,0.6312905,0.8156452,0.7216087,0.8608043,0.7377428,0.8688714,0.68480384,0.8424019
12516,0.6805856,0.8402928,0.6763202,0.8381601,0.70233333,0.85116667,0.6413679,0.82068396,0.6181996,0.8090998,0.61052823,0.8052641,0.59528196,0.797641,0.68088543,0.8404427,0.6552538,0.82762694,0.63680106,0.8184005
12518,0.77725077,0.8886254,0.77300835,0.8865042,0.7428963,0.87144816,0.6954111,0.84770554,0.76399434,0.88199717,0.75513387,0.87756693,0.721302,0.860651,0.81055224,0.9052761,0.762532,0.881266,0.7850044,0.8925022
12519,0.6455407,0.82277036,0.67263705,0.8363185,0.62948835,0.8147442,0.57614243,0.7880712,0.59856224,0.7992811,0.5552263,0.77761316,0.585088,0.792544,0.60941327,0.80470663,0.60522854,0.8026143,0.58424044,0.7921202
12520,0.70422506,0.85211253,0.6642776,0.8321388,0.6412759,0.82063794,0.6470752,0.8235376,0.6405767,0.82028836,0.6780192,0.83900964,0.6261958,0.8130979,0.6743707,0.8371854,0.65824586,0.8291229,0.67945033,0.83972514
12521,0.68765473,0.84382737,0.6368878,0.8184439,0.66157246,0.8307862,0.5911664,0.7955832,0.617709,0.80885446,0.656782,0.82839096,0.61700284,0.8085014,0.681735,0.8408675,0.59962493,0.79981244,0.66177595,0.830888
12523,0.6202096,0.8101048,0.6027924,0.8013962,0.609617,0.8048085,0.57735,0.788675,0.5531518,0.7765759,0.6269628,0.8134814,0.5712974,0.7856487,0.624903,0.8124515,0.62190247,0.81095123,0.65216404,0.826082
12525,0.8231747,0.91158736,0.7661828,0.8830914,0.8060288,0.9030144,0.7502158,0.8751079,0.78461456,0.8923073,0.7080722,0.8540361,0.6608585,0.83042926,0.773819,0.8869095,0.6984532,0.8492266,0.681985,0.8409925
12526,0.69790125,0.8489506,0.6799832,0.83999157,0.6736385,0.8368193,0.6374018,0.8187009,0.64800096,0.8240005,0.6705751,0.8352876,0.6557804,0.82789016,0.6781781,0.83908904,0.67264104,0.8363205,0.67932844,0.8396642
12527,0.6921081,0.8460541,0.6513892,0.82569456,0.6566516,0.8283258,0.5886344,0.7943172,0.64487594,0.822438,0.7068012,0.8534006,0.6182069,0.8091035,0.6986491,0.8493246,0.6911259,0.84556293,0.6901932,0.8450966
12528,0.3467427,0.6733713,0.3524736,0.6762368,0.38966724,0.69483364,0.31263337,0.6563167,0.36918235,0.6845912,0.32130677,0.66065335,0.3284244,0.6642122,0.29729018,0.6486451,0.3557908,0.6778954,0.32315075,0.6615754
12529,0.81692076,0.9084604,0.69052184,0.8452609,0.7477746,0.8738873,0.64142513,0.82071257,0.7492762,0.8746381,0.76223016,0.8811151,0.6529783,0.82648915,0.739033,0.8695165,0.65423775,0.8271189,0.71400726,0.8570036
12530,0.2674343,0.6337172,0.29528075,0.64764035,0.32951584,0.6647579,0.23695408,0.61847705,0.23932478,0.6196624,0.23371232,0.61685616,0.24583513,0.62291753,0.228098,0.614049,0.31424767,0.6571238,0.25508913,0.6275446
12531,0.49508262,0.7475413,0.5473469,0.7736734,0.5724541,0.78622705,0.44646806,0.72323406,0.49967557,0.74983776,0.5094475,0.7547238,0.5172063,0.75860316,0.49907935,0.7495397,0.5495752,0.7747876,0.52950454,0.76475227
12532,0.75393176,0.8769659,0.6778662,0.8389331,0.70587105,0.85293555,0.62242997,0.811215,0.6693501,0.8346751,0.7358765,0.8679383,0.64196485,0.82098246,0.69786465,0.8489323,0.6834452,0.8417226,0.71607435,0.8580372
12533,0.6807523,0.84037614,0.6678173,0.8339087,0.6973267,0.84866333,0.6035468,0.8017734,0.6635808,0.8317904,0.61043876,0.8052194,0.62170136,0.8108507,0.694208,0.847104,0.61994225,0.8099711,0.608638,0.804319
12565,0.7708636,0.88543177,0.7408081,0.87040406,0.72328246,0.8616412,0.65740156,0.8287008,0.7192987,0.85964936,0.7804445,0.89022225,0.70386136,0.8519307,0.8032948,0.9016474,0.75209975,0.8760499,0.7808609,0.89043045
12656,0.4218337,0.7109169,0.49786866,0.7489343,0.42816842,0.7140842,0.46393615,0.73196805,0.39668447,0.6983422,0.38032922,0.6901646,0.38588303,0.69294155,0.49060488,0.74530244,0.44138122,0.7206906,0.39543587,0.6977179
12674,0.7335819,0.86679095,0.6775868,0.8387934,0.7132282,0.8566141,0.59985423,0.7999271,0.6887028,0.8443514,0.783558,0.891779,0.685439,0.8427195,0.7304077,0.86520386,0.7303479,0.86517394,0.7670083,0.88350415
12687,0.51416963,0.75708485,0.5796438,0.78982186,0.55795145,0.7789757,0.4511211,0.72556055,0.5572156,0.7786078,0.5964223,0.79821116,0.6363932,0.8181966,0.58935386,0.7946769,0.6682249,0.8341124,0.6703675,0.83518374
12736,0.72130096,0.8606505,0.67350316,0.8367516,0.5918317,0.79591584,0.6650827,0.83254135,0.66715693,0.83357847,0.60968083,0.80484045,0.62905675,0.81452835,0.66790855,0.8339543,0.66378176,0.8318909,0.6184373,0.80921865
13078,0.75363827,0.87681913,0.7005252,0.85026264,0.68791777,0.84395885,0.6650418,0.8325209,0.732121,0.8660605,0.7473072,0.8736536,0.7069484,0.8534742,0.7392932,0.8696466,0.70221585,0.85110795,0.73529136,0.8676457
13080,0.7061178,0.85305893,0.691087,0.8455435,0.6885499,0.84427494,0.64634657,0.8231733,0.6655458,0.8327729,0.6670147,0.83350736,0.60035,0.800175,0.7141679,0.8570839,0.70087945,0.8504397,0.6629354,0.8314677
13146,0.69646513,0.84823257,0.735945,0.8679725,0.65956044,0.8297802,0.67058396,0.835292,0.65653,0.828265,0.6407937,0.82039684,0.6509676,0.8254838,0.6866995,0.84334975,0.7582888,0.87914443,0.73643273,0.8682164
13147,0.7443267,0.87216336,0.7269767,0.8634883,0.6800587,0.84002936,0.65266764,0.8263338,0.71745384,0.8587269,0.6388929,0.81944644,0.6597863,0.8298931,0.6836061,0.8418031,0.6751201,0.83756006,0.66393435,0.8319672
13148,0.68329275,0.8416464,0.6286673,0.8143337,0.6379738,0.8189869,0.5892904,0.7946452,0.639272,0.819636,0.5681361,0.78406805,0.5389983,0.7694992,0.63056064,0.8152803,0.5278265,0.7639133,0.51154834,0.75577414
13149,0.68801117,0.8440056,0.67172235,0.8358612,0.5964567,0.7982284,0.5938914,0.7969457,0.6481595,0.82407975,0.5943159,0.79715794,0.5868671,0.79343355,0.60398614,0.8019931,0.61617935,0.8080897,0.635512,0.817756
13150,0.7950405,0.89752024,0.78556776,0.8927839,0.7750983,0.88754916,0.6937577,0.8468789,0.76450276,0.8822514,0.74360406,0.87180203,0.6884712,0.8442356,0.7927931,0.8963965,0.7195189,0.85975945,0.7223879,0.86119395
13196,0.7108519,0.85542595,0.72272825,0.8613641,0.69134533,0.84567267,0.63129526,0.8156476,0.6782117,0.83910584,0.6407578,0.8203789,0.641415,0.8207075,0.6633287,0.8316643,0.6741283,0.83706415,0.6513755,0.82568777
13382,0.71724635,0.85862315,0.68128943,0.8406447,0.6772462,0.8386231,0.64934576,0.8246729,0.67136604,0.835683,0.68927854,0.8446393,0.6474919,0.82374597,0.69562835,0.8478142,0.6583627,0.8291813,0.71486056,0.8574303
13461,0.72745335,0.8637267,0.6417372,0.8208686,0.6721842,0.8360921,0.5963253,0.79816264,0.6603097,0.83015484,0.70218086,0.85109043,0.62683475,0.8134174,0.68016267,0.84008133,0.64265174,0.8213259,0.6988392,0.8494196
13475,0.7181866,0.8590933,0.7020315,0.85101575,0.68264824,0.8413241,0.59154475,0.7957724,0.6974371,0.8487185,0.6859348,0.8429674,0.6641844,0.83209217,0.71495485,0.8574774,0.6478538,0.8239269,0.65788114,0.8289406
13477,0.5477655,0.77388275,0.5047943,0.7523972,0.59111893,0.79555947,0.49726453,0.74863225,0.5437962,0.7718981,0.5553016,0.77765083,0.503281,0.7516405,0.5762927,0.7881464,0.49080625,0.7454031,0.53695196,0.768476
13537,0.78544766,0.8927238,0.7596301,0.87981504,0.7681246,0.8840623,0.725607,0.86280346,0.7620313,0.88101566,0.7429861,0.87149304,0.7114502,0.8557251,0.76363206,0.881816,0.70056784,0.8502839,0.744343,0.8721715
13893,0.7188068,0.8594034,0.672554,0.836277,0.7094818,0.85474086,0.67342365,0.8367118,0.65980303,0.8299015,0.5805392,0.7902696,0.5128856,0.7564428,0.66243875,0.8312194,0.5572868,0.77864337,0.56095064,0.7804753
13897,0.7593076,0.8796538,0.67108786,0.83554393,0.6754527,0.83772635,0.6512666,0.8256333,0.66375965,0.83187985,0.5989456,0.7994728,0.5424979,0.77124894,0.66211545,0.8310577,0.6134118,0.8067059,0.5949997,0.79749984
14744,0.7363133,0.8681567,0.70232403,0.851162,0.72088957,0.8604448,0.68733335,0.8436667,0.6892775,0.84463876,0.68069476,0.8403474,0.65068334,0.8253417,0.6998788,0.8499394,0.6814903,0.84074515,0.68432623,0.8421631
14862,0.71995807,0.85997903,0.7192811,0.85964054,0.6744723,0.83723617,0.6856097,0.84280485,0.70478463,0.8523923,0.65534186,0.82767093,0.676718,0.838359,0.7206505,0.8603252,0.690593,0.8452965,0.6904018,0.8452009
14882,0.7380521,0.86902606,0.745646,0.872823,0.6651677,0.83258384,0.63093466,0.81546736,0.7324995,0.86624974,0.6996802,0.8498401,0.67592204,0.837961,0.7446069,0.8723035,0.65814656,0.8290733,0.6948814,0.8474407
14890,0.7457088,0.8728544,0.7097216,0.8548608,0.702266,0.851133,0.6602827,0.8301413,0.7015455,0.85077274,0.68531513,0.84265757,0.62911177,0.8145559,0.74891603,0.874458,0.6912539,0.84562695,0.69149894,0.8457495
14906,0.59368575,0.7968429,0.55486155,0.7774308,0.5412364,0.7706182,0.57662165,0.7883108,0.5419774,0.7709887,0.48859656,0.7442983,0.50242317,0.7512116,0.54583186,0.77291596,0.5647637,0.7823819,0.5362222,0.7681111
14907,0.6114956,0.8057478,0.641734,0.820867,0.56694394,0.78347194,0.5434475,0.77172375,0.62653756,0.8132688,0.63609076,0.8180454,0.65417516,0.8270876,0.6577348,0.82886744,0.6358576,0.8179288,0.66997516,0.8349876
14914,0.7557566,0.8778783,0.65958655,0.8297933,0.6662116,0.8331058,0.6327878,0.8163939,0.70730865,0.8536543,0.65827394,0.82913697,0.62999415,0.8149971,0.684909,0.8424545,0.6467667,0.82338333,0.6556574,0.8278287
14916,0.7245083,0.86225414,0.7582811,0.87914056,0.69962454,0.84981227,0.6978967,0.84894836,0.69856215,0.8492811,0.6473328,0.8236664,0.6839746,0.8419873,0.73763907,0.86881953,0.7267225,0.86336124,0.71585864,0.85792935
14930,0.76196057,0.88098025,0.66229093,0.83114547,0.69859105,0.8492955,0.6022489,0.80112445,0.73465425,0.8673271,0.7781675,0.88908374,0.67354953,0.83677477,0.72195935,0.8609797,0.686682,0.843341,0.74985033,0.87492514
14932,0.635993,0.8179965,0.6883657,0.84418285,0.6589006,0.8294503,0.57616925,0.7880846,0.6313473,0.81567365,0.6463171,0.82315856,0.6262666,0.8131333,0.69128245,0.84564126,0.7114639,0.85573196,0.68639565,0.8431978
14939,0.7585511,0.87927556,0.7119491,0.85597456,0.7030277,0.85151386,0.6243756,0.8121878,0.7217039,0.86085194,0.7517662,0.8758831,0.69399977,0.8469999,0.7221208,0.8610604,0.677317,0.8386585,0.7301966,0.8650983
14947,0.6703931,0.83519655,0.6747098,0.8373549,0.62416106,0.8120805,0.5972929,0.79864645,0.63273776,0.8163689,0.63309705,0.8165485,0.6006385,0.80031925,0.6231605,0.81158024,0.6476903,0.82384515,0.63551605,0.817758
15180,0.63113135,0.8155657,0.6452123,0.82260615,0.65273726,0.82636863,0.6252109,0.81260544,0.5787816,0.7893908,0.55229217,0.77614605,0.5092266,0.7546133,0.5520921,0.77604604,0.59694594,0.798473,0.55823326,0.77911663
15240,0.58320105,0.7916005,0.56468654,0.78234327,0.5479204,0.77396023,0.5378526,0.76892626,0.60284024,0.8014201,0.58936596,0.794683,0.6148591,0.80742955,0.58914584,0.79457295,0.57660556,0.7883028,0.649076,0.824538
15339,0.55212843,0.7760642,0.6646694,0.8323347,0.58921456,0.7946073,0.56311536,0.7815577,0.5546507,0.7773254,0.45958,0.72979,0.46543184,0.7327159,0.606436,0.803218,0.5009318,0.75046587,0.48767236,0.74383616
15419,0.7755058,0.8877529,0.7094657,0.8547329,0.7316812,0.8658406,0.65216637,0.8260832,0.70227945,0.8511397,0.6864337,0.84321684,0.6346364,0.8173182,0.7097841,0.854892,0.6668607,0.83343035,0.7094636,0.8547318
15425,0.59584856,0.7979243,0.5255184,0.7627592,0.5897465,0.79487324,0.5950864,0.79754317,0.56037164,0.7801858,0.57415485,0.7870774,0.4892177,0.7446089,0.55081344,0.7754067,0.5636543,0.78182715,0.54442614,0.7722131
15426,0.5927557,0.79637784,0.66417074,0.8320854,0.55682635,0.7784132,0.5219142,0.7609571,0.5698608,0.7849304,0.572835,0.7864175,0.5944456,0.7972228,0.6129875,0.80649376,0.63714635,0.8185732,0.6289849,0.81449246
15474,0.65210617,0.8260531,0.7005027,0.8502513,0.645753,0.8228765,0.6409078,0.8204539,0.65574247,0.8278712,0.6254672,0.8127336,0.6109551,0.80547756,0.671409,0.8357045,0.6679863,0.83399314,0.68196076,0.8409804
15519,0.6246283,0.81231415,0.66900504,0.8345025,0.6201338,0.81006694,0.5865527,0.7932763,0.6470586,0.8235293,0.5704197,0.7852099,0.59219086,0.79609543,0.6328344,0.8164172,0.6341015,0.81705076,0.59246993,0.79623497
15524,0.62479067,0.81239533,0.6474006,0.8237003,0.59523034,0.7976152,0.57826215,0.78913105,0.59852976,0.7992649,0.62856567,0.81428283,0.6048948,0.80244744,0.63722676,0.8186134,0.6629814,0.8314907,0.68300366,0.84150183
15589,0.6858059,0.84290296,0.66500723,0.8325036,0.66140676,0.8307034,0.6195978,0.8097989,0.61599064,0.8079953,0.5611813,0.78059065,0.57116026,0.78558016,0.6147043,0.8073522,0.60630494,0.80315244,0.5886463,0.79432315
15679,0.4769453,0.73847264,0.5067652,0.75338256,0.43580258,0.7179013,0.4926753,0.74633765,0.5217991,0.76089954,0.53736556,0.7686828,0.6041107,0.80205536,0.52029455,0.7601473,0.61543953,0.80771977,0.61635923,0.8081796
15743,0.70448685,0.8522434,0.73462963,0.8673148,0.6702119,0.83510596,0.6527895,0.82639474,0.6665455,0.83327276,0.59970737,0.7998537,0.6538973,0.82694864,0.7021104,0.8510552,0.6609162,0.8304581,0.6463883,0.82319415
16036,0.68837404,0.844187,0.6349535,0.81747675,0.6050796,0.8025398,0.6603966,0.8301983,0.61568344,0.8078417,0.5363841,0.76819205,0.4995454,0.74977267,0.6113781,0.80568904,0.55647564,0.7782378,0.5342667,0.76713336
16039,0.45700243,0.7285012,0.47741726,0.7387086,0.43564707,0.7178235,0.48175776,0.7408789,0.38238925,0.69119465,0.25222915,0.6261146,0.29922557,0.6496128,0.40015838,0.7000792,0.37688977,0.68844485,0.27033612,0.6351681
16064,0.7916599,0.8958299,0.8078384,0.9039192,0.72839403,0.864197,0.7279804,0.8639902,0.83150595,0.915753,0.7405209,0.8702605,0.7575895,0.8787948,0.8307693,0.91538465,0.7544877,0.8772439,0.788276,0.894138
