,resume
1747,"For the last 8 years I have been a self-employed entrepreneur. During this time, I opened a chain of coffee shops. Sold them. Opened an export-oriented production using 3D printing technologies.
For the last 8 years I have been a self-employed entrepreneur. During this time, I opened a chain of coffee shops. Sold them. Opened an export-oriented production using 3D printing technologies. 

HARD SKILLS
- Prioritization and goal setting
- Project planning
- Organization
- Budget managment
- Delegation. Ability to monitor task performance.
- Knowledge of SCRUM methodologies. Understandanding of Agile, Scrum, Kanban, WaterFall.
- Gamedesign. Theoretical foundations, basic understanding of UE4 and Unity
- Blender – Junior – Modeling, UV mapping, animation
- Linux node operating

SOFT SKILLS
- Critical thinking
- Decision-Making
- Time Management
- Team management
- Communication
- Coaching
- Risk Managment
- The ability to identify the needs of the customer and the user of the product. The ability to reach consensus on the implementation of needs by the project.
- English level – Intermediate (B1)
"
1784,"
During my professional journey, I have gained diverse experience across various domains. I have worked as a 3D artist where I have utilized my creative abilities to craft visually stunning and realistic 3D models and animations. As a graphic designer, i have employed my design skills to create compelling visual assets for different projects.

In addition to my expertise in 3D art and Graphic design, i have ventured into the realms of videography and video production. I have captured and edited high quality videos, employing my keen eye for detail and technical proficiency to create impactful visual narratives.

Furthermore, i have delved into the realm of digital marketing, harnessing my knowledge and skills to strategize and execute effective marketing campaigns. I'm well-versed in utilizing digital marketing tools and platforms to traffic engagement, enhance brand awareness and generate leads.

Apart from my creative pursuits, I have been actively involved in organizing notable events. I have successfully organized music art festival in Azerbaijan, showcasing vibrant and diverse music culture of the region. Additionally i have been part of DokuBaku International Documentary Film Festival, contributing to the promotion and celebration of documentary film making.

Moreover i have gained valuable experience working with start-ups, where i have honed my entrepreneurial mindset and adapted to fast-paced and dynamic environments. The experience has allowed me to develop a versatile skill set and a deep understanding of the challenges and opportunities start-ups face.

Overall, my work experience encompasses a broad range of disciplines,including 3D art, graphic design, video production, digital marketing, event organization and start-up engagement. I'm continuously seeking new opportunities to expand my knowledge, skills and contributions within these areas.
"
2476,"During my work in a role of a Client Success Manager, I was responsible for the large US-based accounts health and growth. I used to work on 3 - 4 large enterprise-level accounts in parallel with the total number of dedicated engineering teams 30 – 50 people.
I've generated a lot of ideas for improvements, participated in building up strong engineering teams and working out the processes and strategy for the clients, which have resulted in the account and team growth.
I had a chance to mentor and inspire many people, who have later become talented engineers and solution architects, and learn from them as well.
- Managing multiple accounts with different engagement models. 
- Managing all aspects of client relationships. 
- Analyzing client's business pain-points, assisting with the roadmap to help reaching out strategic goals. 
- Taking active part in the whole opportunity initiation process. Drafting Proposals and SOWs.
- Extending partnership with the existing clients.
- Executive Reporting and Business Reviews. 
- Project Scope Analysis. Risks/issues management. 
- Team management and coaching. 
- Practical knowledge of software development methodologies and life cycle. 
- Strong IT background. Platform experience: Salesforce, IBM Websphere, Magento.
I am passionate about participating in IT projects, in a collaboration with the teams of experts, to help merchants transform their business and get the eCommerce into the new heights. Also, I really enjoy communicating with the people, support and lead the Company engineering teams as well as remove obstacles, which may appear during the project. In addition, I am good at building trust and partnership relations with the clients."
2515,"
Key responsibilities along the most of the projects in my experience:

- maintaining trustful and long-lasting business relations with the customers;
- troubleshooting of customers' issues;
- coordinating the projects of clients' connection and interaction with our online platform and services;
- communications with the developers' team;
- sales and retention activities;
- dealing with the sales documentation: agreements, contracts, Invoices;
- Zoho, Jira, Confluence, SAP, 1C, etc. 

At the moment I have a strong desire to develop in the project management direction.
"
2517,"Managing up to 15 projects simultaneously, cross-selling and upselling the solutions to the clients by defining their needs
Managing projects by monitoring work process, controlling timing and terms of work, communicating and providing regular updates to stakeholders on progress and any potential issues or risks, upselling&cross-selling, building long-term relationships with clients.
Working with inbound requests, contacting new leads via outbound, presenting proposals and completing sales cycle, preparing agreements.
"
2529,"
I am a passionate, analytical mind looking for challenges that motivate growth and personal improvement.
My life motto is simple yet straightforward: Think, plan and achieve.

My recent work experience includes different positions, which, however, were centered around communication, teamwork, and project management. That is a career field in which I want to advance.

My firm belief is that the best results come from mutually respectful and honest relationships that allow both parties to give and receive the best one has to offer.

I see our potential cooperation as a fruitful and pleasant endeavor.

Thank you for your time, and don't hesitate to send me a message!
"
2538,"- closed the eBay expansion project 
- changed the supply chain, so the company can save more money (logistics improvement) 
- agreed with the Asain suppliers to I'm[rove the quality of products (we could see the results that it was improved) 
- handled re-import to the US (so the company didn`t pay taxes again)
Results-oriented and dedicated recently graduated student adept at completing extensive market research, negotiating with suppliers. developing and implementing cost-saving plans, executing various supply chain- and Amazon related activities. Possessing critical thinking skills and significant ability to remain calm in stressful situations.

I have been working with Amazon and Asian partners for more than 2 years, handling diverse projects as market expansion (other countries, other marketplaces), preparation of legal documents to continue selling on the platform, registration in the different organizations in the EU, product quality improvement project, improving the supply chain and planning etc. 
In general, all the projects were quite different and had strategic manning for the company and I had to learn a lot of new information to close them successfully. 
I am a results-oriented and dedicated recently graduated student adept at completing extensive market research, negotiating with suppliers, developing and implementing cost-saving plans, and executing various supply chain-related activities. Possessing critical thinking skills and significant ability to remain calm in stressful situations
No monotonous job, I need some challenges"
2551,"Based on a wide practical background and understanding of business specific features, I have understanding of the whole cycle of the SDLC and deep knowledge in Data Privacy, Intellectual Property, Commercial and Contract law. I've acquired solid managerial and recruitment experience, developed organizational skills, including attention to detail, multitasking and good knowledge of different managerial methodologies and the ability to adapt them to actual circumstances. I'm able to build relationships within a team and work with international companies/customers.
I’m a professional with 3+ years of in-house legal practice in IT Product Company. Recently I've decided to take the next step as Account Manager. 

Experience:
Project Manager Assistant in Vayosoft Team
I was responsible for managing Contracts/ RFP/RFI;
Collaborated with procurement (participated in negotiations with suppliers, took part in evaluation of contractors according to company’s procedures);
Organized team meetings, follow-ups, action lists, prepared reports and presentations for upper-management;
I've taken part in creation of new projects from the scratch through MVP to the improvement of a working application

Legal Counsel in Benish Group  
I had relationships with colleagues regarding corporate policy, analysis and minimization of  legal risks within the company and provided recommendations on their application;
Collaborated with internal and external teams (developers, analysts, marketing managers and company's leadership) to oversee activities reducing legal risks;
Communicated with customers, business partners, service providers from a variety of jurisdictions;
Prepared Rules for the provision of services (offers), Privacy Policies, Terms of Use for Applications under GDRR rules; 
Took part in Product development, optimization of business processes of the entire group of companies;
Implemented legal compliance in the various areas of business operations (personal data protection, intellectual property, PR and marketing, sales, payments, consumer rights etc.);
Organizied and maintained contractual activities (legal expertise, drafting of contracts texts in accordance to local legislation and company internal standards and procedures etc.)
"
2553,"
During my work, I came across various positive/negative aspects of business management, which made me stronger and gave me a deeper understanding of the IT industry and people management. I acquired theoretical/practical knowledge about the required skills and responsibilities of a project manager and am looking for an opportunity to become a skilled project manager.
I began my journey as a Business Development Manager and had a lot of experience as a Project Manager for outstaff projects.
Responsibilities:
People management (1-1, performance reviews, monitor sprint process);
Leadership and motivation of team members, maintaining a friendly atmosphere;
Search and employment of new employees (interviewing for technical/non-technical positions, introducing of new employees in company environment);
Account management of ongoing projects (negotiation and conflict resolution with a customer);
Company presentation and preparation of estimation documents;
Communication with partner companies;
Customer support from the first contact to closing;
Search for outstaff projects;
Preparation of documentation for outstaff deals.
I am looking for an opportunity to become a skilled project manager and want to work in an outsource company to develop my skills in the B2B field with foreign customers."
2554,"I have 4 years of successful B2B international communication and sales experience, excellent oral and written presentational skills, as well as qualities of team-building and public speaking.
- I have strong communicational, management, problem-solving skills and get lots of pleasure during successful teamwork. 
- Have 4 years B2B international communication (account and sales experience) and masters degree in foreign economics.
- Have basic skills of web & mobile UI/UX design, prototyping.
- Understand Agile methodologies in SDLC
- Accomplished courses of Business Analytics and Web & Mobile UI/UX design
- Tools: CRM, Google Docs, Figma, Axure RP, Coggle, Adobe Ps, Canva, Trello, Slack

Now I'm looking for account or junior PM job opportunity in development/design field.
The most desirable for me is to join the team of creative and determined people and grow together while working on exciting and challenging tasks. I would be glad to use and develop constantly my skills and qualities.
I'm interested in business solutions finding, web & mobile UI/UX decisions, prototyping, cross-cultural communication.
Location and space are important but not critical."
2555,"Will be provided during the interview
• 5 years as a Sales Assistant in international companies within Chemical raw materials distribution industry. 
• 5 years as a Customer Support/Account Manager being promoted to Support Team Lead in EdTech company providing services to Western Market (Western Europe and USA)
• 1 year as an EdTech project manager (lead generation, outbound sales, support) within secondary and higher education sphere on the Western Market 
- advanced user of IBS, SAP, Zoho, Confluence, Jira, Kommo CRM, Canva);
- general knowledge of programming concepts (Java)
Stability of income 
Growth 
Healthy atmosphere"
2556,"
As an Account Manager, I was communicating with the clients via emails, cold and hot calling, participating in demos, testing the application, creating the company profiles and updating the application accordingly, helping clients with any questions and inquiries regarding the application that they may have. I found my ways to make the clients interested in the product and help them make the most of it. I also was creating content for the website (blogs and tutorials) on a regular basis. Examples to be provided upon request. 
As a Sales Support Agent, I performed Ukrainian and Russian market investigation and research, and helped British company to expand to Estern European market, communicating with business owners and representatives, B2B sales, filling all the necessary reports.
As a Customer Support Agent, I found the solutions to thousands customer service issues by was communicating with customers from USA, Canada and Great Britain via telephone and emails, providing solutions to the customer service issues, making adjustments to the customers profiles and subscriptions, making the refunds if necessary, ensuring the customer is satisfied with the outcome, working with CRM, quality assurance – analyzing the calls taken by the outsource company, correcting the mistakes in the system if needed, calling the customers back to ensure customer satisfaction, filling all the necessary reports.
"
2577,"Workflow and standard operation processes optimization, successfully managing and making sure my team’s tasks are completed and met. Successfully maintaining and administrating a Salesforce lead/records database. Running and administrating 2 e-commerce businesses at the same time.
Job Title: Project Coordinator

Tasks: 

My tasks as Project Coordinator in Upwork Premium Services team included:
* Measuring the efficiency of the services our team provided by means of contrastive analysis & reporting
* Delivering overall administrative support of the program
* Importing & maintaining lead data in Salesforce
* Monitoring & reporting team's activity on overdue tasks/tickets
* Handling high-value escalations sent by internal teams 
* Revising current processes and making improvements/amendments


Job Title: Online Store Project Manager (remote)

When working on this project I managed to optimize the workflow by delivering high-quality customer service, handling a big volume of time-sensitive tasks and being result-oriented.

My tasks included:
- Managing backend admin panel
- Working with hosting infrastructure (managing dedicated servers and businesses, 1-st line support)
- Dispatch management
- Resolving support tickets

Job Title: Talent Agent Admin & Talent Specialist

My role as the Admin & Talent Specialist included:
* Sourcing high caliber talent for Upwork internal teams and Upwork Clients
* Conducting video interviews with Upwork Freelancers from Americas, Europe & Asia
* Creating & handling Jira tickets
* Optimizing operations and looking for ways to improve both the efficiency and quality of the program
* Creating, maintaining and improving SOP documentation

Job Title: Magento E-Commerce Project Manager

My key responsibilities as Project Manager and Business Manager included:

- Creating and assigning tasks to the dev team, improving UI optimization
- Cooperation with SEO and marketing team
- Conducting performance review meetings
- Establishing cooperation with manufacturers/suppliers worldwide and setting them up as vendors
- Managing stock, configuring payment, shipping methods and shipping rates in Magento
- Managing orders, dispatch, and refunds
- Dealing with customer inquiries and resolving complaints
Big project, with a well-structured team, standardized operational procedures, yet with room for improvement. It can be both an outsourcing or a product project."
2582,"I have a PhD degree in Economics (Candidate of Economic Sciences), 2018.

Key achievements at Kyiv-Mohyla Business School [kmbs]:
• I suggested improvements to the logic of the medium-term program that enabled participants to introduce changes in their businesses easier than before; they also demonstrated better understanding of the content.
• I was selected to the team focused on implementation of the new CRM system. I was responsible for testing it, bug reporting and designing the interface based on processes and needs of our department.
• I was appointed to the commission that evaluated the participants’ graduation projects on the medium-term program. 

Additionaly:
• I scored 7.0 at IELTS Academic test (International English Language Testing System) - 2011, 2014
• I was Participant of the Internship Program at the Presidential Administration of Ukraine (USAID Rada Program and Interns' League)
• I have accomplished 6 online courses at Coursera: “An Introduction to Marketing”; “Critical Perspectives on Management”; “Critical Thinking in Global Challenges”; “A Beginner's Guide to Irrational Behavior”; “Games without Chance: Combinatorial Game Theory”; “Fundamentals of Global Energy Business”.
1. Project Manager at Ukrainian Social Academy.  Jul 2019 – March 2020.
• Conducted analysis of competitors, their products and promotion;
• Formulated logics and questions for depth interview, conducted depth interview, analysed and interpreted the results;
• Outlined portrait of a client (Target Audience), client segments, their characteristics and behavior, needs, “pains” and gains, value we create for them;
• Created the concept of the product (educational program): structure, objectives, sequence of topics, expected outcomes and experts involved;
• Produced requirements regarding experts’ (lecturers’) focus and objectives, analysed their proposals and negotiated updates to the program;
• Created the promotion plan for the product, coordinated its realisation and responsibilities regarding it;
• Formulated draft texts and messages for Facebook posts;
• Produced provisional budget for the product;
• Communicated with clients, defined their needs and analysed them;
• Tested new company website.
--------
2. Project Manager at EdEra. April 2019 - May 2019.
--------
3. Account & Project Manager at Kyiv Mohyla Business School [kmbs]. May 2016 - July 2018.
• Managing the Executive Development Programs (the Projects) at all stages (from scheduling and promotion to retrospective and development of suggestions);
• Managing multiple projects at the same time;
• Identifying key expectations, needs and goals of clients and their businesses; advising them;
• Managing client relationships and providing clients with excellent service and support;
• Coordination with Marketing and Finance departments;
• Developing marketing plans for the Programs;
• Representing the school at external events to support business development efforts, communication with prospective clients;
• Interacting with clients to collect feedback for product improvement and for advising clients’;
• Suggesting Program improvements and providing senior staff with retrospective on Program results;
• Coaching new team members and familiarising them with processes;
• Coordination & preparation of texts and concepts for promotional materials and mailings;
• Company website administration;
• Working with CRM & analytics, development of the CRM system;
• Working with LMS (Learning Management System).
--------
4. Internship at Presidential Administration of Ukraine (USAID Rada Program & Liga Interniv (Ліга Інтернів). Nov 2014 - Jul 2015
I dream about being a part of a company that has a meaningful mission and that creates new opportunities for our life. I am passionate about ideas and solutions that have positive impact on both social and business processes."
2583,"Genesis - Sendios.io 
 - rebuilt the account flow for managing clients' tasks for the whole team;  

Coreteka
- as product manager launched the updated version of website of the company 

BitMedia - sales and account manager
 - growth of advertiser cost through the whole network on 20%; 
 - set up the Pipedrive CRM system; 

MGID -  user acquisition manager
- closed 2 times more clients for 3 months in a row in comparison with colleagues; 
 - team education: presentations, delivering
I am an experienced account and digital marketing professional with over 4-years of experience in B2B/B2C working 
with AdTech and Crypto products. 
Skilled in E-mail marketing, Communications, Digital Marketing Project Management. 
Mostly motivated by the fast-paced environment, the strong team of professionals and challenging tasks. 
I’m eager to make my way in direction of retention of users and product development. 

My current work is in Genesis company on Sendios.io project as an Account Project manager. 

I want to continue my journey working as a Project Manager or Retention Manager.
"
2584,"- Multi-tasker with the ability to juggle many projects (56 simultaneously)
- Hands-on experience of working on Project Management tools (Teamwork, Asana, Notion)
- 143 projects completed 
- Total managed projects budget - 310 000 USD 
- Created and conducted training on negotiation techniques and troubleshooting for company employees
- Mentoring 3 jPMs (raised 1 project manager to middle level)
Proactive self-starter who understands business in general. I have an enviable track record of projects and extensive experience building, maintaining, and running digital marketing campaigns.
Adept in all aspects of project management including planning, budget management, and coordinating all working parts of the project. Experienced in working directly with clients to ensure all the goals of a project are achieved and met within scope and budget.


My responsibilities as a Lead Account Executive:

 - Establish, develop and lead strong partnerships and collaborations by influencing and advocating for company strategic priorities
- Creating techniques to attract prospective customers and keeping the current ones
- Conducting market research and analysis to create detailed business plans on sales opportunities

My responsibilities as a Middle Project Manager: 

- Coordinating and managing multi-functional project teams (of 10-15 people) to ensure the success of marketing campaigns
- Overseeing strategic goals and tactical decisions with weekly cross-functional meetings 
- Mentoring Junior Project managers
"
2585,"Completed my bachelor and master studies in Germany. Holding an international master degree with a ""very good"" grade and a multilingual certification German/English.
Managing a team of sales and account managers as the head of business development department. Increased the revenue growth in the respective market by 50%. Managing a big integration project with third software supplier (Top European ECM Software Solution).
Result-oriented PM, marketing and sales professional with a proven track record of managing highly successful projects and increasing revenue growth in competitive markets. 

I am experienced with business process expertise around Marketing, Sales and IT and have professional experience collaborating in an Agile / Scrum environment and working in international teams. On the other side I keep developing my technical background following my natural born curiosity for new information technologies and attend workshops and courses on Online-Marketing, Scrum, Agile Project Management, Lean Project Management etc.
Working for a company that has a good reputation, that one can be proud of working for;
Want to progress in my job, having the chance to advance in the company;
Having coworkers who are competent, congenial and are good team-players;
Possibility to travel and to improve my skills."
2586,"
More details in CV 

7 years of experience in client service and project management



Account Project Manager
Media Agency Vizeum (Dentsu)  - (1,6 years) 

•	Organization and coordination of interaction between the Agency and the Client in the process of development, approval, and implementation of projects/products;
•	Daily communication and client service for the local and global client and customer teams;
•	Complex client management in the media: Planning media strategy in all types of media: TV (+TV Sp-p), ООН, Radio, Digital;

Senior Account Manager
Marketing Services Agency Adsapience – (3.1 years) 

•	Account Management: development of concepts for brand/product promotion; building the structure of operational processes; daily customer support, processing customer requests; preparation of project budgets.
•	IT Project Management: coordination of web developers team - web-sites&App development; supervising Nationalteleconferences;
•	Operations Management: continuous communication with 4-5 other teams of the specific area (product development, creative, digital, production, legal. logistics, etc.); Managing and participating in all procedural processes.
•	Team Leading: leading mass BTL, B2B, B2C events; partner integrations; coordination of a team of more than 20+ people; training and quality control of middle managers.
•	Customer support: coordination of the implementation of services for the client; handling problems and providing better solutions.
.

Account Manager
Marketing Agency TMA Ukraine – (1,9 years) 

•	Development and integration of marketing promotion for the shopping and entertainment center (Kyiv); 318 projects with an attendance of up to 55,000 people a day.
•	Coordination of the different types of trade-marketing projects, full-cycle management of all processes;
"
2587,"
Account and project management for Dutch SAAS company, we build software that helps companies map their supply chains and obtain verified data about the risks in the supply chain. 
Target market: Europe. 
Supply management: Worldwide. 
Software: besides in-house, Teamleader, MS Office, Tableau.
Tasks: advise international clients on our solutions and market developments, prepare budgets, manage ongoing projects and coordinate IT team, main contact point for any questions/problems, responsible for client satisfaction.
"
2588,"Launched large projects in different shopping centers all over Ukraine (e.g. Vodafone, Davidoff, Mary Key, Glo, Lays, OPPO, Vitto Rossi, Fellini, Vivo etc)
Account manager
ProfiAds ( Advertising & Event agency) (June 2015 – present time)
Key Qualifications & Responsibilities:
- Led documentation (negotiation with clients, signed contracts, customer communication,corresponded with the shopping center,budgeted)
- Held meetings on location, placement agreement, supervision of the launch in differentcities
- Coordinated teamwork (communication with the designer to createa layout, approved of the layout with client) 
- Created advertising placement (printed layout, found contractors, installation, solving organization problems (import/export equipment), made permissions,controlled of the installation/dismantling
"
2589,"- 5+ years of experience in product and outsource companies
- 19 commercially launched projects
Hello there,

I'm a result-oriented Account Manager/Project Manager with 5+ years’ experience of working in product and outsource companies. Organized and diligent with written, oral, and interpersonal communication skills. Stress resistant, able to work under pressure, and manage several projects simultaneously.

My regular tasks are:
- Facilitating Scrum events in different teams;
- Planning and managing internal and external project communications;
- Controlling staffing process;
- Managing project, financial, and invoicing documentation and processes;
- Managing internal delivery teams to ensure successful delivery;
- Estimating requests for software implementation (goals, cost, scope of work, efficiency);
- Planning software development process, controlling the execution of software development plans;
- People management. Building effective and collaborative project teams. Promoting effective individual and team performance.

I'm a positive and open-minded team player interested in the project's success and personal growth.

I'm looking for a company with a strong team spirit where I will be able to continue increasing my experience and skills.
I'm looking for a company with a strong team spirit where I will be able to continue increasing my experience and skills."
2590,"What I'm most proud of is my long-term relationships of rapport with the customers I've built within the last 4 years.
I have been working as a Sales Account Manager for over 4 years now. 
My main responsibilities comprise the following: 
- processing of verified leads, 
- getting to understand customers' needs and being able to respond effectively with a plan of how to meet these;
- gathering project requirements and coming up with project quotes;
- negotiating and closing deals;
- running accounts upon the project start;
- moderating business meetings with prospects/customers and the team;
- issuing invoices.
I feel really comfortable communicating with the customers and bridging the gaps between customers and development teams. So, I would love to develop in the sphere of Account/Project management.
What I value most is an informal and friendly team spirit, well-established business processes and having an advisor during the initial stage."
2591,"
My work experience as an account/project manager is one and a half years.
 
Communication is one of the vital features of my character that helps me notch up better work results. Due to my skills and the ability to interact with people, I can easily find common ground with the team and customers. I am proficient at making contracts and agreements, preparing a budget for a client, and testing websites. I know how to prioritize tasks and to perform them efficiently.
 
Moreover, I am experienced in managing a few projects at the same time, I am accurate and very responsible. I also always evaluate the results and analyze the difficulties that have occurred during the process to avoid them in the future.
I am committed and determined, and the thing I most relish is the quality of work.
"
2592,"- As I am working in an international company, at age 21 I am the only Account Manger for the whole region and coordinate the team of 10 people. 
- I was managed to sell B2B functionalities of the company for more than 4000 euros.
- As an Account Manager I was managed to double my top 10 partners' revenue in 2-3 months 
- I am proud of my PM experience as one of my biggest projects has 400 participants with a revenue of 27 000$ quarterly  
- I am a proud Alumna of Study US Institutions program for Women Leaders and was selected for my projects among 200 candidates in the USA where I presented my country, 2019
- I am a winner of the International Case championship in Almaty, 2018
- My story was published in the popular local internet resource))
Key Account Manager - Glovo

In the fastest-growing delivery player in Europe, Africa, and Asia, as the only AM of the country, I was:

- Selling in-app instruments and prom campaigns to partners in order to increase their GMV and CPO of the company for 4 000 euros monthly
- Developing and managing partner relationships for all the accounts in the portfolio.

- Own strategic partner relationships end to end, including understanding P&L tracking, managing deep product integrations, leading co-marketing efforts to drive awareness and activation, and ensuring operational excellence

- Delivering day to day campaign execution, optimization, and analysis across multiple clients
- Being responsible for our partner's business performance, analyzing their main KPIs, and ensuring growth MoM. Track and reporting of performance metrics
- Getting feedback from our partners and translating it into a product, marketing, and operations improvement. 
- Being the main POC between Glovo's different areas and the Partner.



Project  Coordinator/ Founder 


The aim of the project is to help students to learn the basics of business with the  opportunity to enter the best university with a big discount 
Working on inbound and outbound leads 
Conducting training for Bishkek and region coordinators
Mentoring and preparing teams to participate in the project 
Managing technical and administrative teams of 60 people
Working with the vision and scope of the team. 

Key Customer Manager, Dubai

Promoting vendor’s products and increasing sales
Designing and implementing a strategic sales plan 
Being the lead point of contact for all customer account matters
Building and maintaining long-lasting relationships 
The testing hypothesis to successful customer relationships
Negotiating contracts and closing agreements with new leads
Onboarding of new customers ( first meetings, training)
Creating showcases of vendors on the backend panel of the website

Assets Sales Manager 

Sold assets worth more than 20000$  in 3 months 
Ensures that product and sales materials are always updated and focused for the applicable presentation, conference, or opportunity.
Preparing a franchise for sale
Financial reporting
Excuse my long storytime))

Being an individual who always radiates contagious positivity and sincere passion around people's development, I enjoy transforming something strong into something superb. It is easy for me to put my thoughts into words and naturally interact smoothly with individuals at different levels within the organization. 
Throughout my journey of PM and AM, I explored various fields of this function including planning and developing the project ideas, ensuring stakeholder satisfaction, evaluating project performance, developing strong relationships with customers, and identifying new business opportunities.
Making a positive difference in people's journeys truly reflects my beliefs and values.


Therefore I believe I can work most effectively with a team where we care and support each other. The driven gas and ambitions of the company are what motivates me to work and grow as a professional. 

Values that I care about in a company: 
Ownership, drive, healthy atmosphere, and growth"
2594,"As an Event Sales Manager at hotel and restaurant complex successfully sold and implemented 300+ projects.
showed upsales up to 200% from primary cost. 
Built long-term relationship with clients (2-8 projects with good and excellent feedback).

I hired, trained and managed team of 8 people, engaged 20+ partners for startup

Being an Account Manager (btl), chose and trained personnel that showed 30% higher results than expected
10+ years of successful account and project management, including sales for B2B and B2C.

Hire, train, motivate and manage efficient teams. Developed startup from scratch.
Have deep marketing knowledge. Creative, goal-oriented and strong negotiator.

3+ years of Event Sales Management (hotel and restaurant complex),
5+ years of  Account Management and Event Coordination
Looking for opportunities to use previous experience and to get new  professional challenges.
Most preferable positions - Event Manager / Account Manager / Project Manager.

No cold sales"
2595,"
I am willing to push the envelope of my professional expertise withing international sales and business development. Have an experience in key international global accounts management. Good communication skills, analytical abilities and strong desire of self-perfection

Started from Sales Manager (2 years), became a Head of Sales Department (1,5 year) and then moved to Global Account Management (2 years).
Looking for Account management rather than primary sales;
not interested in sales team management"
2597,"As a Product Manager, I successfully opened a new sales direction in one of the most popular educational platforms in the USA (to Australia)

As a Project Manager, I managed from 2 to 20 FTE, up to 10 projects simultaneously, I have experience in various fields such as Finance, Logistics, Mobile games, Services, E-commerce and E-learning, CRM / ERP, Sports, and Entertainment, etc.

As a Scrum Master, I successfully set up processes according to the Scrum methodology, worked with the Agile mindset of team members, created road maps, and conducted annual evaluations

Hobby:

Speaker at A-Level School
April 2019 – Present

Digital Drawing
Last three places:

Senior Projecct Manager, Scrum Master, Business Analyst, some Product Management responsibilities 
September 2022 – August 2023 (the project is over)

- mentoring and coaching team on Agile ceremonies, practices, roles, and artifacts; 
- facilitation of Scrum ceremonies and adaptation them to the team needs (make sure the team adheres to Scrum values);
- helping the team not to lose focus on priorities and achieve Sprint and product goals;
- identify the customer needs, define a vision, and align Stakeholders behind a specific vision; 
- prioritize product features and capabilities; 
- establish and monitor timelines in association with the product launch.

Areas of competence:
Product backlog management;
Annual planning and OK (Objectives and Key Results) methodology;
People management and coordination;
Able to balancing critical issue resolution and competing priorities;
Project progress and metrics reporting for project teams and customers.

Senior Project Manager, Scrum Master
August 2019 – August 2022

- manage web, desktop, and mobile applications development processes; 
- manage several projects in parallel;
- manage project issues and risks;
- facilitate Scrum events and adapt them to the team needs (make sure the team adheres to Scrum values);
- monitor progress (to deliver the milestones according to demo plan);
- help the team not to lose focus on priorities and achieve sprint and product goals;
- hold One2One meetings with team members;
- support the team in emerging issues and react immediately if something happens.

Areas of competence:
Project management;
People management and coordination;
Management of co-located and distributed teams;
Product backlog management and planning iterations.

Appus Studio, Kharkov, Ukraine
Team Lead Project Manager
May 2019 – August 2019

- assistance in the development of the project. In particular:
	 implementation of tasks of increased complexity;
	 elimination of critical or complex errors.
- setting clear goals and priorities;
- experience in providing technical advice to employees of the company;
- participation in calls and meetings with customers, also at the request of other managers;
- participation in the process of adaptation and motivation of employees of their department;
- participation in interviews at the request of the personnel manager;
- the choice of technologies for project development, as well as project architecture planning.
"
2645,"Created absolutely new workspace from the scratch for the project in Monday CRM to keep the team members updated on a daily basis;
Trained 5 interns that eventually became strong part of the team.
Helped more than 200 clients to get their accounts approved in the US banks.
 Developed an external e-learning course on grant writing from scratch, leveraging the LearnWorlds.com platform.
Project Manager at non-profits.
- Convert all existing spreadsheets of the business to the Monday CRM system, streamlining data management and improving efficiency in the organization's workflows.
- Leed the integration and training process to ensure a seamless transition for all team members to the new CRM system.
- Prepare comprehensive monthly and quarterly reports for existing clients, highlighting key performance metrics and achievements.
- Establish a standardized reporting process, leading to improved client satisfaction and retention.
- E-Learning Course Developing. 
- Develope an external e-learning course on grant writing from scratch, leveraging the LearnWorlds.com platform.

Underwriting Manager:
-Receiving and evaluating the application package received from the clients, ISOs and etc. Reviewed more than 600 applications packages, and gave my feedback; 
-Analyse statistical data using specialised computer programs. (Jarvis CRM, etc.) 
-Boarding the approved merchants’ application in the system. In total 95 applications have been created and boarded;
Keeping in touch with new and existing clients on a daily basis;

Account Manager:
- Pre-filling the application package based on the provided clients’ supporting documents. 
-Submitting the application package to the banks , keeping in touch with the representatives of the bank in order to be to updated about the status of all our clients’ accounts;
-Training new employees, informing them about the company’s customer management policies . 
-Keeping the workflow in the CRM updated.
"
2654,"
07/2022 - present time - Account Manager at Sparkybit (Germany)

Key responsibilities:
• Building and maintaining strong, long-lasting customer relationships 
• Resolving complaints and preventing potential issues 
• Carrying out client satisfaction surveys and reviews 
• Engage in consistent customer meetings to positively impact client loyalty and revenue growth 
• Managing existing accounts, solving business and technical issues in collaboration with the team


01/2022 – 06/2022 – Account Manager at DevPals AB (Sweden)

Key responsibilities:
• Communication with clients and ensuring customer success and satisfaction
• Develop trusted advisor relationships with key accounts 
• Assistance with challenging client requests or issue escalations 
• Ensure the timely and successful delivery of solutions according to customer needs
• Assistance in lead generation on Upwork


11/2017 - 09/2021 – Business Sales Manager at North-wine (Denmark)
    
Key responsibilities:
• search for new key customers 
• calls to potential clients to introduce our website assistance in controlling the product range and its display on the website 
• correspondence with existing customers to determine their needs and find suitable products for them 
• assistance in working on a database of the products, pricing management and wine market monitoring


10/2016 – 11/2017 – Head of Logistics at Gold.ua (Ukraine)

Key responsibilities:
• control of delivery at all stages as well as control of receivables over all branches of the company
• making complaints to get compensation when the order was lost or damaged
• settlement of disputes with customers in case of problems with the timely delivery of goods
"
2655,"Experience with contracts.
Good communication and soft skills.
I am able to create and develop strong and long-term relationships with partners and colleagues.
Analytical mindset, cause and effect relationships
The ability to make your own decisions.
Confident user of MS Office.
Good Excel skills.
Ability to work in Google Workspace.
Knowledge of 1C and other accounting programs
Working with the Client-Bank system.
Understanding of work in Scrum, Agile principles.
Good understanding of business concepts.
Self-motivation, self-improvement, setting high goals.
Punctuality, attention to detail, responsibility.
Extensive experience in stress/conflict resolution.
Commercial experience as a project manager from 3 years
IT project manager in a startup ~1 year

February 2021 - present
PM on IT start-up, online web service
Plan and control the execution of tasks.
Scope, schedule and budget management;
Providing statistical or detailed information to management to evaluate the effectiveness of the project.
Responsible for helping the team deliver work to the product owner.


Director
 2020 - January 2021
OOO Interlagos,
Hotels / Restaurants / Entertainment complexes
Analysis, development and implementation
plan according to goals and objectives
Development of business processes for production, constant monitoring of reporting, analysis
competitors.

HR manager
April 2016 - May 2019
PrAT Hotel Salut Hotels / Restaurants / Entertainment complexes Search and attraction of new
staff.
Working with a large amount of information.
Personnel records management: Registration, transfer, dismissal, filling out work books.
Working with 1C 8.3. Admission under the MED program ok
"
2656,"Additional work experience:

I have experience in managing a team in the position of Head of the department in the field of media buying, namely, our department was engaged in providing resources for advertising specialists.
There were 4 people in my team, I worked in the position for about 4 months (I stopped working because the company changed direction).

My second experience of working with the team was a news project. I was engaged in everything from planning, ending with recruitment, interviews, checking the quality of work, paying salaries and accruing bonuses, etc. Then my team had from 8 to 10 employees. The project was obviously created for a short time - for 3 months - later it was closed, having reached the goal.
Sales / Account Manager
PAYADMIT
MARCH 2022 - NOW

Lead generation, first contact with the client, sale of payment solutions
Accompanying the client at all stages, resolving disputes and conflict situations
Calculation and preparation of an offer


Account Manager (Media-buying)
ACIDBRO
JANUARY 2021 - MARCH 2022

Preparing and setting up advertising accounts
Running ads (high-risk verticals)
Assistance to the technical department (purchase of servers / proxies, hosting sites, downloading applications on Google Play and AppStore, farming accounts and much more)
The direction that is of the greatest interest to me is high risk, namely Gambling and Betting."
2657,"
I have experience at testing from specification analyze till re-testing. Created sites using semantic languages (HTML, CSS) and adding interactivity with JavaScript and libraries like jQuery and using React. I have understanding of application development, agile development processes, project management tools and processes, experience in creation of technical documentation, fill out a Gantt chart and Roadmap, participation in the creation of mockups, invoice, negotiations 

Ready to interview in English.
"
2658,"
McCann Kyiv (Client – Vodafone, Unicef, Carlsberg)
Role: Senior account/project manager

Core responsibilities:
•	project coordinating and managing at all stages;
•	TVC (local shooting), OOH, video production;
•	tender holding, briefing. Work with vendors, budgeting. Payment terms control, timing control;
•	work with the internal creative team, selection of resources for project implementation, control and coordination;
•	daily, weekly, monthly reports to client and agency;
•	finance data control.


Cheil Ukraine (Samsung Electronics Ukraine)
Role: Project manager
	
Core responsibilities:
•	project coordinating and managing at all stages;
•	TVC, OOH, Retail (POSM), digital, BTL, video adaptation.
•	tender holding, briefing. Work with vendors, budgeting. Payment terms control, timing control.
•	work with the internal agency team, selection of resources for project implementation, control and coordination.
•	daily, weekly, monthly reports to client and agency;
•	finance data control.
"
2659,"New engineering outsourcing business from scratch
	New customers with projects
	More staff on existing projects
•	Project management in IT banking, digital marketing, aerospace and automotive industry for 6 years
•	Frameworks: ITIL, Kanban, PMBoK, BPMN	Tools: Omnitracker, Jira, MS Project, Visio
•	Experience in negotiations and sales, regulations and business processes description
•	PM Master Degree Diploma, IPMA certified
•	British Council Diploma - Business English Advanced 95%
•	US on-site job experience for 3 years
Mature corporate culture, big intresting projects, friendly open-minded team"
2660,"
My personal experience in IT insdustry started with a position of Sales manager in a small startup company when I was a student. I also worked as a recruiter, yet it wasn't something I wanted to do, so I kept looking for the position which will allow me to use my management skills. 

Recently I attanded PM courses. It helped me to make sure managing projects, dealing with risks, negotiating with customers - is something I can and want to do. Due to my previous experience I am familiar with technical side of the industry, even though I did not work directly with code. I am also a real one fast learner.

Currently I hold a position of Regional Director, which doesn't really require a lot of my time, since I mostly deal with documentation and managing the communication between the team and the company owner abroad. I also work as a Customer Support Manager a few days a week.

Due to an average result of the English tests I passed, my level is between Upper-Intermediate and Advanced. 

My main skills are: Business Communications, Business Negotiations, Solving issues, Requirements Analysis, Risk Management, Solving Conflicts, Customer Service, Public relations, International/Intercultural relations, Recruiting, Talent Acquisition, Translations.
I am looking for a position of Project Manager / Project Coordinator/ Account Manager or similar. Will gladly consider Business Analysis or Business Development Manager positions as well."
2741,"Personal rewards & recognitions: CEO Award 2014; CBN Award 2013
A, A+ class facilities start-up sum. 4500 sq.m., in 5 locations.
Negotiations with authorities, lowering rental rate for land from 13% to 6% and saving 37% of general plant cost (2017-2018). Optimization of operating expenses & utilities (-23% FYTD).
Leading 6 external audits without critical observations, 3rd and 4th site phase development 2015-2018
Unit restructuring and merging into one department of several units
2013 - 2015
Operations Technology Project Leader in international projects: startup of new production lines for Tide, Ariel, Gala and discontinuation of brands DAX, BONUX (2015-2017)
Optimization of manufacturing capacities & support departments at the factory (raw & pack materials) Feb’13 - May’14
Production optimization: process reliability 84%, unplanned downtime less then 2%, scrap less than 1% in 2015.
Restructuring of the plant's infrastructure, transfer warehouses to 3PL, production facilities start-up, boiler house & compressors renovation.
During last year I'm leading administrative function of Dev-Pro.net as Head of Facilities, Ukraine Operations (Kyiv, Lviv, Dnipro, Kharkiv, 5 development centers)
Main responsibilities: business continuity, launch lead, oversee all aspects of services & operations of existing 5,000+ sq.m. facility, across development centers in Ukraine and additional space of the Company; Management of team 15+ people.
And previous 6 years I was a manager in the company Procter & Gamble LCC as site TS Program Manager, HS&E Department Leader (team 43 empl.) etc.
Operations Management
Administrative Facilities Manager
Managed Services
Head of Customer Service
Project Management
Startup Management
System integration
Team management
Change management
Business development
Product Management"
2766,"- Led seven figures marketing campaigns, trafficking and optimisation.
- Increased yield by 20% on CEE markets by introducing new targeting capabilities.
- Created the concept, architecture and managed the development of rich media building platform, to widen advertising capabilities.
- Increased viewability of certain ad units by 40%, as a measure to fight banner blindness.
Over 8 years of diverse experience in digital marketing field, working with such a giants as Ubisoft, Sony, Nintendo, Samsung, Apple and many others. 

Have experience in both Performance marketing as well as Ad Operations on publisher side, led multiple projects across global markets oriented on revenue growth and yield optimisation.
"
2793,"I’m finished a course of advertising in Hillel school
Before I worked like art-director, it similar with (Project Manager), so that also type of work what I looking for
Have a lot of experience in a team work
2022 - Completed courses in Advertising - Hillel School
2022 - Now - Model 
2018 - 2021 - Art-Director/Stage Manager - Synergy Group
2018 - Now - Disc Jokey

Work Experience and Skills:
1. Working with Ads platforms: Google ads, FB Ads, Mytarget, Taboola, Capterra, Linkedin Ads with EU and USA market 
2. Analyse ads performance, analyse competitors ads on FB library, create ads performance reports, media planing.
3. Keywords planing and optimization in search campaigns, optimization of ads extensions, ads and search terms.
4. Organize teamwork (Tasks for Designers, Content Writers, Freelancers)
5. Deep research product and competitors
6. SEO tasks - keywords, titles, descriptions
7. Analytical skills - creating reports, analyzing competitors, teem work and implementing new ways for better results.
8. Communication with partners, meetings, project discussion and implementation
And other necessary skills. 


- Team player, good organization skills, following deadlines
- Speak English, Ukrainian, Russian
- Education - Computer Technology 

- Interesting tasks
- good and positive atmosphere at the online office
"
2810,"
SUPPORT SPECIALIST (FINANCE)
NDA (GAMBLING)
2021 - 02.2023
- Technical support for financial issues;
- financial statements.

Project Manager
COWBOY ART
(ADVERTISING AND PR SERVICES)
 
- Analysis of the advertising market of Ukraine and the world;
- performing the functions of a brand ambassador;
- control of customer protection;
- preparation and detection of profits;
- formation of proposals;
- control and maintenance of the project from the moment of receipt to its implementation.

Project Manager
SICORE
(ADVERTISING AND PR SERVICES)
04.2018 - 02.2020
- Studying the outdoor advertising market;
- implementation of the corresponding planned indicators for sales;
- Search for customers;
- holding meetings, presentations, and negotiations;
- interaction with other departments of the enterprise.
"
2824,"I have been working as an Affiliate Manager for more than 7 years. I have launched Affiliate Programs from scratch several times in different niche markets. Also I worked as an Account Manager at one Advertising Ad Network where I worked with advertisers and affiliates.

I have a small team and we offer quality management of your existing affiliate management programs as well as management of affiliate marketing program launches from the very first stages. With extensive experience of management of a variety of affiliate platforms; in both third-party networks and in-house programs, and in a variety of areas including but not limited to e-commerce, nutra, health and beauty, CBD, forex, dating, software, food, social media, we provide three distinct stages to our service, whereby we primarily provide detailed personalised consultation and assessment, followed by comprehensive affiliate program management.

We also have some experience in the following areas: email marketing, social activities, b2b activities, A/B testing, PPC, SEO.

We drive revenue and results by recruiting and managing top affiliates for you.
Marketing Analyst
• Investigated data collection market (surveys, forms). • Provided competitor analysis. • Coordinated marketing communications with customers (prepared webinars, email campaigns). • Collaborated with Brand, Project Management departments. • Engaged in partner programs. • Promoted company's web sites in internet (SEO, PPC, email marketing). • Developed marketing materials. • Improved company's web sites. • Conducted A/B tests. 

Affiliate / Account Manager
• Search for new sources of traffic and launch new partnership projects. • Analysis of the daily, weekly and monthly trend for Affiliates campaigns, maintaining and improving current projects. • Responsible for the day-to-day communication with internal and external customers, monitoring campaign delivery. • Well-written letters, proposals and documents to management and partners. • Coordination of benefits in accordance with the agreements and contracts signed. • Creation and coordination of the development of text slogans, banners, HTML creatives and Landing pages for new projects. • Gather the necessary information about competitors, their features and benefits, pricing, analysis of their market position. • B2B activities: finding new partners, increasing brand awareness, email marketing. • Social activities: launched corporate Facebook, Twitter and Google+ accounts and focusing on creating conversation with other accounts to drive traffic to the website: - daily posting, - engaging with fans on fan pages, - interacting with other similar or complimentary pages, - sharing and retweeting relevant content, - responding to comments, direct messages, - networking with other fan pages, - monitoring click through rate.

• Gathering the information about competitors, their features and benefits, pricing, analysis of their market position.  • Experience with CPA Networks: Commission Junction, LinkShare, Linkconnector, Webgains, Shareasale.   • Launched Affiliate Program from scratch .  • Searching for new affiliates and create lists with their contact information, launch new partnership projects.  

Project Manager
I just finished a Project Management course from Laba and got an EADL diploma.
I would like to try myself as a project manager. I don't have experience in it but I have 10 years of IT experience and I managed different IT projects and usually I had 2-3 subordinates. I got an EADL diploma ""Project Management"".

Also, I can help with affiliate marketing or general marketing as well."
3002,"
Order checking, handling calls,chats and other tasks connected to the process
Organization of working process
Mentoring new members of the team
Finding new ways of service improvement
I worked as the support agent for a quite long time,so now look for the manager's position to receive new experience and improve the skills
I am always ready to work with something new,but not sales usually."
3021,"ensured a new project’s survival without active outdoor advertising during the pandemic restrictions, arranged constant raising of visitors. (details in CV) 
while managing the working group of IT & Cyber Security it got a “committee” status within one year. (details in CV)
Goal -to get a position of the Affiliate Manager /Project Manager in an international company/organization.

Head of project - position at the previous place of work. (2020-2021)
Business development manager The German-Ukrainian Chamber of Industry and Commerce (2019-2020) 

	creation, planning and implementation of complex projects from scratch
	4+ years of successful experience in management, strong focus of results and deadlines
	content preparation and organization of online & offline events
	management of teams up to 8 people 
	coordination of working groups & communities
	building relations with local & international partners.
routine work"
3093,"
My experience in the IT business for nine years, working with many startups (mobile apps, B2B, SaaS applications) and people from various cultures/ nationalities, including internal and outsourced employees. 
I have been working at a scale-up for the last four years that went through hyper-growth when I joined. I have proven that I can leverage my skills to lead transformation and growth. I consider myself a manager, coach and mentor.
I have driven Agile and Lean mindsets within my teams by coaching, supporting, and guiding teams towards delivering business value. Creating the space for people to be their greatest selves. I have developed a clear and concise communication style of communication, effectively evaluating information/data to make decisions that help me provide insights and observations and build strong relationships with people. Leveraged tools like Jira, confluence, GitHub, and Code Climate to bring transparency and organise processes for continuous improvements.
"
3105,"Established and improved PMO, Delivery management (50+ empl.), Pre-sales, Risk Management, Budgeting and cost-controlling,Process Improvements,  Quality management, Leadership, People management, Lean Agile, Rolling wave planning
10+ years on management and technology roles in IT outsource and outstaff. History of strengthening compliance; improving processes; and elevating output, quality, customer satisfaction and employee morale to all-time bests. Conceptualize and execute program vision from start to finish, managing complex milestones while adapting to changes and shifting priorities. Lead international, cross-functional and distributed engineering teams in delivering strategic initiatives proven to improve systems, processes and bottom-line results. Highly effective at managing stringent budgets, fueling cost savings, improving delivery, and forecasting for additional needs.
Stimulating and rewarding lucrative career with many opportunities for professional and personal development. 
Working in close relationship with a clients nationally and internationally.
Ability to travel."
3113,"
- 10+ years in IT
- certified Project Manager by PMI (PMP)
- certified Product Owner by ScrumAlliance (CSPO)
- certified Scrum Master by ScrumAlliance (CSM)
- certified SAFe advances Scrum Master (SASM)
-  KSD (KMP1) by Kanban University
- Kanban Maturity Model course by Kanban University
- Kanban Coaching Practices course by Kanban University 
- certified Agile Coach by ICAgile (ICP-ACC)
- Certified trainer ICAgile
- registered product owner at scale (RPOAS) by Scrum at Scale 
- registered scrum at scale fundamentals (RSASF) by Scrum at Scale
- facilitator, member of IAF (International Association of Facilitators)
- RUP,  Waterfall  and Agile  experience
- web/mobile projects for healthcare, education, social media, insurance areas 
- experience of working in product
- BA experience 
- SQL,  BPMN, UML (base level), MS Office: MS Project, Word, Excel, PowerPoint, Outlook
- Tools: Miro, Microsoft Power BI, Postman, Jira (including its administration), Confluence, Azure DevOps (TFS) Asana, PivotalTracker,  Xmind (tool for mind-mapping), Balsamiq Mockups, draw.io
- English: Upper-Intermediate
"
3118,"- Won a study grant and entered Warsaw University of Technology ( WUT ) for a period of one year and six months, faculty of Computer Science,(studied in english). 
- Worked on giant website listed in Fortune TOP 500 with USA stakeholders .Biggest achievement was launching of 8 new domains instead on just one.  - Spoke on 3 annual conferences with lectures about Project Management,planning, approving, customer understanding, creating friendly atmosphere in a team, transforming customers desires into real projects
Front-end -developer (4months)
Project Manager(1 year)
Tech lead Project Manager Dept.(1 year and 3 months)
Single Point of Contact (2 months)
Cozy office and friendly atmosphere in team
I can send more detailed CV with list of technical skills and info about previous projects."
3120,"
• Time and material project/fixed price
• Enterprise/ E-commerce / Financial development / Big Data
• Risk management / time management / cost management/ scheduling
• Leadership / communication / negotiation
• Agile/Scrum/Kanban
• Jira/Confluence/Trello/Redmine/VSTS/Salesforce/Kimble
"
3122,"
-  Agile Delivery Management - version planning, building versions via Jenkins and GitHub Actions, deploying to Azure and AWS environments (dev and production);
- Set upping and streamlining delivery and release processes from the scratch; 
- Organising and leading Scrum Events, taking care of Scrum Artifacts;
- Creating roadmaps, resource plans, project charter, reports, mitigating risks and focusing on regular and timely delivery of value;
- Writing Business Requirements, User and Job stories, performing investigation research in the project domain to collect important information;
- Close collaboration with devs, UI\UX team, stakeholders to contribute to developing projects;
- Taking part in pre-sales, participating in meeting with clients, preparing estimations and proposals;
 - Being involved in set-upping company processes, writing role descriptions, interviewing stakeholders, day to day collaboration with CTO.
 - Leading teams: daily stand-ups, 1:1 meetings, retrospectives, task management, skills development, resolving issues, creating supporting documentation.
- I don't afraid of challenges, I am sure that with a great team everything is possible. 
- The domain area of the project really does matter, I would like to contribute to making the world a bit better. I decided not to dive into betting, gambling and also banks and dating domains.
- I am looking for an opportunity where all my different experiences can help and support me to achieve results and where I can continue learning and self-develop."
3123,"Certified Agile PM 
Scrum Master Certified
Creating IT-project from scratch
Discovered a new Western markets
Hiring developers
Startups growing
Conducting medical, business, educational projects/products
Business analysis stage implemented in customers relations
Dozens successfully finished projects (PM, UX, BA, QA roles)
Leading long-term products
Project management experience in 80+ members’ size projects
Ability to engage with the client in technology discussions
Change/Risk management
Remote team management experience
Powerful tech background
Certified Agile Project Manager, Certified Scrum Master, Kanban, DSDM,Agile, Jira, iOS, Android, Team management, Advanced Business English, Business Analysis, Sales & Account management, Scope clarification and prioritisation, Influencing,  Leading,  Delegating abilities, Prototype, Redmine, UI/UX, Business Development, Axure, Mindmap, Remote management, PhP,  Drupal
Неформальная обстановка. Адекватный менеджмент. Продуктовая компания. Профессиональный рост. Офис возле метро."
3133,"
8 years of PM/BA/Scrum master experience in outsourcing and product environments.  

- Agile project management expertise (Scrum, XP, Kanban). 
- Product/BA expertise. 
- Presale experience (solution design and estimation process). 
- Managing multiple dev teams (3-9 members each) / multiple projects.  

- Helping teams and customers in adopting Agile mindset and context-appropriate Agile practices (MVP, feedback loops, CI, PP, TDD, CR). 
- Helping with organization-wide processes (Presale, Hiring, Onboarding, Feedback). 
- 1:1 coaching and group facilitation skills  (certified coach). 

Business domains: Web, E-commerce, Gaming.

Ensuring transparency in communications and simplicity in processes.
1-3 simultaneous projects/teams max 
OR 
1-2 projects/teams + Presale involvement."
3134,"Bitbay.Market
~ 01/2018 - 06/2018 + Kharkiv Blockchain project
- Suite of free-to-use, multi-platform
applications including the world’s first fully-
functional Decentralized Marketplace
- We successfully delivered MVP two weeks
ahead of schedule
- After MVP, the client received a large
investment Over $1 million)
- Agile: Scrum, Kanban, Lean, XP
- Waterfall  
- PMO
- Briefs, Estimation, Project Plan, Reports, Gantt Chart... 
- Risks Management
- Resource Management
- Touch Typing

Project Manager/Scrum Master
Sensorama Lab ~ 07/2018 - 06/2028 + Kiev
VR, AR, MR, AI development company
- Implement agile methodologies and principles across the
organization. Manage sprint planning, stand-ups, reviews, and
retrospectives with team and Product Owner.
- Work with Product Owner to define, document, maintain and
communicate roadmap across the organization.
- Create Briefs, Estimations, Project Plans and other docs.
- Translate discussions into detailed user stories, epics and task.
Manage the story writing, prioritization, tracking, and acceptance of
the product backlog.
- Manage the release scope schedule while focusing on regular and
timely delivery of value. Prepare, maintain, and communicate
schedules, documentation, and statuses.
- Ensure product backlog is prioritized, groomed and refined to avoid
ambiguity in specifications.
- Work with management and other leaders to continually identify and
implement team processes and workflow improvements.
- Define and refine agile metrics and reporting to understand and
communicate team performance.

Project Manager 
Maybe.Works ~ 01/2017 - 06/2018 + Kharkiv Outsourcing IT company
- Lead a team of developers, designers, 3D artists and QA testers
through the entire project lifecycle using Agile development
methodologies
- Act as the main client contact for all project-related communication,
building a strong relationship along the way
- Create and manage schedules, user stories, risk mitigation plans,
scope and budget tracking, and other production-related items to ensure that your team stays on track to meet delivery and launch milestones
- Source and manage external partners, ensuring a clear transfer of project requirements and timeline and closely tracking progress for out-of-office teams
- Review contracts and author change orders that may arise
"
3135,"Certified SAFe® 5 Agilist

Completed Product Owner Mentoring Program hosted by Pentalog
Endava, December 2021 — Present

Agile Project Manager

FinTech & Banking Project
 As an Agile Project Manager completed the main part of the Product’s Annual Roadmap on time and within
budget. Resolved issues with scope creep, managed dependencies with third-party vendors.
 Communication, stakeholder management & reporting - created a trustworthy and transparent environment.

Data centre to AWS migration Project
 Created a roadmap for Discovery and Migration Strategy.
 Facilitation of the Discovery process - communication plan, workshops planning.
 Resources management - Team ramp up & onboarding process.


Key IVR, March 2020 — November 2021

Technical Project Manager

 As project manager delivered 15+ projects on time and within budget.
 Proficient knowledge of major International Gateways (Barclays EPDQ, WorldPay, Global Payments).
 High-level technical review of the specifications.


Zeroqode, March 2019 — March 2020

Project / Product Manager
 Backlog management - improving the Backlog Health Status by introducing the DoR & DoD, improved the
accuracy of the estimations.
 Completed a new landing page for the new company product, set up metrics and customer behaviour tracking.
The data was used to increase the conversion by 10% and reduce CPA.
 Completed a growth-hacking company which brought 15% new clients with different subscription plans.
 Customer Development - direct communication with customers, creation of surveys and etc.

Enticon.app, December 2018 - February 2019

Project Manager
 Configuration of the workflow for the first Kanban development team.
 Decomposition of the technical assignments into estimable tasks.
 Creation and management of the onboarding process for the new team members.
 Reporting for the C-Level management.

EBS Integrator, September 2018 - December 2019

Project Manager
 Created a complete project plan for the Fix Price project: Scope management, Time management, Cost
management, Quality management, HR management, Communication management, RAID management.
 Tracking major project metrics
 Communication - weekly reporting for the client, facilitating & leading demo sessions.

GoSocial, February 2018 - September 2018

Project Manager
 Delivered 2 Web Projects within budget and time. Managed on-site & outsource development teams.
 Collaborated with internal departments (Design, SMM) to achieve post-launch goals.
Opportunities for professional growth and development

A collaborative and supportive work culture - a workplace that values teamwork, open communication, and mutual support.

Competitive compensation and benefits

Work-life balance"
3136,"Build a great and successful team under difficult circumstances.
I have been working in IT starting from 2009, I started as a web developer, and four years ago I switched to project management. I've participated in various projects web, data-driven, mobile e.t.c
with a team of 2 to 24 developers in size. 
My strong sides are people management and scrum process knowledge.
Middle sized project around 18 people with the ability to grow.
One of the major things is to have an exciting project that can be useful for people around the globe."
3137,"I built and followed the best Agile practices in 14 teams and set up Scrum from scratch in 5.
Worked on live projects and had more than 100 successful production releases.
Performed as Crisis Manager and guided a team from zero releases to regular releases once per month.
Also, I built processes from idea to development, testing, and release.
I'm working as an Agile Project manager, had experience working as a PO and Scrum Master. I've built Scrum in teams from scratch, started and maintained Scrum in a few teams simultaneously. Generally, my responsibilities include scope, release, people, risk, quality, and stakeholder management. Most of the time I’m responsible for successful delivery of my teams. Also, I'm working on process standards, approaches, culture development, and implementation within development teams. Building PM department. I conduct PM interviews and have experience interviewing tech specialists in Project management interviews to make sure that a new person fits a team and company values. I coordinate the work of the design and development departments. I've been working with Scrum, Kanban, and Nexus, and I am familiar with SAFe. 
I've experience in fintech, health, e-commerce, social networks, education, and other spheres.
I'm willing to find a job with the ability to work either from the office or from home, so I would like to avoid strict restrictions related to the workplace. 
I would love to work in a product company with a healthy atmosphere where I could participate in process creation and decision-making activities. I'm looking for a place to implement all my knowledge and experience in enhancing the development process's quality, speed, and transparency."
3138,"
I've worked as a project manager for the last 3 years, adding value to my projects by minimizing wasted effort and focusing the team on the client's actual goals. I've been working in management, continually operating close to software development teams and coaching upper management on the best practices for implementing Scrum and Agile principles across the company. I have defined the Jira environment with components and swimlanes and helped developers to have an easy life in the management platform.

Please don't hesitate to contact me. I am available from MON-FRI at GMT+4 time zone.

Thank you for reviewing my account.

Best regards,
Karine
"
3139,"- Certificates: Scrum (issued by SAFe), Soft skills and Project management (issued by ITEA).
- Successfully completed Web solution of financial analysis, at the same time in the work of 2 large projects and 3 small ones.
- Participating in the launching IT Project Management Process in scrum methodology from scratch.
- Good feedback from a client.
- Recently I have attended the course “PMP Exam Preparation” for applying worldwide project management practices in everyday`s work.
Main responsibilities:
- Managing full project lifecycle (web development), maintaining budget for a project. 
- Project discovery. 
- Coordinating and delivering high quality product releases according to agreed timelines. 
- Facilitating team stand ups, retrospectives, estimations, sprint planning meetings. 
- Planning sprints in Jira and Confluence, creating tacks, trekking time. 
- Maintaining working environment and staff by developing personal growth opportunities, reviewing the team members' performance.
- Working with a remote team.
- Scrum Master, Team size – 19 members.  
- Preprinting PSRs with expanded information about the Project.
I expect interesting projects, friendly team, opportunities for self-development."
3140,"CSM
Management 3.0
More than 4 years in the Game industry in the positions of Scrum Master, Scrum Coach, Project Manager and Group Manager. 

Responsibilities and achievements in previous workplaces: 

- Grew company department from 10 to 40 employees
- Successful adoption of Agile values and principles (40+ people)
- Drove usage of scaled Agile best practices and tools for the highest business and product value delivery on the company level
- Promoted a culture of quality (zero defects approach) across teams
- Managed and professionally developed people in matrix-like organizational structure, owned individual HR process in teams 
- Led continuous improvement in process and engineering practices on the company level
- Managed day-to-day dispersed teams in Kiev, Kharkov, and Dnipro (20+ people)
- Supported and empowered teams growth in becoming a Scrum self-organized teams, capable of execution according to plan and meeting commitments
- Coached and guided Scrum Masters with team ceremonies (sprint plannings, demos, retrospectives), as well as release planning, dependencies and risk management, impediments and issues resolution
- Supported development processes and measuring team performance
My desire is to find a job where I can express myself fully and achieve incredible results."
3141,"
More than 5 years of experience in agile project management for iOS, Android, and WEB developing with teammates around all world.
New interesting projects and new experiences."
3142,"In Pacto Systems, I started my way as a Scrum Master, but since it's a small company and as the company owner likes to say: ""In this company, everyone has to wear many hats"". With this in mind, my responsibilities have been extended from usual carrying out daily standups, sprint planning, sprint reviews and retrospective meetings to much wider. With time I was involved in things like backlog grooming, lead generation, customer relations and business analysis. I liked that mainly because I had a chance to learn project management from all angles. Over the years I have amassed a wealth of team management, operations management and client relationship management skills. I have managed the development of cloud platforms and web applications. I have a solid knowledge of SDLC and strong communication skills.
Pacto Systems, Ltd, UK
Scrum Master/Agile Project Manager
08/2017 – Present
•	Using Agile values and principles when approaching project management to integrate the methodology into day to day operation.
•	Carrying out daily standups, sprint planning, sprint reviews and retrospective meetings. 
•	Organizing Agile teams, helping the company embrace agile as a culture shift.
•	Tracking team velocity.
•	Removing impediments that obstruct the pursuit of sprint goals.
•	Carrying out research and development functions related to industry practices and managing good customer relationships. 
•	Eliciting, elaborating and documenting requirements.
•	Data discrepancy investigation.
•	Facilitating and coordinating demos with a Client;
•	Identifying and documenting relationships between different datasets.
•	Solution modelling.
•	Produce business requirements documents (BRD) based on outputs from meetings with business representatives.
•	Ensuring the requirements map to the real business need is approved by all relevant stakeholders and meet essential quality standards.
•	Identification of change requirements during discussions with a Client and updating the backlog according to new requirements.
•	Analysing processes, root causes, business impacts, and identify opportunities for improvement.
•	Ensuring compliance with policies, standards and best practices.
•	Analyse and evaluate processes, products and services.


Tungus, LLC, Clermont, FL, USA
Agile Project manager
10/2015 – 10/2017
Build the company operations from the ground up. Automating the processes, managing day to day tasks like documents flow, collaboration with existing and new clients, coaching and motivating the team, making sure the team has all that needed for healthy operation. As the project manager, I was responsible for the effective and successful team management, also for providing feedback and advice to the project team.
In my job search, I’m more interested in finding a position that’s a good fit for my skills and interests. In my opinion, a nice place to work is not where you get the most money, it's a place where you are valued as a person and professional. Unfortunately, in some big companies, the developers and staff are often treated as a resource. Good organizational culture is when people come to work smiling and leave tired but satisfied like after a good day gym. I hope to find a company that shares my values."
3143,"
•	Project manager and scrum master with practical experience in different IT areas: quality assurance, business analysis, project management
•	5+ years experience in leading and coaching of agile teams
•	3+ years of experience in quality assurance and test automation
•	Proficient in SDLC and CI tools (Jira, Confluence, Jenkins), Agile (Scrum, Kanban) and Scaled Agile Framework
•	Strong skills in setting up development and QA processes tailored for specific organizational needs, implementation of Scrum and Kanban ceremonies
•	Participated in scaling agile for multiple teams (up to 100 people in total), set up cross-team communication, synchronization and release procedures
•	Experienced in people management, personal development planning, hiring and on-boarding new team members
Less bureaucracy, more agility and common sense.
Product quality should be a priority for a company"
3144,"
- Running an Agile team from scratch
- Facilitating daily scrum, sprint planning, sprint demo and retrospective meetings.;
- Coaching the team how to follow scrum;
- Demo presentation for the clients;
- Facilitating the estimation and project planning process;
- Onboarding newcomers, who joined during the project execution;
- Helps product owner to make the product backlogs, prioritizing, keeping US template.;
- Removing impediments for the scrum team;
- Risks assessment/tracking
- Analyzing user stories and requirements;
- Mentoring new team members.
Сложные задачи. Профессиональный рост. Офис возле метро."
3145,"1. Created and developed start-up Agrifinance.io from idea to successful product, at CTO position.
2. Gathered team and developed the first crypto-bank in the world in minexsystems.com, at Head of PMO position.
3. Created and developed a lot of small projects in state reformatory startup prozorro.sale, at Senior Project Manager position.

And also:
- Сertified project manager in TUV Rheinland Academy (Cologne, Germany)
- Сertified specialist in ISO 9001 (Cologne, Germany)
Summary:
• Certified Project Management Professional (by TUV Rheinland).
• Scrum Master
• Teams: up to 160 persons (technical guys)
• Fixed Price or Time & Material contracts. 
• Scrum, Kanban, Waterfall.

Forward-thinking senior executive technical guy with proven record of accomplishment in high-tech field during over 10-year career. Driven and ambitious change manager dedicated to continuous business improvement focused on enhancing revenue and streamlining business operations. Focused on profit maximization through multifaced business approaches.
"
3146,"* Certified Scrum Master (PSMI) and Agile Project Manager (ICP-APM)
* Implemented Scrum framework, Kanban, project management tools & techniques in several companies and teams
* Improve companies structures 
* Prepared/arrange/made reports, workshops, meetups devoted Lean startup, Lean software development, Agile, Scrum,...
I am a Certified Agile Project Manager (ICP-APM) and Certified Profesional Scrum Master (PSM I)
Agile Project Manager with the proven record of successfully delivered projects for more than 3 years
Managing projects effectively and lead the teams from idea through the development life cycle to commercial launch.

My experience and professional skills allow me to set up the effective working process for in-house and distributed development teams to achieve a project goal within time & budget constraints.
Superb communicator, have excellent leadership skills and possess the ability to inspire others to achieve their full potential. Have knowledge, skill, and ability to coordinate, plan all project activities so that they exceed set targets. I am a decisive and committed individual who knows how to create an environment in which great ideas can happen!eam goals
Willing to spread Agile culture, mindset and ready to be a change agent in any environment."
3147,"Only during the one, last year:

1. I've build two teams in Ukraine. IT engineer team for software development and operational team for game/platform operation.

2. I've applied agile/scrum framework in our development process

3. Mentoring, coaching and team building.

4. Delivered Fantasy Sport startup and operate it as stand alone business.

5. Delivered several casino games in Flash and HTML

Simultaneously, work on with four mobile projects (iOS and Android), including preparing business documentation (presentation, business plans, bids, etc.) and development specifications
High level of competence in management and development

IT PRACTICE
Agile Project Management | Business Analyst | PMBOK | BABOK | SCRUM | Kanban | Waterfall | Mobile & Web SW development | iGaming & Casino industry

BUSINESS COMPETENCE
Startup and Business Development | Marketing and Sales | Public Speech | Brand and Product management | Customer Service | Company and People Management | Team building | Coaching and Motivation

Work experience at companies from UK, German and Swiss.
Lead a team 20+ 

English - Fluent
German - Upper-Intermediate
Polish - Low-Intermediate
Ukraine - Native
Russian - Native
My expectations:
Enterprise level of projects
Friendly team and atmosphere
Creative, open-mind, polite and respect
New experience and challenges
Professional growth"
3148,"
I have over 12 years of experience working in software development. Currently, I work as a Agile Project Manager and Scrum Master, improving project processes, developing and implementing best Agile practices methods across project teams, leading and coaching project teams to deliver results and drive successful business outcomes.

Previously, I had been working as a Software Developer and Architect for more than 10 years, developing high quality software for US and European customers and participating in many exciting projects. Expertise in C/C++.

• Excel at communication, consensus building and conflict management
• Learn easily new tools, techniques, practices and methodologies 
• Have strong leadership skills, a well-developed ability for networking and a passion for problem‐solving and decision‐making
• Able to communicate complex information in a compelling and concise manner
• Competent liaison between top management, clients and personnel

I speak excellent English, as well as my native Russian and Ukrainian.

 If you have a project I can help with, please get in touch.
"
3149,"I have been implementing the Kanban approach at all levels of the company. Due to the Kanban Maturity Model and Evolutionary Change Model I’ve initiated completely safe cultural, and of course compatible with human conditions, changes. The process of optimization and focusing on important deliverables was increased twice the count of deliverables and by one third decreased the Time to market metric as well.
Full 8 years in IT and 4+ years particularly as a Agile Project Manager and Delivery Manager on IT-projects of different formats and approaches.
My work is based on Scrum, Kanban, Lean and other Agile techniques which helps to optimize product development at its highest quality.
I used to working with atomic Scrum teams, furthermore I have an experience to leading whole cross functional unit with 40+ FTEs an also I’m able to manage 100+ FTEs organisation and familiar with such processes closely.
I’m a looking for a new opportunities. If your organisation or business want to be more “harder, better, faster, stronger” -  let me know and we let’s do it together."
3150,"Worked as a Delivery Manager and Scrum Master at the same time on the Project consisted of 40+ people:
- Managed and coached 3 Scrum Teams simultaneously. 
- Set up a Release Management process between 3 teams and a lot of different domains/functionality. 
- Set up the process of requirements gathering, processing, and implementation from scratch. 
- High-Level Q-planning. 
- Implemented metrics of teams Performance from scratch. 
- Overall feedback satisfaction from the team - 4.9 of 5.
Led and managed 25+ team members in different environments.
 Led different domain projects (FinTech, Healthcare) with a $100-150K month budget.

As a Scrum Master Performed:
 Leading cross-functional teams – developers, QA, BA, stakeholders.
 Establishing peopleware practices (1-to-1 meetings, check-ins, etc.)
 Agile ceremonies facilitation: pbrs, planning, daily stand-up, retrospective etc.  Set up delivery process and arrange iteration demos
 Helping in communication between development team and product owner
 Conducting Scrum Workshops.

As a Project Manager Performed:
 Development plan creation and execution control.
 Processing change requests and managing risks associated with requirements changes
 Managing Risk Register and Risk Mitigation planning.
 Reporting progress, informing about changes.
 Requirements analyzing and describing (stakeholders Interviews, User Story mapping etc.).
I wouldn't like:
- manage a lot of small/support projects"
3153,"Over 11 years in IT industry. Over 7 years of Agile project management in dynamically growing teams featuring usage of Scrum and Kanban process models. Continuous improvement of soft and hard skills via regular trainings (either an attendee or a host).
Agile, Scrum, Kanban, Project Management, Agile Project Management, JIRA, Risk management, Conflict Management, Change Management, Team Building, Motivation, Applications Deployment
I'm passionate to help people grow, and will be happy to find a fun place to work in a dynamic growing environment offering challenges and friendly atmosphere."
3155,"
Agile Transformation 50+ people
Scrum Master 5 teams in parallel
Managing projects according to PMBOK
"
3156,"
- Сooperation with 3 teams: improving efficiency and self-management; reducing dependencies between areas of responsibility; focusing on releasing increments at the end of the sprint; increase in readiness criteria; removal of obstacles on the way to the team's goals; ensuring Scrumevents take place and are positive, productive, and kept within the
timebox;

- Interaction with 3 Product Owners: assistance in defining the product goal, and sprint goals; help in Product Backlog management; assistance in the preparation and implementation of planning; aid for interaction and
communication with stakeholders;

- Service the organization: help in understanding agile approaches to software development; implementation of necessary good practices; adaptation and tuning of tools; optimization, creation, implementation, and support in the working mode of processes; help in building productive
relationships between people; assistance in hiring staff; service in the interaction of departments of the organization; removing obstacles between departments of organizations and teams, ensuring their cooperation;
"
3157,"I just started Master's studies in  International Project Management, Vilnius University, which can be considered as a success for me. Because I come from unrelated background and I got Lithuanian State Scholarship for my studies!
I have been working with self-managing and cross-functional developer teams for a year, both remotely and in-office.  Faciliating Scrum events ( from sprint planning to sprint retrospective), keeping track of project schedule, meeting with POs for grooming sessions, ensuring that Agile/Scrum principles are followed are core aspects of my responsibilities. I also oversee the exchange of information between our product owner and all members of the development team, including testers. I listen to suggestions for improvement, and I help our development team meet project deadlines. Since our company transitioned to this format, we doubled our speed to meet deadlines. Mainly, projects I have worked with are Fintech-related, ranging from internal systems for sales team to apps for online banking. 
I am experienced in Notion, Jira Atlassian and Ms Project, which are commonly used tools for tracking product development life cycle. Being involved starting from idea generation, UX research, wireframing to QA, debugging is a part of my Scrum journey. Currently, I am looking to expand my skills in agile management and discover new opportunities.

Sincerely,
Gulnar Abasova
I am thrilled to work with Development teams, especially in a start-up environment!"
3158,"
• 5+ years of hands-on experience in managing distributed teams (up to 40FTE), 3 years in a Scrum Master role
• skilled in project management best practices
• strong with facilitating Scrum Ceremonies, removing impediments, and establishing a collaborarivi team environment
• coaching agile teams, helping in self-organization and cross- functionality development, and promoting high-performance team culture
• building and maintaining trustful relationships with clients, organisations communication processes, driving meetings 
• providing regular reporting, tracking project statuses, risk management, and collecting metrics
• proven problem-solving, analytical, and research skills • experienced in people management, resourcing, and recruitment for the projects
• Certified SAFe® 5 Scrum Master
• Certified SAFe® 5 Advanced Scrum Master
• Certified AgilityHealth® Facilitator for SAFe®
"
3159,"
Agile project manager and Scrum Master, who successfully led different sized teams across a variety of projects. Focused teams on business objectives and tracked progress to ensure project milestones were completed on time and with the desired results. Defined processes and tools best suited to each project. Moved between various approaches depending on project specifics and client goals. Strong team building skills, excellent communication skills, adaptable with frequently changing requirements.
"
3160,"Total 12+ years in IT. Strong experience in all stages of the project: initiation, planning, implementation, monitoring, control, maintenance and closure. Working knowledge of Agile and Waterfall models of SDLC. Managing teams of up to 30 members. Successful project delivery.
- 12+ years of professional experience in the Information Technologies (IT) industry;
- 11+ years of working experience in IT Management;
- 4+ years of working experience in Agile;
- Certifications: CSM, CSPO, ICP-APM etc.
- Experience in outsource and product development;
- Leading teams with 30+ Engineers in multiple teams;
- Experienced in building engineering teams from scratch;
- Strong experience in Agile (Scrum, XP, Kanban) and Waterfall methodologies, practices and frameworks;
- Maintaining Agile community and evangelizing Agile values.
 -Fulfilling Scrum Master and Product Owner roles;
- Strong soft skills, leadership, and mentorship;
- Rich experience with Project Management tools.
Interesting live project. Professional management."
3161,"I’m a full-scale project manager with 10+ years of experience in IT companies – from product idea (pre-sale) to product launch. I worked in distributed teams with up to 50 people and was responsible for more than 5 projects simultaneously. During this time, I have delivered over 20 projects of various sizes and complexity.
I’m a proactive manager with 10+ years of experience in project management at international product and IT outsourcing companies. I have a high level of personal initiative; I can establish contacts with people from different areas and quickly get immersed in the subject. The main focus in work is attention to the Client's needs and team care. Over the past year, my teams have successfully released more than 5 products: platforms, marketplaces, mobile app, and websites.
"
3162,"Senior Scrum master role up to 5 teams (35 FTE). Portfolio level management, risk management, release and delivery planning.
Agile coach in LessHuge setup for 1 product area (6 teams), organised the whole flow, coaching PO, teaching teams, facilitating all multi-teams events.
Project/Delivery manager with experience in full-cycle projects ERP (CRM, sales, logistic, finance) at Carlsberg Ukraine, implementation UPS logistic for 60 distributors, Support and consulting more than 3000 users, Participating in the project of automation of «Ukrtelekom» («Record-keeping», «Finances», «Management»). Development and testing web sites.
Project/Delivery manager, Senior Scrum master with experience in different domains - CRM, logistic, sales, finance, marketing desktop and web-platforms. Worked as PM with time and material and fix price approach and as SM with Agile projects. Have experience as a Senior Scrum master for 30+ team members (5 internal teams) and Agile coach in LessHuge for 1 product area (6 teams). Close cooperation with PO and stakeholders. Managing process, coaching the teams, administrative and technical support for projects. Portfolio level management, risk management, release planning. Writing technical specifications, improvements, complete software maintenance documentation, testing of new products and versions, general server managing administration, tendering, negotiations on business processes with both business customers and developers. Participating in big projects, configuration of the system, writing of output forms, additional component, accounting, alpha-testing, conducting trainings for users and making presentations for stakeholders. 
Working with SQL, HTML, CSS, JS, React, .Net, Core. Used GitHub. Jira tools, TFS. Professional English level.
The biggest motivation for me is creative, friendly environment and dynamic process. I’d like to participate in developing product, with high professionals. Share my experience and learn new from others, grow professionally. I am interested in working with different countries and directions. Have desire to improve processes, make it effective and resulted."
3186,"
- Successfully managed and coordinated up to 30 projects, showcasing exceptional multitasking skills and maintaining high standards of quality and efficiency.
- Orchestrated large-scale data operations projects, ensuring seamless collaboration between customers and data labeling teams.
- Assisted customers in developing and implementing production-grade data labeling pipelines, optimizing annotation workflows for efficiency and accuracy.
- Demonstrated a strong customer service orientation by tracking key metrics, promptly addressing customer concerns, and delivering superior results.
- Evaluated and optimized the performance of the data labeling workforce, providing guidance and support to maximize productivity and achieve outstanding outcomes.
- Conducted regular calls with customers and service providers, building and nurturing strong relationships to facilitate effective communication channels.
- Accurately calculated customer budgets and estimated costs for service providers, promoting financial transparency and cost-efficiency.
- Created comprehensive statements of work (SOW) and ensured ongoing alignment with stakeholders, establishing clear expectations for project deliverables.
- Proactively monitored industry trends and emerging technologies, leveraging insights to provide valuable recommendations for product enhancements and process optimizations.
- Effectively supervised and guided the Data Labeling Quality Assurance team, upholding stringent quality standards and fostering continuous improvement.
- Collaborated closely with service providers, cultivating strong partnerships and driving successful project delivery.
- Demonstrated exceptional leadership skills, fostering a collaborative and inclusive work environment, and encouraging cross-functional cooperation.
- Leveraged outstanding organizational and multitasking abilities to manage a substantial workload, meet deadlines, and achieve project milestones.
"
3225,"- More than 10 cases in different niches
- 6 cases from the scratch.
- My own process of working with reputation
1. AMAZON MARKETING MANAGER - (JAN. 2022 - PRESENT)
DIGIORANGE -  BROOKLYN, NY, USA

2.MARKETING PROJECT MANAGER - (SEP. 2021 - JAN. 2022)
TBI-PRO –  Chicago , IL , USA

3. MARKETPLACES PROJECT MANAGER - (DEC. 2018 – SEP. 2021) 
FDS-IT – , Staten Island , NY, USA

4. AMAZON MANAGER - (2015 - 2018) 
SHOPPING CART ELITE, Brooklyn, NY, USA
"
3315,"
Use cases and User stories writing;
 BPMN;
 Agile, Scrum;
 Planning Business Analysis activities and defining Business Needs;
 Defining Solution Scope;
 Conducting Stakeholder Analysis;
 Conducting Elicitation Activities;
 Collecting, analyzing and documenting the project’s business, functional and non-functional
requirements;
 Managing Solution Scope and Communicating Requirements;
 Conducting Solution Assessment and Validation;
 Knowledge transfering to stakeholders;
 Project Management
Excel, Visual Basic (VB)
Профессиональный рост. Сложные задачи. Дружелюбный коллектив."
3321,"
Organization: Kyivstar Private Joint Stock Company.
Possition: Commodity Market Research Analyst-Specialist.
•	Management of marketing research projects;
•	Negotiations and consultation with customers;
•	Communication with contractors;
•	Document management;
•	Researches & Budget planning;
•	DB management, forming queries by parameters;
•	Studying the Telecom market and providing relevant primary and secondary marketing information.

Organization: Silpo-Food LLC (Fozzy Group).
Possition: Research Manager.
Management of marketing research projects (Qualitative&Quantitative Studies):
•	Negotiations and consultation with customers on research design;
•	Ad-hoc and longitudinal studies;
•	Questionnaire programming; 
•	Data processing and analysis;
•	Preparation of reporting materials;
•	Presentation of research results;
•	Controlling work of field supervisors and operators;
•	Obtaining relevant primary and secondary marketing information.
I am motivated in further development as an Analyst, I would like to get more specified skills in data processing using different instruments (SQL, Tableau, etc.) I am also interested in work as a Analyst for buisness needs by providing survey to test working hypotethises.
"
3332,"Іmplemented software solution (Customer relationship management system and desktop application)
• Market analysis
• Stakeholder communication
• Determining the direction of development
• Setting goals and deadlines
• Prototyping of system
• User Acceptance Testing
• Implementing of system
• Tools: MS Project, Trello, Atlassian, Office 365, Pencil and Paper
"
5877,"Architecture / Databases
- Designed and implemented data storage up to 50 Terabyte using Hadoop
- Serverless architecture with near to zero cost of idle.
- Infrastructure as a code on the k8s and delivery process with minimal DevOps involvement.

Product/Project Management:
- Initiated Messenger project on all popular mobile platforms which full-feature product ready(Apple Store, Google Play publish) in 6 months from scratch.
- Formally recognized for playing an instrumental role in the implementation of cost savings measures in SDLC process.
Human Resources:
- Hire 50+ developers in 4 months with less than 5% turnover.
Latest Projects
NDA , 2019
 - Role - Architect/DevOps - Infrastructure as a code on AWS, Terraform, Kubernetes, Helm, CI/CD.
Ternary Intelligence - http://ternaryintelligence.com, 2018
 - Role - Architect/Project manager - Serverless AWS cloud architecture in the fintech scope.
One space - https://spywords.ru , 2018
 - Role - Architect/Data science - Hadoop infrastructure, web scraping, data engineering.
Defcom - https://defcom.com , 2016 
 - Role - Project manager/Architect. Mobile development. Secure messaging.
Interested in working on live projects."
5981,"As a product manager was responsible for creating an app for the HeyJoy Toy Store, a US based retail-tech startup. Delivered first mvp, proved value hypothesis. 

At Snap was responsible for big AR Projects. Clients: Disney, Nike, Microsoft, Universal, Verizon. 

Lead of internal AR innovations at Sponsored AR department.
Project Manager at Snap. Managing complex and challenging AR projects development at Sponsored Lenses department. Balancing between client's expectations and team capabilities. Evaluating possible risks and accommodating the development strategy accordingly, improving processes between cross-functional teams. 

Experienced with creating new products, from idea to the mvp and launch. Skilled at negotiations with the clients and production teams.
"
6043,"I have 5 years of team management experience and experience in project documentation creation;
I have successfully finished 2 IT project manager courses from Beetroot and SoftServe academies;
I worked as a 3D artist;
I can define and implement team values and communication rules;
I can solve conflicts in an ecological way and can manage specialists whose field of expertise I understand superficially;
I know how to balance between interests of stakeholders;
I have knowledge and understanding of project management processes including risk, scope, schedule, resource, quality management, etc;
I know Agile principles and understand how to work by Scrum and Kanban.
Project Manager at SoftServe
October 2021 - present

Service manager at Veteran Hub Dnipro
September 2020 - October 2020
Managing a team of 6 members. Personnel hiring and onboarding. Setting up work and reporting processes. Managing a specialists` team of different professionals areas (psychological, legal, career directions). Monitoring the compliance with the organization's standards in the operational activities of the team. Conflict management. 

Junior 3D artist, freelance (remote)
December 2019 - September 2020
Low and high-poly modeling, UV unwrapping, texturing, baking, level design.

Hotel manager,  Mykulychyn
November 2018 - November 2019
Being responsible for hotel revenue and client satisfaction. Management of hotel operations, reservations and hotel pages on booking services. Сommunication with guests, receiving payments, personnel management and control over the implementation of tasks. Decision-making about the hotel and territory. Booking.com rate mark increased to 9.0 from 8.7 as a result of work.

Artillery battery control platoon commander, 4th Rapid Reaction Brigade of the National Guard of Ukraine, Gostomel
November 2016 - November 2018
Leading a team of 10 members. Managing people of different ages and levels of motivation, creating and maintaining team spirit in the team. Perform accurate mathematical calculations and geometric drawings in the shortest possible time. Responsibility for maintaining and complying with the conditions storage of high-precision devices of high cost (to 20,000 euros per unit). Analysis of logistics routes, qualitative and quantitative characteristics of the observation objects based on data obtained from various sources.

Hotel manager, remote
April 2015 - November 2016
"
6078,"- Working with major GameDev companies from all over the world
 - Working on several famous titles in GameDev industry
•	estimation of a new scope of work on the basis of provided references and briefs
•	e-mail correspondence and calls with partners
•	managing a project/batch during its full life-cycle (starting with kick-off call with partner and ending with an internal retrospective)
•	creation and allocation of tasks to the team of artists
•	daily meetings with project teams
•	cooperation with Legal and Finance Departments: tacking of existence of all needed legal documents and agreements, issuing invoices, payments tracking
•	calculation of plan project efficiency before the actual start date or internal kick-off, resources re-allocation, dealing with risks 
•	maintaining a project’s efficiency on the same level as it was initially planned
•	dealing with change requests: gathering information, preparation of arguments and proofs, setting up meetings with heads of different departments (if needed)
•	project/batch closure, checking of team’s tracking in Jira, retrospective, issuing of final invoice
- GameDev only
 - Product company only
 - Healthy environment inside the team and in the office in general"
6081,"ACHIEVEMENTS:

- Built a team of 7 people, debugging processes almost from scratch
 - Created a convenient and understandable system for assessing employees of the Art Department
 - Brought employees on the verge of quitting to a new level (using performance reviews)
 - Created a number of documents that all new managers use (own workflow, team framework, department structure, performance review, screenshot guide and many others)

- Creation of illustrations and design for ECO-school in Moscow
- Creation of illustrations for a museum about space in Moscow time
- Illustrations for the restaurant Gorynych
- Illustrations for ISBC

- Suggestions for improving the operation of services that simplified processes within the company
- Drawing up work instructions and regulations for the key account department, thanks to which the training of new employees has become faster and easier
- Resolving controversial and complex situations in favor of clients, without losing further interaction with them
- Fulfillment and overfulfillment of sales plans

- The first one organized a new format of the event in the company - an ecological quest. Increased the amount of a deal with a regular client more than twice as compared to the previous events of the client.
- Accompanying clients on all points, holding the event at a high level, was repeatedly noted by the management for active assistance in organizing events and high-quality performance of their duties.
My expirience:

Art Team manager 2021-until now
- Management of team work (documents, calls, evaluation system, reporting, etc.) - 7 artists
  - Analysis, building processes within the team and its development
  - Documentation of processes
  - Specification of tasks for the team
  - Generation of ideas, formation of technical specifications
  - Monitoring the implementation of tasks by the team, evaluation of results, feedback
  - Quality control of team work
  - Monitoring the motivation and performance of employees
  - Close cooperation with Art Lead on the issues of competent formation of tasks, requirements and deadlines
  - Reporting
  - Building a benchmark / market research
  - Occasional assistance in the preparation of company documents and etc

Illustrator Designer 2018-2021
- Create personal stickers for telegram
- Creation of icons and illustrations for social networks, prints for clothes
- Illustrations for magazines
- Creation of posters (movies, events, etc.)
- Illustrations for presentations
- Development of logos, stickers
- Design of advertising materials for social networks
- Creation of vector characters for animation

Internal and External Communications Manager 2016-2018
- Drawing up instructions, regulations, motivational models for company employees
- Working closely with related departments to achieve better results
- Working with partners
- Negotiating and signing contracts, monitoring compliance with contractual agreements, changing the terms of the contract
- Full management of trading floors - Wildberries and Ozone
- Organization of shipments to Wildberries
- Work in 1C, Bitrix, on the Wildberry platform, Diadoc

Event manager 2015-2016
- Close work with related project departments
- Participation in the preparation and conduct of the event
- Control over the delivery of the project at all stages
- Maintaining constant contact with existing clients, organizing work with them according to established business schemes
- Working with presentations, drawing up proposals, miscalculating estimates
- Keeping a client from the first call to the end of the event
"
6082,"
- task & project management of 2d/3d art (planning workload, creating/giving assignments, process coordination, quality and priority control, communication with clients, retrospectives)
- basic experience with Scrum and Kanban in GameDev
- people management (mentoring and onboarding new artists and PMs, 1:1 meetings with artists, performance and skills review, conflict resolution)
- managed teams of up to 30 people
- creating info-bases and systematization of knowledge and experience (art and inner work guides)
- analyzing and optimization of processes
- art directing (quality and style control)
- GameDev domein is in prority
- Prefer product companies OR long-term projects
- I'm a fast learner and looking for professional growth
- Interested to get more experience with 3D, VFX, VR, video or game production"
6090,"I obtained bachelor degree in economics of enterprise in Kharkov National University of Economic. 
At the moment, I am continuing to do   Master’s degree in project management. 
2017 Courses Project Manager (Source IT)
2016 English courses (Green Forest)
2015 English courses (Language Center )
I have the skills to work in a team, quickly learn. Skills of reference for the project on Agile (SCRUM / KanBan) and Waterfall (at the level of theory and practice from the university and courses that were fixed by writing documents - proposal, terms of reference and those plan, risks, WBS)
As for my work experience, during the studing, I worked in the company that sells electrical goods as an assistant manager. 
I was responsible for attracting new clients, receiving and processing orders, invoicing customers for payment, keeping record, and dealing with the goods.
I'm interested in the vacancy of the project manager's assistant, because working in a team is the most exciting sphere of activity. I want to work in a team, to learn new and develop, to apply to acquire knowledge and skills. I want to grow, create a value and realize myself as a specialist in this area."
6127,"Big experience in ASO, ASA, Incentive Traffic
Seasoned Mobile Product Manager with 2 years of experience in leading successful mobile product initiatives and optimizing app store performance.
Expertise in ASO, including keyword research, metadata optimization, A/B testing, and conversion rate optimization, resulting in increased organic downloads and improved app store rankings.
Proven ability to develop and execute comprehensive ASO strategies that align with business goals, user needs, and market trends.
Strong understanding of mobile app analytics and data-driven decision-making to identify trends, uncover insights, and optimize app performance.
Excellent collaboration and communication skills, with a track record of working effectively with cross-functional teams, including designers, developers, marketers, and data analysts
Proficient in agile methodologies and project management tools to ensure efficient product development cycles and timely releases.
"
6211,"Relevant education:

Master of Economy and Management
2020

Bachelor of Management
2017

Project Management Specialization
University of Colorado Boulder 
2023
Including courses:
•	Project Management: Foundations and Initiation 
•	Project Planning and Execution
•	Agile Project Management

Scrum Master Certification
Learn Quest 
2023
Including courses:
•	Introduction to Scrum Master Training
•	Scrum Master Certification: Scrum Methodologies
•	Scrum Master Certification: Scaling Agile and the Team-of-Teams
•	Combining Scrum with Other Agile Methodologies


Information Systems Specialization
University of Minnesota, Carlson School of Management
2023
Including courses:
•	Enterprise Systems
•	IT Infrastructure and Emerging Trends
•	Analysis for Business Systems

Certificate in Marketing and Communications
International Business Management Institute of Berlin, Germany
2021

Certificate in Leadership and Team Development
International Business Management Institute of Berlin, Germany
2020
Work experience:

Current role: Assistant IT Project Manager

- Experienced professional driving business process optimization and automation by identifying solutions for enhanced efficiency;
- Skilled in analyzing and translating business requirements into effective IT mechanisms
- Specializing in end-to-end implementation of new solutions within a proprietary ERP system;
- Collaborates closely with relevant departments to understand project requirements and priorities within the agile framework;
- Collaborates closely with developers to ensure smooth implementation among users;
- Defines user stories based on customer requirements and prioritizes them for the development team; 
- Seeking opportunities to streamline operations and maximize productivity.


2+ years experience as a Data Analyst

- Managed extensive macroeconomic and financial datasets for multiple countries, both public and private sectors, ensuring accuracy and quality within tight timelines;
- Communicated effectively with sources to maintain data integrity, identify patterns, and address client queries;
- Coordinated external and internal client interactions using the CRM system, overseeing requests, and executing quality improvement projects;
- Utilized in-house project management system to troubleshoot and resolve issue tickets, delivering effective client solutions;
- Proactively identified process enhancement opportunities through regular quality and technology projects;
- Collaborated with IT teams to ensure seamless availability and accessibility of essential data sources.
"
6213,"I am managing my pet project of an Online Shop for developmental children’s toys, with a team 
of four people: a Power Query Developer, a Designer, a Sales Manager, and a Supply Manager. My responsibilities, in particular, include organization and coordination of the team's work, time & task management in Notion, execution and roadmap control, drafting and maintenance of project documentation and instructions, and solving legal issues.
Project Management Intern, We Challenge & UNIT.City
Kyiv, Ukraine (February 2023 - March 2023)

Project type: IT events organization
Responsibilities:
– Led and facilitated the Intern team
– Prepared Impact map of the project
– Prepared Project plan (WBS, Timeline, Resources)
– Prepared Risks register
– Prepared Stakeholder Register, Map, Matrix & RACI Matrix
– Prepared Stakeholder communication plan
– Maintained Business communication with Stakeholders
– Research and analysis

Tools:
– Notion
– Trello
– Slack
– Miro
– Canva
– Google Meet & Gather
– Google Workspace (Docs & Sheets, Calendar)
I am interested in the Assistant / Junior Project Manager position at IT Company. And I believe that I can handle this role’s responsibilities considering the following.

To master the knowledge of project management in the IT area, I have completed the following courses:
– ""Fundamentals of team and project management in IT"" from Lviv IT School (LITS), in 2021;
– ""IT Project Management"" from Creative&Tech Online Institute: Projector, in the period November 2021 – February 2022; 
– ""Become a Project Manager"", LinkedIn Learning Path, in March 2023.

While taking the mentioned courses, I worked with tools like Trello, Jira, Miro, Canva, Confluence, Notion, Gantter, Slack, Gather, Google Workspace / Microsoft Office, in particular, on:
– Impact Map & Work Breakdown Structure (WBS), Gantt Chart;
– Risk Register, Stakeholders Register, Stakeholders Map / Matrix & RACI Matrix;
– User Stories & User Story Map, including preparing Definition of Ready and Definition of Done;
– Task estimation, using different methods, like Big/Small/Uncertain, Poker Planning, and T-Shirt Sizes.

Thus, I have a basic knowledge of project management, software development life cycle (SDLC), and methodologies (Waterfall, Scrum, Kanban).

In addition, I have a master's degree in law and have been working as a legal counsel for more than five years, including in the IT area. I have also overseen a team of five legal counsels, and controlled and coordinated their work. In this case, my experience as a lawyer allows me to perform, among other things, the functions in project management, such as:
– Communication with Customers and Stakeholders;
– Organization and coordination of teamwork;
– Managing the project, deadlines, and tasks, including in task manager;
– Creating a project plan, maintaining project documentation, registers, and preparing reports;
– Preparation of various kinds of legal documents, including Contracts, Invoices, and Services Acceptance Acts.

Also, I am an experienced user of Windows, MS Office, and basic Google applications. I am fluent in Ukrainian and Russian; I speak English at an upper-intermediate level and I am constantly working on improving my English. My soft skills are:
– Proactivity, and communicativeness;
– Multitasking, and self-organization;
– Fast learning, active listening, and teamwork."
6214,"
Hello everyone!
I'm looking for a job as a Junior Project Manager. I'm just starting my way in this field after the completion of the Project Management Course. So, I have a basic knowledge of project management, SDLC and methodologies (Scrum, Agile).
I don't have much practical experience, but as a manager at my previous job I worked with customers and stakeholders, managed projects, organized and coordinated team work, maintained project documentation, prepared different kind of legal documents.
I'm an experienced user of Windows, MS Office, basic Google applications. 
If you are looking for reliable, hard-working team player - I could be your good choice. Just give me a try.
"
6231,"
My current jab position is Project management specialist in the financial consulting department in Grant Tornton Ukraine, in Кyiv. The main areas of my company are audit services, financial consulting, tax consulting, legal services, outsourcing. 

My job description:
- communication with Customers and Contractors;
- maintenance of work documentation and schedule of Projects
execution;
- collection and analysis of information necessary for the
implementation of Projects;
- administrative assistance in conducting work meetings;
- reports making.

Completed Projects:
- Development of a system for monitoring the achievement of the
Sustainable Development Goals at the level of Kyiv city;
- Anti-corruption policy audits;
- Audits of financial statements.

Computer programs: Microsoft Office, 1C/ BAS, CRM Bitrix 24, Smart Tender.

English level - Upper-intermediate.

I pretend to be: Information Technology Manager, Product Manager, Assistant Team Manager, Assistant Project Manager, Project Office Coordinator.

I am responsible, attentive, self-motivated and hard working person. I am a team worker and adaptable to all challenging situations. I am able to work well both in a team environment as well as independant using analytical knowledge.
"
6232,"
Successful performance of 20+ educational projects for over 500+
members of various companies - Boeing, Ubisoft, Xpand etc
Attentive manager with excellent communication skills.Organised and driven with an innate ability to stay on track while dealing with various tasks under pressure.
Quick learner and eager to pursue the career of a manager in IT field.
-Constant implementation of Agile and Scrum methodologies - performing 1-1,
stand-ups, retrospectives, dealing with the team motivation;
-Applying Lean methodology aiming at continuous project improvement;
-Participating in discussions on the appropriate design and set-up of projects while
understanding the key drivers of project profitability and providing cost-saving
solutions where possible;
-Monitoring, maintaining and enhancing the performance of field operations, ensuring
timely and accurate delivery;
-Serving as a link and liaison across the various stakeholders on project-related
matters;
-Direct communication with customers, clarifying specific requirements, managing
customers’ expectations and changes;
-Project planning, task progress monitoring and prioritizing the workload of the team;
-Preparing and organizing the necessary project documentation;
-Planning and giving regular updates on the projects;
-Coordinating the project launch schedule and activities;
-Risk management.
"
6233,"
British Autoclub Assistance, Kiyv – IT-manager
September 2018 – March 2019
Main responsibilities and provided activity.
- Gathered requirements for composing MVP on the Web, app , CRM system projects.
- Provided black box/grey box testing and acceptance testing activities on delivered features on CRM, app projects..
- Managed app projected delivery activities on cooperation with foreign outsource team :project backlog forming, sprint backlog forming, manual testing and bug tracking activities.
- Provided support on 1C accountancy management and new features developing.

Pride International LLC., Kiyv – Project manager assistant / QA manager..August 2017 – September 2018
Main responsibilities and provided activity.
- Facilitated sprint planning and backlog of the product.
- Provided Quality assurance tests during Sprint workflow and final product releases.
- Assisted on resolution of the app and web-version defects.
- Assisted team to remove impediments by having an understanding the control and release processes.
- Tracked and effectively communicated team velocity and sprint/release
progress to all affected teams and management.
- Assisted in defining and deploying new product development processes and in facilitating the continuous improvement of existing processes.

MBM Partners, Kiyv –Head of the Lead-generation and advertising departments.June  2015 – August  2017
Main responsibilities and provided activity.
-Providing and controlling complexes of activities devoted to lead-generation and traffic management.
- Developing of the strategic guidelines and tactics of the company's behavioral activities in social networks (SMM).
-Providing Social media marketing planning, recommendations and it's implementation.
-Composing tasks for script development for social media lead extraction.
-Providing automation and controlling tool integration for social media
content.
"
6239,"• World TESOL Academy
120-Hour TESOL/TEFL Certificate
Accredited by ACCREDITAT & The CPD Certification
Service
• 4+ years of experience teaching English
• Project Management Skills: I play the role of a
teacher, a mentor, a manager and a psychologist
for more than 20 people.
• Fluent English (advanced)
• Excellent in written and verbal communication
• Understand the project lifecycle
• I’m learning to work according to Agile
methodology, analyse my progress regularly and
achieve more than 80% of my goals
• Convinsed that Sprint Retrospectives are
important, since I've been practising this method
with my students
• Understand main metrics for Project Management
• Good working knowledge of MS Office.
• Ability to multitask
• Sense of responsibility and punctuality
• Problem-solving ability
• Aware of copywriter’s and videographer’s
workflow
• My student's successes - my projects
• Understand methodologies (Scrum/ Kanban/
Waterfall)
• Understand roles and functions in project
• Understand principles behind the Agile Manifesto
• During my studentship, I did a lot of volunteering, and if anyone asked where Sofia was back then, I was somewhere taking part at various student startups and volunteer rallies. 
• As a student, I had had an exciting job as part of the student exchange program ""Work and travel in Germany"". I worked as a cashier at McDonald's. 
• After that, I worked as an assistant SMM manager at Instagram, I was a content creator and copywriter. 
• And since 2018, I have been working as an ESL teacher/tutor for children and adults. I have been self-employed since 2018. I received a TESOL/TEFL certificate after completing a 120-hour course. During this rather long period of my teaching experience, I can say that my communication and management skills have been significantly developed.  My responsibilities are: 
• Developing activities and integrating technology to
diversify instruction.
• Increasing ESL students' reading, grammar and
speaking levels and altering lesson plans for students
needing extra guidance.
• Creating monthly academic status reports based on indepth student evaluations.
• Documenting student attendance and progress against
goals.
• Conducting speaking clubs with students.
• Business English.
• Individual and group online English lessons.
• Managing day-to-day meetings.
• Creating and managing class’s
This also includes a quarterly assessment of each student's progress and a small retrospective. This business has some similarities to many positions in the IT field. For example, daily communication with students is daily communication with clients. Working with a project is working on a student's success - that is, a student is a project. Conducting retrospectives and rewards is a managerial branch. Planning, good English, quick response to resolve any issues or problems, punctuality, and computer skills are essential to work with clients and team in these areas. 
• In August, I completed an internship as a customer support specialist, where I interacted with customers via text message interface and calls in Crisp, resolved product and service issues to ensure customer satisfaction, worked with company's CRM system. I had an experience working with such sales tools as Email Finder, Email Verifier, Email Warm-up, Drip
Campaigns.
For the past few months I have been actively looking for a position that directly allows me to communicate with clients and manage good products. 
• Looking forward to starting a career in a project manager role. • Looking forward to joining a growing team to work in a customer-focused, innovative, challenging, and fun learning environment where I want to acquire and hone valuable skills for myself."
6240,"For now want to develop myself as a Project Manager. Visiting a lot of webinars on different types of SDLC, Team Manegement and Project Management.
In October 2021 completed the course ""Fundamentals of Team and Project Management in IT. Preparatory"" by Prometheus.
May 2022 - completed the course ""Project manager Profession | 10.0"" by GeniusMarketing.
July 2022 - completed Basic Course by Online Ukrainian School of Project Management by Denys Prylutskyi
Currently working in Crunch as People Coordinator. 
Under main responsibilities are:
•	Serve as primary point of contact for the client regarding project information and updates
•	Ensure that stakeholders are regularly updated on the status of all sites in project through meetings, correspondence and status trackers
•	Forecast, track and manage resource planning
•	Identify project resources necessary and partner with other company managers to acquire resources
•	Build and nurture an effective and collaborative project team. Promote effective individual and team performance
•	Track internal project team assignments
•	Monitoring of the team states and specialists states inside these teams to identify and prevent risks and their consequences (dismissal, professional burnout, conflicts, etc.);
•	Informing and consulting specialists about the features of social and remuneration policies of the company, etc.;
•	Take part in organization and conducting Team Buildings, according to the needs and the current team state
"
6254,"I can work with platforms such as Facebook ads, Instagram, Miro, Asana, Figma, Pipe Drive, Expandi, LinkedIn, Google Meet, Google Sheets, Google Docs, etc.
I have experience in marketing. Worked for 1 year as a Lead-Generation manager in a company that developed websites. Lately I've been trying myself as an SMM. I was involved in the social networks of companies and promoted them through target advertising on Facebook Ads. 

I worked as a Business developer/SDR/Sales manager/Account manager in a crypto marketing agency. So, I am ready to learn and gain new knowledge.
I am quite a sociable person, so I want my work not to be boring. I love to come up with different ideas and with planning and creating frameworks for the team. Planning and allocating time effectively in Miro brings me pleasure, so it seems to me that the work of a project manager is my calling."
6255,"
Responsible and proactive Delivery Coordinator/Error Manager, experienced Senior Test Engineer with a demonstrated history of working in the automotive industry (8 years of automotive embedded projects). Skilled in customer communication, team organisation, Jira, Confluence, Test Planning. Master's Degree focused in Automobile/Automotive Mechanics Technology from National Transport University.
The main desire for a new place of work is an auto motive project, since all 8 years of my career I have been working in this field. It has its own specifics and I like it."
6342,"
Mrowki-UA
Consulting. HR.
2021-2022
Automation project manager
Providing automation for all company's processes and managing website development in the automation part of the project. 
Also wrote bots in messenger to make communication easier and faster.

Interra
online school
www.interra.bz
2020-2022
Automation project manager/ Business Analyst
As business analytics, I discovered the company's business process and propose some transformations. As a project manager, I provide and install automation in Bitrix and analytics decisions in Power BI, which helped the company to save their money, time and made their service quality better.

RublevFamily
Quest franchise
fr.fortfamily.ru
2018-2022
Automation project manager
Started in the company from automation for the franchise sales department. Then provided automation for all franchise partners for their sales departments and set up for them marketing analytics.

BizRaise
Marketing agency
bizraise.pro
2017-2018
Automation Project Manager / Business Analyst
I had an opportunity to work in various business areas in this company. 
The main object of my work was business processes and their automation. 
All my new projects start by having a transparent view of how the processes of our customers look today. 
Most of the companies had a clear request or problem description, so my task was to find a way how to fix it with automation.
"
7630,"
Market research, SMM, email, Google/Instagram/Facebook ads, managing contractors, basic SEO, backlinks, content creation.

Good at people management: 
• able to coordinate teams and people, create simple and transparent systems, manage conflicts and solve stressful problems;
• know how to maneuver between the reefs of the hierarchy to achieve WIN-WIN.

Google Ads (Editor), GTM, Google Analytics, Facebook Business Manager, LinkedIn, Mailchimp, Tilda, Wix, Bitrix, Ahrefs, Serpstat, SimilarWeb, Excel, PowerPoint.
Basic SQL, HTML, Adobe Photoshop, Illustrator.

Ukrainian, Russian (C2)
English, German (C1)
In progress: 
Spanish, French (A2)
NO to gaming, gambling, dating or fraud. Thank you."
7654,"Achievements:
- launching the business process of dealing with network coverage requests for B2B customers.
My telecom career started 14 years ago. I gained my first professional experience at the customer service division in B2B sales (I learned analytical, managerial, negotiation skills). 
Now I am dealing with network coverage requests of corporate customers. I am sure there can’t be effective sales and long-term relations with customers without high-quality service. 
I improved my analytical skills working on business cases focused on base stations construction for the needs of B2B customers. This process is a complicated chain of interactions with colleagues, contractors, customers, landlords, engineers. It involves calculations of payback, company’s revenue, technical solutions optimization, analyzing relevance of clients’ services, negotiating about equipment placement and rent rates, informing about radiofrequency radiation etc. In the course of my work I need to negotiate with managers of all levels within the company. I see openness and honesty to be a key to success for all types of interaction.
I am constantly learning for my personal and professional development. I have been learning English since March 2018. The global trends increased my interest in social media. In December 2020 I have chosen the course on content marketing which also includes copyrighting as I see it is in demand for freelance work. It is interesting not only to learn these skills but to learn how to find clients, which is especially relevant to my sales skills. 
I deliver training courses to my colleagues on the life cycle of customers’ requests on coverage. During the course I always have good contact with the audience, refer to participants, encourage questions, provide examples, prove the information with photos, digits etc.
I consider the position of B2B sales manager or Project manager would be a good step in my professional development. I like the sense of Adrenaline and proud when the deal is closed.
I respect employers which provide decent financial motivation, high corporate standards and possibility to use the knowledge of English."
8890,"
BA/PM, PM, UI/UX Scrum, Agile, Kanban, Quality Assurance (QA), Knowledge base, IT process optimization, Confluence, Redmine, Jira, RUP,  ERP, CRM, CSS,  HTML, JavaScript, HTML5, UML, Python
I don't like Forex, Gambling, alcohol, smoking industry."
8916,"
I've been in IT business for 10 years. 
Participated in dozen projects of governmental structures of Azerbaijan, such as card system of Central Bank, Inventory system for Treasury of Azerbaijan Republic. 
Also have experience in managing projects in broadcasting (building the online TV system).
About 5 years experience in IT Distribution as a BDM and Channel Manager.
"
9028,"• 10+ years experience in reporting and developing BI/DWH. Deep expertise in Oracle BI, SAP WEBI, Oracle PL/SQL and ETL processes. Proven expert across a range of data domains including Financial, Trading, Accounting and other banks business departments.
    • 4+ years experience in a Team Lead and Tech Lead positions.
    • 9+ years in Data Architecture, Data Modeling and Data Analysis.
    • Deep understanding of business goals and priorities in financial and product sphere.
    • Good experience in writing Tech Design/Requirements documents.
    • Deep knowledge of agile development practices Scrum/Kanban.
    • Procative in-team communication and leadership skills.
    • Strong experience of prioritizing requirements with customers.
Oracle BI, PL/SQL, SQL, XML, Visual Basic (VB), SAP BO, Tableau, Jira, SVN, Crucible, Agile, Scrum, Pixel Perfect reporting, Financial and management banking reports, bank Accounting, 
Siebel / B2 / iFobs / isCard - datastructures
"
9066,"
•	Consulting services of public procurement processes.
•	Providing full cycle of tender procedure.
•	Manage and coordinate service proposals, including technical and commercial aspects, from issue of calls for tender documents to bid submission.
•	Manage bid logistics, develop the schedule for the team and setting responsibilities/ expectations for the bid – who does what and when.
•	Serve as a contact for preparation of technical, commercial and contractual submissions in collaboration with all services.
•	Coordinate and participate in drafting documents.
•	Ensure the quality and compliance of service proposals within the stipulated deadline.
•	Provide liaison and gather necessary information from all internal and external parties involved (HR, finance, purchasing, legal services, partners, etc.). 
•	Manage proposal costs and deadlines.
•	Work in close cooperation with account directors for service proposals and submission documents as well as communications, discussions and client meetings during the proposal process and following its development.
•	Optimize the effectiveness of the service proposal process.
•	Improve the tools developed, to increase the quality of submission documents and ensure compliance with standards, guidelines.
"
9445,"Recent projects:
""Legal management system"" (full cycle multi-attorney workflow from filing a claim to executive proceedings); 

CRM system for one of the largest wholesale suppliers of tourism products (hundreds of customers, tens of thousands of products, several warehouses in different cities); 

SaaS management platform for fitness, dance clubs and same type small businesses; several online stores of varying complexity.
Branch Manager / Project Manager with over fifteen years' experience in the IT industry. With experience of management  businesses and development teams with a staff of five to fifty people.
Development experience: 15+ years.

Skills : Project & Product Management, Agile (SCRUM), Requirements Management, Branch Management.

Technical background: Atlassian Jira, LAMP, CSS, HTML, PHP4-5, SQL, jQuery,  AJAX, Bootstrap, PostgreSQL, AWS, CVS, Mercurial, Git, Nginx, CMS, CRM
Currently looking for the right opportunity to bring my expertise to a well-established company in an Branch Manager or Senior Project Management position."
9542,"437 applications on Red Bull Basement 2021
1 realised project at Silpo 
2 successful video productions
creating content for the database of recipes (170+)
coordinating creation of product ""Recipes Silpo"" (not realised because of the war)
full copywriting for Lynksen website (not realised because of the war)
spending 50.000$ monthly with +ROMI
My carrier pass started in a volunteer project where I was responsible for:
- Creating content for site and social media;
- Coordinating 8 members in the core team;
- Establishing cooperation between companies, universities and
students;
- Seeking partners and further communication with them;
- Evaluating and tracking the success of the event.

After that I was a Brand Manager in Red Bull where I: 
- Creating strategy for social media;
- Assistes in the organization of events;
- Did marketing research.

Then I was Marketing Project Manager in Silpo. Where I:
- planned, executed and monitored projects;
- coordinated IT, Designer and Operational Departments;
- made creatives for site, target, social media, viber and e-mail lists;
- managed video production.

Then was Genesis Marketing School and after it

Digital Marketing Manager
Genesis, Keiki
- Creating and scaling Facebook advertising campaigns
- Spending 50.000$ monthly with +ROMI
- Working with content manager to develop engaging content
- Analysing main metrics and making decision
"
9546,"1. Worked on different positions of PM in different project achieved the following results:
- know how to built project team from scratch 
- developed own system of  candidates selection and interviewing,
- provided comfortable working conditions for all my teams,
- take part in different roadshows, presentations 
- become good friends with my teammates. 
2. As event manager worked with big volunteer teams (up to 25 people) and faced with different hard and emergency situations which solved quickly and productively.
3. Have good public speaking experience
4. Performed with own developed trainings for IT beginners ""How to pass interview"" and ""Dream team - Myth or Reality?""
5. Have own developed system of candidates selection and interviewing 
6. Know how to work on projects with zero budgets effectively (attracting investors, fundraising, collaborations, barters etc.)
7. My superpowers are empathy, the ability to hear and listen and the ability to find common ground.
8. Use knowledge of conflictology, mediation and phsycology on everyday basis
9. Highly motivated individual with strong problem solving skills.
10. Have analytical critical thinking, inquisitive and flexible mind.
11. I am always in indefinite process of self-education, usually pass 2-3 different edicational programms per year (phsycology, marketing, brand&product management, philosophy, technologies etc.)
Business Assistant for CEO
07/2022-09/202
Main roles:
- development of company strategy & communication 
- process creation & management
- sales team management (5 people)
- marketing strategy creation & management
- coordination with designer teams, dev teams, copyrighters, HR

Event Project Manager
03/2020 - 10/2021 
Ant Hill Event Agency Kyiv, Ukraine
My main clients:
Metro Cash & Carry, Kyivstar, Metinvest, Intersport.
Direction of the projects - BTL, marketing, technologies. 
Responsibilities:
- full management of the projects
- communication with the client
- project budgeting, preparation of bids & defense
- turnkey implementation (creation of designs, preparation for production, technical support, etc)

Achievements:
- developed and lead the online-production project for Metro Cash&Carry (online cooking master classes for Chefs)
- managed the conference for Chefs and Partners of Metro for 500+ guests (Odessa, Dramatical Theater, quarantine period 2021). It was divided into 2 parts: master- classes from world-famous chefs on the theater stage, and classic lectures 
- managed sport olympiade for Metinvest during 2 month in 5 different cities
- my 2 ideas (prepared projects) brought victory to our agency in Kyivstar tenders (projects total costs over 5 millions UAH)
- traveled all around the country with Metro Cash & Carry BTL projects
- became good friends with my clients, they were really upset when I left the agency

Co-Owner & COO
03/2019 - 09/2019 
Event agency ""Believe in you"" Kyiv, Ukraine 
Responsibilities:
- searching and communication with clients, partners, investors 
- budgeting, documentation
- website development, identical design
- event supporting & team management.

Project Manager & COO
03/2016 - 12/2018 TAG (Ukrainian start up) 
Responsibilities:
- recruiting & adaptation of employees
- team management & task management
- project & product management (full cycled development)
- budgeting
- maintaining all project documentation
- preparation of reports on the stage of product development
- bringing the product to the pre-release stage
- presentation of the project on the international market: participation in exhibitions, road shows, communication with potential investors.

Achievements:
- built from scratch the dream team of developers with limited investments
- led the startup to the pre-launch stage
- presented it at the international stage (London Road Show for investors, 2018)
Looking for interesting project in IT development as PM or as Event Manager. 
I expect to work in the team of like-minded people who are looking at this world positively and want to create something useful and gorgeous.

Ready to start on Junior position to update IT  PM skills and to grow inside the company.

Looking for remote work.
Currently based in Lodz, Poland

I do not work with companies that cooperate with russia or have russians among their employees"
9547,"Launched nationwide internship, 70% of graduates continued to work with company (previous result 50%)
Launched global internship, 80% of graduates continued to work with company
Launched Philip Morris Business Academy, (nationwide roll-out, NPS - 90%)
Launched New Product - L&M Double Mix (full-support, SOM reached the target)
EVP roll-out (Global EVP adaptation to local market demands)+Employee Ambassador program 
Launched Hostess Project, 2 times, 20K contacts per month (full-support)
Parliament brand continuous support
Nestle Ukraine - Purchasing department (6 months) 
Philip Morris  Ukraine - Customer Care in Sales (8 months)
Philip Morris  Ukraine - Project Manager specialist in HR (2 years)
Philip Morris  Ukraine - Brand Executive in Marketing (2 years)
Looking for challenging project, ownership and friendly and open-minded team"
9583,"Development of the distance selling system from ""0"" to the national scale (project manager); organization of procurement system in the network of construction supermarkets (manager, head of department); project ""Electronic Diary"" in schools of Kharkiv (private business); operational management of a scientific institution (director).
Team work and lead, HR / Recruiters, finance manage, distance manage, ability to analyze and structure information, experience of project organization with «0», practical skills in budgeting, analysis and planning, experience in purchasing and sales, transaction support, document preparation
Improvement of skills, personal and company development, flexible approach to problem solving"
9587,"PMP IPMA Level C,
ITIL Foundation
Microsoft Certified Technology Specialist (MCTS)
More than 40 succesful  projects
•	Project Manager of the internal, national, international projects and project portfolios.
•	More than  40 successful  projects
•	Practical and theoretical skills in Waterfall, Agile (XP, Scrum) methodology.
Skills of:
•	 Analysis, design, implementation and optimization of business processes and IT services, processes and procedures. 
•	Deployment and implementations of the production automatized systems.
•	Implementation and support of IT services based on Microsoft products (Exchange, AD, SystemCenter, SharePoint, SQL).
•	Deployment and adaptation of best practices ITIL, standards CobIT, ISO. 
•	Planning and organization of telecoms network.
•	Good management skills
Improvement of the professional knowledge and skills in the project management, business analytics, QA, IT administration."
12037,"Took an analyst role at a MS Dynamics CRM project for an advertisement company. At the end of the project: increasing of productivity over 30%, increasing of customer loyalty. The biggest CRM project at Siberia, 2011. Microsoft wrote about us.

Won the First Prize of a ""Startup Business Ideas"" Competition, Istanbul 2019
Dynamic, entrepreneurial and goal-oriented IT professional with 10+ years’ experience in various web, mobile and desktop applications development.
-	Skills:
• Eliciting and development software requirements
• Team management and leadership
• Work across multiple disciplines and departments
• Analysis of complex data and preparing reports
• Willingness to learn new skills and self-improvement
• Knowing eCommerce, social media management, Google Ads, SEO, game development
-	Quality assurance:
• using different methods and techniques of software testing: functional, access control, 
cross-browser layout, load and performance, installation, database-driven, across 
operating systems
• preparing testing scenarios and plans
-	Deployment: test and production environment
-	Customer trainings: developing curriculums, preparing materials and providing trainings
-	Technical skills: 
• My SQL, Oracle SQL, C, C++, Python, IBM SPSS, VMWare virtual machines, Linux
• Advanced Microsoft Office skills
• Trackers: Jira, Asana, Trello, Trac
"
12116,"2 successful Oracle Hyperion Planning implementations in 2 Ukrainian Banks (TOP 10)
Business Analysis, Project Management, Agile, Redmine, Jira, OHP, MDX
More than 8 years of experience in business analysis and business administration of IT systems and services in 2 largest International Banks. Main responsibilities:
-	Business analysis and administration of budgeting process and financial reporting
-	Technical documentation preparation (business\functional requirements, user guides) 
-	Oracle Hyperion implementation Project ( as a business and technical specialist)
-	Test cases, testing, bug tracking and fixing
-	Development and support of SAP ERP system (HR, LSO, TMC, Portal, Performance)
-       IT-Enterprise ERP-system implementation as a business analyst (HR: Performance and Payroll, E-Documentation)
Interesting and challenging tasks. Strong and friendly team. Financial stability. Professional growth."
12122,"
2022-02 – 2022-09	Business Process Engineer Lead
Responsibilities:
Leading implementation team of 17.5 FTE
Planning resources according to the project, its timelines and business need
Controlling together with internal stakeholders project’s progress and its timelines
Preparing reports for internal stakeholders
Controlling quality of provided services to internal and external parties
Organizing and handling internal trainings
Initiating internal improvements
Creating and maintaining internal documentation

2019-09 – 2022-01	Solution Engineer for EMEA, APAC, LATAM and NA
Responsibilities:
Defining and analyzing data and system requirements for clients
Designing solutions based on the client’s demands and system’s functionalities
Support Business Analysts in interpreting business rules and requirements per client;
Initiate and support internal projects
Making project documentation for internal and external users
Organizing, handling and participating in webinars 

2018-02 – 2019-08	Project Manager for EMEA, APAC and NA
Responsibilities:
Managing multiple implementation projects for multi-national clients
Making planning and its aligning with internal and external parties
Providing project updates to internal and external stakeholders
Ensuring on-time project delivery 
Making project documentation for internal and external users
Organizing, handling and participating in webinars 

2014-07 – 2018-01	Implementation Specialist 
Responsibilities:
Analyzing requests and data for implementation of new carriers (inc. rate cards, shipment data files, completeness of business rules etc.)
Implementing new providers to online platform
Organizing, handling and participating in webinars 
Leading final testing stage of implemented logics
Creating and maintaining internal documentation for IT
Creating internal and external documentation to hand over project to Ops
Preparing reports for external users
Cooperation with Ops and IT depts.
Optimization of existing processes
Handling internal trainings

2012-10 - 2014-06 	Data Analyst
Responsibilities:
Preparing reports for external users
Leading final testing stage 
Analyzing rate cards and their implementation to online platform
Updating internal and external documentation
"
12124,"Banking:
•	SWIFT payments implementation in mobile banking application. Collected functional and non-functional requirements and agreed with units and prepared to SRS. Developed and tested Camunda process, ESB and OKD services.
•	Automatization of mortgage loan process. Customer forms development.
•	Integration of mortgage loan process with state personal data system Diia API. Integration micro service development and testing.
•	Development and EMV certification of POS-terminal SW for international payment systems VISA and MasterCard
•	Implementation and administration of a Local payment cards system

B2B Sales:
•	Sale and delivery process automatization. Defined Business process, approved BRD with Business owner and automated in Bitrix24 CRM.
•	HR processes of onboarding, dismissal and vacation defined, BRD approved with HR Director and implemented in Bitrix24 CRM.

IT service management:
•	Service delivery processes automatization. Created, described and implemented processes to the Service Desk system based on Microsoft Dynamic CRM.
•	Integration of the Service Desk system with customers issue tracking systems. Created, described and implemented integration protocol in API
More than 20 years of experience in business analysis, project management and processes automatization for different business domains for international companies.
•	Business domains experience: Payment technologies, Finance, B2B sales, IT Service Management.
•	Organized effective communication between IT and business units for the development, implementation and support of new systems and enhancements.
•	Supported and facilitated the gathering of business needs and objectives to evaluate a new or enhanced functionality.
•	Participated in business development and Project discovery phase.
•	Defined and optimized Business processes workflow. Created automated business processes from the scratch.
•	Developed project artifacts: BRD, Vision, Project Profile, Software Requirement Specification.
•	Project Management according PMBOOK and Agile best practices.
•	Managed project teams up to 15 employees and department up to 100 employees.
Business Analyst position is preferred. Could be partly combined with a Project Management."
12141,"1) In AIESEC I was a Team Leader of promotion of professional exchanges. For a month my team got twice more LEADs than it was before.
2) In AIESEC I learnt how to manage myself and my time. In December I had tests and classes in university, managed the marketing team, got a transition for Vice-President role. Also I had small trips to another city and managed with personal life. I was a hard month for me, but I managed to combite all of it.
3) Also I consider as an achievement my personal growth. For last year I learnt different spheares in AIESEC (marketing, team-management, product management and plenty of soft skills) and in university projects.
I gained experience in training IT projects in Kharkiv Polytechnic University. The first one was about generating realistic interferance pattern. My role there was in making a technical task, studying working area, writing documentation. And also I adapted and coded algorithmes. In the second project I was in team of Business Analysts. My responsibilities were communication with a customer, professors, making a technical task and a prototype for an application in Figma.

Also I'm a Head of Outgoing Volunteer Exchanges for AIESEC in Kharkiv. AIESEC is an international youth-run volunteering organization. I'm managing a department of 13 people and working in an Executive Board team. Firstly, I analyzed a current state and created strategy. Now I'm adapting the strategy and job description for war realities.

Now I want to unite my technical background from university and my managerial practical experience from AIESEC in IT. I believe Business Analyst or Project Manager Position will help me in it.
"
12143,"Analysis of requirements, User cases,Data flow diagrams 
-System analyses, Entity relationship diagrams
Business analysis of apps market and Apple Wallet service for Android, WindowsPhone, 	Taking part at the strategic decision for creating own service, assistance in the sales process
5 years of work experience at the Institute. experience in conducting detailed analysis in the domain of e-services. The ability to make a qualitative description and goal setting
Research and Development in “E-government”, “E-citizen”, “E-democracy”
Framework author “E-vote” with the cooperation of Bank “PrivatBank” and local government, interaction G2B4C among government, business and citizens
CRM systems
About 20 scientific articles about e-government
BABOK, 
PMBOK, 
Agile, 
Scrum, 
MantisBT, Redmine
DFD diagrams, ERD diagrams
MS Project manager
CRM (AMO, ZOHO)
Professional writing  of scientific articles, guides, handbooks
French- Advanced, Bulgarian -read and verbal
possibilities for full use of my skills
interesting challenges
Career ladder
possibilities for full use of my skills
professional trainings organised by company"
12149,"Became the key employee on big project.
Complitly and successfully implemented the big and complex system in 4 large companies.
Over 15 years in IT. Mostly in Insurance and Investment Banking domains.
Leading and managing abilities.
Ability to work to rigorous deadlines and stay within quoted budgets. 
Ability to understand customer needs and prioritize them.
Attention to detail & ability to work in a pressurized time sensitive environment. 
Able to write comprehensive and detailed requirements. 
Developer background. 
Understanding software development life-cycle.
Knowledge of the Insurance and Investment Banking subject areas.
Looking for Managing / Product Owner / BA Lead position in software company."
12161,"
I have successfully completed The Educational Program at Business Analysis Laboratory 
- Self-organization and time management skills;
- Practical experience in writing business, functional and non-fictional requirements
- Strong written, verbal and interpersonal communication skills;
- Negotiation, presentation and facilitation skills;
- Knowledge of theoretical and practical aspects of Business Analysis;
- Experience in creating BPMN and wireframes
"
12252,"Took part in development 30+ web projects and several mobile applications.
Only 3 months after launch, 2 projects paid off completely.
Took part in creation from scratch High-Load Big Data sports analytics system and mobile apps. Websites are now working all over the world under 100+ domains.
Took part in creation from scratch first AR/VR E-commerce marketplace for Persian Gulf Countries.
Occupied positions: Project Manager, Business analyst, Product Manager

Experience with: 
• Development websites, web apps, mobile apps, AR/VR apps
• Stock Markets, Equities, Trading platforms
• High-load e-commerce marketplace, e-commerce platforms
• Gambling. Sports betting, sports analytics

Position on the previous project - PM / BA
Teams. 5 separate teams: Back-end, Front-end, Mobile app, Design and QA consisting of 6 backend developers, 4 frontend developers, 4 mobile developers (iOS/Android), 2 designers, 4 QA engineers, 1 DevOps engineer, 1 Technical Writer

Technology stack: 
Backend: Microservices Architecture, Kubernetes, PHP Symfony, API, GraphQL, PostgreSQL DB, Redis, RabbitMQ, ElasticSearch
Frontend: React.js, Redux, React-Router, NPM, Webpack3
Mobile app.: Kotlin, Swift, Augmented & Virtual Reality (AR/VR)
Big challenging project, Career growth, Results-oriented team."
12408,"Successful launch of a telecom project for a state US customer.
Enhanced on a new platform Ecommerce solution.
Developed and enriched Treasury management system Solution in the Currencies & Cash Management for large corporates and SME.
Participation in the development of new banking software (Treasury module)
Implementation of the information system of financial estimation of CIS banks
More than 12 years of experience in Banking and Finance area including more than 5 years of business analysis and more than 2 years in project management.
Project management, Business Analysis, Financial Analysis, Risk-management, Banking, Insurance, Treasury and Cash management systems, Ecommerce, Telecom expense management. Advanced English and French. Excellent presentation and communication skills.
IREB Certificate for Requirements Engineering Foundation Level (2018, No 18-CPREFL-137936-20).
SQL, VBA, Jira, Confluence, ServiceNow, TFS, SAP Hybris, TeamWork, Ms Project
Modeling tools (Ms Visio, Balsamiq, Draw io)
Challenging and interesting projects using modern technologies"
12409,"- Years of experience with variety of projects and customers;
- International experience;
- Advanced English;
- Communication/negotiation/presentation skills.
Attentive to details PM/BA with business analysis background with both practical and theoretical knowledge. Who has expertise in managing a team from 6 to 40 people. Who is involved in different types of SDLC methodologies: Agile, SCRUM, KANBAN. Who can manage scope of work for a sprint/release. Has practice in processes & functional analysis with high efficiency of description. Who has experience in both starting a project from the scratch and managing running one. Who has practice in creating both project management and requirements documentation. Who is involved in standardizing, optimizing of processes, and procedures of PMO. Has strong problem solving skills. Has high level of negotiation skills: collaboration with different types of customers from Asia, Europe, UK, US. Has advanced level of English – IELTS 6.0. Polish – intermediate. PMP Exam Prep. PMP Credential – in progress.

Current project:
Cryptocurrency platform. Role: PM/BA.
Domains: Enterprise, e-commerce, finance, crypto."
12410,"Experience with creating the architecture of a complicated information system processing real-time financial data, and its development as a product owner

Participated in the creation of a software development department from idea  to a team  of  more  than  30  professionals  developing  software  products  giving  new  strategical opportunities and generating a significant part of the revenue of the mother company
I have an experience of 16 years in finance and software development for financial markets, developed financial software in person and in a professional team as a product owner.

As a business analyst, I identified, structured, and prioritized key business needs, translated them into BRD, product roadmap, and other technical documents, managed product backlog, participated in the development of system architecture and protocols, analyzed external documentation and translated relevant information into project documentation, worked a lot with financial market data and FIX protocol, provided data analysis

As a project manager, I was in charge of cooperation with US vendors, worked on the improvement of business processes, participated in hiring
"
12418,"Please, see my profile on LinkedIn
As a Business Analyst, I can be useful for your project based on my experience and skills in the following: I have expertise in different domains: IT product development & implementation (CRM systems), IT consulting, e-commerce, marketing, telecom, automotive, finance, energy & gas, and agriculture. More than 8 years of experience in IT and business process & solutions consulting. Experience in project management from conceptualization to deployment (SDLC). Interviewing to understand customer insights and translate them to business, stakeholders, and solutions requirements. Management and prioritization of requirements. Preparation of functional and non-functional requirements, decomposition. Modeling of business processes (BPMN, UML diagrams), and prototyping (Moqups, Miro, Balsamiq). 
Expertise in implementation of CRM systems (Creatio, Maxbill), BPM class solutions, MS Office365, document management systems, contact centers, video surveillance, AR (augmented reality), management & security of printing infrastructure to improve sales and service processes for corporate clients, contact centers, document management, and marketing. 
I prefer to use an Agile approach in my work.
Acted as a Module Lead in the enterprise implementation project of the target system Billing&CRM Maxbill for modules: Sales & Retention & Customer Care for B2B clients. Module users: 200, system scale: 1300 users.
I have professional skills and 12 years of practical experience in sales & services, including successful management experience in 3 teams from different regions with a total of up to 45 people. 
I have good organizational and management skills. Team player. Able to make decisions independently and take responsibility. Ambitious and creative. I build individual approaches to determining the motivation of each team member and creating a positive microclimate in the team.
Looking for the position of Business analyst | Product | Project manager | CRM | Business process transformation (IT, customer service, fintech) | Head of Customer Care.
I don't accept offers: Sales Manager."
12422,"Project Management Institue
Certified Associate in Project Management (CAPM)

Northeastern University
Master of Science in Project Management, concentrated on Project Business Analysis, GPA of 3.76/4

Academy of Public Administration
Bachelor of International Relations
PrintInk. Baku, Azerbaijan Junior Project Coordinator May 2023 – Present
 Effectively coordinated and monitored project budgets of $80,000-$150,000 identifying and reporting any variances to the
administration Developed, organized, and managed diverse project resources such as material, equipment, and personnel within a 10-15 people
team
Revised and maintained project schedules and timelines for the team members ensuring tasks and goals were delivered within the set deadlines and carried out quality assurance testing by constantly assessing and checking new products and verifying that they met quality standards.
LOCATION SCOUT TRAINING PROGRAM DEVELOPMENT — Boston, USA 

•Wrote SMART business requirements for the program plan and defined in and out-of-scope elements, project assumptions, and constraints to clear the ambiguity up to 60% within 8 people project planning team

•Prepared and prioritized project deliverables and submitted project scope, cost, and schedule baseline statements to the sponsor within the first 4 weeks

•Prepared contingency reserve policy, communication plan, risk management matrix, quality management plan, and change control policy which aggregated in a single 20-page document with more than 5 tables and 2 sets of matrix


MBTA TRANSPORTATION APP DEVELOPMENT — Boston, USA

•Developed project plan, project activities, resources, budget, and schedule, and assigned tasks among 11 team members

•Planned and executed risk management by using 2 different techniques (qualitative and quantitative) and 3 different contingency plans for each risk

GLOBE LIFE LIBERTY NATIONAL DIVISION
November 2022 - February 2023, West Covina, CA, USA

Insurance Business Analyst
• Established productive working relationships with clients and engaged in building 15-minute rapport

• Determined clients’ particular needs and financial situations by scheduling fact-finding appointments and determining the extent of present coverage and investments with 20-minute-long presentations

• Ascertained clients’ long-term goals by offering more than 10 different plans and supplemental benefits
"
12435,"
4 years of experience as Procurement Manager

Key responsibilities:
Control of warehouse balances
Analysis and forecasting of sales
Procurement planning, placing orders for suppliers
Control of the execution of orders
Handling complaints and returns
Negotiation with suppliers
Partially - transport logistics

Professional Development
Online course «Data analysis and statistical inference in R language» (November 2016)
Prometheus.org.ua. 
Certificate: https://courses.prometheus.org.ua:18090/downloads/b2da79bd1b5449a6a2a6a0430dec98ce/Certificate.pdf 

Education - HR Managment (Master’s Degree, diploma with distinction. 3rd place in the All-Ukrainian Olympiad in the speciality)
"
12436,"Project role: Project Coordinator - Delivery of the project for national Canadian corporation;
Project role: BA Lead - building BA processes, creating communication plans with customer and with dev team, coordination of work of the cross loccated team.
•	Business Analysis: Requirements Elicitation and gathering: Capability Gaps assessment, Conducting Elaboration Phase, Conducting Requirements Gathering Workshops, Working onsite with customer;Requirements Management: Requirements prioritization
•	General: Management: Management;
•	Human Resource: Coaching, Events, Trainings;
"
12437,"more than 15 successful projects in different areas of business
methodology, design, development, implementation financial management systems
interesting challenges, development in English skills"
12447,"1. UK real estate startup - we delivered the MVP that brought them solid investments from Google. Agile tools made it pretty easy, after a couple of failed demos.
2. UK insurance startup - managed the delivery of features for various customers. The features varied, the timeframes were harsh, the team was the same. Priority management rules :)
3. I helped BD managers win projects during the presale stage. I like to meet new ideas and turn them into new projects.
I also used to do upselling when needed. 
4. Three positive reviews on Clutch for the projects I managed. Happy clients are open to help in this simple matter.
5. I used to manage a DevOps production support team (800+ environments), heading a beautiful firefighter team. During my work on a project, we improved the response rate, quality, and variety of support services.
1. SaaS solutions for real estate and insurance startups from the UK
2. E-commerce (CMS) - Shopify, Magento 1/2, a bit of WP
3. Mobile development (iOS, Android) - VR games, iOS healthcare app
4. Tech support team (Cloud DevOps)
5. AI-based solution

BA experience - created specs & Figma mockups for some of the projects.
1. I'm interested in working with SaaS or mobile solutions
2. I prefer to work with English-speaking customers only"
12448,"I'm proud of the next achievements:
- built a team, from scratch, for an absolutely innovative project. Scheduled features were delivered in time by 96% during 2 years of development (stats from Jira reports).
- created design, based on my mockups for several projects, was successful and customers love them today (stats from customer surveys).
- relaunched an old and complicated billing system interface for the audience with more than 100k users without frustration and inconveniences for all of them.
- mockups and requirements for the biggest petroleum company in Ukraine was successful. The project is launched in Ukraine.
5 years of experience working as a Business Analyst and 2 years as a Project Manager. When you need a specialist to cover business analysis for your project, but you are not ready to hire for a full-time job, then this is me who can be an effective teamplayer.

Starting from just a stakeholders idea, I was responsible for:
- developing mock-ups and prototypes;
- creating specifications from the business perspective;
- creating roadmaps and building issues structure with Epics, User Stories;
- requirement management;
- developing user guides, FAQs;
- managing project development life-cycle;

My experience covers a lot of domains of business. The main list of them, but not exceptional, are:
- Online service;
- E-commerce;
- Manufacturing;
- CRM/ERP;
- Education;
- Automotive.

I was responsible for:
- Collecting requirements;
- Building interactive mockups of the user interfaces;
- Writing specifications;
- Analyzing market and competitors;
I'd prefer companies with an informal environment where everybody has a vote that will be heard.

I'm open to part-time or one-time projects."
12449,"Business Analysis, Jira, Use cases, User stories, Scrum, Requirements analysis, BPMN, Requirements management, Balsamiq Mockups, User Story, Agile
‒ Agile project management of multiple projects
‒ Full life cycle delivery management
‒ People and Team management
‒ Requirement gathering and analysis
‒ Conflicts management
‒ Budget control and reporting
‒ Establishing requirements elicitation / approval / change
processes
‒ Establishing software delivery processes in terms of team
collaboration (Dev / QA / BA)
‒ Produce required project documentation (i.e. Vision and Scope
Definition, Software Requirement Specifications)
‒ Monitor requirements implementation and conduct solution
acceptance
‒ Creation of workflow diagrams/charts/presentations
- Writing user stories, Customer journey map via Figma
I'm looking for a job, where I will be able to use my best skills."
12450,"
Analyst with 7 years of experience in implementation consultant, business analyst and project manager. Highly experienced in the development and implementation of CRM, ERP, HR core system, automation of the recruitment process, integration of core banking systems.
 More than 7 years of experience in the IT industry
 Take part in projects through the full life cycle
 Negotiations with all stakeholders
 Time management
"
12451,"
Associate Business Analyst / Project Manager (06.2021 - 12.2021)
Business Analyst / Project Manager (12.2021 - till now)

Primary responsibilities: 
Managing different projects, such as migration, apps upgrade, disaster recovery test, on various phases:
- Tracking task performance.
- Creation of project plan (high-level/detailed).
- Facilitating effective communication (e.g., update mails, meeting notes, notifications) with stakeholders of different level (including top management).
- Facilitating and scheduling meetings.
- Performing collection and analysis of requirements, dependencies and risks of the projects.
- Creation of different reports and charts (e.g., update of vulnerabilities, infrastructure project status, test result).


Junior Software Engineer (11.2020 - 06.2021)

Primary responsibilities: 
- Facilitating communication with clients from all over the world.
- Performing collection of requirements.
- Resolution of tickets connected with: relationship databases, CRM system.
- Tickets verification and assignment to the resolver groups.
- CRM system updates testing.
"
12452,"
-	collection and discussion of requirements to the project with a customer;
-	planning of project;
-	drafting of document (commercial suggestion,  functionals specifications, technical requirement, description of BP);
-	production and distribution of tasks;
-	control of terms of implementation of tasks on a project;
-	coordination of works on a project;
-	leadthrough of  scrum-meetings;
-	regular communication with the customer;
-	management a few projects simultaneously;
-	handing over of projects in time;
-	development of project.
Сложные задачи. Неформальная обстановка. Адекватный менеджмент. Профессиональный рост."
12453,"Projects completed on time and with high quality, compliance with deadlines and budget, satisfied customers. 

For instance: 

- While working at Vintage: timely releases and customer support (Oshadbank, Totis etc). 

- While working at the Arbitration team: process building, a profit of $ 90-160 thousand and more/ monthly.

- While working at Sales Doubler: urgent development of the landing and preparation of promo materials for the Financial Storm 3.0 contest with a budget of 3,000,000 UAH - in two weeks. 

- While working on the website for the ""Zhansaya"" sanatorium in Kazakhstan:
- 412 applications and calls in 22 business days
- $ 0.3 value of a potential client (it was 2017)
- 4% conversion from visitor to conversion from website
- CRM-system implementation
CURRENT JOB
My current job: is a business analyst in fintech company (crypto) for 9 months. Duties: analysis and requirements gathering; liaising between the IT department, designers, stakeholders; writing and actualization of technical specifications. 

EXPERIENCE
My common experience as PM (and partly BA) more than 7 years: in traffic arbitrage and website development. I was working in different business spheres: fintech, health and beauty, gambling, goods, tourism, manufacture, consulting, etc. Managed projects from start to finish and supported current projects. 

SKILLS
UX/UI understanding, gathering requirements, communication with stakeholders, pre-design studies, UX prototyping, creating specifications and project documentation. I understand the philosophy of Agile, have worked with Scrum and have implemented the elements of Kanban and Scrum in the working process.

I can manage a few projects at the same time. Likewise, I am able to organize myself, the process, the team. Can make decisions and take responsibility for them. Flexible in communication. Client-oriented. 

TOOLS
I have worked with JIRA, Confluence, Trello, YouTrack, Monday, Bitrix, Redmine, Trello, Balsamik, Moqups, Draw.io, Figma etc.

GOALS
I am looking for a job of BA or a job at the intersection of PM / BA. My motivation is to work with interesting and useful products for users and grow my expertise.
"
12454,"I have successfully completed BA courses and am ready to get started. 
As PM at ArtHome startup I've managed a scrum team, created and monitoring the Gantt diagram, communicated with our partners. 

During the period of work at Noosphere there was an opportunity to learn various techniques for finding information.  Compiled reviews on individuals, companies. 

At the Bartolomeo resort I was responsible for the audit of the complex.  During the period of work on the project, I increased the result of staff training from 52% to 93%.

I also worked as an analyst on the global fertilizer market.  Communicated with market players, exchanged information, prepared analytical reports.
Employment History
June 2019 to January 2020 – Project Manager at ArtHome, Dnipro/Ukraine
 Preparation of a review of a company, person, vertical analysis
 Creating a site using Tilda filling the site with content.
 Planning and monitoring the project
 Managing project risks, including the development of contingency plans
 Monitoring overall progress and use of resources, initiating corrective action where necessary
 identifying and obtaining support and advice required for the management, planning and control of the project
 Conducting a project evaluation review to assess how well the project was managed
 Preparing any follow-on action recommendations
 Develop and maintain an agreed project plan and detailed stage plans
 Build and sustain effective communications with other roles involved in the project
 Controlling time management
 Cost estimating and developing the budget
 Conclusion of cooperation with Ukrainian artists;
 Representing the interests of the company to interior designers;
 Social networking;
 Supporting relationships with partners.
April 2019 to July 2019 - Researcher (Commercial Intelligence) at Noosphere, Dnipro/Ukraine
 Carrying out vertical research and full niches reviews for future customer product release in the
market;
 Country-specific features analysis;
 Uncovering hidden links and relations between people and businesses;
 Search for information about IT companies, entrepreneurs and events through open source
         
intelligence;
 Venture capital deals analysis for vertical trends identification.
 Preparation of a review of a company, person, vertical analysis.
 Identifying the weaknesses of the company:
- court cases;
- change in staff: recruitment, reduction, care managers;
- public statements: a comparison of promises andfacts;
- changes in the business model;
- Relations with the sanction countries: Russia, North Korea, Iran;
- the nature of financing: purchase, takeover, credit, receiving investments; - plagiarism.
 Identification of human weaknesses:
- hobby and hobbies, bad habits, tastes;
- sexual preferences, divorce, adultery;
- views: racism, chauvinism, religion, politics;
- 1 and 2 social circles: family and business connections;
- corruption, sources of income, assets;
- public statements, comments on the forums, photos in social. networks and inconsistency to what happened later;
- health status;
- biography and childhood
I am looking for a job where I will have a career opportunity.  I have well-developed analytical skills, I can work and analyze large amounts of information.  Also, I have well developed communication skills, I can defend my point of view.  During the period of work on the project, I learned to find an approach to people, to control the implementation of tasks.  I am ready to learn new things, develop language skills."
12455,"Experienced on fintech and logistics domain
Experience
FinTech - 3+ years of experience 

Account project manager
Oct 2019 - 2 years
Lead account project manager
1,5 year 
0,5 year

 IT   
Responsibilities :
 
Onboarding (integration) of new clients to the platform (defining a launch plan, demo, consulting on API dock);
Analyze the customer needs and consult on the sales stage;
Managing a client tasks backlog (analysis, description, timing, control of implementation, testing, delivery);
Analysis of API documentation (compare with client needs, test some requests on Postman);
Identification of customer feature requests and creating tasks for the dev team (identify business requirements, technical requirements );
Task management (Jira);
Process description (BPMN ,Confluence)

Project Manager
Jun 2017 - October 2019 
      UVK Ukraine
 Transport & Logistics    
Accomplishments:
• Increase in profitability from the turnover of containers (on average from 0 to 40%);
• automation of accounting;
• reduction of losses
Responsibilities:
• introduction of the client to the course on the service provided, conducting reconciliations on containers with customers (about 40 clients);
• Reconciliations with regional offices (in 23 regions);
• writing technical specifications to developers, monitoring the timing of their implementation, testing;
• preparation of regulatory documents (work instructions).
• fulfillment of KPI indicators.
No sales positions"
12456,"Support of existing projects; start of one new project with the team (realized CRM and ERP for logistics company); increasing sales plan for the company; solved inner problems with the help of IT solutions.
- Experience in data analysis, evaluation, and planning;
- Experience with budget planning and analysis;
- Create user stories and communicate backlog priorities to the team;
- Work closely with business and other key stockholders to gather and understand technical problems to identify solutions;
- Act as the key decision-maker regarding what features the product will have;
-Submitting reports to the relevant department heads and management;
- Oversee the project team;
- Control project risks;
- Time and scope management.
I expect transparency in project management, budgeting, and any potential issues. The team should be informed about project progress, challenges, and any changes that may arise. The team should have clear tasks, ethical behavior, and a commitment to delivering value. I would be happy to work in a project for NGO."
12457,"
For about 10 years of experience in business analysis, I had the opportunity to work on building solutions of different sizes, complexity, and purpose.
I started my career as a QA engineer (4 years), so I deeply understand SDLC. I can quickly identify the needs of the client and his market and offer the best solution within these needs together with architecture drivers.
I have experience combining the role of BA with the role of the Project Manager (1 year).  My typical tasks were: Development of the product concept, planning of architecture together with technical experts, training of users, system deployment.

After that, I moved to work on pre-sale as an Engagement Manager and prepared the initial proposal, and full scope analyzes, so worked as a universal soldier. 

During my career were also serious failures such as starting my own business. It is a valuable experience of constructing processes by yourself and deep understanding of the sales process.

I'm currently looking for new challenges where I could help clients build their success.
"
12458,"
- Gathering requirements from stakeholders;
- Writing and determining forward user stories and use cases;
- Create roadmap, user flow for SaaS platform and describe    permission structure from zero;
- Close cooperation with the designer changing UX;
- Manage the Product and Sprint Backlogs;
- Conducting daily, grooming and retrospective meetings;
- Decomposition user stories into tasks, prioritizing it;
- Describe specification of data delivery from the data science department to the backend;
- Support the product documentation.
"
12459,"Managed 16 distinct projects with 3-5 team members. Maintained constant communication with all the clients. Elicited and documented numerous requirements for all the projects that have been working on
Hello,
I'm Alex, Project Manager at Marrix Power. Looking for Business Analysis opportunities. Currently, I'm responsible for almost everything that pertains to Project development beginning from a simple idea. Gathering requirements, shaping the idea into something feasible and ready to be designed with further project planning and development are my main duties.
"
12460,"I've been working as a sales manager, PM and BA.
Managed teams and clients. Sometimes I think my experience is something unique but actually it isn't :)
Hello the potential future colleague,
Hope you're doing well.
If you're reading this I'm pretty sure we can help each other.

ok, let's get to the point. 
I'm working in this field for the last 4 years
The core responsibilities included:
- client nurturing, engagement, and management;
- managing the dev team and stakeholders;
- interactive prototyping and wireframing (MockingBot, Figma);
- BPMN (draw.io, Camunda);
- requirements elicitation and definition;
- preparing user stories and use cases;
- up-saling;
- technical documentation development and validation;
Encountering new challenges and processes is always thrilling.

Anyway, looking for new opportunities and would be glad to hear from you."
12461,"
I bear full responsibility for the projects implementation, ensuring that the customer requirements are fully met within the agreed timelines and budget. In details, I'm accountable for:
•	Analysis of client requirements by eliciting, elaborating and documenting business and functional requirements in user stories, main and alternative flow diagrams, including block diagrams in Visio, wireframes; 
•	Collaboration with Developers, Engineers and QA when discussing the solution architecture, estimation, acceptance criteria to ensure that the team understands what the client should get in result; prototyping solutions and presentation to the clients and the team; 
•	Management of client requirements (new requests, change requests) in Confluence, getting approvals from the clients regarding the scope and estimations.  
•	Scope planning for sprints in Jira by prioritizing the tasks; participating in sprint planning, retrospective to ensure that the tasks are processed according agreed priorities and timelines;
•	Following up and reporting the progress;
•	Creating use cases / test scenario; review test results together with QA; test custom solutions prior to the deployment; 
•	Presentation solutions to the client; helping client with the UAT to ensure customer satisfaction and acceptance.
"
12462,"Provide the ideas for technical solutions which save up to 90% of the firstly estimated time.
No afraid to disagree with the Top Managers about the not the best solutions proposed by them and have the opinion with successful defense :)
Minimize the manual work related to the company's bureaucracy related to technical documentation writing.
I  have an opportunity to work as a system analyst on an application that serves as a template for app creation, server management, and front-end (FE) libraries. The libraries are designed to facilitate easy integration with other applications through an API and utilize all the provided features for those applications

Here's a breakdown of the tasks:

- Writing BRD, SRS, API SPEC, and User Guides,
- Designing of DB structures,
- Estimation of Backlog Requests
- Conduct Demo meetings of done work
- Conduct the Retro meetings
- API testing, Manual testing, Automative Testing; 
- Writing Smoke Scope, Regression, test cases and test scenarios.
- Writing Release notes, and Delivery Protocols
- Handling team lead (TL) responsibilities in the absence of the TL
"
12463,"
LPNU:
3 course BA projects which include works such as
- (defining problem (analysis provided), suggesting a solution(prototyping, persona etc), developing solution(use case diagrams)
- analysis of AS state of a company, working out ""TO BE"" state
- requirement elicitation technics 
- machine learning 

novomind (Germany) (as Java developer intern (3 months)) :
- developing a solution (small cases)
- working in an Agile team 
- communication in English
"
12464,"-Taking part in creation of software, business model and procedures for a new type delivery service  from scratch.
-Making own business of selling products in US.
*PM/BA  (1 year experience): 
-Managing lifecycle processes of multiple projects;
-Gathering and analysis of requirements using documents, interview, workflow, business model and requirements review sessions;
-Maintaining and coordinating of development process according to methodologies, Scrum master role;
-Progress tracking, risks monitoring and change management using instruments such as backlog grooming, velocity chart, Gantt chart, retrospective meetings etc.;
-Transforming stakeholder requirements into user stories, use cases, visual models, FRS, SRS etc.;
-Facilitating communication between multiple stakeholders;
-Composing of technical standard for development processes.

*Business Owner (5 years experience):
-Selling products on USA market with producing them in China;
-Executing day-to-day operations of online shop including customer support, procurement, promotions and logistic;
-Negotiation with suppliers and contractors;
-Constant adaptation to ever-changing market environment.

*Efficiency Manager (1,5 years experience):
-Re-engineering of business process using scope, business rules, existing practices and 
alternatives;
-Designing of a new functionality for internal ERP system;
-Designing and implementing of a routing system for Sales Departments;
-Writing of a Technical Tasks for development team;
-Teaching of employees during change integration process.
Grow and Develop"
12465,"
Proactive and skilled Business Analyst / Project Manager with 6+ years of commercial experience in different domains. A highly motivated and disciplined person, with good technical and excellent communication and organizational skills, focused on the results and goals of the company.

2+ years of experience in IT outsourcing
2 years of experience in project management 
5 years of experience in ERP/CRM systems
6 years of experience in retail
2 years of experience in healthcare
2 years of experience in sales and marketing
"
12466,"
Skils:
- Strong analytical skills, ability to analyze complex problems 
- Project management
- Statistics and data analysis
- Business processes optimisation and business modelling
- Excellent communication and presentation
- Ability to work both solo or in a team and manage multiple engagements  Negotiation and conflict solving
- Learning and teaching
- Confident PC user, Advanced in Excel, PowerPoint
- English, Russian — fluent; Ukrainian — native language; German — basic

Experience:
- Development of ToRs and technical requirements
- Development and implementation of data processing
- Verification and compilation of data
- Development of specifications for the construction and equipment

- Researches and analytics, creation of analytical reports
- Functional and effectiveness analysis
- Identification, analysis and interpretation of trends and patterns in the data 
- Description and optimization of business processes
- Analysis of best practices and international experience of central purchasing bodies
- Development of proposals on the strategy of the CPB in Ukraine

- Analysis of public procurement procedures in Ukraine with QlikView & QlikSense BI tools
- Monitoring of e-procurement system, ProZorro (product IT company): compliance, reporting, researches, investigations
- Participation at the development of terms of references, technical tasks to e-procurement system according to Open Contracting Data Standard
- Searching, gathering and processing of catalogues and information
- Communication with BI users, procurers, suppliers, controllers, and other clients
- Participation at public events, conferences and lectures as a speaker, BI expert, participant
- Support at the development of e-procurement risk indicators system 
- Reporting, trend analysis of public procurement procedures for government institutions
"
12467,"
SRS (Use cases, UML), Backlog (User Stories, Acceptance Criteria), UX, Agile Certified Professional (IC Agile), Scrum. 
Technical (basic level):  MySQL, HTML, CSS.
I have previous experience in working as a marketing analyst and marketing coordinator in FMCG, so when I switched to IT I had a client-oriented approach and I knew what business means.
On my current job I am involved both in the pre-sales process and delivery. Basically, besides Business Analyst functions I often partly cover Project Manager functions.

I expect a company with interesting projects and fast-changing environment."
12468,"
Three-year experienced Business Analyst and Project Manager. 
Familiar with the Healthcare domain and specifics of BI tools. Immerse in a projects’ technical details quickly, apply my professional skills to gain project goals, and support the team at any execution stage. 
My experience as soft skills trainer allows me to create a safe, energized atmosphere in a team, and handle conflicts effectively.
"
12469,"
Translating & proofreading reports, presentations, websites from/into English for healthcare/pharmacy market giants, such as Novo Nordisk, Bayer, Parexel, EURORDIS.
Teaching English to students via Zoom platform, various online resources, and Google tools; providing individual educational plans, assessment & evaluation.
"
12470,"
Working on various startups and existing products, helping the founders with validating their product ideas, conducting user research, setting product strategy, managing the design team, etc.
I'm looking for a company where I can partake in challenging multi-platform projects and continually improve my BA skills."
12471,"- successful management of teams up to 15 members
- building processes according to clients' pipelines
- organizing work to avoid overtimes
- solving controversial issues with clients concerning budgets and deadlines
- establishing a comfortable working climate
- under my leadership were created 9 new internet projects and more than 22 projects were improved
Experienced Business Analyst / Project Manager. Skilled in Customer Service, Strategic Planning, User Experience, User Interface, SEO, Event Management, and Public Speaking. Strong program and project management professional.

I have more than 7 years of experience as an IT Project Manager and Business Analyst in various companies – from start-ups with a team of 5-10 people to companies with an 8000 team (more than 800 in IT) and head office outside Ukraine – both in-house and in Digital agencies with a focus from three to 10 different projects at the same time.

I have experience in such fields as education, educational tourism, medical tourism, sailing, tourism, showbiz, e-commerce, fintech.

I worked with both B2C and B2B clients, on the introduction of the product to the Ukrainian and foreign (Arab countries, China, Great Britain, USA) markets.

I manage projects and terms, conduct negotiations, conduct business correspondence, compose commercial offers, write user stories, work with customers, developers, designers, copywriters, advertising specialists, create the design for individual blocks and pages, accept and test tasks, conduct usability tests.
Interacted and set up the work of both the in-house of development team and the remote team.

I have experience with: Agile, SCRUM, Kanban, Jira, Confluence, Asana, CRM, ERP, BPMN, SEO, Email Marketing, VCC, Google Analytics, Hotjar, Power BI, Quality Assurance Guide, Adobe Photoshop, Adobe Illustrator, Adobe InDesign, CMS WordPress, and Drupal; I know the basics of HTML and CSS.

Goal-oriented, efficient, open-minded professional and team player, proficient in project development methodologies.

I’m looking for a full-time job or part-time, I have experience working both in the office and remotely (I think that it doesn't matter where the tasks will be completed, the main thing is the result).
Looking for great opportunities."
12472,"
Hello! I managed web-studio for 9 years and was its founder. During my career, I combined several positions from sales manager to developer. But the main areas that I managed this project management and business analyst. I managed a staff of 5 to 20 employees. My projects were online stores, B2B web applications, billing systems, cryptocurrency exchanges, etc.

Manual testing, B2B, Jira, Mockups, Product management, Product roadmap, Project management, Scrum, User stories, Agile, Analytics, Marketing, Trello, UX \ UI, HTML, MySQL, PHP

Looking for new opportunities as a business analyst or project manager in large IT companie.
"
12473,"
I am a Business Analyst and Project Manager with more than 6 years of experience (non-IT). Participated in more than 50 projects. Managed teams of 2-7 people (budget up to $250,000). Worked according to methodologies Scrum, Kanban, Waterfall. Also I worked as a Product Owner in IT-startup. 

Hard Skills
• Scrum | Kanban | Waterfall
• Lean | BPMN | MS Visio
• Jira | Asana | Trello
• Zoom | MS Teams | Google Meet
• Google Docs | Excel
• SQL and Java (basic level)

Soft Skills
• Leadership skills
• Goal-oriented | proactive
• Project management
• People management
• Analytical thinking
• Business systematization
• Ability to think «outside the box»

English - B1 (Upper-Intermediate)
Currently I am looking for an opportunity to implement my potential and knowledge in a project / company with values close to mine."
12474,"
|November 2019 -  February 2020| - Teacher on the “Software Testing” courses at Quality Assurance Group

Topics:
•	Quality Assurance basics
•	Business Analysis basics

                                            -----
|September 2019 -  February 2020| -  Business Analyst  at QArtrock

Project 1: Corporate Website
Project description: official website of Turkish international trading company
Responsibilities:	
•	Project definition
•	Requirements elicitation
•	Concept creation, system modeling 
•	Requirements analysis
•	Requirements documentation

Project 2: Store Website
Project description: website of electronics store with the possibility of online trading
Responsibilities:	
•	Project definition
•	Requirements elicitation
•	Concept creation, system modeling 
•	Requirements analysis
•	Requirements documentation

                                            -----
|May 2019 – August 2019| -  QA Trainee at Quality Assurance Group

Project 1: Pharmacy Management System 
Project description: web application was developed for apothecaries to manage pharmacy online
Responsibilities:	
•	Requirements analysis
•	Test Design
•	Writing and executing Test Cases
•	Writing Bug reports

Project 2: Online education platform
Project description: program for selecting educational courses. Courses were obtained on the basis of a survey
Responsibilities:
•	Performance Testing in JMeter
•	Database Testing in MySQL
•	API Testing in Postman

Project 3:  Construction online store
Responsibilities:
•	Requirements analysis
•	Writing the Test Plan
•	Test Design
•	Writing and executing Test Cases
•	Writing Bug reports
•	Writing a Test Summary Report

                                            -----
|October 2011 - April 2019| - Scientific Consultant

Diagnostic, improvement and analytical providing for the development and implementation of scientific projects

Topics:
•	Implementation of innovative technologies in educational systems 
•	Psychological maintenance of innovative activity
"
12475,"For more than 3 years I have been working on such projects as jewelry direction, paper packaging production (eco-friendly production) and beauty industry.
   Successful management and implementation of turnkey projects. Building a team ( 5-7 people) from scratch, organizing the workflow of remote teams, technical tasks, communicating with clients, implementation of projects and customer support after.
Decompose tasks to the smallest of elements to build clear project structure.

Experience
1. BA, IWIS LLC | October 2020 – January 2021
2. Project Manager, LLC «Politara» | March 2019 - December 2019
3. Lead analyst, ITek | 2016-2018
4. Implementation specialist of accounting systems, production, and trading processes; system administrator, LLC «Sky» | 2013-2015
5. Edms analyst, SC «Zovnishtorhvydav» | 2012-2013
6. System Administrator, PrJSC«UkrSRINDT» | 2011-2012
7. System Administrator, LLC«PIPING INTEGRATION COMPANY» | 2010-2011


Professional skills
- ERP implementation
- Willingness and ability to change the way of project management approach to meet business needs
- Drafting of technical documentation; collect requirements; user acceptance testing; reporting
- Conflict management
- Technical writing specification; setting tasks; writing user manuals; developing and testing accounting, production management, and process management systems based on 1C 7.7,8.2, 8.3 configurations. Knowledge of configurations of UPP, UTP, UNF, retail, and production. User training and technical support
- Administration of computer systems based on MS Server 2008,2012 and Unix systems; administration of MS SQL databases
- Administration of virtual systems based on VM Ware and VirtualBox

Education
Taras Shevchenko National University of Kyiv
Specialist, 2006-2011
Department of Theoretical and Applied Mechanics

Institute of Postgraduate Education
Master, 2014-2017
Common law

Certificates
MindsetPM
• Big IT Project Management  Program, July 2019, certificate №PM-EDU-20190728-03
• Manipulations Practice and Defence, August 2019, certificate №PM-EDU-20190804-07
Looking for a job where I’ll be able to apply all my potential and knowledge. I want to become an integral part of the team, build a strong team and work together for great results.   
    Having the ability to handle complex assignments effectively & possessing the confidence to work as part of a team or independently.
    Each new goal, I take it as a personal challenge for me."
12476,"
With eight years of experience in the ICT sector, I have had the opportunity to work in various roles, including business analyst, project manager, and business intelligence manager. My journey started as a Business Analyst at Sumaks Technologies, a hardware development startup, where I gained valuable experience in analyzing business needs and identifying opportunities for improvement.
After that, I moved on to work as a Project Manager in the Business Insights International Research Group, where I led a team in evaluating individual and branch KPIs of workers in an insurance company. In this role, I worked closely with stakeholders to define their needs and requirements, managed data collection, data entry and data preprocessing groups, and extracted insights from the study, which I reported back to the insurance company.
My passion for data analysis led me to my next role as a Business Intelligence Manager in Helind company, which focused on developing renewable energy solutions and manufacturing electronic devices related to alternative energy. Here, I leveraged my expertise in business intelligence to improve the company's decision-making process by analyzing and visualizing data. 
Overall, my experience has equipped me with the skills and knowledge necessary to excel in data-driven roles, so I decided to take ""Data Science with Python"" course in which I learned python language, machine learning models, preprocessing methods and so on. After it, I learned SQL for data science, and now, I am challenging my skills and knowledge by solving different kinds of data science tasks. Furthermore, I am still continuing the self-study by learning R language, deep learning algorithms, NLP to broaden my knowledge and skills in this field. By diving into deep of data science area I have broadened my skills and knowledge, so I can easily manage data driven projects as well. I believe that I can contribute significantly to any company, and I am eager to work hard and learn new things in order to develop myself.
I am interested in healthcare, energy, manufacturing, marketing, fintech and retail.
I am only interested in remote jobs."
12477,"
1. Specification, Feature Breakdown Structure, RoadMap, User Stories, Change Requests Log,  Risk Matrix, Sprint Release, SWOT
2. Android, IOS guidelines, UI best practices.
3. Scrum, Kanban, Waterfall, LEAN, RAD
4. Communication plan, Standup, Sprint Planning, Sprint Retrospective.
5. Rest API, Postman.
6. Relational DB, SQL (basic requests), Microsoft SQL Server Management Studio.
7. Excel (pivot tables, basic statistical calculations), Basics of QlikView, QlickSense
8. Axure, NinjaMock.
9. Asana, Redmine, Bitrix24, Trello, Jira.
10. Basics of Google Analytics, Kibana.
11. Python (very beginning).
12. Magento, Wordpress, OpenCart, BPMonline.
13. WayForPay, Bitcoin.
14. Product Management, MVP.
15. Brainstorming, Focus Groups, User Interview
16. Teamwork facilitating, Conflict settlement, Problem solving, 17. Public Speaking, B2B negotiations, Presentation skills.
0 (the  highest priority, ready to rethink all other requirements) - Work with Big Data, AI, AR/VR, games.

1 - Product: interesting, complicated. High workload, new to me technologies.

2 - People-oriented company with progressive perspective, which intend to grow. Company which welcomes initiative, energy, appreciate its team and loves what it does. 

3 - Minimum salary $2200/month, salary review every 12 months"
12478,"- successfull delivery results for Samsung mobile firmware going to factories
- got to implement internal processes and workflow for whole company from development to sales management
- good in preliminary UX and prototyping
Agile, Scrum, Kanban, Project Management, Project planning, budget planning,  wireframes, requirements, use cases, prototyping, Jira, Trello, Axure, MS Project
I'm looking for interesting and challenging project to where I will invest my whole experience for launch and get nice results.
International projects or serious enterprise would be nice.
Startups are welcome.
Pls no e-commerse with Drupal/Magento/etc.."
12479,"
• Business processes description & analysis
• Customer's needs & Requirements elicitation
• Technical documentation creation (User Stories, Use Cases, SRS)
• Requirements management throughout the SDLC
• Act as a team leader (providing guidance and instruction for the team, mentoring, processes creation)
• Project & Team Management, Process improvement, Project Coordination
"
12480,"
Customer Success Project Manager & Business Analyst Revenue Grid
2023-Present

Presale Business Analyst
Soft-Industry Alliance
2022-2023
		BA: Conducted elicitation and completed project documentation.
	BA: Worked with a solutions architect, writing proposals, solutions overviews and value propositions
	BPM: While utilizing BPMN Built, tested, and structured, processes, and tools for Partner Success Management team, interviewed for the position. 
	BPM: Audit of company’s Business Processes. 
	BI: Work on establishment of OKR/KPI base, smart setting and real time management across the org (Excel with Team screens and Dashboards),

Revenue Operations Analyst (PMBA)
OpenText Corporation, Waterloo, Canada
2021–2022
Managed development of CRM and ERP features and supported changes with data. Formed scope, gathered both functional requirements and NFRs. User Story writing. Agile methodologies. Scrum, Waterfall + Kanban. 
	Managed Salesforce releases on CI/CD basis.
	Partnered with internal customers to troubleshoot and solve user issues in Salesforce and SAP.
	Regression testing in ALM, also experienced with building the test cases.
	Developed and maintained customer reports and dashboards for ELT.

Billing Coordinator (Operations Management)
OpenText Corporation, Waterloo, Canada
2018–2021
Supported sales team by reviewing legal, financial, product, and pricing related aspects of each deal submitted via Salesforce. Ensured flawless fulfillment of each deal in SAP ERP working closely with Fulfillment, Customer Support and Renewals Representatives. Set up, Maintained and audited Changepoint engagements and projects
	Directly supported sales organization with any data required, including reports and data sets
	As a part of the Streamline Process Committee sustained continuous improvement in terms of the team's processes.  
	As a Part of SAP Tier 1 group, supported the finance organization for SAP ERP challenges encountered.
	Assisted with finance reconciliations projects (an audit activity).
	Participated in pricing calls,
	Conducted testing activities in ALM (Application Lifecycle Management).
	Documented corporate processes specific to each line of business (SOPs)
•	Provided on-boarding (buddy program as well as global training programs) to junior team members.

Customer Records & Entitlements Associate
Nuance Communications Inc. (Imaging), Waterloo, Canada
2017

Order Fulfillment Clerk
Canadian General Tower, Cambridge, Canada
2016
"
12481,"https://ua.linkedin.com/pub/jane-gurovich/2a/587/a13
I can collect and analyze customers’ requirements and formalize them for development teams; negotiate product delivery terms and conditions; conduct functional testing; create and implement product support procedures; conduct presentations and product awareness sessions; provide first and second level product support.
I could coordinate small or medium sized Dev/QA teams.
I have on hands experience in Agile Methodologies (Scrum) and tools (JIRA, Confluence). Also I have base knowledge and understanding of SQL, HTML, CSS, XML. UNIX-like operating system.
Профессиональный рост. Адекватный менеджмент. Достойная зп."
12482,"My project has some specific. It consists of customizations to the main very large application. Within one day it is possible to switch between 2-4 customizations. It is quite difficult and stressful.
I have been working as a QC Engineer for 6 years. Within this period a lot of work has been connected with functions of Business Analyst and team management, like:
-	thorough analysis of functional requirements with further clarification via Skype, phone meetings or emails;
-	preparation of proposals for the customer based on their expectations;
-	possible product and project risks definition;
-	user guides preparation;
-	last 1.5 years executing functions of QA Leader over QA team consisting of 3-4 team members
My team have been engaged in the customizations of the employee management and timekeeping system. The system consists of a number of modules designed for different purposes: scheduling, timekeeping, vacation and days off management, salary and other payments, personal data, analytics, etc. The final users of the system requested different customizations to some parts or modules of the system. My team analyzed these requests and developed them. 
Approximate amount of customizations done: 40-45
Average duration of customizations: 2 weeks-4 months
Customizations team size: 1-4 team members
As far as my activities have been connected with business analysis and management, I would like to continue improving my skills either in Business analysis or in project management.
I am searching for a remote work for 4-5 hours per day (due to personal reasons) with flexible schedule. Payment is stated for 8-hours work per day.
I would love to improve my skills in business analysis or in project management as I had quite many tasks for just testing. And I definitely don't want customizations any more (like project that consists of 50 separate small projects)."
12483,"I'm an IT specialist with over 10 years of experience in IT industry with expertise in Software (system) maintenance and Support (5 years), software аnalysis (4 years) also project management (1 year). My core strengths include, but are not limited to the following: business awareness and understanding business value, projects coordination, system migrations/integrations, incident and problem management, SQL, SDLC, Jira, Agile, Scrum, Waterfall, focus on results, self-motivation and team motivation, team player, sense of humor, positive thinking.
I have been working as Business Analyst in IT past 4 years. I have experience in such domains: Ecommerce, Logistik, Finance (Banks, worked over 9 years in this field)
Skills:
SQL, communications with clients and team on the requirements, analytic thinking, understanding SDLC, Data Analysis, Atlassian Jira, Confluence, Visio, Balsamiq, Firebase, MS Office, MS SQL Server, Sybase SQL Anywhere, XML, JSON. 
Writing project requirement documentation (PRD, SRS, API specification, A/B testing specification), create any type of diagram (UML, BPMN)
Responsibility as a Business analyst:
* Communicate with stakeholders to understand, collect and analyze the requirements;
* Analysis of concurrent for the purpose of further product improvement
* Creation of various diagrams (BPMN, UML) for a schematic representation of business processes and logic describing future functionality
* Translate business requirements into technical specifications;
* Writing software specifications, instructions, user stories, use-case, API specification, products metrics specification, A/B testing specification, how-to guidelines;
* Implementing a specification template;
* Participating in daily scrum meetings, sprint meetings and retrospective meetings;
* Mediating between business and technical teams;
Experience:
- Business Analyst:
   Epicentr M
      Oct 2020 - present time (4 months)
   Scallium
      Dec 2019 - Oct 2020 (11 months)
   NullGravity
      Sep 2018 - Dec 2019 (1 year 4 months)
   Coreteca
      Aug 2017 - Sep 2018 (1 year 2 month)
- Senior Software Analyst (PM):
  OJS Company ""Universal Bank"" 
      Jun 2013 - Aug 2017 (4 years 3 months)
- Senior Engineer
  Intesa Sanpaolo Group Ukraine (Pravex Bank)
      Jul 2011 - May 2013 (1 year 11 months)
- System administrator
  BMS SERVICE 
      Feb 2011 - Jul 2011 (6 months)
- Lead Software Engineer
   Prominvestbank / Проминвестбанк
      Sep 2007 - Dec 2010 (3 years 4 months)
- Engineer - programmer 
  Nikolaev petroleum
      May 2007 - Aug 2007 (4 months)
- Engineer
  Information Technology. Services & solutions
      Nov 2006 - May 2007 (7 months)
"
12484,"
I have gathered requirements for initiation of the projects (areas public health, M&E and etc.), studied and analyzed business processes within companies (Synergy International Systems, IDeA foundation), and provided recommendations for their improvement. In collaboration with IT Specialists through the MS SharePoint tool, two internal portals were created for both companies, which are currently widely used. I prepared project plans (MS Project), risk management plans, communication plans, budgets for various projects. I have always been acted as a focal point for project status reporting.
"
12485,"SKILLS
- Experience in project management
- Setting tasks according to smart
- Development of a technical description of the project, concepts
Determine the business requirements of the customer and
develop optimal solutions
- Work experience of a business analyst more than 7 years
- Experience in the implementation of automated control systems
- Creation of test plans, test cases, design and execution of
tests, compilation of bug-reports
- Understanding of the process of development of project
documentation (Усе Cases, Business Rules, Functional & NonFunctional Specification)
- Analysis and optimization of business processes
- Experience in managing requirements changes
- Good communication and negotiation skills.
Jira
SQL (basic)
HTML/CSS (basic)
1С
Microsoft Office (Word, Excel, Outlook, PowerPoint)
I'm looking for an opportunity to use the experience for IT at the position of Project manager, business analyst. 
I have more than 12 years of experience in positions of Project manager, business analyst, marketing analyst, analyst, business process analyst in related fields. Higher education in management and project management (Graduated with honors) + QA Manual."
12486,"
My skills highlight revolutionary solutions to problems and cutting-edge technologies. More than 9 years of experience in implementing IT and transformation projects in the following domains: retail, mining engineering, energy industry and auctions for the sale of state property as part of government reforms. Experienced in modeling and analysis of processes, conducting interviews and workshops and documenting requirements with use cases and user stories. Ability to engage professionally with stakeholders using leadership and influencing skills.
Seeking a Business Analyst or Project Manager position in the company with a service or product that provides a meaningful benefit to people - either a significant impact for a few people or a small benefit for a large number of people. I am also attracted to the combination of revolutionary problem solutions and ""cut of the edge"" technologies."
12487,"I've got experience in the position as a BA and PM working in a product company. Managing the development of an online platform for analyzing satellite imagery focused on the international market.
And another I had been working 8 years as engineer and head of group, in the field of spacecraft design. I took part in the development and promotion of promising projects.
- Requirements elicitation, analysis, detailed requirements design;
- Creating use case, user stories and acceptance criteria;
- Requirements management, SRS, backlog tracking and story task description definition experience;
- Analysis of the product, finding the weak and strong sides;
- Market research of the product;
- Conducting competitor analysis;
- Support product documentation.
At the moment, I am looking for a Business Analyst position that would allow me to grow professionally and personally. Working in a progressive and friendly team."
12488,"Launched web application for IT Career planning from the ground up, validated dozens of ideas using interviews and saved million dollars for FinTech startup. Optimized internal processes of B2C company and created a new revenue stream
Senior Business Analyst with 7+ years of in B2C software development of websites and iOS/Android with over 10 years in IT. Launched web application for IT Career planning from the ground up, validated dozens of ideas using interviews and saved millions of dollars for FinTech startup. Optimized internal processes of B2C company and created a new revenue stream. Proficient in requirements gathering methodologies 
I would like to work remotely from my US location with the ability to travel in the USA and Canada as needed.
Located in the USA(TX) and currently seeking a remote position with the USA or Canada client.
I would like to work remotely from my US location with the ability to travel to client's office as often as needed."
12489,"
Senior Business Consultant in EY, Ukraine. Hardworking and disciplined professional with 4-years of experience in business processes optimization, financial, and operational analysis. Key areas of expertise:
- Business Process Modeling in EPC and BPMN notations (MS Visio, ARIS)
- IT Strategy Development
- Data analysis and modeling (advanced MS Excel, MS PowerQuery, and MS Power BI user)
- Development of management reporting
- Review and design of the organizational structure and KPI framework
- Drafting methodologies and operational regulations
- Presentation design (MS PowerPoint)
- Project management 
- Team leadership
"
12490,"Leading the new project - internal standards of global company introduction for Craft Brewery (Prague) ; Implementation and establishment of processes in a new international company;
Solid experience in professional expertise of company's internal quality control; good experience in establishing processes after merge international companies (process description, as-is and to-be business process, automation) ; experience in introduction of a new company for observance of company standards and global policies; rich experience in implementation of business requirements into departments; Solid expert in automation and standardization process (reports); understanding of software development lifecycle; defining business needs, goals, opportunities, analysis, providing possible best solutions; UML&BPMN basic business processes modeling; courses of ""Business Analyst"" Hillel.
Courses of Project Management, courses of Public Speaking.
Interesting projects;  long-term employment; competitive compensation; professional development; bonuses; improved wellness and priductivity; fully equipped workplace; positive culture; flexible working schedule; business trips."
12491,"For the last year:
1) CRM/ERP project implementation;
2) Sales app.

For the last 4 years:
5 awards, Including Agile implementation for 3 teams in one of the Fortune 500 companies.
7+ years of experience as a business analyst and project management with the domain knowledge in: fintech,data manipulation, processing, reporting, QA, CRM/ERP, software development and testing principles.


Solid understanding of:
SCRUM (certified), Software Development Life Cycle (SDLC) processes and methodologies/frameworks (e.g. agile, Waterfall, LeSS, interactive, etc.), Jira, Visio, Cofluence, Aha, Hygger, etc.

Professional experience in:
Technology evaluation, assessment and roadmap development.

Foreign languages:
English, Spanish.
- good reputation;
- challenging environment;
- career progress/development."
12492,"
DATES - July 2020 – present time
POSITION - Business Analyst/Project Manager
COMPANY -WePlay Esports
KIND OF ACTIVITY - Development 


DATES - July 2020 – January  2021
POSITION - Associate Product Manager
COMPANY -WePlay Esports
KIND OF ACTIVITY - Development 

DATES - April 2020 – June 2020
POSITION - Business Analyst Team Lead
COMPANY - E-consulting
KIND OF ACTIVITY - Development of CRM systems

DATES - July 2019 – June 2020
POSITION - Business Analyst
DUTIES:/t
- Documentation (terms of reference, manual, test cases)
- BPMN
- UML
- User story
- ERD
- Testing of the developed functional
- Consultation of programmers during product development 
COMPANY - E-consulting
KIND OF ACTIVITY - Development of CRM systems


DATES - September 2017 - June 2019 
POSITION  - Advertising Manager
DUTIES:
- Setup and launch advertising campaigns
- Control advertising campaigns
- Forecasting volumes for future campaigns
- Analysis of advertising campaigns
- Preparation and submission of report 
COMPANY  - Megogo
KIND OF ACTIVITY - OTT/VOD video service
 

DATES - December 2016 - August 2017
POSITION - office manager
COMPANY - Megogo
KIND OF ACTIVITY - OTT/VOD video service


DATES - February 2016 - December 2016
POSITION - SMM Manager
COMPANY - Social Media Marketing
KIND OF ACTIVITY - Digital agency

DATES - 2011-2016
POSITION  - Tutor of mathematics and physics
"
12493,"Business model development
Business process analytics
SRS documentation
Business development & marketing
People management & education
Content management
* SDLC (Agile/Scrum/Kanban) methodology;
* Business process modelling (BPMN, UML);
* SRS documentation;
* Experience with Jira, Confluence;
* Drafting functional / business / system requirement specifications;
* Problem-Solving;
* Analytical Thinking;
* Strong Communication Skills.
"
12494,"
A person with almost three years of total experience in an IT sphere. Excellence in written and spoken English. Strong communication, analytical skills. I started my career from technical support, communicated with people from different parts of the world. In my current position, I took part in the creation of a new department within the company, helped to establish many processes from scratch(documents' creation, establishing communication with other departments). I analyzed current processes and tried to find ways of improvement. Successfully completed BA courses, where I got a better understanding of SDLC, Requirements management, User stories/Use cases creation, Roadmaps, Vision&Scope documents, Risk management. Got a basic understanding of BPMN, UML diagrams.
A friendly, positive environment with open-minded people.
Regular feedbacks based on my achievements."
12495,"Domains: pharmacy and healthcare, e-commerce, marketing automation, FMCG, photography and video production, social networking, sports management, etc.
Business Analyst/Project manager
1) (Electronic prescriptions issuing and receiving mobile application
Medical Information System (MIS) web service)
Responsibilities:
- Elicit business requirements using interviews, document analysis, requirements workshops, surveys, site visits, business process descriptions, use cases, scenarios, business analysis, task and workflow analysis
- Conduct initial brainstorming and elicitation sessions with clients/integrators/government/doctors/patients
- Market, competitors, and target audience research, definition of competitive advantages, of a design system concept, user portrait, user flow diagram, and customer expectations for cost, volume and time
- Analysis of technical documentation of the eHealth IT system and implementation of requirements for designers and developers, prototyping of mobile/web versions of the product
- Drafting contracts, issuing invoices
- Prepare work breakdown structure for future estimation, assessing risks and work schedule.

2) B2B marketing aUtomation website (beeway.com.ua). Photo shooting and video production website (recartframe.com)
Responsibilities:
- Gathering and analysis of requirements, communication with customers, market, competitors, and target audience research and analysis, definition of competitive advantages, building users portrait, system design concept development, and brand concept development.
- Writing of specification for a WordPress site. prototyping the mobile/web version of the product.
- Drafting contracts, issuing invoices, project plan, timelines, and risks development and management.

Junior Business Analyst/sales manager
Medical messenger mobile/web application
Responsibilities:
- Market and competitor research, target audience analysis, hypothesis definition, testing, brainstorming, writing recommendations for promotional material and sites.
- Formation of a doctors' and patients' database, negotiations with potential customers on the product and new modules, concept development for new services demand creation.
- Writing scripts, building a road map, creating promo videos, leading webinars, off-line presentations on the basis of outpatient and clinical departments, presentations at the All-Ukrainian specialized medical exhibition ""MedExpo 2020"".
- Assistance with tasks and problems faced by other departments: design, development, quality control, marketing, and support.
"
12496,"Performed pre-sale and research activities, gathered and documented the requirements in SRS, created documentation for end-users, customers and developers from scratch on various projects (requirements specifications, acceptance test plans, product description, vision and scope document)
Conducted trainings, presentations and product demos.
Business analyst with a project management and technical writing background. Have worked for product and outsource companies. Attentive to details and dedicated to the project. Have experience in different domains: financial, healthcare, travel, services, video streaming. Created various types of documentation to bridge the gap in communication between the stakeholders; handled various projects from scratch (pre-sale activities, requirements elicitation, planning, prioritisation, supervising)
"
12497,"Courses: 
- Software Processes and Agile Practices (Coursera) 
- Advanced English Course (Green Forest) 
- Agile Planning for Software Products (Coursera) 
- Client Needs and Software Requirements (Coursera) 
- Design Thinking for Innovation (Coursera) 
- Google analytics for beginners (Google Analytics Academy) 
- How to Start a Startup (Stanford University course, Prometheus) 
- Introduction to Software Product Management (Coursera)
Current position: 
Project Manager at US product company for lead generation. 

Responsibilities:
— Roadmap creation and maintainance
— Backlog management 
— Reporting & communication with stakeholders regarding team projects
— Macro- and micro-planning of BA&development&QA phases
— Conducting meetings: daily stand ups, groomings, demo sessions, retrospectives
— Creation and implementation of development processes
— Support of developers, BAs, QAs
— Estimations management
— Release management
— Risk management
— Change requests management
— Participation in performance review process
— Newcomers onboarding
— BA documentation review
— Conducting BA interviews

Also continuing working on BA activities: requirements elicitation and analysis, documentation creation, gap analysis. 

Second position: 
Business Analyst at Online Travel Agency. 

Responsibilities:
— Business case and needs analysis and verification
— Elicitation of business requirements (from the business and tech side)
— Market competitor analysis
— Analysis of business requirements and transformation into tasks for the team
— Creation of the user stories, use cases preparation
— Design and suggestion of the new solutions, logic and flows based on the business needs and requirements, market trends
— Drawing the wireframes and presentation to customer/team
— Requirements organization, requirements tracing, impact analysis, gap analysis
— Backlog management
— Description of the “AS IS” logic and functionality
— Conducting plannings, groomings, estimation sessions, demos
— Support of UX, tech team, UAT, QAs

First position:
Data Analyst at Media Agency.

Responsibilities:
- Database administration
- Creatin custom SQL queries and functions 
- Preparing reports and dashboards
- Data analysis
- Working with specific media software
Looking for an interesting project in a product company to apply all my skills for developing really great and useful software."
12498,"At my first job, after a year of work as administrator of application for retail partners, I was promoted to commercial system analyst. 

For a year I was supporting system for field forces of 3 markets with more than 500 users. Received Recognition of Excellence Award at this position.

For a year worked as a project manager in IT outsource company, leading projects of various domain fields - CRM, e-commerce, mobile applications etc.

Worked as a Trade Marketing Manager in distribution company, being responsible for the performance of 3 trademarks across Ukraine (both minor retail & Ukrainian TOP chains. 
 
Now work as a business analyst.

Have Master Diploma in Management of International Business and English translation.

Finished following IT-related courses:
— ""Basic WEB design"" in design-school ""Projector"";
— ""Basic WEB UI Development"" from Lviv IT School;
— ""Genesis IT School"" - 3-month course on IT business fundamentals from one of the biggest Ukrainian product companies;
— ""Marketing for Mobile Apps"" at Wikr Group.
— ""Project management basics"" at Web Academy
— ""Business Analysis Fundamentals"" at Web Academy
— ""Product Management Internship"" at Tonti Laguna MObile
Eager to develop perfect products for customers within a reasonable budget and time.

Worked as a project manager leading a team of 5 developers and managing up to 5 projects simultaneously.

Now working as a business analyst in e-commerce product being responsible for implementation new functionality from idea to end customers.
I am passionate about WEB and UI design so the best company for me to work in is digital/product/web agency with team of professionals providing perfect solutions for their customers."
12499,"
Experienced and professional IT Project Manager and Business Analyst with over 6 years of valuable experience in reaching project goals to ensure company and Clients' success. Adept in analytical thinking, strategic planning, leadership, and building strong relationships with business partners. Aimed working directly with clients, determining their problems and needs to provide the best technical solution. Known for demonstrating superior interpersonal skills and influencing clear and effectual communication between employees. Good in researching and analyzing business processes and procedures and designing and implementing business solutions.
"
12500,"Attorney License 
Certificate of successful completion of training at the IT-cluster academy in the specialty ""Project management"" and ""Business analysis""
Forward-minded Junior Project manager/Business Analyst with a strong background in the construction industry. Experienced in handling large volumes of information and performing data analysis. Highly communicative and skilled in working with diverse stakeholders.

With 6 years of experience as a Registrar in the construction field, I have developed a keen attention to detail and the ability to manage substantial amounts of information. I excel at maintaining strict control over deadlines and ensuring the timely completion of projects.

My key strengths include:
- Comprehensive understanding of the construction industry, including knowledge of regulatory requirements and processes.
- Proficient in data analysis, utilizing analytical tools and techniques to derive valuable insights and support decision-making.
- Exceptional organizational abilities, enabling efficient project management and prioritization of tasks.
- Proactive problem-solving approach, anticipating challenges and implementing proactive measures to mitigate risks.

I am seeking opportunities to expand my knowledge and contribute to innovative projects.
"
12501,"Dozens of satellites have been launched into Earth orbit
Head of the department (1995 to the present time)
KB ""Yuzhnoe"", Dnipro

- Economics project assessment/management
- Quality assurance management (iso 9001)
- Certification
- Marketing research
- Business management
- HR management
- Project audit (NPV, IRR)
"
12502,"have published more than 15 scientific articles on various topics (BA, PM, Project communication, team management etc)
Huge experience in project management, risk management and project planning. 
Worked with start-ups as a Business Analyst and Product owner. 
Great communication and management skills. Have experience with e-commerce platforms, healthcare, finance domains.
I hope to get an opportunity to widen my horizons within new opportunities in communication, challenging projects and unique cases."
12503,"
I have completed a course in business analysis in IT, where I received basic
practical skills in:
• Analysis of stakeholders (formation of the Stakeholders map and
Stakeholder register);
• Using the Business model canvas tool;
• Identifying, presenting and documenting of project requirements;
• Analysis of competitors;
• Drawing up MVP for the project;
• Specification of Epics, User Stories and Use Cases;
• Сompilation of UML diagrams (sequence and ERD) and BPMN
diagrams.
"
12504,"
Last experience was as Auditor/Business Analyst at Roshen.(4 years)
List of most common tasks for me:
Visiting retail outlets
Сontrol of product representation and equipment availability
Presentations for customers, setting goals, and holding meetings
Collaboration with distributors on an assortment
Research on Competitors and Marketing Analysis
Control from a policy perspective
Managing a small team
Research of premises and control of existing ones.
Sales analysis and work with Vendors
Сontrol of product representation and equipment availability
Advertising
Attracting new customers

I would like to find an interesting project with possibilities for professional development in IT related sphere.
Interesting project
Growth and opportunity
Decent team
Good compensation
Modern technologies"
12505,"
LIMS Specialist at TerraLab IT, LTD, Khmeknytskyi, Ukraine
June 2014 – December 2021

Project implementation:
	gathering and analysis of user requirements;
	contributing to designing of LIMS implementation plans:
	configuration and maintenance of database management systems;
	input of reference laboratory data;
	LIMS configurations and settings;
	connection and setting of laboratory equipment;
	report design using FastReport software;
	training of the end users, developing of user guides and manuals;
	laboratory support.


Project Support and Maintenance:
	maintenance of laboratory information management systems;
	configurations and system administration of software;
	software and database maintenance;
	initial diagnostics of user technical issues;
	resolving of user questions and issues;
	assisting the development team with software process improvement; 
	design of printing forms and reports;
	onsite client consulting.

	
	Project Integration and Maitenance:
	
	develop Integration Solutions;
	implement new and existing  Integration Solutions;
	configurating, customizing and developing new solutions;
	participate in technical integration planning and presales discussions;
	gathering reqiurements for new solutions;
	troubleshoot code and configuration issues in all managed environments;
	effectively communicate across many channels with team and stakeholders.
"
12506,"
Since 2015 I'm an Owner and maintainer of a trading platform based on social networks and messengers. 
Job description:
- development of platform concept and monetization;
- working on business growth;
- risks diversification;
- new features requirements specification and implementation.
As a result there are more than 85 thousand platform users at the moment.
Have a 7 years (2007-2013) experience in Banking (Small and Medium Enterprises mostly). 
I've started my career as Credit expert of Small and Medium Business Services Department (search for new clients and their loan ability consultancy; documents collection and analysis for deals, borrower’s financial state analysis according to the IPC method; participation in committees of borrower’s lending ability; compilation of deals documents and agreements) and have grown to Head of Small and Medium Enterprises credit risks analysis Department (department work coordination (6 subordinates); document package and borrowers’ financial state analysis (legal entities and entrepreneurs with an annual turnover up to 30 million UAH); making recommendations on lending operations, their restructuring and modification taking into account and minimizing possible risks, submitting the issue to the Head Office Credit Committee; improvement and participation in development of all products/processes/methods for the issuance, restructuring and modification of retail and SME businesses credit operations. 
My last bank position was Head of Corporate business credit operations administration Department and the general task for me on this position was project creation and development to centralize credit administration functionality (requirements collection, its alignment and implementation, process development, logistics, budget and responsibilities.
Looking for a Junior BA/Project Manager Assistant Position with strong supervisor to get an experience and professional growth in a new activity area applying previously acquired knowledge and skills (commercial banks and own project). It would be interesting for me to become a teamplayer for banking products/processes automatization."
12507,"As a recent graduate in IT, I have a foundation in overseeing and optimizing technology resources. With a passion for staying up-to-date with the latest technological advances, I am eager to contribute fresh perspectives and innovative ideas to your organization. A quick learner and excellent problem-solver, I am ready to tackle challenges and support the seamless integration of IT strategies. I am seeking an opportunity to apply my knowledge and drive to create a positive impact in the field of IT Management.
We have a work experience assessment system that collects detailed information about a user's professional background, including their career history, educational background, specific job-related skills, accomplishments, and responsibilities. Additionally, the system takes into account any special talents, sport skills, language proficiencies, and programming abilities that might be relevant to their work profile.

Once the user provides all the necessary information, the system generates a comprehensive work experience report. This report includes an evaluation of the user's overall work experience and performance, along with a comparison to their peers' work backgrounds. Visual graphics and interpretations are provided to highlight key points. Additionally, the system utilizes AI to create a tailored professional resume for the user, utilizing the data they've provided to present their work experience in the most effective way.
"
12508,"
With a background in business analysis and project management, I am excited about the opportunity to contribute my expertise to drive new projects.

Based on my experience, I have acquired a thorough understanding of coordinating diverse teams and stakeholders. My ability to effectively communicate with internal and external parties, along with external suppliers, enables me to build strong working relationships based on trust and collaboration.

Throughout my career, I have demonstrated my proficiency in business analysis and project management principles, techniques, and tools, ensuring that projects are executed with precision and excellence. I am dedicated to delivering projects on time, within budget, and scope, while consistently maintaining a high standard of quality.

In my previous role, I collaborated proactively with business stakeholders to reach common understanding of solutions to address the needs. I collected, defined, and translated business objectives into detailed and understandable requirements, tasks, and supported functionality development till production. I have taken the role of Business Analyst, but also had the opportunity to manage the development of the clinical outcome assessments we created for using in clinical trials, since each of them was a separate project with its objective, stakeholders, timelines and budget.
"
12509,"
WORK EXPERIENCE: 
1. Administration of CRM system 
2.Tracking bugs in the system and reporting them to the contractor
3.Implementation of CRM to foreign market (setting up business processes, rules LP, system testing)
4. Staff training 
5. Gathering information and requirements for launching CRM in a foreign market
6. Creating test cases for the contractor
7. Leading the applications on technical support of contractor (writing technical specifications on improvements and new functionality)
8. Manual testing
9. Monitoring operations of the system (business processes, transactions, transactional mailings, rules LP)
10. Prototyping of new features via MS Visio
11. Uploading into the system discounts, bonuses, coupons
12. Monitoring receipts of product in CRM, making revisions on checks and hand checks
13. Uploading customer data into the database
14. Monthly / weekly reports in Excel
15. Postman
16. Basic knowledge of SQL
17. Tracking logs and searching bags (JSON)
18. Creating a business analysis for a project from scratch
I’m looking for interesting cases and projects, acquisition of new skills and open minded team. Competent management is also appreciated."
12510,"
Work experience over 5 years in this position with various projects

BA/PM ValueTek - Banking / Mobile Application;
PM/BA Viseven - Event-Driven Architecture;
BA Implementation ISD - Healthcare/ Product;
IT Analyst PrivatBank - Web Development.

Scrum, Kanban, Draw.io,UML, Hibob, Miro, Figma, Jira, Confluence, SQL, Photoshop..
"
12511,"
May 2020 - now
Company: ""OVR360""
Projects: App for real-estate photographers ""Schlep""; Healthcare Digital Wallet; App for handmade suits creators
Tasks: Requirements collection, Drawing up technical specifications

December 2019 - May 2020.
Company: JV “OptimaPharm LTD”
Projects: Training of employees in jobs with high risk
Softwares: DA Directum
Processes: training organization, data integration
Tasks: Requirements collection, Drawing up technical specifications, Drawing up test-cases, Processes testing, Drawing up user instructions
Project: 1C WMS
Software: 1C, DA Directum
Processes: product management, data integration
Tasks: Requirements collection, Drawing up technical specifications, Drawing up test-cases, Processes testing, Drawing up user instructions
Project: Weekend standby for drivers
Software: application “Logistics”, DA Directum
Processes: data management
Tasks: Requirements collection, Drawing up technical specifications, Drawing up test-cases, Processes testing, Drawing up user instructions

September 2019 - December 2019. Freelance
Company: CIT Global Consulting
Project: Application Polycard
Software: Polycard, Poster, BP automation tool
Processes: product management, data integration
Tasks: Requirements collection, Drawing up test-cases, Processes testing

August 2019 - December 2019. Freelance
Project: SmartVillage
Software: BP automation tool
Processes: data integration, smart home management
Tasks: Requirements collection, Drawing up technical specifications, Drawing up test-cases, Processes testing

July 2019. Freelance
Project: Web-application for online store of children’s goods
Processes: e-commerce
Tasks: Requirements collection

June 2019. Freelance
Project: Web-application for description manual therapy and work of master
Processes: e-commerce
Tasks: Requirements collection, Drawing up technical specifications

March 2018 – September 2018. Freelance
Project: Expert order management
Software: BP automation tool
Tasks: Requirements collection, Drawing up technical specifications, Processes testing
"
12512,"I am a local coordinator of Kyiv branch of 15x4 science communication project ( 15x4.org )
For the past two decades, my professional and business activities were focused on three distinct industries I’m passionate about, namely, motorbikes, filmmaking, and IT. It is always the combination of professional expertise and personal passion that yields the absolute best results.

It may take me up to a few weeks' time of hands-on practice to catch up with some of the tools and methodologies used in modern IT businass analysis and project management, yet the soft skills I aquired during many years do outweigh any gaps I may have when it comes to particular hard skills.

THE MOST RECENT AND RELEVANT EXPERIENCE:

2003—2006, then 2019—Present: Producer / Line Producer / Production Manager / Assistant Director (filmmaking) at Generator Productions / Kiev Design Works / Freelance

2012—Present: Regional Marketing and Customer Relations Agent at World’s End Motorcycles (UK) in Ukraine, Russia, Belarus, Moldova, Kazakhstan, Kyrgyzstan. Involved in IT operations and business development.

2016—2019: Regional Manager at Infopulse Ukraine (a TietoEVRY subsidiary), reporting to EVP Business Development. Expanded the company presence in Ukraine and the EU.

2009—2014: IT Specialist at Mindspeed Technologies UDC (now MACOM Technologies). IT asset management and procurement, infrastructure project management and supervision.

EARLIER JOBS AND VENTURES:

2007—2014: Motorbike parts online dealership and trade sales (as a sole trader)
2003—2014: Founder of Kiev Design Works
2007—2008: Founder and Editor-in-Chief at Motomania magazine (ISSN 1993-8306)
2003—2006: Freelance web developer (PHP/JS/MySQL/Apache stack)
2000—2003: Project Manager in several small web design studios.

EDUCATION:

1994—2000: MSc Computer Sciences at National Technical University of Ukraine (applied math, system analysis, mathematical modelling, statistics).

COMPENSATION EXPECTATIONS:
Full time: $3000-4000
Part time: negotiable; largely depends on actual workload. I am happy to accept lower rates as long as I got more time flexibility.

PART-TIME / FLEXIBLE HOURS PREFERRED.
As long as the company keeps up with what in economic science is called ""the 21st century workplace"" principles, I am happy to join up."
12513,"
Project management:
- Worked as a part of Project Management Office;
- Analyzed the implementation process of projects in order to minimaze the delay and dismissal of key results;
- Checked reports of project managers in terms of accuracy and completeness;
- Created reports of project portfolio of NBU quaterly and yearly;
- Tested configurations of Jira&Confluence;
- Implemented 3 courses for different groups of participants on the topic of Project management via Jira&Confluence.

Compliance specialist:
- Work as a part of AML team;
- Make the Bank work in accordance with local and Group AML and Compliance legislation (update and create internal banking documents, procedures);
- Responsible for preparing and sending of statistical forms to National Bank of Ukraine;
Initiate IT developments that simplify processes and replace manual work (prepare business requests, work with analysits on functional specifications, take part in user testing);
- Take part in Credit Agricole Group initiatives and projects.

Business analyst:
- Writing and consolidating demands of involved parties
- Working with FBL and Data Model
- Basic knowledge of management tools (JIRA & Confluence)
- Basic knowledge of Python, SQL
- Participating in user testing
"
12514,"Being able to keep the clients after full-scale war began.

Launching NFT marketplace white label solution without tech lead and with juniors only

Was able to work on 3 different projects simultaneously. Not that I enjoyed it, but I've seen some stuff.

My colleagues say they like me, say I'm easy to work with.
1 year as PO/BA in the blockchain stratup, dedicated of providing and managing storage

Duties:
- Market research for similar products
- Brainstorming for the possible next ideas
- Existing ideas systematisation 
- Documentation
- Backlog 
- User stories 
- BRD
______

1.5 years in crypto-based outsource company as PM/BA/PO

PM/BA for multiple projects with crypto and blockchain
PO/BA/PM for NFT SaaS product development and adaptation

Duties:
- Discovery for client's idea
- Idea development
- Creating set of business requirements, list of user stories and primary backlog creation, acceptance criteria definition, preliminary development time and cost estimation
- Client communication
- Usual PM duties, like sprint planning, dailies, poker sessions etc
- Brainstorming for ideas where company could potentially raise more money
- GM reports
- Pre-sales
- Conducted few small courses 'Blockchain for project managers'
______

10 months as PM at blockchain based travel industry startup.

Duties:
- PM routine like sprint planning, weekly/monthly/half a year plans determination, jira flow, finding new employees, creating deadlines, getting all of the stuff together and making it work in time
- release management
- lots of stuff like micro-management, R&D, PoC etc
______

10 months as PM/PO for out-stream commercials service.

Duties:
- PM process development
- PO, I participated in multiple decision-makings on new products launch, was the filter if we can or should do that etc, made some research if it worth in terms of development deadlines/price and the effort.
- release management
- QA leading for 2 people
- Delivery management
______

15 months as PM + head of QA in silicon valley based blockchain trading platform and the ICO launcher.

Duties:
- PM
- Release management
- QA leading of 4 people
- Client communication
To have a normal flow of development either as a BA or PM - I definitely need a tech lead to work with in pair.

I prefer the ecosystem of blockchain

Hate microsoft"
12515,"Improved team productivity and velocity, successful projects, happy teams and clients all over the world.
Experience as a Business Analyst, Project Manager and Business Developer;
- Web projects management experience;
- Gathering and documenting high-level Business requirements;
- Risk Mitigation, Backlog Grooming;
- Composing WBS and BRD;
- People Management, Change Management, Risk Management, Crisis Management;
- Project execution and control;
- Estimating and cost control;
- Involvement in several projects;
- Communication with the stakeholders;
- WDLC, SDLC;
- Pre-sale, Negotiations, Marketing Research, R&D.
Career growth, useful experience, new skills and opportunities."
12516,"Building an effective team and improving sales with results that outperformed all initial targets. Details during the interview.
7 years of experience in a managerial position in one of the largest retail companies in Ukraine. Skilled in Advanced product management, Creating and exploiting growth opportunities, Market Research, New Products Implementation, Staff Training, Emerging technologies, Creating and implementing technology roadmaps with R&D. Strong education professional with a Master's degree in Economics and a Bachelor's degree focused in Metrology and Measurement Technologies from National Technical University of Ukraine 'Kyiv Polytechnic Institute'​.
I can manage your sales team in a new way with new ideas from the world of retail sales."
12518,"
Versatile manager with 5 years of experience focused on developing new business ideas and leading high-impact projects. Entrepreneurial minded, passionate for tech, driven by intellectual curiosity. Looking forward to applying my knowledge and experience in project management and learning new techniques.
*product development, project management, business development, product marketing, blockchain, Google Analytics, Microsoft office, Jira, Azure, HTML5, CSS, Agile, Excel, PowerPoint
"
12519,"Successfully implemented project:
- implementation of new information system in the company ( worked as project manager in multinational team) and as a result change and adoption of all business processes.
- implementation of CRM system ( worked as project manager in multinational team) and as a result change and adoption of all business processes 
- implementation of a lot of satellite applications to company information system.
Starting from 2009, I had occupied position with the responsibilities of Business Analyst, Project manager, Risk and compliance. 
I have an experience of working in multinational team (Indian, French, Spanish people) in terms of  projects.
Starting from 2016 I am the Head of Sales Support but Business analysis or Project management is more interesting and important for me than sales)))))
I do not have IT education but still I am sure that I can be useful for IT sphere)))) I would like to  get an offer for position  (Business Analyst, Project manager) with a lot of interesting projects. Why IT - because it is the sphere that develops very fast. I like working in multinational team and oriented for result!"
12520,"•	5+ years of project management experience in web and mobile (Android) development  projects
•	managed teams (7-10 people)
•	managed e-commerce, b2b, corporative, media, with account programs integrated projects (1C, Капитал)
Previous responsibilities
- Business Requirements Analysis
- Create & manage project plans
- Define project schedules and monitor progress
- Align project objectives with company goals, and make sure project team is clear on objectives
- Help project team with the design and development tasks
- Lead process of issue identification and resolution
- Manage risk tracking process
- Monitor and manage scope
- Manages resources to make sure schedule is on track
- Maintain budget
- Reporting on projects
- Work multiple projects simultaneously
- Foster partnership with customers/stakeholders/sponsors
Competencies
- Detail-oriented
- Analytical and strong organizational skills
- Five+ years project management experience in I.T.
- Thrives in collaborative environment
- Good communications skills, with customers, team and stakeholders
- Business & IT strategy experience
- Customer-focused mindset
- Jira, Teamwork, Trello, Photoshop, MS Office
Become a part of DreamTeam and develop a great product, improve skills and get new knowleges and skills"
12521,"
I have been working for more than 5 years in project teams as a project manager and business analyst. She took an active part in all specific implementations of IT projects from scratch and accompanied them in the field of telecommunications and banking.
I have additional education in project management. I know the basics of project management, I have experience in a proven project management methodology (classic waterfall, skirmish, agile).

I can describe myself in three words: analyst, researcher and organizer. I successfully cope with work in multitasking mode with a large amount of data - I manage several projects / products at the same time. I acquired this skill by completing different tasks daily under a strict deadline.
Also, my strong point is systemic thinking: when I receive a task, I can decompose it into subtasks, set priorities, evaluate tools, sources of information, deadlines and further steps to implement the project.

Thanks to good communication skills with different types of people, I can solve problems and always find new interesting projects for myself. I can achieve results both working in a team and doing independent work.
"
12523,"Successfully implemented projects as a PO/BA:
•	a front-office system for bank's retail business (credit card sales, cash loans, refinancing, opening current and deposit accounts, debit cards, CRM elements);
•	a tokenization system in cooperation with Visa (Google Pay, Apple Pay, Garmin Pay) and MasterCard (Google Pay, Apple Pay) from the very beginning till production. 
•	an internet banking for retail business: p2p including cross-board, account to account (incl. SEP), card management, currency exchange online, opening deposit and card accounts
17 years of experience in the banking business, have deep expertise in digital retail banking. For the last 7 years I have been working on IT projects in various roles from BA to PM and PO. I have experience in implementing new systems from scratch and managing of in-house development - creating BRD, composing BP in BPMN 2.0 notation, creating a project plan, managing project backlog, supervision UX/UI team. User of Jira, Confluence, Figma, well acquainted with SDLC. Recent projects were implemented according agile methodology and Agile framework. Prefer digital banking and fintech projects but I am also  open to every interesting project.
"
12525,"I have successfully organized the team to bring the best solutions to the customers. During my last position, I have facilitated my team to generate ideas and we achieved together a friendly atmosphere and loads of fun, resolved many conflicts, and immediately eliminated any obstacles! Also, as a Product Owner, I achieved clear goals and vision in the product. My technical experience helped me to be the perfect bridge between the customer and the team, allowed me to transform the business ideas into the perfect solution with the help of the team.
In my last job position, I had the following responsibilities:
- Gathering needs & vision from the client’s strategic PO
- Contributing to the global roadmap associated with the strategic PO
- In charge of product backlog: specifying, prioritization, and testing of new features, evolutions, and bugs
- Animation of product development discussions within the team
- Organizing releases and communicating short-term roadmap knowledge throughout the team
- Contributing to the improvement of UX & UI with strategic PO
- In charge of support

Have experience in the following fields:
- Printing and publishing
- Retail
- CRM / ERP
- E-commerce
- Healthcare
- VR/AR entertainment
I expect the opportunity to grow as a specialist (mentorship from the company, the opportunity to attend courses and training), interesting and challenging projects, a friendly atmosphere in the company and the team, where there is room for creativity and free to implement ideas, and, of course, the opportunity to revise wages on regular performance appraisal."
12526,"
Projects:
- company's core system building from scratch
- internet marketing and sales,
- supply chain,

Responsibilities:
- Scope managing for 3 Teams 
- Sprint and Quarters planning 
- Scrum master 
- Requirements gathering and translation to the team 
- Developing solution by preparing and evaluating alternative
workflow solutions;
- Controlling solution by establishing specifications;
- Collaborating with other teams to ensure proper integration of
business processes;
- Writing documentation for new or modified features;

Key skills and competencies: JIRA, Rally, MS Office, e-Commerce, CRM, SAP ERP

Personal qualities: initiative, analytical, responsible, proactive, creative, accuracy, sociable, quickly-educated, ambitious, hardworking, ready for new knowledge.
"
12527,"- PSM 1
- SAFe 5 Agilist
- SAFe Scrum Master
- SAFe Product Owner & Product Manager
Sales Manager / Business Analyst at Galaxy IT
From Dec 2017 - May 2018
- Business development of the company via search of potential customers on Upwork, Freelancer.com and LinkedIn
- Gathering business requirements and their translation into tasks for the development team
- JIRA setup and project management according to Agile (SCRUM / Kanban)
- Carried out demo sessions of sprint results to the customer
- Carried out sprint planning sessions with the dev team

Business Analyst at Nix Solutions
From May 2018 to Nov 2019
- Translate stakeholder requirements into tangible deliverables: requirements specification, user stories with AC, workflow diagrams
- Help PO on the end side to priotorize work for the development team and maintain a backlog of future work
- Provide ongoing requirements support for the development team
- Sale and Presale support, gathered initial requirements for estimation of the project
- UX research of competitors and UI prototyping of web . mobile interfaces in Axure

Middle Business Analyst at GlobalLogic
From November 2019 to nowadays
- Created detailed and understandable requirements in the US format
- Organized and facilitated scrum ceremonies: Daily meetings, Sprint planning and Estimations sessions
- UX prototyping of web interfaces via Wireframepro and Axure
- Requirements management (elicitation, clarification, docs preparation, keeping requirements up to date)
- Helped to facilitate and remove impediments to the Development Team’s progress

Senior Business Analyst at EPAM
From December 2020 to Today 
- Led discovery phase for and succeeded in solutioning the scope for the quarter
- Used UX prototyping tools to validate requirements and provide UX recommendations
- Built the well-organized confluence space with all project requirements
- Organized workshop with focus group of end users to elicit requirements and align their expectations
- Carried out the research of the insurance products to provide better business value for the customer
"
12528,"
HCM Configuration Specialist  Aug 2019 - May 2021
- Customers Data Initialization
- Supporting and troubleshooting customer's issues
- Customize System according to client's requirements
- Writing specifications and work with development team to be sure that results is match the requirement.
- Testing and working with requirements at all development stages

Configuration Manager							Feb 2013 – July 2019
•	Configuration and Managing the build release process of the software
•	Setting test and production environment for the company's software products
•	Preparation of technical design documentation
•	Support of projects and customers databases

Software implementation Specialist					May 2010 – Feb 2013
•	Drafting instructions for the user;
•	Description of manufacturing processes;
•	Import data in Oracle;
•	Settings of the product to customer requirements, development of additional reports and preparation for revision of the product;
•	Administration of the system;
•	Writing automated QA tests
•	Training users to work with the system;
•	Customer support;

Software implementation Specialist 					May 2008 – Apr 2010
•	Maintenance of accounting software;
•	Preparation of the test environment;
•	Settings of the product to customer requirements, development of additional reports and preparation for revision of the product;
•	Training users to work with the system;
•	Customer support;
•	HTML,CSS,PHP,VBasic-coder.
Интересующие области: финансы, бигдата, ИИ, блокчейн"
12529,"1. Developed project MVP with one Agile team in 4 months. 
2. Introduced Scrum practices to the project resulting in improved planning and work organisation. 
3. Strengthened stakeholder relationships resulting in a higher level of trust and collaboration.
4. Developed team members resulting in their professional growth and development. 
5. Leading the analysis and documentation of requirements for a new system, working with development teams to ensure that the system meets the business needs, and ensuring successful implementation and adoption.
Currently, I'm combining 2 roles: Business Analyst and Project Manager.  

As a project manager, I'm responsible for driving the project to success, ensuring that it is completed on time, within budget, and meets the client's objectives while managing the project team, stakeholders, risks, and changes.

As a business analyst, I'm responsible for identifying opportunities for improvement, developing solutions, and facilitating communication between stakeholders and technical teams to ensure that the project meets business objectives and adds value to the organization.

Day-to-day I'm working with:
- project planning 
- prioritization 
- team management 
- budgeting 
- risk management 
- quality management
- change management 
- reporting
- requirements gathering and analysis
- solution development 
- documentation 

Additionally, crucial part of my day-to-day activities is communication with project stakeholders to ensure that everyone is informed, engaged, and aligned with project goals, progress and results.

I'm continuously evaluating and improving processes and systems to drive efficiency, productivity, and profitability. I work towards eliminating any wasteful processes to deliver the most value to the project and product itself.
I'm looking for the position where I can deductively develop the product and make the product successful.
I'm interested in playing an active role in product strategy and working collaboratively with others to ensure that the product meets business goals and customer needs.
I'm willing to work with customer problems, derive solutions, work with the data to make data driven decisions, ensure the product brings value to the users."
12530,"Amdocs Israel
 Program Manager
2020 - Present
Pasha Bank Georgia 	
 IT section manager
June, 2018 – Dec 2019
Coordination Department’s activities in the following areas:
•	Manage 3 units in section: 
-IT operations.
-Software Development.
-Business Analyze and Service Quality.


Geocell – TeliaCompany – Telecommunications	
Technology Division, Services – Products and IT section manager
February, 2015 – June,2018
Coordination Department’s activities in the following areas:
•	Manage 5 units in section: 
-Billing and Charging, 
-Product and Services,
-Software Development,
-Enterprise IT,
-Business Support and reporting

Geocell – TeliaCompany – Telecommunications		
ICT Division, Service Network Department Manager 	
January 2006- February 2015
Systems under team responsibility:
- Prepaid Charging system.
- Ericsson Billing Gateway platform.
- VAS platforms – SMSC, CRBT, WAP GW, Voice Mail.
Main responsibilities:
-Technical helpdesk (1st and 2nd line support) 
-Systems administration and maintenance.
-Implementation and deployment new products based on 

Geocell LLC - Telecommunications	
Service and Product Operations Team Coordinator (Technical Department)
March 2004 – January 2006
Systems under team responsibility:
- Prepaid Charging system.
- Ericsson BGW(EMM) platform.
- Value Added System– SMSC, CRBT, WAP GW, Voice Mail.
Main responsibilities:
-Technical helpdesk (1st and 2nd line support) with 24x7 support of internal customers.

Geocell LLC - Telecommunications	
Prepaid Charging System Engineer (Technical Department)
March 2000- March 2004
- Administration and maintenance Ericsson (PPL) prepaid charging system.
- Technical helpdesk, 24/7 1st and 2nd line support.
- Configuration and implementation new products and tariff plans.

New Net Georgia LLC		
Digital PSTN switching center technical manager.
February 1997 – March 2000
- Administration and maintenance of PSTN switching center.
- Shift staff planning and management.
- Technical helpdesk, 24/7 1st and 2nd line support.
Last 5 year project where I was involved .

Retail Bank launch (Cash-Loan and TopCard)
Aug 2018 – August 2019
Project description: Project was complex and consist of following subprojects: 
-	Processing Center swap and Core Banking integration. Migration of clients to new PC.
-	Existing Core Banking system release upgrade.
-	Deployment CRM and Sales Force (BPM platform from Terrasfot).
-	Internet Banking and Mobile Banking
-	Contact Center PBX system swap.
-	Integration with Terminal Payment system (TBC Pay).


Prepaid Billing system swap from Amdocs/Comverse One to Peter-Service BSS
Aug 2017 – Dec 2017
Project description: Amdocs/Comverse One Prepaid Billing System swapped to Peter-Service BSS with on-line credit and balance control.


Post-paid Billing and Interconnect systems swap from CBOSS to Peter Service BSS
May 2016 – Dec 2016
Project description: Post-paid and Interconnect Billing System was swapped from CBOSS to Peter-Service BSS with on-line credit and balance control.


Geocell Deep Packet Inspection, Policy and Charging rules function platform swap 
Jan 2017 – Dec 2017
Project description: Geocell performed PCRF/PCEF swap tender.

Prepaid Billing System swap. 
Jan 2014 – Sep 2014
Project description: Prepaid Billing System swapped from Orga OPSC Classic to Comverse ONE BSS.
"
12531,"IT Education Academy (ITEA)
IT Project Management - Certificate
IT Business Analysis courses (BA Space School)
- I have experience in Project Management and B2B Sales for more than 10 years in the agribusiness sphere.
- Completed IT Project Management (ITEA - IT education academy) and IT Business Analysis courses (BA Space School).
- Understanding software development lifecycle, basic knowledge at software development methodologies, risk management and project planning
- Strong analytical, planning, organizational and communication skills, experience in creating well-structured and easy-to-read documents and presentations.
Now I'm looking for a job in the IT-sphere where I can use and improve my skills.
The most important point for me now to find a long term job in a company where my skills would be useful and effective and I could constantly improve myself by working on interesting projects."
12532,"- Promotion to Head of the SAP Project team; 
- Successful rollout of the system refinements and solutions, meeting project deadlines;
- Decreasing misunderstandings between IT and business stakeholders, project team members, and developers by delivering the project scope and organizing better communication;
- Helping my team members to grow professionally: one of them is a Senior BA in one of the biggest IT companies in Ukraine, and another colleague was running an implementation project.
- I was recommended to the Staff Roster (prospective employees of the company) a few times while working in Metinvest-SMC based on the results of staff assessment in 2015-2017.
- While working in OSCE SMM in Ukraine, I got an extension of the contract based on a high-performance evaluation.
As a Project Manager and later as a Project Lead in SAP ERP implementation project (metallurgical company), I was fulfilling the duties of Project Manager, Business Analyst, QA, and Customer Support Manager, such as the following:
> Organizing the work of a team, communicating with all stakeholders, including TOP management of the company and the tech managers, to ensure the business needs were met and the implementation of new solutions and changes were implemented qualitatively and in due time;
> Prioritizing the Product Backlog;
> Working on SAP ERP implementation by defining business needs and preparing requirements for Sales, Marketing, Finance, and Procurement departures, 
> Testing IT solutions, refinements, system improvements, and bug fixes; 
> Organizing the migration process from 1C: Enterprise 8.2 to SAP ERP;
> Acting as a first line of support for users;
> Preparing instructions and learning materials, and conducting training.

To perform these duties I was using the following tools and technologies: 
- MS Office (Word, Excel, Project, Outlook, Skype for Business),
- User stories, use cases, scenarios, 
- Backlog, other project documentation;
- SDLC, Agile, Scrum;
- Test systems of SAP ERP.
Later I obtained knowledge of JIRA, Confluence, Miro, Basilique, BPMN, etc. I was practicing with the RACI matrix, creating Product Vision Boards, and working on Story Mapping, with diagrams and prototypes.

Additionally, 
 - I was working as a business analyst for over 1 year in the beauty sphere, customizing the software (YClients, now - Altegio) and organizing the working processes. 
 - I got 1.5 years of civil international working experience (administrative duties, contract management, Human Resources), as well as experience in sales and marketing (over 1 year).
Seeking a role as a Business Analyst or Project Manager (considering junior positions as well) in a fast-paced organization where I can employ my knowledge and grow professionally."
12533,"
Hi there, I am an experienced and passionate professional looking for new opportunities to expand my skillset and knowledge. With years of experience in project management, particularly in the development of web platforms and solutions for Telecom companies, I am confident that I have the skills and expertise to excel in any position.

As a project manager for my own NFT project, I have developed a keen eye for detail and a deep understanding of the importance of staying on track with deadlines and budgets. I am well-versed in Agile frameworks and other development philosophies, which have enabled me to consistently deliver high-quality projects on time and on budget.

One of my strongest assets is my ability to communicate effectively with a variety of stakeholders. I am a skilled listener and problem-solver, and always strive to maintain open lines of communication to ensure that all parties involved in a project are informed and satisfied.

In addition to my project management skills, I am also act as a Scrum Master in my current company and have a strong business-oriented mindset. I am well-versed in project management software and have a deep interest and knowledge of the latest technologies. Overall, I am a highly time-efficient and effective team player who is dedicated to achieving the best possible results for my clients and my team.

So if you are looking for a passionate, dedicated and experienced project manager who is eager to take on new challenges and opportunities, please do not hesitate to contact me. I look forward to hearing from you soon!
"
12565,"Experience in business analytics 4 years
Experience in sales 5 years

As a BA/scrum master managing teams: 1st team is 15ppl (2 ios dev, 2 android devs, 4 FE, 5 BE, 2 QA), 2nd team is 9ppl (2 mobile devs, 2 FE, 3 BE, 2QA)
Implemented at least 5 integrations and released successfully MVP in the 2nd project.

Managed and coordinated the sales department (8 sales managers and pre-sales managers). 
Established and implemented Affiliate Program and Sales Strategy
Experienced in launching projects from scratch, working in start-up companies, and working with outsourcing projects.

In April 2019 completed a course 'IT project management'.

In November 2019 completed a course 'Quantitive and quality market research'.

In March 2020 - July 2020 attending private courses learning MS SQL, My SQL, HTML, CSS, and PHP.
Last year working on 3 projects: 2 of them are healthcare projects and 1 related to cryptocurrencies and crowdfunding.
Previous experience was in different projects starting from simple fitness apps to finance systems.

•	Client communication USA/EU
•	Working on identification, gathering, and analysis with businesses and PO
•	Development process management and close cooperation with devs, QAs, UI/UX designers, and Business Owners
•	Facilitating Scrum events: sprint planning, Gantt building, grooming, estimations, retro, backlog fulfillment, and devs support during the sprint
•	Enrich user stories, create detailed documentation and update it in Confluence, create user stories, use cases, and wireframes
•	Plan and schedule project timelines (as well as sprints) and ensure that planned scope will be delivered on time
•	Make sure the backlog and all the dashboards are visible and transparent for each of the team members and clients and are clear to all.
•	 Monitoring and improving the performance of the team, providing visibility to clients
•	Producing regular progress reports on the project status
•	Present reports to PO and stakeholders on progress as well as problems and solutions
•	Discuss, implement, and manage changes when necessary to meet project outputs
•	Producing technical requirements including UML (Use Cases, Functional & Non-Functional Specifications, Sequence diagram)
•	Analyzing change requests, prepare and update changelog
•	Proposing solutions, help customers to create requirements
•	Budgeting and planning project’s expenses, project estimations, risk management
Addicted to work, team, company, and result.
Ready to work hard, learn a lot and improve tech skills.
Absolutely appreciate my willingness for growth and its support.
Look for a company that will be a second family :)


Sales-related experience helps to build relations, solve problems, find sollutions and keep communication with clients and team.

Want to become a part of a company, a team, and make a contribution to its services and product and people around me.

Let's make magic together!

P.S. Early mornings are not my strong part. Happy to start working day at 11 am. 
I can wake up at 8 am or 9 am, but it will not be that productive as it could be. (at least honest)"
12656,"• Position 1
– the company's reporting was restructured into a dynamic format for about 10 projects;
– daily reporting was automated and packaged in a universal algorithm;
– the departments interaction has been established, the internal processes exchange has been accelerated;
– the new projects number for analysis increased by 2.5 times.

• Position 2
– author of more than 10 scientific and expert publications, which are indexed in scientometric databases Scopus, Web of Science, etc.;
– the concept of an educational YouTube channel was implemented;

• Position 3
– own business model was formed;
– an average monthly profitability of about 90% was
achieved;
– after 14 months the project was fully automated for
technical, managerial and business processes;
– the project was transferred to the content manager
support.

• Position 4
– for 4 years the site's monthly traffic was increased almost 5 times (from 1.5 to 7 million users);
– the advertising partners total number was increased by 3 times;
– the project was transferred to the freelance support of one developer.
I have related experience in IT as a Business Analyst, Web Analyst and Project Manager and have current workplace in big national retail company.

• Current: Web Analyst / Business Analyst

• Position 1 (2021-2022): Business Analyst / Web Analyst

• Position 2 (2020-2023): Lecturer (Ukrainian university) (part-time)

• Position 3 (2017-2021): Chief Executive Officer (own online IT project)

• Position 4 (2016-2021): Project Manager (remote)
I want to get an interesting and promising vector of my own potential. This includes a high-quality and effective symbiosis with the employer and a team of professionals."
12674,"Gather, understand, describe and automate software selling and support processes in a big company (~15 offices globally)
Build scrum team process 'from scratch' and overall acting as Scrum Master for a team
More than 10 years in IT
8+ years as Analyst and Proxy Product Owner on different projects
4+ years as Project Manager
Agile, Scrum,  Scrum Master role
Creation of all project documentation
Acting as a proxy product owner
Creation of software requirements: use case diagrams (Visio, Star UML), use cases, user stories, cascaded requirements
Requirements validation and change management
Understanding of development processes: Waterfall, Agile (Scrum), Kanban
Knowledge’s in software testing – passed training, took part in testing. 
Attended coach training - able to conduct trainings, brainstorms, debates, meetings etc.
Ability to multitask and  work under pressure
Mobile and desktop applications development projects
Would prefer small enthusiastic product-oriented team over a big department and huge portfolio.
Definitely, do not want to work 'in a pool' and switch projects often. 
Please take into account that I have NO experience in Banking sector."
12687,"Advantages:

Automation Development since 2010
Deep engagement into modern IT tech
Low-Code/No-Code Enthusiast
Fast typing (top 1%, >100 WPM)
100% Googling skills

Fluent English | IELTS C1
BA – English Translation
Native Ukrainian & Russian
Professional Negotiator
Confident Public Speaker

Strong Financial Background
Erasmus+ MA Student (Krakow, Poland)
MA with Honors – Financial Management
BA – Corporate Finance

Top Rated Plus Upwork Freelancer
Worked in three international companies
More than 50 successful long-term projects
Over 2500 clients (US, Canada, UK, Australia)

I worked with:
Crypto Traders | Investors | Stockbrokers
CEOs | CFOs | Senior Management | Startups

I worked with the majority of industries:
Finance • Marketing • Sales • Insurance
Manufacturing • Construction • Real Estate
Government • Healthcare • Education
Agriculture • Media • ... • And many more

Some of my reviews (100% Job Success Rate):
""Andrii has exceptional knowledge in business and technology. We were able to successfully work towards our end goal. Our solution now works flawlessly!""

""Exceptional Work! In my honest opinion, during my time working with Andrii, his strategic thinking and problem solving skills undeniably far outreaches anyone in business / IT logic""

""Andrii has completed several projects for me and each one has been done with the type of care I would do if I had his skills.  His attention to getting the project done right is a huge benefit.  He can see the big picture of what needs to be done, work through the details rigorously, and his interpersonal style and skills make the process go smoothly. Thank you, Andrii!!""

""Andrii was amazing. He really took the time to understand the scope of the project, asked great questions, took initiative and even improved our vision. We worked with him for two jobs already and will certainly be using him again. I highly recommend him. Professional, skilled, a great communicator and able to meet deadlines.""
Visionary Engineer ©
Top Rated Plus Upwork Freelancer

– Analysis, optimization, and automation of business processes, creating workflows unifying digital environments
– Data processing and transformation, interaction with external APIs, automatic reports
– Creating dashboards, visualization, interfaces, software architecture, and user experience
– Sophisticated calculations, clever mechanics, full automation with smart buttons and scripts

I am a big fan of automation and number one enemy for any routine process. If I have to do anything twice on my PC - it gets automated.

I have been creating custom automation tools and solutions since 2010.
Every sphere and activity of my life has its separate Excel or Google Sheets projects.
It allows me to get more value from the data, organize the thinking, make data-driven decisions and relieve my life from the routine.
What is most important, it supplies me with Time - the most valuable resource.

I am a Master of analyzing and optimizing the processes, finding the most effective approaches, asking the right questions, and sharing my recommendations.
I am good and experienced in process management & optimization:

+ IT Project Manager of ThinkWider App
Application for submitting ideas for factory workers to improve the manufacturing process. Ideas full processing from reviewing and discussing till staging, implementation and rewarding

+ Manager and Developer of IShare Educational Platform
Digital educational platform with training materials and online live training

I feel confident during public speeches, presentations, live broadcasts, online training as a lecturer. I can tirelessly speak English for hours.

I created documentation, flowchart, business case, project charter, SLA, test scenarios, technical requirements, etc.

Deeply familiar with all aspects of WordPress and popular plugins, worked with PHP.

Good experience with JavaScript, CSS, HTML
I had some experience with Java & Python

See my working tools below ↓
Primary Skills:
Professional Microsoft Excel & Google Sheets Development
Formula Nativity | Advanced VBA / Google Apps Script (JavaScript)
Full Automation | Workflow Optimization | Digital Integrations
Complex Calculations, Dynamic Conditional Formatting, Pivot Tables & Pivot Charts
Instant Actions, Macros, User-defined Functions, UI Forms, Data Scrappers, Web-connections, Data Backups, Emailing — any custom functionality
Automated Reporting and Data Analysis, Processing of Complex Datasets, Data Transformation, File Generation, Database Management, External Controlling
Data Summary & Data Visualization | Dashboards, Charts & Graphs, KPIs — professional, beautiful, clean & dynamic
Financial Modeling, Data Analytics Planning, Forecasting
Advanced Graphical User Interface (GUI) | Architecture Design | Elegant Workflows
Intuitive Designs | Best UX | Effortless Maintenance | Instant Results
Smart Decision-Making Tools, Solvers, Schedulers, Triggers, Alerts & Notifications
Business Tools, Trackers, File Processors, Bar/QR Code Generators 
Custom Calculators of any type: Business, Financial, Insurance, Fitness, etc.
Workflow & Data Integration between Microsoft Office Products – Word, PowerPoint, Outlook, SharePoint, InfoPath, OneNote
Interaction with WinApi | FileSystemObject (FSO) | ADODB (MS Access, MS SQL) | Web APIs
Workflow & Data Integration between Google Workspace (G Suite) Components – Admin Console, Drive, Gmail, Docs, Slides, Calendar, Forms, Sites, Keep

Additional Digital Skills:
Airtable • Google Data Studio • Power BI • Databox
Power Query • Power Pivot
Microsoft Flow • Zapier • IFTTT • Integromat • Automate.io
Power Automate • Automatic Mouse & Keyboard • FileMaker Pro 
Power Apps • App Sheet • bubble.io • Webflow • Telegram Bots
WordPress • HTML • CSS • JavaScript • PHP • SQL • Hostings • Domains
Trello • Jira • Confluence • Microsoft To-Do • ServiceNow
Canva • diagrams.net (draw.io) • Paint.net • Photoshop • Sony Vegas • DaVinci Resolve
Java • Python"
12736,"Creating a new company and successfully entering the foreign market with a turnover of 20 thousand dollars in the first year.
Experience: 
1)Co-founder and business manager design agency - Whales of Design
Lead projects team  (team 4-12 people);
Organization of business management and attracting potential partners at specialized conferences
Build relationships with external contractors and designer on a needed basis;
Resolving conflicts with the customer and maintaining orders from the initial to the final stage

2)Recruiter and manager
Staff recruitment
Quality control of work performance
partial organization of events - concert ""Ocean Elzy"", ""Atlas Weekend"",""Imagine Dragons
The desire to work in a large company with the possibility of intellectual and professional growth."
13078,"
Hi there! I'm Yelyzaveta, an accomplished and passionate IT professional with a diverse skill set and a strong track record of success in project management and financial expertise.

Professional Background:

With a solid background as an active Project Manager, I've gained invaluable insights into the technical nuances of project development, making me adept at resolving complex issues that elude the sales department.

Functionality:

In my role as an Business Development Manager, I bring a unique set of functionalities to the table:

1) Issue Resolution and Technical Expertise:
I have a natural inclination to tackle challenges head-on, leveraging my deep understanding of technical project development to address and resolve intricate issues that may arise during the project lifecycle.

2) Financial Management and Client Relations:
Adept at navigating financial matters, I skillfully manage interactions between the company and clients, offering additional special services and upselling supplementary solutions while addressing invoicing and time tracking inquiries with utmost professionalism.

3) Collaboration with Delivery Manager and Client-side Process Configuration:
Working seamlessly with Delivery Managers, I streamline client-side project management processes, ensuring smooth coordination, effective documentation, and seamless data exchange to deliver successful projects.

4) Project Resource Cost Calculation:
By meticulously calculating the cost of specialized resources for each project, I ensure that projects remain profitable and viable for the company, striking the perfect balance between resource allocation and profitability.

5) Overall Company Project Margins Calculation:
With a keen eye for detail, I analyze and calculate the complete project margins, helping the company gauge the overall profitability of its projects and make informed decisions for future growth.

With a genuine passion for delivering excellence in IT project management and financial solutions, I continually seek opportunities to add value and drive success.

Feel free to connect with me to explore collaboration and discuss how I can contribute to your projects!
I want to be part of the team.
I am ready to work, learn and bring results to teams and company.
My main goal is to grow into a highly qualified specialist."
13080,"
7 years of overall experience in IT.

As Business Development Manager:
-    Full cycle sales process: generated leads, qualified prospects, developed opportunities, closed deals;
-    Prepared contract documentation: Estimates, Proposals, MSA, SOW etc.;
-    Worked with different CRM systems (Salesforce, Zoho, Dynamics, Act!.) and email marketing tools (SendGrid, Reply, Outreach etc.);
-    Experience with different tracking systems (Jira, Trello);
-    Cooperated with different departments during pre-sale stage (recruiters, PMs, company executives etc.);
-    Elicitated clients' requirements during sales calls;
-    Was a key contact coordinating with PM and client to ensure everything was going smoothly on the project; 
-    Acted as the primary point of contact for the prospects during pre-sale stage (setting up and participating in tech interviews, gathering client’s feedback, working with the objections etc.);
-    Managed full-cycle E-mail campaigns;
-    Created marketing materials (case-studies, press releases, website content etc.);
-    Participated in screening and interviewing new team members of S&M department;
-    Tutored and educated junior team members (including remote teams in other company's offices in Ukraine and abroad);

As Business Analyst:
-    Client's requirements elicitation and evaluation;
-    Software Requirements Specification creation; 
-    Maintaining and updating project documentation; 
-    Communicating with the customer representatives and developers; 
-    User Guides preparation;
-    Creating UI Wireframes.
"
13146,"Dean honor list for outstanding academic achievements - American University in Dubai.

ISO22000 - Certified Internal Auditor
During the last 7 years, I worked in Ukraine and in several international companies around the world (Qatar, UAE, Lebanon) in various managerial positions from Assistant to project manager to Director of business development & production. 

First, due to my international experience, my English is fluent. In English can express any idea, compile a complex report, or make a product presentation. Also, I have experience in working with international documents (supply contracts, logistics, outsourcing companies contacts, etc.) and under NDA.

Second, during my management carrier under my direct supervision were up to 15 people (engineers, designers, and sales managers) and around 10 people from third-party service providers. I am used to deconstructing complex things into simple components and providing clear instructions about what to do and why.

Third, in my managerial work, I use 4 modern principles of management: plan, organize, lead, and control. To facilitate communication and cooperation in the team and with other departments, I actively use various programs and packages, such as Trello, Google documents, and others upon necessity.

Last but not least, I proved myself as a loyal employee since I spent with one of the last companies more than 5 years. I also have successful experience with personal projects in eCommerce and online news publications.

I will be glad to discuss my motivation and CV in detail.
"
13147,"Developed a partnership network with 150+ IT companies in Ukraine, Poland, Bulgaria etc.
Successfully managed more than 10 projects and innumerable support tasks.
I have 3+ years of experience in project management as well as about 2 years of experience as a business development manager in IT.
I am a versatile person with strong communication skills and curiosity to all new challenges. Lately, I have worked as a Partnership Manager in outsourcing/outstaffing agency. 
Among my tasks there were:
-	Meetings with the clients and the suppliers to help them understand the tasks and grow together.
-	Communication and onboarding of the clients.
-	Management of the team of developers and designers.
Trello, Notion, Slack, Agile, Jira, CRM, ActiveCampaign.
I would like to find a team where I can learn new thing and grow as a professional."
13148,"Established and maintained relationships with stakeholders to invest in the startup company that I’m working at the moment. Thanks to this, we could raise $30.000 in a week.
I have been working as a Business Development Manager and Fundraiser for the last 5 years now. As a business development manager were:

- Communicating new product developments to prospective clients
- Contacting potential clients to establish rapport and arrange meetings
- Identifying new business opportunities 
- Attending conferences, meetings, and industry event
- Developing goals for the development team and business growth and ensuring they are met
- Researching organizations and individuals to find new opportunities.

2) As a business development manager in the startup project my responsibilities were:

- Setting goals for the business development team and developing strategies to meet those goals
- Meeting with the stakeholders
- Training business development staff
- Researching prospective accounts in target markets

3) As a project manager in a state enterprise my responsibilities were:

- Determining and defining project scope and objectives
- Tracking project costs to meet budget
- Monitoring progress and making adjustments as needed
- Measure project performance to identify areas for improvement.
As long as we maintain a good team working in the company/project, It doesn’t matter whether it is a small team or a big project. Therefore my biggest expectation is having a condition to work as a team."
13149,"For the last 6 month working in a company - started 48 new interconnections with companies from Europe, CIS, America and Asia. Identified 5 fraud companies.
For the last 2y I've been managing projects with international partners, I've been working with clients (B2C) and companies (B2B) all over the globe (Europe, Asia, America, CIS, Africa). The last 1,5y I was working in telecommunications, managing interconnections processes and widening partnership network. Searched for new partners, negotiating, calculating business cases, fraud checking, conducting agreements, communicate with new partners regarding commercial/technical/legal parts of the project. Ensuring the interactions of new companies with all departments of the company. I worked in a computerized environment, Pipedrive CRM, Odoo, Confluence, Jira, Mattermost. Dealt directly with customers either by telephone/email/skype/LinkedIn, cold/warm calls.

Skills: Excellent communication and collaboration skills with structured thinking and the willingness to reach out to different customers. Stress-resistant and able to handle multi-tasking in a busy environment. Efficient and self-motivated. Problem solving skills. 

I'd like to find a job that will challenge and excite me. Communication, helping people, working in the international multilingual environment and project managing are what I'm passionate about.
The formalization of employment
Clear and respectful management, Training programs, English classes
Customer oriented culture
70% communication, 30% technical tasks
Ready to learn new technologies, tools, methods
I would like to work with a team of professionals who are in love with what they are doing"
13150,"As Business Development, Sales and Project Manager:
- Product creating - CRM. KRA: creating: business concept, ToR; roadmap; UX/UI; RM; commercial and social marketing strategies
- Developing commercial and marketing strategies for all companies’ products to create value propositions for new client
- Participating in developing a marketing strategy | KRA: brand promoting; loyalty; new leads; media, social companies, press
- Humanitarian project | Management implementation of IT solutions (value conception design, CRM, website, fundraising)
- Implementation of PM, BA standards, and methodologies into strategic corporate sales
- Manage 10 active customers and 40+ prospects and a total ARR of $1M (FMCG, Agro, Manufacturing)
- 15 deals closed in 1.5 years with overachievement success
- Developed account strategy for top clients in FMCG, resulting
in higher sales conversion.
- Annual involvement of 10+ clients (annual sales turnover €300.000)
- Creation and management of the partner relations/Involvement of 5+ partners a year/Sales turnover in partners network €220k a year
I am an accomplished Enterprise Sales Professional, Project Management and Business Development with a proven track record of exceeding goals, building profitable partnerships, and maximizing customer lifetime value. Have 9 years of working experience in sales, pm, and bd (Enterprise, B2B and B2C) in a team lead and manager position. I am an open-minded, motivated and curious person, eager to test my potential and not afraid of taking calculated risks. My colleagues and peers say I have a persuasive personality and am a creative, proactive, reliable, independent, perfectionist person. I like working in teams and I am an enthusiastic team player. I always listen to the advice of my colleagues and assume leadership for responsibilities and important decisions. I have a great ability to work independently with a positive attitude and great energy. Thanks to a strong solution-oriented attitude, I adapt and multi-task in a fast-paced and quickly changing environment. I always lend colleagues a hand and I am always ready to deal with new adventures and unexpected challenges with my excellent interpersonal and communication skills and an ""out of the box"" approach. During all my work experiences I improved my strong entrepreneurial spirit and change management skills.
I often was the team leader and was primarily responsible for the projects concerning sales strategies, product development, IT solutions implementation, trade marketing activities, and marketing and business plans in the Renewable industry, an Enterprise Tech and AgTech dynamic environment. In present as BDM at current job, I am responsible for the value creation of IT- solutions for the customers in the Agro. I improved my experience in Sales Strategy, Project and Account Management with a deep knowledge of Business processes and development, and Cloud Computing solutions (SaaS, API , Cloud Services). I enriched my innovative thinking for digital transformation and high-value selling, with persuasive communication and presentation skills. I achieved a consistent record of project and sales goals, implemented agile and waterfall methodologies, expanding market share, and increasing revenues with the capability to create strong relationships with colleagues, partners, and C-level customers.
Successful negotiations on the development and implementation of our and clients ideas, needs, cases are my aspiration for self-realization: the highest level of sales, project development, negotiation, success.
"
13196,"I worked with 3-4 clients at the same time on average, providing business development services to them. I also took part in the testing of an internal tool at my previous company and handled responses for 10 active clients at once (keeping those responses personalized). After promotion, I managed a team of 4 TLs + 42 SDRs in Mexico and Ukraine locations and was recognized as The Best Manager within the company every month.
I started my career as an SDR in the B2B field in 2019, then in 2021 moved to a Team Lead role, and in 2022 was promoted to an Operations Manager. I have experience in cold outreach for various types of clients via email/LinkedIn/calls. I'm passionate about business development but would also be interested in moving to a Project Manager role as this is a more client-facing position that requires more day-to-day communication with clients.
"
13382,"- Implemented the ERP system with high quality, on time, and within the budget in the conditions of many unknown and rapidly changing business needs. Implemented a new ERP system leading to: Reduction of databases from 13 to 3, reducing data exchange from 40 minutes to 2 and the full cycle from 3 hours to 15 minutes; enabling an increase in the number of concurrent sessions to 2500 users in one database; developing extensive productivity metrics with support threshold alerts; making data available on balances for all stores in one database
- Implemented the CRM Microsoft Dynamics in 6 months
- Implemented the Manage Engine Service Desk Plus for support level I and II, and projects
- BPMN 2.0   (certificated), Microsoft Project   (certificated), Jira, Confluence   (certificated), Agile, Scrum, Waterfall   (certificated), SDLC, ERP, CRM, Microsoft Office Suite (Power Point, Excel, Power BI, Visio, Access, etc.), WordPress, WooCommerce, in process of attaining PMP
Highly motivated Business Process Architect/ Project Manager with 10+ years of experience in delivering projects within scope, budget, and timelines.
Strong communication, stakeholder management, and problem-solving skills. Adept in using Agile, Waterfall or hybrid methodologies to ensure project success and customer satisfaction.
As a member of the PMI chapter, I have access to the latest project management resources and training
opportunities. I am currently working towards obtaining my Project Management Professional (PMP) certification,
which will further enhance my abilities to effectively manage projects.
looking for complex and interesting projects with a modern technology stack"
13461,"Chief Accountant of the Bank
Director of the bank
Implementation of software for treasury
Implementation of software for processing
Realization of software for agency sales
Maintenance and management of the development team up to 10 people. Creation and maintenance of automation products of banking activities from scratch.
The assignment of the assignment with the customer and setting up a task for development with subsequent testing and implementation to the customer. The work experience of the head is more than 10 years. They are again in the implementation of complex projects.
Further development, new projects and directions. Getting experience in an international company."
13475,"During the work as a Business Transformation Manager:
- Increase the company three times for 1 year (from 12 team members to 36);
- Increase the quality of delivery (bag reports from clients decreased by 80%);
- The margin of projects increased by 27%;
- Implement parallels processes as result decrease terms of delivery projects;
- Increased the number of projects which we delivered.

During the work as a Head of PM:
- The developer workload indicator was improved by 20%. As a result, downtime between projects has been reduced to near zero and revenue has increased.
- Increased the company's profit by 40%

During the work as a PM:
- Developed, and implemented a common standard for the team's Time-tracking: improved estimates of developers; the number of projects where developers went beyond their estimates was reduced to almost zero.
1-year of experience as a Business Transformation Manager at a Digital studio (Projects: e-commerce (Shopify), woocommerce, and creative projects with different animations, and designs)
- Analysis of business processes and workflows to identify bottlenecks for next improvements;
- Prioritization and implementation of the plan of transforming business processes
- Preparation and control of general company documentation
Heading of PM team: training of managers, reviewing difficult situations and problems on projects with PMs;
- Hiring and interviewing new employees: QA, managers;
- Performance reviewing staff, making personal growth plan with HR and team leads
- Operation management of a team of 35 people (PMs, front-end developers, back-end developers, QA, designers, sales managers)

2,5 years of experience as an IT project manager.
1 year 10 months in the position of Project Manager, 8 months as a Head of PM.
- Extensive experience working with Front-End and CMS: WordPress, Kirby.
- Understanding of the cycle and stages of web development.
- Invented, developed, and implemented a common standard for the team's Time-tracking.
- Implementation of OKR methodology on the management level to achieve company goals
- Management of a team of 17 people (2 managers and 15 developers)
- Training project managers from scratch.
- More than 40 successfully launched projects (websites).
- Experience in manual testing.
- Experience in web design (3 myself projects and 1 commercial project)
Looking for new opportunities in a great company with a super team.
Interested in trying myself in product development.
Also, interested in trying myself in a game dev company.
I want to develop myself as a specialist in different directions, interested in transforming business processes to work toward company advancement."
13477,"Key achievements for all time:
- Implemented more than 20 projects as Head of Business analytics
- The process of managing projects within the team and with the customer has been developed
- Successful cooperation with TOP clients in the banking segment of Ukraine, including: Alfa Bank, Ukrsotsbank, Aval Bank, Bank Credit Dnipro, Idea Bank
- Developed and implemented segmentation of loan portfolios. Work efficiency increased by 8-10%
- A scoring model based on 50+ indicators was developed and implemented. After that we knew what should be paid attention to in order to increase efficiency, and what it is completely inappropriate to spend a resource on. Costs reduced by 15%, efficiency increased by 20%
- Combining into a single cohesive team two opposite directions - a call center and lawyers
Hello!

I am the Head of business analysis in an IT company with 4 years of experience.
Prior to that, I held the position of project manager in a financial company for 4 years.

Key competencies:
- I am good at systemic and critical thinking;
- I know how to build communication;
- Creative and flexible to change;
- I strive for the ideal, a perfectionist;
- I have the skill of strategic planning;
- Proactive leader;
- Team player.

Responsibilities:
- Setting tasks for the BA team, developers and monitoring their implementation 
- Sprint planning, workload distribution among employees;
- Optimization and control of worker processes;
- Collection of requirements and their formalization in the SRS;
- Formation of labor costs and resource planning for project implementation;
- Description of instructions for users and software administrators.
I am looking for a company with interesting projects, modern approaches in project implementation.
One of the most important factors is a close-knit team of professionals focused on results"
13537,"
Training and internships for new staff in the company.
Coordinating the tasks to ensure the development of the projects.
Managing a team of junior customer service representatives.
Setting goals and objectives for the team; meeting ongoing deadlines; closing
cross-tasks; providing knowledge about new products and monitoring working
groups/chats to present new information to the team.
Preparing monthly reports (KPIs) on the work of subordinate operators;
preparing analytical data for further planning of work processes.
Analyzing problems and developing recommendations for their elimination that
were identified when using the product/service.
Communication between departments of the company in order to provide a
quick and high-quality solution to the issue; find the best solutions for each
customer inquiry.

Online customer support/consultation; handling a wide range of customer
requests (chats, tickets, messengers, and social networks).
Delivering outstanding customer service by successfully responding to
questions and queries, showing your passion and responsibilities.
Communication with clients from English-speaking regions (India, Australia,
Canada, Nigeria, Pakistan), closing complex service issues and solving current
problems.
Use of CRM systems in different directions.
Implement proven experience in delivering exceptional customer service, turning
problems into solutions.
Able to quick adaptation to new programs (CRM) or changes in work.
"
13893,"I am proud to highlight the following accomplishments in my career:

- Achieved the milestone of generating the first $1,000,000 in revenue within a span of just 9 months.
- Successfully built a highly efficient lead generation and sales team within a timeframe of 4 months.
- Implemented the OKR (Objectives and Key Results) and KPI (Key Performance Indicators) frameworks to drive performance and track progress effectively.
If your company is in need of someone who can:

- Lead the B2B sales and business development process, from lead generation to customer support.
- Manage teams of sales, BizDev's, and account managers.
- Negotiate and clinch deals successfully.
- Handle the planning and budgeting process effectively.
- Manage partnership programs.
- Serve as an advocate for your company's products.

I am confident that I can be a valuable asset to your organization. I am open to personal meetings as I believe it is the best way to discuss potential opportunities in detail.
"
13897,"
During my four-year tenure as a Commercial Director at an international trading company, I had the privilege of leading a talented team and playing a pivotal role in the company's growth and success. 
As the Commercial Director, my primary responsibility was to oversee all commercial activities and strategies for the company. This involved managing key accounts, negotiating contracts with suppliers and buyers, and establishing strong relationships with international partners. I worked closely with various departments, including sales, marketing, finance, and logistics, to ensure seamless coordination and alignment across the organization.
"
14744,"In production, I built management resource system according to the principles of MRP II, thereby eliminating the OOS of raw and materials, increasing the efficiency of production planning, and minimizing the occurrence of force majeure.
In a chain of grocery and electronic supermarkets, I oversaw and automated all operational activities, from the administration of basic corporate directories to the management of marketing promotions and loyalty programs.
In logistics centers, I implemented address storage, accounting of goods consignments, WMS, which made it possible to minimize the errors of performers in the warehouse when selecting / placing goods, when picking orders, and to increase the service level.
In distribution companies, I developed and implemented S&OP, WMS, SCM, BI, etc. systems, which led to increasing of business efficiency.
I have spent half of my life managing changes in large trading and manufacturing companies. I manage projects at the intersection of business analysis and system analysis; act as a project manager or process owner (warehouse logistics, supply chain management, production management, sales/shipping/production/supply planning, budgeting, etc.). I designed CIS, consolidated accounting, developed and implemented systems of various specializations (MRP II, ERP, WMS, CRM, BI, MDB, etc.). I organized specialized divisions, led groups of programmers and analysts up to 20 people. During the last year I managed IT projects in four countries remotely (established and consolidated management accounting).
I will give preference to a company that works on the principle: ""If you don't know what to do, ask an analyst."" I have been solving problems and correcting other people's mistakes for many years. I hope that the company will generate new mistakes not as fast as I will fix the old ones."
14862,"- built company from scratch; 
- formed an effective team, fulfilling the annual plan for 7 months
- increased revenue growth by 102%, the company’s net profit by 58% of the planned indicators
- developed rebranding strategy, which allowed to form new structure and regulations; 
- optimize business processes, as well as reduce costs by 30%
11+ years of deep expertise in business and project management: 3+ years in Innovative Technologies and Entertainment Industry, 8+ years in Media and Fashion Business.
10+ years of expertise in people management – from 5 to 500+ persons.
Strong experience in building operational processes from scratch and operations management, business
processes systematization and automation skills, digitization of documents, planning and financial performance management. Extensive experience in managing international projects and teams from France, Italy, Great Britain, UAE, USA, Germany, Saudi Arabia, Spain.
"
14882,"Founded two software startups, acting as CEO within various business roles (HR, finances, tech development, legal, marketing, fundraising, business partnerships, etc.).
Successfully launched various web and mobile products for local and international companies, taking them from the concept phase and technical implementation to the marketing stage. 
Created (research-evaluation-concept-implementation) product tailored marketing strategies, including referral programs, cash back campaigns, offline partnerships, etc..
Project and product manager with 7+ years of experience in
local and international IT companies; founder and CEO of two software technology startups; blockchain & exponential technologies enthusiast; innovation, optimization, and automatization activist; marketer & growth ninja; results-driven and deadline oriented entrepreneur. Took key management roles in 10+ IT projects (web + mobile), acting as the main coordination point for both internal and external stakeholders. Led technical teams towards successful roadmap implementation within allocated resources. Worked within fast-paced, ever-changing, dynamic and agile business environments, managed cross-functional local and remote teams. Right now, I am open for rare and exciting opportunities for personal growth and career development with an ambitious business or organization that wants to grow by making a positive social impact through great revolutionary products.
I am generally interested in projects that pursue a beneficial social impact and products that disrupt old and inefficient ways of thinking and working. Fintech projects and products are to be avoided unless they deal with blockchain transformation.
Career development opportunities, working environment and social corporate culture play an important role when choosing the partner for my next cooperation."
14890,"
Business Analyst
My responsibilities include:
 Collection, consolidation, analysis and documentation of
requirements for 1C Enterprise
 Oral and written communication with company employees
 Analysis of business processes and their documentation
 Optimizing the work of 1C Enterprise
 Interaction with 1C developers

CEO | Business Analyst | Project Manager
My responsibilities include:
 Collection, consolidation, analysis and documentation of client
requirements
 Verbal and written communication with local and global
development teams
 Partial participation in project management, coordination and
interaction with other teams
 Development of analysis methods of marketing costs and their
effectiveness
 Development of technical tasks and functional responsibilities
for the entire period of project development
 Research for new approaches to optimize existing processes
 Work with CRM systems for data collection and analysis
 Launch of a charitable NFT project 
 Market research, Building SEO structure, UX prototyping, team management for these projects:

Project Manager | Business Analyst
My responsibilities included:
 Collection, consolidation, analysis and documentation of client
requirements
Стр. 2
 Development of SEO structure and Usability of website design
 Coordination and interaction with other teams
 Development of a marketing strategy
 Search for new approaches to optimize existing processes
 Development of a CRM system for data collection and analysis

Owner | CEO | Business Analyst
My responsibilities included:
 Dissemination of information about Internet opportunities
 Business model development
 Development of SEO structure and Usability of website design
 Organization of the company: documentation, hiring,
distribution of functional responsibilities
 Development of a marketing strategy and work on marketing
campaign
 Search for new approaches to optimize existing processes
 Development of a CRM system for data collection and analysis
"
14906,"
Positions:
Development director (in the field of restaurant business)
Political worker 
Project manager, organizer, head of Partnership department, PR specialist
Business owner, director

Years of experience: 6 

Briefly about me:
During the month, earned more than UAH 10,000,000 for the company through partnership activities.
Led a team that increased the company's revenue 10 times over the year - from UAH 100,000. up to UAH 1,000,000.
Successfully systematized and automated processes in the company, implemented 45 indicators of staff efficiency, task management for project work, which increased the level of income and the percentage of project completion.

Ukrainian - fluent
Russian - fluent
English -B2 \ C1
German - beginner
Spanish - beginner

Education: Bachelor of International Relations
"
14907,"-Transformation of businesses and departments into a systematic form (multiple MBA courses attended)
-Leading products that make userbase grow at 10%+ per month
-Managing crypto portfolios with market neutral strategies at 5%+ monthly profitability
-Raising funds for fixed income allocation, ventures and directional trading
-Creating algotrading bots (as a product owner and a manual trader, not a coder) for allocating portfolios of bitcoins and $ in order to make 50% profits p.a. with not more than 5% of assets at risk in any point (5% equity drawdown is the worst case scenario)
-Proved forecasting of stock market direction and crises forecasting as well as EUR/USD and oil price direction for 1 year upfront
-Capable for the studies, respectful, friendly, meticulous, responsible, persistent, dedicated, energetic, comradely, best result oriented and sharp
-Technologies: websockets, REST, API, python, excel macros, VPN
-Software: ClickUp, Coda, Jira, Confluence, Slack, Miro, Teams, Discord, Zoom, Bloomberg, Ctrader, Metatrader, TradingView
Started my career in 2008 in investment banking where grew from Analyst to Portfolio Manager.
Received 2 years of experience in BD in classical bank in B2B sales.
Moved to crypto in 2013 where started my own hedge fund.
In 2017 began my IT career with developing algotrading bots at crypto exchanges.
In 2021 joined a well-known crypto exchange where grew from Business Analyst to Product Manager and Head of Liquidity. Participated in such products as Listings and Liquidity.
Aim to develop further as CEO /Head of Product / CTO / Head of Sales with more responsibility and room to grow.
I do not want to join companies where Principal-Agent problem is not effectively solved"
14914,"
CEO / Project Manager in LLC «ДБК-7» (2017-2022):
• team building and its coordination;
• projects support through the life cycle;
• negotiating at all levels; • contractual processes;
• permitting documentation in state bodies;
• tenders (participation and holding)
• planning, budgeting; • analysis and work with risks;
• organizing and conducting meetings;
• marketing • reporting • commissioning.

Deputy Head of the Own Forces Department in LLC «KAN BUD» (2012-2017):
• planning and coordination of dep. and construction sites activities;
• implementation ideas of how to min.costs and max. profits;
• work processes optimization; • analysis of financial activities;
• budgeting, tenders, contracts, estimates;
• “КБ-2” verification and approval; • procurement management;
• work with contractors and project organizations;
• deadlines planning and control;
• the pricing policy checking and adjusting.
"
14916,"Вошел в рейтинг лучших молодых медиаменеджеров Украины, который проводил Talent Advisors и mmr.ua в партнерстве с PwC
http://mmr.ua/show/objavleny-rezultaty-rejtinga-molodyh-mediamenedzherov/37335#1503218104.1518445700
8+ years experience as a CEO company CitySites (citysitesglobal.com) with more than 200 employees, and 115 branches in seven countries (e.g. 057.ua, inalmaty.kz,  comoros24.com,  vilniuje.info)


The presence of leadership and management skills. Experience of managing a team of up to 200 people. High self motivation. Team player. Work on the result, persistence. Pro active position. Management skills in active sales (search field of customer service, presentations, work with objections); staff recruitment and training. Experience in the creation and development of major projects. Drive companies to new markets. Preparation and writing of all necessary documentation, business process analysis and modeling for the development of the company. Successful experience (SEO, Internet Marketing, PPC, SMM). Project management.
"
14930,"Achievement_1: Successfully Reversed Client Dissatisfaction and Expanded Project Portfolio for the company

Inherited two projects with Siemens as the client, facing significant dissatisfaction due to previous management. However, through dedicated efforts and strong project management skills, I successfully turned the situation around. By addressing concerns, managing timelines, resources, and budgets effectively, I exceeded Siemens' expectations, delivering both projects on time and within budget. The exceptional quality of work reinstated Siemens' confidence, leading them to recognize our team as the most professional they had worked with. This achievement not only secured their continued cooperation but also brought additional projects, expanding our company's portfolio.

Through this accomplishment, I demonstrated my ability to navigate challenging situations, fostering long-term partnerships by consistently delivering successful projects with high standards of quality, on time and within budget.


Achievement_2: Successful Growth of Junior Teams into Skilled Mid-level Professionals

Under my leadership, I developed and implemented a comprehensive training program for two teams consisting of junior members with no commercial experience. Over a period of six months, I provided guidance and managed the program, which included task management, simulated commercial projects, and case studies. Through my efforts, both teams successfully transitioned from junior to mid-level professionals.

The training program focused on honing skills in .Net and NodeJS, preparing the team members for real-world commercial projects. Despite having only six months of experience, these individuals showcased exceptional competence, delivering results on par with their counterparts who had two to three years of experience.

This achievement demonstrates my ability to effectively mentor and develop junior teams, enabling their growth and successful integration into commercial projects as skilled mid-level professionals.


There are few more achievements that I am not able to paste here, due to the text amount limitation, but I will gladly share them during prite conversation.
I am certified Project Manager, Scrum Master and Team Leader with 3+ years of experience. I have a proven track record of working with big demanding clients such as Siemens, delivering successful projects on time and within budget, with a high quality of work and project end result. I have a good experience in managing project timelines, resources, and budgets while ensuring high-quality deliverables. I am skilled in creating project plans, setting team goals, and delegating tasks to ensure that all team members have the necessary resources and skills to successfully complete the project. Additionally, I have experience in monitoring team performance and identifying potential issues, taking corrective action as necessary to ensure the project stays on track. I am adept at managing project stakeholders' expectations and providing regular updates to keep them informed about project progress and any issues or risks. 

Previously, worked as a Business Analyst ~2 years. I have experience in gathering and translating client's business requirements into user stories and process diagrams, as well as communicating those requirements to the development team. I have also collaborated with UX teams to ensure that the design is compatible with the client's business requirements. In this role, I have moderated and facilitated meetings and workshops with clients, identified challenges, and recommended improvements to the project.

As a Quality Assurance Engineer (~2 years), in the past I had experience working on two projects - the Medical Project and License Project. I have contributed to the development of a clinical communication tool that combines secure instant messaging with medical images and a product that allows identifying the licensed areas of the code of any project. My responsibilities included ensuring that these products meet the necessary quality standards and specifications.
"
14932,"Blue Prism Professional Developer certificate
- 5 years of experience as an RPA developer
- strong skill set that includes identifying process scope, building robust architectures, executing end-to-end development following industry best practices, maintaining processes in production, providing technical support, and producing detailed documentation
- delivered a complex RPA/data processing solution for an international client, and successfully rolled it up into different regions (Europe/Asia/Australia)
- successfully led an RPA team as a Project Manager, delivering automation solutions for a global EU client

In addition to my RPA background, I have also worked as a Node.js back-end developer, utilizing technologies such as Express.js, MS SQL, and Sequelize ORM, to automate the monitoring of Blue Prism processes for a web solution. This experience has further enhanced my technical proficiency and broadened my skill set in the field of automation.
"
14939,"Achievements:

Project Leadership in a Complex Program: As Scrum Master, successfully guided a challenged project within a large program. Identified issues and bottlenecks, implemented process improvements, and timely addressed resource constraints, ensuring on-time delivery and program adherence.

Promoting Agile Knowledge Sharing: Actively contributed to Agile community events, sharing expertise on topics such as Agile metrics analysis, Scrum-Kanban integration, effective Retrospectives, and Agile certification preparation.

Valuable Agile Certifications: Earned distinguished Agile certifications: Professional Scrum Master II (PSM II), Professional Scrum with Kanban I (PSK I), and Kanban System Design (KSD).

Dual Role Success: Demonstrated excellence as both Scrum Master and Resource Manager for a team of 34 members, achieving outstanding results in project delivery and people management.

In summary, my achievements showcase effective project leadership, commitment to knowledge sharing, valuable Agile certifications, and adeptness in dual roles. With a track record of success in Agile methodologies and a focus on continuous growth, I am poised to drive excellence in any Agile-based project.
Experienced, certified, and self-motivated Scrum Master with a track record of over 8 years of excellence at the world's biggest IT company. Highly skilled in Agile methodologies and Kanban, demonstrated through successful implementation of Scrum frameworks from inception. A proven leader, adept at coaching and mentoring teams to achieve optimal performance. Proficient in leveraging various Agile/Scrum/Kanban practices to drive project success. Skilled in collecting and utilizing diverse Agile metrics using tools such as PERF, Azure DevOps, Jira, and XLS.

Beyond Agile expertise, possess a comprehensive understanding of Project Management activities, encompassing project timelines, resource planning, road map creation, risk management, hiring and staffing initiatives, and regular project status reporting to clients and EPAM management. Proficient in managing stakeholders, scope, prioritization, and ensuring team performance remains at its peak.

The combination of hands-on experience, certification, and a results-driven approach underscores my ability to navigate complex projects, streamline processes, and deliver exceptional results within a collaborative and dynamic environment.
I am eagerly seeking a challenging and dynamic role as a Scrum Master or Project Manager in an organization that embraces Agile methodologies. My ideal project will provide me with the opportunity to leverage my expertise and experience to the fullest. I am keen to be part of a team that values collaboration, continuous improvement, and innovation, while striving for excellence in project execution.

In this role, I envision working closely with cross-functional teams, ensuring a seamless and efficient Agile process that fosters a culture of transparency and adaptability. I am excited about the prospect of guiding and mentoring teams to achieve their full potential, while facilitating Scrum ceremonies and implementing Agile best practices to drive successful project outcomes."
14947,"Certifications:
PMP
PMI - ACP
PSM I
Outcome-focused Program Manager (PMP, PMI-ACP) and Professional Scrum Master I (PSM I) with 8 years’ experience of leading development teams. I have a long track record of delivering web, mobile and API projects for the clients from the USA, Great Britain and Western Europe. Experienced in managing delivery cycle for small, middle-sized and enterprise level companies.
Skilled in process development, people management and problem solving. Effective in collaborating with project teams, senior management and key stakeholders. Focused on building long-term relationship with clients by providing transparent and professional communication.
1.	Little or no bureaucracy
2.	compliance with work-life balance
3.	Personal and career development
4.	Competitive Salary"
15180,"
- Participated in managing a team of project managers and IT developers.
- I have experience in implementing Cloud Jira in the company for many employees and building projects based on Cloud Jira.
- I have practical experience in training employees to use Cloud Jira.
- Had experience in implementing controls on the contemporaneity of working time records.
- After the introduction of Cloud Jira, a project was created to support the participants of the apartments in working with the system.
- I have practical experience in building a working Service Desk system ""from scratch"".
- There is experience of working with a team of 10 or more people under supervision.
- Participation in the testing of the mobile application for ordering food.
- Testing and searching for bugs in the Service Desk system.
- Testing of the website of the training company.
- Management of the Service Desk system implementation project.
- Development of business processes in the company.
- Participation in audits for compliance with ISO 9001, ISO 27001, CISCO Golden Partnership,
- Management of the Pearson VUE certification center modernization project.
"
15240,"SAP ERP R/3 (SD, MM, PP, FI, CO) + BI (BO) + AI (ML+DL) Implementation. The first book in (SAP + AI) was published in USA only 2 years later after our work (in Sept. 2019 by O'Reilly). It is the most complex project among all possible IT Development Projects in any industry in any country, including any double AI + triple Big Data. 

Repeatedly managed Data Science Teams Members with PhD.

Scientific interests are: management, modern inductive logic, causality, evidence, philosophy of science, control systems, system analysis.
Working experience in IT (and not only) more 15 years:

C-level: Chief Operating Officer, Chief Financial Officer, Chief Strategy Officer, Chief Performance Officer.

S-level: Senior Project Manager, Senior Business Analyst, Senior (Lead) Data Scientist.

Worked with Team members from: Ukraine, Russia, USA, UK, Germany, Turkey, India, China, Belarussia.

Projects: Antonov, MoSi GT Engines, ERP (SAP ERP R/3, MS Axapta, MS Navision, QuickBooks EE, Sage Line 50, all 1C), BI (SAP BO, Dundas, PowerBI, BIStudio, IBM Cognos BI, Tableau, Qlick), many CRM Software, AI & Data Science (Business Statistics, DS & ML for Business (Management, Marketing, Sales, Distribution), Text Mining, NLP, Recommendations Systems, Fraud Detection, Clinical Trials and Diagnostics, Drugs Development, Games Analytics, Computer Vision, Deep Learning, Object Detection, Text Recognition from Images in CV, SparQL, Geolocations from main Geocoders, 3D Modelling, R, Python, SPSS, MiniTAB, SAS, JMP, OriginPro, Statsgraphics), Digital (On-line) Marketing, Web Development, Developers and Teams Performance Management and Code Metrics.

For serious companies and projects ready to use main 60 project management forms from PMI (PMBOK 6) in PDF or Word. Also ready to use dozens of BOKs (not only BABOK and PMBOK as any BA and PM). I have hundreds of books in English in Data Science, Project Management (including Agile (SCRUM - Kanban - Scrumban - SAFe - LSS)) and Business Analysis.

Education: Higher Technical and double Higher Economical.

Scientific Degree: Ph. D., twice Post-Graduate (Engineer & Economics).

Ready to work as: CFO, COO, CPO, CMO, SPM, SBA, SDS. 

The Data Scientist's work is to analyse and to mining collected data and to develop the data models, the Data Engineer's work is to collect data from various sources for Data Scientist's analysis. Data collecting must not be confused with the data analysis and mining, how it is done in Ukraine. Data Scientist IS NOT! equal Data Engineer. Data Engineer works for Data Scientist.

For foreign companies and developers teams ready to establish your IT Development Department in Ukraine (Kharkov).
Something challenging in IT development and (or) Data Science (AI, Machine Learning, Deep Learning, Time Series). Ready to raise your any business to higher level by Data Science (AI) for Business and Modern Business Management (AI + Strategy + Business Model + Business Processes + Orgstructure-Teams + Business Metrics). And expect long lasting projects, preferably at product company."
15339,"
I have six years experience with Facebook Ads, two years experience with Google Ads, one and a half year with Yandex.Direct, a year with myTarget and VK ads.

The main goals of advertising campaigns were:
- grow Facebook / Instagram / VKontakte pages
- grow Telegram / Viber channels
- grow Youtube channels
- increase traffic to sites
- increase sales of grocery online supermarket products
- drive app installs (Google play / App store)
- get maximum income from traffic arbitrage
- players retention for social casino

As a manager, I have been leading a team that has been growing and monetizing communities on various social networks and messengers for 3 years.
"
15419,"Manager with solid business experience, with 8 years of experience in the telecom sector, mainly focused on enterprise large systems. Developed new solutions from idea to successful implementation.
Work experience:

+NDA, Chief Operating Officer, Ukraine (Sept.'20 - now) 
Responsibilities:
- Management and control of the operating activities of the company and its divisions;
- Formation of strategic goals, development and implementation of business plans, assessment of possible risks, optimization of business processes;
- Achieving strategic goals;
- Working with a team, building processes;
- Product promotion.
---------------------------------------------------------
+NDA, Project Manager, Scrum Master, Ukraine (Mar.`20 - Sept.'20)
Responsibilities:
- Management of the company's financial result;
- Monitoring the execution of budgets and the company's cost optimization plan;
- Ensuring the smooth operation of the company: telemarketing, order processing service, design department, IT, accounting and finance;
- Quality control of performance of works according to service contracts;
- Attracting new clients, projects to the company, and launching them;
- Effective communication with customers;
- Daily coordination of the work of employees, setting tasks, deadlines and monitoring their implementation;
- Development and control of the application of regulatory documents: instructions, rules, standards, contracts;
- Record keeping, internal reporting;
- Working with a team, building processes;
- Product promotion.
---------------------------------------------------------
+Head of sales Department, Ukraine (Sept.`18 - Mar.`20)
---------------------------------------------------------
+TeamLead, Dealer Department, Kharkiv, Ukraine (Apr.`16 - Sept.`18)
---------------------------------------------------------
+Head of Corporate Sales, Eastern Region, Ukraine (Nov.`09 - Apr.`16)
It is always important for me to work with people who are positively disposed and ready to go jointly to the set goals, to achieve them, to enjoy joint achievements."
15425,"- Implemented an effective system for achieving the company goals from strategic sessions and financial planning to a decomposition to small daily tasks.
- Created a corporate culture with elements of gamification, which leads to a desire of each team member to do everything in his/her power to achieve the goals. As a result, three B2B projects were implemented in parallel in two countries, 4 new products were created - within 6 months.
- Implemented a system culture of continuous learning
- Automated different processes using various tools (1C, CRM, bots, Jira, Slack) in HR, procurement, production, project implementation, customer service, finance, Sales.
- Implemented Scrum for a team of 200 people in several countries using Atlassian products - Jira, Confluence, Slack.
- Launched a KPI system that allows  to track the efficiency of each specialist and team with an impact on financial motivation.
- Managed the implementation of three major projects in the B2B segment (from product creation to launch at the client and further support)
- Managed getting of loans in a short term for a complex product.
- Closed long-term overdue receivables with several clients in total $200,000.
- Managed the launch of production line: negotiations and conclusion of contracts with contractors, management of the launch process.
- Created an effective system for launching new projects, which allows to calculate budgets / risks / strategy and make management decisions
I’m an experienced executive manager in operations, business development, and employee relations with a huge background of 10+ years as the right hand to the owner and Chief Operations Officer in such businesses: IT, Consulting, IoT Products, Horeca, Manufacturing, Parcel Locker Chains, Logistics.

Main SKILLS:
— Planning: OKRs, SMART, decomposition
— Project Management: Agile, Scrum, Kanban, Less, Waterfall, Safe
— Project Delivery: negotiations, finance reports (plan/fact), execution, risk management, problem-solving, legal support, B2B sales
— Executive team management: coaching, leadership, cross-functional teams
— Finance management: PL, Cashflow, Forecasting, Unit Economy, Accounting
— Team Building: Recruitment, HR, Talents development, Compensation & Benefits
— Operations Management: Team culture, KPI, Motivation systems
— Business Development and Scaling
— Automation: Peopleforce, Pipedrive, Jira, Confluence, Slack

I can help with lots of challenges, mainly in: 
1) Starting a new business or scaling it to a new country
2) Launching a new direction in a Company, and leading it to efficiency
3) Getting away from manual team management
4) Structuring processes and implementing automation
5) Managing complex projects where many cross-functional teams are engaged
6) Implementing a champion culture in a company
7) Creating stable and working planning with the help of strategic sessions, OKR, SMART, and day-to-day activities
8) Implementing KPI, metrics, and motivation systems
9) And of course, teaching how to do all these things
"
15426,"* 15+ years in IT;
* development of finance-related projects (binary options, Forex, cryptocurrencies);
* remote management of a team ;
* simultaneous work under multiple projects;
* building and maintaining of operation processes within the company.
15+ years of experience in IT:
- almost 10 years as a Remote PM;
- 4 years as Remote COO;
- 1,5 years as Advertising and Marketing Manager;
- 4 years as Software Tester and Reviewer;
- 2,5 years as Support Service Representative;

Projects: review websites, Forex, binary options, cryptocurrencies
Customers: UK, Canada, USA, Europe
Interesting projects, application of new technologies, high salary, career growth opportunities"
15474,"I am a very fast learner, which helps me to complete even tasks that I have not encountered before in a short time. 
With my previous company I have managed to raise sprint completion rate from 55% up to 117$% with the average of 101,5%. Also I was the only PM capable answering technical question on tokenization.
Previously built a social platform for fans with 
I managed to solve all the tasks for registering and servicing a company in the eurozone even though at the time all the Ukrainian citizens were under strict control. The company was hit hard by the coronavirus and the subsequent pandemic, but I managed to cut the budget and keep the size of the team that allowed the company to go further with fundraising and acquiring new clients.
Briefly, for the past 2 years was working with Visa and Mastercard tokenization, managed to expand my knowledge in cryptography was managing a team up to 11 people defining priorities and managing planning ( though I believe that the number is much less important if the processes are built right).
2 years before, I've been leading a high-load project using AWS-based serverless architecture. Node.js Vue.js React.js React native.js was used to create the final product. As a part of this project, I was involved in all organizational activities, from managing a team (up to 6 people) and building a product, to registering a company in the eurozone, coordinating the opening of accounts, agreeing Privacy Policy and other documents with lawyers, searching for clients, etc. Of course, Agile methodology was used in this context. We built a product that has B2B and B2C sides, brought it beyond the breakeven point. Worked with MAU,ARPU,CAC,Churn/Conversion and retention rates.
If your project needs initiative, creativity and new ideas, I will be glad to join. I am interested in projects in sports, lifestyle and potentially healthcare - a priority for product companies."
15519,"Started projects and all technical infrastructure from scratch, building and hiring teams (20+ people in development teams: programmers, administrators, Q&A's), working on budgeting and strategy developing. Office infrastructure architecture and supporting, security issues development.
12 years professional experience in Internet technologies. 5+ years in management. A lot of projects development with the various levels of difficulty. There are a lot of projects with high loads between.

Working on different markets (USA, Ukraine, Russia, Kazakhstan, Azerbaijan, Georgia), with different clients gave me valuable experience of software development in different environments.
Looking for projects within fast-growing markets or fast-growing environments that could bring new challenges in my professional growth. Will prefer startups and relocation for the new experience."
15524,"Established and streamlined DevOps, Backend, QA, and Frontend teams. Directed enterprise applications and monitoring architectures planning and execution. Spearheaded distributed teams across time zones and countries.
17 years of overall experience in the enterprise projects and 11 years of engineering leadership, 8 years specializing in the banking, healthcare, robotics, automotive sectors, the background includes software developing, build the architecture, API integration, project planning, and team building. Database and data design, data warehousing planning. Communicate complex concepts to different technical and non-technical people from stakeholders, business, sales teams to QA, Development, DevOps. Can explain complicated topics with simple words.

SKILLS  
Technical:  
•	Development: Java, NodeJS, PHP, Bash, Python, Angular
•	Databases: SQL, NoSQL, DWH, PLSQL
•	Software Architecture – Microservice, Messaging, Legacy Wrappers
•	DevOps practices: Docker, GitLab, GitHub, Jenkins, Bitbucket
•	Cloud: AWS, Azure, GCP, less DigitalOcean
•	Monitoring: Splunk, ELK, Grafana, Prometheus, Nagios, Zabbix
•	Web: Apache, nginx, tomcat, grassfish
•	OS: Linux (deb, rpm, apt), Windows, MacOS 

Management:
•	Frameworks: Waterfall, Agile (Scrum, Kanban) , SAFe, XP
•	Risk management, Project estimation and planning, Presales 
•	Team building, hiring, managing.
•	Documentary: MD, Wiki, Confluence
•	Tickets: ServiceNow, Jira, Trello, Redmine
Find a role where I can make a significant impact on product development and user experience, striving to simplify and improve the product to meet the evolving needs of consumers.
Also looking for a position that will allow me to leverage my skills in project management and data analysis to streamline processes and contribute to product improvement, ultimately enhancing user satisfaction and business profitability."
15589,"- I created from zero an IT service that serves a modern holding company and supports thousands of corporate users.

- All my projects were successful. The largest scope of the implementation project was 34 companies and branches with ~ 20 000 staff within a radius of 250 km (completed in 8 months).
CIO, PM, Business Analyst
SAP ERP, OEBS, Hyperion, Parus, 1C or custom software.
MS Project, Jira, AzDo, Clarity PPM, ConnectWise Manage, etc. (Agile, Waterfall or Hybrid)

I'm experienced with large Ukrainian and international companies in IT, consulting, oil production/refinery, fertilizers, mining, insurance, and NGO. I directly supervised 65 employees at the same time. In my largest project team were about 250 FTEs. Excellent stakeholder management experience. 

I have successful work experience with business transformations, personnel optimizations, reducing costs, and protection of information assets from the interference of enforcement agencies.
To become a valuable player on your team."
15679,"знанням кітайської, італійської, англійської
Hello, my name is Daria, and I have experience working with foreign partners, experience in international communication, has lived abroad for seven years, in China and Italy. I have a talent for epistolary art, a creative mind with serious intentions, who demands of herself and others results in work and projects. I can teach, delegate and educate. I possess a natural taste in beauty and style, as well as a developed intuition in interpersonal communication. Was employed as a theater critic, art manager, and journalist. Have visited 23 countries around the world. I speak five languages. A responsible and hardworking person. I am looking for a job and ready to start my career journey urgently. After three full-time higher educations in three different countries, I realized that time I have spent studying and working in various schools and companies has come to the end. And now I am totally ready to share my knowledge at a decent, respectable job. Thank you for reading this letter. I am attaching my resume in English as well as hoping for further cooperation.

Sincerely,

Daria Malinina
хороші люди, які люблять працювати і креативити"
15743,"Large cloud projects for FinTech, Oil&Gas, Retail and Public sectors.
Lead Cloud Architect in Cloud Centre of Excellence: Lead role in design and implementation of Cloud environments for enterprise (large) customers. 
Main focus on Financial Services (banks and insurance companies), Oil and Gas customers, Large Retail and Public sector. 
Working directly with customers, on one side supporting customers with solutions, presentations, Architect Forums support, acting as single point of contact for Cloud related activities, on other side working as Architect/Project Manager/Technical Leader to support technicians – CloudOps, DevOps, Infrastructure and Security teams, etc.
Comprehensive experience with large projects, complicated designs and migrations of significant number of solutions to new platforms.
"
16036,"Global Fa Brand relaunch in 50 markets (20 mln total budget)
Incubator projects : 4 new brands in 6 month (e-com, D2C)
Global Category Vision for Laundry and HomeCare -> 20 Global clients on-boarded
14+ years in FCMG, chemical, hospitality and blockchain industries.
Brand Marketing/ Trade Marketing/ Innovation Project Management/ NRM / Strategic Marketing/ Strategic Supply Chain
Team management experience in DE, PL, RU, UA, CZ and HR from 5 to 40 people. In-house/Remote/Contractors.
Interesting and challenging projects
New unknown categories would be of preference"
16039,"•	Launched and optimized email marketing and lead generation process, as well as, workflow within the US-affiliate in Ukraine.

•	As a PM managed front end developers’ team (12-17 individuals) specializing in web front end applications development (e-detailing). Researched and analyzed technical issues reported by customers, business, and technical teams. Managed deployment releases, bug fixes, and business requests for web front end applications.


•	Increased the efficiency by restructuring of the marketing department and implementing new marketing strategy. The ROS has been increased by ca. 15%-20% in 3 restaurants and 3 pubs.
October 2017 — till present time
Team Lead - Email Marketing
Digital Connect Ukraine (IT-consulting / Services)

 August 2017 — November 2017
Channel Development Executive
Viseven Group (IT-consulting / Services)

July 2016 — August 2017
Project Manager - web front end applications  development
Viseven Group (IT-consulting / Services)

February 2012 — July 2016
CMO 
Bars & Restaurants - Pub Club and Natsionalna Restoratsiya Groups (Hotels / Restaurants / Entertainment)
"
16064,"During my work in the e-commerce field, I have been involved in the development and establishment of over 20 e-commerce products on leading marketplaces. The success of some of them is marked by achieving bestseller status and trending on these marketplaces. And, of course, successful sales were the main sign of their success.
My duties were:
- Establishing and upholding a robust brand identity and reputation.
- Overseeing all processes involved in creating an eCommerce product.
- Creating and implementing a comprehensive marketing strategy that aligns with the specific product's business goals.
- Directing digital initiatives encompassing social media, SEO, content, and online advertising.
- Analyzing marketing performance to identify opportunities for enhancement.
- Forging strategic partnerships and collaborations to foster growth.
- Collaborating on product launches and refining positioning.
I've had a diverse and interesting journey in the field of Information Technology. I used my strong English skills to start as a writer and developer for technical documents. I always embraced new challenges with curiosity, which helped me grow. Over time, I progressed to become the Chief Marketing Officer and Release Manager in a team of more than 30 professionals. I also led a team of over 5 members, including writers, designers, and developers. My unwavering attention to detail and communication skills allowed me to bring the team together and make meaningful contributions to product branding, expanding my practical knowledge.

I'm really good at creating content that's optimized for search engines (SEO), managing blogs, analyzing markets, improving products, forming partnerships, advertising, and using social media effectively. These are the things I'm passionate about. By combining engaging descriptions, SEO techniques, and analyzing data, I create impactful content that strongly contributes to building a solid product brand.

I've also been instrumental in promoting collaboration between different teams, which has improved our content strategy. My expertise in search engine ranking and quality measures has helped me handle a large amount of information and draw meaningful insights from it.

In terms of tools and platforms, I'm experienced with WordPress, Shopify, and PrestaShop. I've managed blogs using WordPress, and I'm familiar with Google Analytics, Google Search Console, SimilarWeb, Ahrefs, Ubersuggest, and Mailchimp. I've also handled the entire product creation process at various stages using Jira and Trello.

In my previous role, I established a strong corporate identity and managed processes related to e-commerce products. My focus was on strategic marketing, including social media, SEO, content creation, and online advertising. I constantly used data to make improvements, fostering growth through partnerships and finding the best ways to position our products.
I'm thrilled to contribute to your dynamic project's tech stack and your company's growth. Thank you for considering me. Eager to discuss further, I look forward to joining your team."
