,Modified_gemini-2.0-flash-lite_of_CV_Modelgemini-2.0-flash-lite
6018,"**Summary**

Results-oriented Web Designer with experience in website redesign and UX/UI design, specializing in creating user-centered interfaces. Demonstrated ability in user research, wireframe development, and visual design implementation, including responsive design. Eager to expand UI/UX skills and contribute to meaningful projects.

**Experience**

*   **Web Designer**

    *   Spearheaded the redesign of the Children's Music School website, emphasizing a visually engaging and easily navigable landing page.
    *   Performed a comprehensive analysis of the existing website to identify areas for improvement.
    *   Generated a detailed wireframe for the new landing page, including a news block and a clear call to action.
    *   Aligned the new design's color scheme and typography with the school's brand identity.
    *   Designed the visual elements of the landing page, prioritizing user experience and ease of navigation.
    *   Applied responsive design principles for optimal viewing across various devices.
    *   Contributed to Pet-Saver-Hub, a web service project focused on rescuing lost and found animals, concentrating on a user-friendly interface for pet searches.
    *   Conducted user research to understand user needs and challenges.
    *   Developed a detailed user flow and wireframe for the website, ensuring an intuitive interface.
    *   Integrated interactive elements, such as a map feature, to assist in locating lost or found pets.

**Skills**

*   Wireframing
*   Visual Design
*   User Research
*   Responsive Design

**Desired Career Goals**

*   Advance UI/UX design skills.
*   Contribute to impactful projects.
*   Collaborate with professionals to foster professional development.
*   Engage in challenging projects that promote creativity and utilize current design technologies and trends.
*   Emphasize effective communication and teamwork to achieve desired outcomes.
*   Actively engage with users and gather feedback to enhance user experience.
*   Prioritize creativity and attention to detail to deliver high-quality work.
"
6021,"**[Your Name]**
[Your Phone Number] | [Your Email Address] | [Your LinkedIn Profile URL (Optional)] | [Your Portfolio URL (Optional)]

**Summary**

Design professional experienced in multiple design disciplines. Demonstrated ability to lead design teams, generate innovative concepts, and deliver high-quality products.

**Experience**

**Head of Design Department** | Facility, Kiev | Mar 2018 - Present

*   Managed the design process for diverse projects including websites, brands, and products.
*   Improved design workflows for various project types.
*   Generated concepts for websites, brands, and other products.
*   Produced UI/UX designs, animations, logo books, brand guidelines, and brandbooks.
*   Participated in tenders and offline company activities.
*   Managed a team of designers.

**Projects**

*   **Websites:** 50+ Websites
*   **Logotypes:** 30+ Logotypes
*   **Mobile Apps:** 4 Mobile Apps
*   **Games:** 3 Games
*   **Social Network:** 1 Social Network

**Additional Experience**

**Kiev Smart City, Kiev**

*   Contributed to concept and final product visualization for Kiev Smart Card.
*   Developed a series of dynamic city ad concepts.

**Mastercard, Kiev**

*   Created illustrations and limited-edition products for the 2018 UEFA Champions League Final in Kiev.
*   Developed a concept for a brand activation program on Ukraine Independence Day 2018.

**“Stampede Games”, Kiev**

*   Developed visual concepts and UI for mobile games.
*   Created concept art for the second part of a game.
*   Contributed to games featured on top-charts:
    *   Evo Explores
    *   .projekt

**Recognition & Activities**

*   Authored articles on medium.com, mmr.ua, cases.media, and vc.ru.
*   Served as a judge for CSSDA and Ukraine Creative Week.
*   Approaching final steps to join the awwwards judge team.
*   Delivered educational lectures in Underhub co-working.
"
6026,"**[Your Name]**

**Summary**

Design professional with over 12 years of experience creating impactful designs and guiding projects. Proven ability to deliver user-centered solutions. Passionate about design.

**Experience**

*   **Own Design Studio** | CEO & Designer | 2014
    *   Managed a team.
    *   Oversaw studio operations, including sales, management, hiring, and project creation.
*   **UI/UX & Brand Designer** | Multiple Roles | 2011-2022
    *   Experience at: Bank BVR (2021), Innovation Box (2020), Ardas (2019), M2E pro (2017), Forforce (2016), Art. Lebedev Studio (2015), «Poster» (2013), «le Weekend» (2012), «November» Design Bureau (2011).
    *   Responsibilities included UI/UX and brand design.
*   **UI/UX Design Teacher** | Hillel IT School | 2020
    *   Taught UI/UX design.
*   **Graphic Designer** | Freelance | 2006
    *   Provided graphic design services.

**Projects**

*   Created over 300 projects.
*   Developed over 30 products from scratch.
*   Designed over 30 mobile applications.
*   Designed over 80 websites.
*   Created over 100 logos and corporate styles.

**Education**

*   MBA Candidate
*   Master's Degree in “Engineering Design”

**Skills**

*   UI/UX Design
*   Brand Design
*   Frontend Development (HTML5/CSS3/TypeScript/Vue.js) - *Coursework*
*   Backend Development (Python, Swift) - *Coursework*

**Speaking Engagements**

*   Dribbble & etc. conferences

**Additional Information**

*   Industries Served: eCommerce, Finance, Banking, Investments, Marketing, Social Media, Laws, Education, Development, NFT, Art, Auto, Game, Building, Agro, Food, Coffee, Fashion, Beauty, Food, Service, Music, Dance, MMA, Medicine, Space, Sex, Sport, Technique, Weapon, Insurance
*   Clients Served in: USA, United Kingdom, Germany, Netherlands, Italy, France, Greece, Estonia, Australia, China & Ukraine.
"
9479,"**[Your Name]**
[Your Phone Number] | [Your Email Address] | [Your Portfolio Link (if applicable)]

**Summary**

Results-driven graphic designer with a strong background in visual communication, branding, and user interface design. Demonstrated ability to produce effective designs across digital and print platforms. Skilled in project management and collaborative teamwork.

**Skills**

*   Adobe Photoshop
*   Adobe Illustrator
*   Adobe InDesign
*   Figma
*   Blender
*   After Effects
*   UI/UX Design
*   3D Design
*   Branding & Identity
*   Key Visual Design
*   SMM Design
*   Print Design

**Experience**

**QA Madness** | Graphic Designer & UI/UX Designer | Nov 2022 – Present

*   Played a key role in the company's global redesign, contributing to the final visual outcome.
*   Redesigned the company website to reflect the new vision and style.
*   Successfully implemented a new visual style for presentations.
*   Completely redesigned all SMM materials, including LinkedIn, Instagram, and a DOU page.
*   Incorporated self-created 3D elements into design projects.

**Kronas** | Graphic Designer | Aug 2020 – Feb 2022

*   Designed logos, identities, and related print materials for new brands.
*   Developed monthly advertising key visuals (3-6) for the website, social media, and print.
*   Introduced and implemented a new visual style for the Instagram profile.
*   Created multi-page catalogs and brochures using InDesign.
*   Updated the visual design of the company's YouTube channel, including video covers.
*   Created custom sticker packs for Telegram and Viber.
*   Developed the design for a new trade hall, including branding and navigation elements.

**Design Studio ToTop** | Graphic Designer | Oct 2019 – Aug 2020

*   Developed designs for diverse companies across various industries.
*   Designed logos and brand identities.
*   Created outdoor advertising materials (billboards, citylights, car branding).
*   Produced realistic product visualizations in Photoshop.
*   Designed various print materials (calendars, business cards, postcards, stickers, etc.).
*   Designed multi-page catalogs and brochures.
*   Successfully designed, developed, and launched a 16-page brochure within a single workday.

**Education**

Beetroot Academy | UI/UX Course | [Completion Date or Period]

**Additional Information**

*   Experience leading a small team of junior designers.
*   Proficient in Prepress and DTP processes.
"
16980,"**Depositphotos | Content Researcher**

*   Researched and created content, including collections and PowerPoints, for client advertising and content distribution via email and website publications.
*   Collaborated with content managers, analyzing their development and metrics.
*   Managed advertisements for influencers and clients, including Coca Cola, H&M, Colgate, Vogue Ukraine, and Marie Claire Maison Italy.
*   Utilized Jira and CRM systems.
*   Managed localized content, ensuring adherence to brand tone and style.

**Depositphotos | Contributor Relations Manager**

*   Researched and identified potential photographers in EMEA and North America.
*   Collaborated with contributors to develop their portfolios on cloud services.
*   Led training seminars for new employees.

**Teacher of English Language**

*   Mentored students with special needs, including physical and psychological needs.
*   Developed personalized techniques and lectures for each student.
*   Adapted the educational process to suit each child's needs and capabilities, tailoring lectures and assignments.
*   Built individual connections with students, fostering knowledge acquisition and curriculum advancement.

**Liberty Power | Door-to-door Sales Agent**

*   Presented and advertised products or services to the public in various neighborhoods.
*   Delivered presentations on product features and highlighted competitive advantages.
*   Persuaded clients to purchase products using a script and facilitated agreements.
"
17014,"**[Your Name]**
[Your Contact Information]

**Summary**

Enthusiastic English philology student with four years of academic experience. Skilled in text editing, writing, and translation. Demonstrates a keen interest in social media and the IT field. Dedicated to continuous learning and making valuable contributions.

**Skills**

*   Text Editing
*   Writing
*   Translation
*   Social Media Awareness
"
18230,"**[Your Name]**
[Your Contact Information]

**Summary**

Creative/Art Director, Graphic and UI/UX Designer with 10+ years of experience. Based in Ukraine, experienced in brand development and design solutions for global clients.

**Experience**

*   Developed 20+ brands in Ukraine.
*   Collaborated with clients in the USA, Canada, Australia, New Zealand, Austria, and Finland.

**Skills**

*   Branding
*   Marketing
*   Advertising
*   Graphic Design
*   Web Design
*   Mobile App Design

**Values**

*   Mutual Respect
*   Honesty
*   Decency
*   Punctuality
"
18348,"**[Your Name]**

**Summary**

A design professional with over 6 years of commercial experience spanning website, mobile, and graphic design roles within various agencies. Demonstrated ability to contribute to creative projects, including the creation of over 100 website designs, branding, and advertising projects. Experienced in UX prototyping, UI design, and motion design for desktop and mobile applications. Seeking a collaborative team environment to apply artistic skills to contemporary design projects.

**Skills**

*   Graphic Design (Printed Products, Banners, Illustrations, Icons)
*   Web Design (Responsive, Adaptive)
*   Mobile Design (iOS, Android)
*   Wireframing
*   Interactive Prototyping
*   Atomic Design
*   User Research (Personas & Flows)
*   HTML & CSS Fundamentals

**Tools**

*   Figma (Team Libraries, Auto Layout, Component Properties, Branching)
*   Adobe Photoshop (Expert)
*   Adobe Illustrator (Expert)
*   Adobe After Effects (Proficient)
"
26715,"**[Your Name]**

**Summary**

Professional with approximately 20 years of experience in web design, UI/UX, 3D graphics, animation, and original product creation. Demonstrated ability in team leadership and management, with a focus on design and technical direction. Seeking opportunities for professional development.

**Experience**

*   **CTO/Tech Lead, Outsource Studio**
    *   Directed the technical operations of an outsource studio.
    *   Managed a team of up to 25 in-office developers and over 20 freelancers.
    *   Offered art direction and managed the design team.

*   **Co-Owner, Mobile Game Studio**
    *   Contributed to the complete mobile game development process, including concept development, UI/UX design, overall design, animation, Unity VFX, communication, and sound editing.
"
26747,"**Summary**

Results-driven designer with 6+ years of commercial experience across diverse sectors including startups, fintech, organization management, crypto, insurance, and healthcare. Demonstrated ability to translate concepts into user-centered designs for web, mobile, and dashboard applications. Skilled in all stages of the design process, from research and ideation to implementation and team leadership.

**Experience**

*   **Australia-Based Digital Home Loan Product (1 year)**
    *   Contributed to the development of a digital home loan product, from inception to MVP, as part of a three-person team.
    *   Led the creation of a design system.

**Awards & Recognition**

*   8 Design Awards on Behance
*   Honorable Mention, San Francisco Design Week
*   Featured in ""The Very Best of Ukrainian Design""

**Skills**

*   **Design Process:** Hypothesis generation, research, wireframing, prototyping, usability testing, UI design, design system creation.
*   **Leadership:** Design team leadership (up to 8 people), mentorship, 1:1 meetings, feedback and support.
*   **Collaboration:** Communication with stakeholders and product managers, cross-functional collaboration.
*   **Technical:** Web, Mobile, Dashboard, and Web application design.
*   **Strategic:** User-centered design, business needs analysis, best practice design.

**Project Stages**

*   Stakeholder and Product Manager Communication
*   User Research
*   Functionality Mapping and Process Flow Creation
*   Low/High Fidelity Wireframing
*   UI Research and Design

**Teamwork & Mentorship**

*   Mentorship of junior designers
*   1:1 meetings
*   Feedback and support to teammates
"
29788,"**[Your Name]**
[Your Contact Information]

**Summary**

Self-taught Digital 2D Artist & UI/UX Designer based in Kyiv. Experienced in digital design and knowledgeable of current design trends. Seeking a collaborative environment for contribution and continued development.

**Skills**

*   UI/UX Design / Adaptive Design
*   Illustration (Raster/Vector)
*   Banner Design
*   Logo Design
*   Upper-Intermediate English
*   Verbal and Written Communication
*   Time and Self-Management

**Tools**

*   Adobe Photoshop
*   Adobe Illustrator
*   Procreate App
*   Figma
*   Midjourney

**Experience**

*   **Full Stack: UI/UX Designer / Illustrator / Graphic Designer** (April 2021 – Present)
*   **UI/UX Designer / Illustrator** (November 2019 – August 2021)
*   **Freelance Web Designer** (December 2018 – November 2019)

**Awards**

*   RED DOT / Brands & Communication Design (August 2022)
"
29835,"**[Your Name]**
[Your Contact Information]

**Summary**

Digital Designer with experience in Marketing, dedicated to visually compelling designs. Proficient in Photoshop, Illustrator, Figma, and Webflow (animation, CMS). Experienced in freelance and in-house roles, collaborating with diverse teams and clients. Focused on delivering designs that enhance client engagement and seeking long-term opportunities for growth in product development that improves user experience.

**Skills**

*   Color Sense, Color Theory, Composition
*   Branding, Advertising, Illustration
*   Web Ads, Social Media Ads, Digital Design, Digital Imagery, Digital Analytics, E-blast
*   UI/UX Design
*   HTML/CSS
*   Webflow

**Soft Skills**

*   Independent and Team Collaboration
*   Creative
*   Customer Interaction

**Education**

*   Dare IT - Product Design
*   HILLEL (IT School) - Basic Web Design
*   CASES MEDIA - Figma (90)
*   CASES MEDIA - Graphic Design. Composition (91)

**Experience**

*   Digital Designer: Proficient in Photoshop, Illustrator, Figma, and Webflow (animation, CMS). Experience with websites and E-blasts.
*   Freelance Designer: Experience working for an American company.
*   In-House Experience: Experience as an in-house manager.
*   Team Collaboration: Collaborated on projects with teams for over 5 companies from different countries.
"
30606,"**[Your Name]**

**Summary**

UI/UX designer experienced in project collaboration, with proficiency in Figma.

**Skills**

*   Figma: Design Systems, UI Kits, Auto Layout, Interactive Components, Prototyping, Plugins
*   UX Research
*   Competitive Analysis
*   Sketching and Prototyping
*   Design Principles: Composition, Typography, Color Theory
*   Design Trends
*   Teamwork
*   Presentation Skills
*   Google Workspace: Docs, Forms

**Experience**

**Projects, Beetroot Academy Mentorship**

*   Performed UX and Competitive Research.
*   Created sketches and prototypes.
*   Applied design principles including composition, typography, and color.
*   Utilized knowledge of current design trends.
*   Collaborated effectively within a team.
*   Presented project deliverables.
*   Leveraged Google Workspace for project documentation and data collection.
"
30845,"**Jane Doe**
[Your Phone Number] | [Your Email] | [Your Portfolio Link (Optional)] | [Your LinkedIn Profile (Optional)]

**Summary**

Enthusiastic junior UI/UX designer focused on creating engaging and intuitive user experiences. Proficient in design software including Figma, Photoshop, and Illustrator, with a strong understanding of design principles and user-centered methodologies. Experienced in developing interactive prototypes, wireframes, and mockups to improve user engagement and product usability. Collaborative team member committed to ongoing learning and adapting design strategies to meet user needs.

**Skills**

*   UI/UX Design
*   Figma
*   Photoshop
*   Illustrator
*   HTML/CSS (Studied)
*   Wireframing
*   Prototyping
*   User-Centered Design

**Projects**

*   **Website Redesign for a Real Estate Company**
    *   Redesigned the website for a real estate company in Destin, Florida.
    *   Addressed issues with outdated design, poor user experience, and low-quality photos.
    *   Conducted competitor research and analysis.
    *   Developed 3 user personas and a customer journey map.
*   **Travel Website**
    *   Created a web service to assist users in finding and booking excursions, tours, entrance tickets, and entertainment globally.
    *   Enabled travel users to find and order tours and excursions.
    *   Provided a platform for travel agents and companies to post excursion offers.
    *   Included features for searching excursions with filters, viewing excursions by category, registration options, and card payment for bookings.
    *   Completed competitor analysis, user journey mapping, and user flow development.
    *   Developed wireframes, a UI kit, and an adaptive design.
*   **Mobile Application for Booking Tables in Restaurants**
    *   (No additional information)

**Education**

*   UI/UX Design Course (6 months)

**Additional Information**

*   Quick learner, responsible, and capable of handling complex tasks.
"
32072,"**UI/UX Designer**

*   Increased onboarding effectiveness for a financial institution app by 35%.
*   Directed a team of designers in the creation of user-centered products.
*   Applied Agile methodologies to provide customized solutions.
*   Leveraged wireframes, mockups, and prototypes for user interface development.
*   Enhanced the audience management system of a SaaS tool by 25%.
*   Designed solutions aligned with business objectives.
"
46443,"**Summary**

Over 10 years of commercial experience in web solution design and development. Demonstrated ability in the design and implementation of large-scale CRM and SaaS projects, as well as mobile and desktop applications. Expertise in creating and maintaining Design Systems to optimize product development.

**Experience**

*   **Design System Specialist**
    *   Developed comprehensive design systems, from concept to execution, utilizing React and Storybook.
    *   Managed the end-to-end product creation process, from initiation to launch, within 3-4 week cycles.
    *   Designed and developed over 50 landing pages and promotional pages, and over 10 user interfaces.
    *   Implemented a range of functionalities, including dashboards, smart timers, and photo editors.
*   **Various Design Roles**
    *   Held a variety of design positions, including Graphic Designer and Product Designer.

**Skills**

*   Proficient in: Figma, Sketch, Adobe CC suite, HTML, CSS, JavaScript, React, Next.js, WordPress, Storybook.

**Desired Opportunity**

Seeking a company or development team focused on enhancing user experience and product quality. Interested in roles involving UI/UX, branding, corporate style, and design system creation/maintenance, and the opportunity to contribute to product development.
"
46506,"**[Your Name]**
**[Your Contact Information]**

**Summary**

Software Developer experienced in front-end web development with JavaScript and React within a small IT company.

**Skills**

*   JavaScript
*   React
*   JSX (HTML, CSS)
*   Framer Motion
*   Mui components
*   Bootstrap
*   Materialize
*   Figma
*   Adobe Photoshop

**Experience**

**Software Developer** | [IT Company Name] | [Dates of Employment]

*   Developed web pages using JSX (HTML, CSS).
*   Utilized the React framework for project development.
*   Implemented animations with Framer Motion.
*   Employed Mui components for user interface elements.
*   Utilized Bootstrap and Materialize for responsive design.
*   Collaborated on design using Figma and Adobe Photoshop.
"
50300,"**Summary**

Results-oriented frontend developer with a history of delivering successful projects, including the design and deployment of a customer engagement suite for a major e-commerce business. Expertise in developing user interfaces, integrating APIs, and building custom plugins using React, Vue, and Flutter. Skilled in backend development with Node.js. Committed to creating excellent user experiences and staying current with industry trends.

**Experience**

*   **Frontend Developer**
    *   Developed frontend interfaces based on client specifications, ensuring usability.
    *   Maintained application user experience according to industry standards.
    *   Collaborated with development teams and worked independently.
    *   Debugged issues, performed application performance checks, and optimized code.
    *   Participated in project planning and strategizing information flows.

**Projects**

*   Designed and deployed a customer engagement suite for a major e-commerce business, contributing to customer acquisition, satisfaction, and retention. The project was completed on time and received positive feedback.
*   Developed interfaces, integrated APIs, and built custom plugins using React, Vue, and Flutter.
*   Created websites and applications using Node.js for backend development.

**Skills**

*   React
*   Vue
*   Flutter
*   Node.js
*   API Integration
*   Frontend Development
*   User Interface Design
*   Debugging
*   Performance Optimization
*   Project Planning
"
51419,"**[Your Name]**

**Summary**

Results-oriented UI/UX developer with a demonstrated ability to solve complex problems. Career transition from programming to design, utilizing an IT background to create user-focused solutions. Seeking a full-time, remote position.

**Experience**

*   **UI/UX Developer** | [IT Company Name] | [Start Date] - Present
    *   Developed UI/UX solutions as an out-staff member.
*   **Freelance Designer** | [Start Date] - [End Date]
    *   Completed diverse design projects.

**Skills**

*   UI/UX Development
*   [Add skills from your previous programming experience if applicable, such as: HTML, CSS, JavaScript, etc.]
"
53971,"**[Your Name]**
[Your Contact Information]

**Summary**

Results-oriented Game UI/UX Designer with 3 years of experience specializing in game interface design, currently seeking new opportunities within the game development industry. Proven ability to create engaging and effective user interfaces, complemented by a strong foundation in graphic design and diverse experience in various aspects of game development.

**Experience**

**Game UI Designer** | [Gamedev Company Name] | [Dates of Employment:  (1.5 years ago to Present)]
*   [List of Responsibilities and Accomplishments - *Use your original statements to create these bullets*]

**Indie Game Development** | [Various Indie Teams] | 2019 - Present
*   Contributed to various indie game projects, including 3D modeling, texturing, and 3D animation.
*   Leveraged graphic design expertise to excel in the creation of game interfaces.

**Senior Graphic Designer** | [Previous Company Name(s) or Project(s)] | [Dates of Employment:  (5 years prior to Game UI Designer Start Date)]
*   [List of Responsibilities and Accomplishments - *Use your original statements to create these bullets*]

**Skills**

*   Game UI/UX Design
*   Graphic Design
*   3D Modeling
*   Texturing
*   3D Animation
"
53972,"**[Your Name]**

**Summary**

Creative professional with 2+ years of experience in web and graphic design, including the creation of websites, banners, and emails. Includes 1 year of experience in GameDev, specializing in the design of offers, decorations, and banners for mobile games. Proficient in Photoshop, Figma, and After Effects. Seeking a long-term collaboration within the GameDev industry.

**Experience**

*   **GameDev** (1 year)
    *   Designed offers, decorations, and banners for mobile games.
*   **Web Design/Graphic Design** (2+ years)
    *   Created websites, banners, and emails.

**Skills**

*   Photoshop
*   Figma
*   After Effects (Animation)
*   Layout Design
*   Graphic Design

**Projects/Responsibilities**

*   Developed layouts using provided graphics.
*   Designed navigation elements and decorations for mobile games.
*   Produced animations for game elements.

**Interests**

*   Mobile game development
*   Long-term cooperation
"
53973,"**[Your Name]**

**Summary**

Game UI/UX Designer with UI Artist and animation knowledge (since 2019), leveraging a background in web design (since 2015). Possesses a comprehensive understanding of the project lifecycle and proficiency in HTML, CSS, and JavaScript. Skilled in Figma, Adobe Photoshop, Unreal Engine 4, and Unity.

**Experience**

*   **Game UI/UX Designer** (2019 - Present)
    *   Developed design processes.
    *   Mentored staff.
    *   Independently secured clients.
    *   Provided skill-up training for staff.
    *   Participated in website updates.
    *   Redesigned logos for websites and applications.
*   **Web Designer** (2015 - 2019)

**Responsibilities**

*   Designed and implemented user-friendly UX flows aligned with game design.
*   Created UI screens, UI elements, and prepared assets for programmers.
*   Communicated UX vision and design concepts to team members.
*   Collaborated with team members to integrate designs into the game.
*   Contributed additional skills to support game development.

**Skills**

*   UI/UX Design
*   UI Art
*   Animation
*   Figma
*   Adobe Photoshop
*   Unreal Engine 4
*   Unity
*   HTML
*   CSS
*   JavaScript

**Additional Information**

*   Committed to continuous learning.
*   Enjoys sports (basketball, Brazilian jiu-jitsu), yoga, and a healthy lifestyle.
*   Teaches design at IT Academy (Lviv).

**Teamwork & Environment**

*   Works effectively in a team-oriented environment.
*   Results-oriented.
*   Values flexibility and collaboration.
*   Appreciates the contributions of each team member.
"
53974,"**[Your Name]**
[Your Contact Information]

**Summary**

Game UI/UX Designer/Artist experienced at a Ukrainian game company. Designs UI visuals for casual games, from concept to final rendering and sprite preparation for Unity. Works with a multidisciplinary team including designers, managers, 2D and 3D artists, and programmers.

**Experience**

*   **Game UI/UX Designer/Artist** | Ukrainian Game Company
    *   Designed UI visuals for casual games, including concept development, rendering, and sprite preparation for Unity.
    *   Researched game interfaces and functional solutions.
    *   Developed user-friendly, visually appealing, and unique interfaces.
    *   Created supplementary game interface assets (logos, icons, buttons, pop-ups, unique mechanics).
    *   Oversaw interface implementation in game engines.
    *   Maintained awareness of UI/UX design trends and techniques.
    *   Contributed to the development of a released mobile casual game.

**Education**

*   **Bachelor of Arts in ""Artist-performer""** | Kyiv National University of Construction and Architecture
"
53975,"**[Your Name]**

**Summary**

UI/UX Game Designer with 4 years of commercial experience in Design and 2 years of commercial experience in GameDev. Proven ability to contribute to the full cycle of UI/UX creation, including information architecture, player flows, UI research, wireframing, style research, prototyping, and resource implementation. Proficient in Unity3d, Figma, and Photoshop.

**Experience**

*   **UI/UX Game Designer**

    *   Completed 248+ projects.
    *   3+ years of experience.
    *   Contributed to diverse projects including mobile shooters, educational games for kids, tactical MOBAs, and multiplayer casual games.
    *   Responsible for supporting the full cycle of UI and UX creation.
    *   Utilized Figma, Photoshop, Unity3d, Jira, Confluence, and Plastic SCM.
    *   Actively working.
    *   Developed a welcome-box for new employees.

**Skills**

*   UI/UX Design
*   Information Architecture
*   Player Flows
*   Wireframing
*   Prototyping
*   Figma
*   Photoshop
*   Unity3d
*   Jira
*   Confluence
*   Plastic SCM

**Education**

*   Web Design Courses - Graduated with Honors
*   English Courses - Completed in 2022 with Honors

**Projects**

*   Supervised the final group project.
*   Organized the printing of materials for two exhibitions.
"
53976,"**[Your Name]**

**Summary**

*   Quick learner
*   Collaborative team member
*   Instructional and leadership abilities

**Skills**

*   Game UI Art
*   UI Design
*   3D Modeling
*   3D Sculpting
*   Texturing
*   Character Concept Art
*   Environment Concept Art
*   Illustration
*   Character Design
*   Creative Design
*   Fluent in English

**Software Proficiency**

*   Photoshop
*   Daz Studio
*   Blender
*   Substance Painter
*   Substance Designer
*   ZBrush
"
53977,"**[Your Name]**

**Summary**

Self-motivated professional experienced in motion design and team management within the gaming industry. Demonstrated ability to create visual assets and improve workflows.

**Experience**

*   **Motion Designer/Team Lead** (or relevant title)
    *   Developed motion design for worldwide poker and casino products.
    *   Improved design and animation export pipelines.
    *   Managed a team of 7+ internal and external professionals (design, graphics, motion, animation, sound, and development).
    *   Participated in rebranding poker brands.
    *   Designed UX/UI for a poker application.
    *   Contributed to the creation, organization, and distribution of project style guides, design systems, and asset libraries.
    *   Created gaming motion graphics and animations for poker and casino games (slots, betting, blackjack).
    *   Established After Effects project architecture.
    *   Produced motion graphics for live online events.
    *   Contributed to the formation and organization of a Gaming Design team.
    *   Collaborated with the development team to improve design and animation implementation.
    *   Enhanced the visual and gaming experience of products.
    *   Developed detailed briefs (specifications) and oversaw design, graphic, motion, sound, and development artists.
    *   Created designs and storyboards for promotional videos.

**Skills**

*   Motion Design
*   UX/UI Design
*   Team Management
*   Gaming Industry
*   After Effects
*   Project Management
*   (Add any other relevant skills from your original resume, such as specific software, design principles, etc.)

**Goals**

*   Leverage gaming industry experience and learn from industry leaders.
*   Create high-quality products.
*   Successfully manage tasks and take ownership of results.
*   Motivate teams and foster a collaborative environment.
"
53978,"**UI/UX Designer**

*   Demonstrated prototyping skills for UI and game experience enhancement.
*   Improved performance, development speed, and UI layout simplification through feature implementation.
*   Successfully completed projects ahead of schedule, resulting in positive customer feedback.
*   Applied 9-Slice Scaling in project development.
*   Integrated finalized interfaces from Figma directly into Unity.
*   Developed user flows and wireframes for projects.
*   Created UI elements from initial concepts.
*   Selected and implemented fonts for projects.
*   Prototyped user interfaces.
*   Experience spanning PC, console, and mobile device projects.
*   Collaborated with UI/UX developers, game designers, artists, and programmers.
"
53979,"**UX/UI Designer (2020-2022)**

*   Conducted UX research and incorporated findings into indie game interface development.
*   Produced low- and high-fidelity wireframes.
*   Collaborated with developers and game designers on interface implementation.
*   Utilized surveys and exercises for user testing and feedback gathering.

**UX/UI Designer (First Half of Year)**

*   Employed a user-centered design approach to develop UX/UI solutions.
*   Conceptualized and iterated on design ideas, from low-fidelity wireframes to interactive prototypes.
*   Designed and built sitemaps and information architecture.
*   Communicated how design solutions addressed user needs and delivered value.
*   Illustrated design concepts with storyboards, process flows, and sitemaps.
*   Developed adaptive and responsive UX/UI wireframes for web-based applications.
*   Considered negative user paths and ensured comprehensive design coverage.
*   Produced CJMs and guides to support product vision.

**Visual and Graphic Designer (2019-2022)**

*   Designed logos, conceptual identities, banners, posters, and advertisements.
*   Generated design concepts, styles, and maintained awareness of design trends.
*   Demonstrated attention to detail and structured work practices.
*   Presented and, when necessary, defended design ideas to clients.
*   Collaborated within a team and contributed design expertise to product development.
"
53981,"**[Your Name]**
[Your Contact Information]

**Summary**

UI/UX Designer/UI Artist experienced in game development since 2020. Demonstrated ability in creating graphic works and critical thinking.

**Experience**

*   **UI/UX Designer/UI Artist**
    *   Game Insight
    *   101XP
    *   Playrix
    *   WhaleApp
    *   (Dates of Employment for each company)

**Skills**

*   Graphic Design
*   Website Design and Redesign
*   Application Design and Redesign
*   Branding
*   Polygraphic Design
*   2D Animation
*   Complete Graphic Development
*   Technical Requirements for Print and Digital Materials
*   Layout Design for Websites and Applications

**Key Strengths**

*   Interesting Projects
*   Qualified Management
*   High Work Organization
*   Creative Environment
"
54796,"**[Your Name]**
[Your Phone Number] | [Your Email Address] | [Your Portfolio Link] | [Your LinkedIn Profile (Optional)]

**Summary**

Kharkiv-based designer with over a decade of experience in graphic and UI/UX design. Demonstrated ability to create impactful visual identities, including logos and styles, for a variety of clients. Experience includes working with European clients and a strong background in advertising, marketing, and print production.

**Experience**

*   **Freelance Designer** | [Dates of Freelance Work]
    *   Developed visual identities for prominent Ukrainian real estate companies.
    *   Created logos and styles for companies, displayed in Kyiv, Kharkiv, and other cities.
    *   Designed websites using the Tilda platform.
*   **[Previous Agency/Company Name(s)]** | [Dates of Employment]
    *   Experience in advertising and marketing agencies and printing houses.
    *   Contributed to outdoor advertising campaigns.

**Skills**

*   Graphic Design
*   UI/UX Design
*   Logo Design
*   Branding & Identity
*   Website Design (Tilda)
*   Social Media Design
*   Print Design (Layouts)
*   Presentations
*   Outdoor Advertising
*   Transport Branding
*   UX Research

**Personal Qualities**

*   Excellent organizational and planning skills
*   Strong team player
*   User-focused design approach

**Additional Information**

*   Portfolio available upon request.
*   Eager to contribute to a team and grow as a UX/UI designer.
"
54797,"**[Your Name]**
[Your Contact Information]

**Summary**

Remote Graphic, UI/UX Designer from Ukraine with 4+ years of experience crafting user-centric designs for complex software products, including SaaS services, web apps, and mobile apps.

**Experience**

**UX/UI Designer** | ManyRequests | Aug 2020 – Nov 2020
*   Improved user-friendliness through UX & UI rework.
*   Iterated designs based on feedback, incorporating user testing and feature response data.
*   Developed on-brand design solutions aligned with measurable business objectives.
*   Integrated new features based on user needs.

**Product Designer** | Stress Point Health Ltd | Apr 2018 – Jun 2020
*   Designed a mobile app for patients to access treatment for stress, anxiety, and trauma, from initial concept through full UI implementation.
*   Led UX/UI design projects.
*   Visualized complex metrics.
*   Created wireframes, user journeys, and prototypes for testing.
*   Conducted usability testing sessions with volunteers in the first pilot study.

**UI/UX and Web Designer** | Propeller Digital Company | May 2016 – Dec 2019
*   Served as the sole designer, leading all design decisions.
*   Designed visual elements, from websites to print materials and infographics.
*   Analyzed briefs to define user experience approaches, activities, and workflows.
*   Translated concepts into wireframes, designs, and mockups for both B2B and B2C markets, adapting design language and messaging accordingly.
*   Redesigned business presentations, logos, brand identities, and the visual design of existing websites.
*   Experienced challenging tasks, opportunities for growth and increasing responsibility, and decision-making.
*   Utilized user-centered design and design thinking approaches.
"
54798,"**[Your Name]**

**Summary**

Detail-oriented designer with six months of internship experience at Phiture, a mobile growth consultancy. Possesses a strong foundation in design principles, with a Master's degree in design and journalism and experience in non-profit projects. Proficient in creating diverse design assets, adhering to brand guidelines, and collaborating on marketing initiatives. Adept at working with vector graphics, icons, logos, and application prototyping.

**Experience**

*   **Creative Intern** | Phiture | [Dates of Internship - e.g., 2024 - Present]
    *   Created illustrations and design assets for the marketing team.
    *   Adapted designs to brand guidelines.
    *   Completed print design projects.
    *   Performed photo retouching.
    *   Developed marketing assets for clients, including Ad Hoc Labs and Tipp24.
    *   Participated in A/B testing.
    *   Assisted in Quality Assurance.

*   **Non-Profit Projects** | Charitable Organization | [Dates of Involvement - e.g., 20XX - 20XX]
    *   Utilized graphic and UI/UX design skills while completing a Master's degree.

**Education**

*   **Master's Degree in Design and Journalism** | [Name of Institution] | [Dates of Degree - e.g., 20XX - 20XX]

**Skills**

*   Vector Graphics
*   Icon Design
*   Logo Design
*   Application Prototyping
*   Branding
*   Video Editing
*   Motion Graphics
*   UI/UX Design
*   Multimedia Journalism
*   Ability to work with large amounts of information and text
"
54799,"**[Your Name]**
[Your Phone Number] | [Your Email Address] | [Your Portfolio Link (Optional)]

**Summary**

Design professional with three years of experience teaching design principles. Skilled in a variety of design software and web technologies, seeking challenging projects within a creative team.

**Experience**

*   **Design Teacher** | Itstep Academy | [Start Date] – Present
*   **Freelance Designer** | [Approximate Dates, e.g., 2 years]
    *   Collaborated with clients on design projects.
    *   Experience with Hipinspire.com, SmartJ, and Softkit.
*   **Intern** | Peace It | [Dates, e.g., 2 Months]

**Projects**

*   Developed a multi-page website for Softkit IT company.
*   Created a corporate identity and website for Ugtransresurs.

**Skills**

*   **Software:** Illustrator, Photoshop, InDesign, Premiere Pro, After Effects, 3ds Max, Maya, 3D Coat, Figma, and others.
*   **Web:** HTML, CSS
*   **Languages:** English (Intermediate)

**Additional Information**

*   Available for both in-office and remote work.
"
54800,"**Mary**

**Summary**

Graphic Designer with 3+ years of experience. Skilled in Photoshop, Illustrator, and XD. Expertise in logo design, banner design, outdoor advertising, landing page design (personal and corporate), and file printing. Seeking diverse design opportunities.
"
56453,"**[Your Name]**

**Summary**

A professional with twelve years of experience in design and computer graphics, demonstrating a broad skillset. Committed to ongoing learning and development of expertise. Seeking a company where creative, technical, and management skills can be applied, fostered, and tested. Focused on contributing to a team's achievements through adaptable specialization and the delivery of high-quality work.
"
56528,"**Summary**

*   Finalist, Hublot Design Prize, 2022
*   Personal Illustrations Exhibitions: Ukraine, Germany, France

**Experience**

**Freelance Contractor (Ukraine, Europe, USA) 2014-Present**

*   Web design
*   UI/UX design
*   Illustrations
*   Brand identity development
*   Pre-press services
*   Social media design (including work for Vogue Ukraine).
*   Collaborated with FMCG companies, fashion brands, startups, galleries, and SMEs.

**Illustrator, 100Roads (USA, Remote) 2021-2023**

*   Developed concepts.
*   Created sketches.
*   Digitized 2D onboarding backgrounds for an EdTech platform.

**Art Director, Kukuruza Video Production (Ukraine) 2022-2023**

*   Generated video concept ideas.
*   Developed style mood boards.
*   Managed a department.
*   Collaborated with major retailers, IT companies, government entities, and international businesses.

**Stage Designer, Kukuruza Video Production (Ukraine) 2021-2022**

*   Created storyboards.
*   Provided location art direction.
*   Designed and fabricated video props.
*   Collaborated with major retailers.

**Printing Designer, Picasso Art Wedding (Ukraine) 2017-2020**

*   Produced watercolor illustrations.
*   Performed calligraphy.
*   Managed prepress and printing processes (invitations, menus, name cards, envelopes).

**Graphic Designer - Contractor, SSN Design Bureau (Ukraine) 2019**

*   Branding
*   Illustrations
*   Logo design
*   Packaging
*   Pre-press for FMCG, restaurants, and coffee shops.

**Skills**

*   Concept Development
*   Sketching
*   2D Digitalization
*   Art Direction
*   Storyboarding
*   Illustration
*   Branding
*   Logo Design
*   Packaging Design
*   Pre-press
*   Web Design
*   UI/UX Design
*   Calligraphy
*   Team Player
*   Results-Oriented
"
56542,"Ann
[Phone Number] | [Email Address] | [Portfolio Link - if applicable]

**Summary**

A passionate graphic designer with over 4 years of professional experience creating effective designs that contribute to brand growth and development. Possessing a well-rounded skill set and a proven ability to generate innovative ideas efficiently, adept at brand communication and thrives in both in-house and freelance environments.

**Skills**

*   Brand Identity & Logo Design
*   Presentations
*   Infographics
*   Layout Design
*   Print Materials (Menus, Business Cards, Flyers, Brochures, Stickers)
*   Web Marketing Materials
*   Web Design Fundamentals
*   UI/UX Design (Emerging)

**Experience**

*   **Graphic Designer** (In-house and Freelance) | [Dates of Employment]

    *   Designed for a diverse range of clients.
    *   Developed press media kits, logos and song covers, websites, presentations, and various brand touchpoints.
    *   Created landing pages, multi-page websites, product sites, and email newsletters.
    *   Collaborated effectively.

**Education**

*   Web Design, Projector | [Date of Completion or Enrollment]

**Qualities**

*   Detail-oriented.
*   Empathetic.
*   Dedicated to creating original, engaging, and functional design solutions.
*   Strong team player.
"
56543,"**[Your Name]**
[Your Contact Information]

**Summary**

Graphic Designer with a minimum of three years of experience. Skilled in marketing, corporate design, and visual identity creation. Experienced in creating graphics for media and communications, including infographics, illustration, animation, and UX/UI design. Proficient in Figma, After Effects, Photoshop, and Illustrator.

**Experience**

*   **Graphic Designer**
    *   [Dates of Employment - Use the same period as in the original resume. If you don't have this information, you can use ""Ongoing"" or ""Various Dates""]
        *   Contributed to an animation project for a Ukrainian channel in Poland.
        *   Collaborated within a team environment, expanding knowledge and experience.

**Skills**

*   Graphic Design
*   Marketing Design
*   Corporate Design
*   Visual Identity Creation and Maintenance
*   Design Thinking
*   Infographics
*   Illustration
*   Animation
*   UX/UI Design
*   Figma
*   After Effects
*   Photoshop
*   Illustrator
"
56544,"**Summary**

A passionate and experienced Graphic and UI/UX Designer with a history of creating engaging and effective designs. Skilled in designing user-friendly interfaces, developing branding identities, and producing marketing materials. Expertise includes layout, typography, illustration, and a strong understanding of color, shape, and composition. Seeking to contribute creativity and design expertise to new projects.

**Experience**

*   **Freelance Designer** | *Ongoing*
    *   Designed social media materials, advertisements, and print materials for various clients.
    *   Completed freelance projects, delivering high-quality designs.

*   **Grls Gang** | *Designer*
    *   Developed branding identity, advertisements, and fostered user connections.
    *   Created marketing materials, including social media content and print designs.

*   **Plarium** | *Designer*
    *   Produced competitive design advertisements.
    *   Created 2D banners and animations for social media platforms.

*   **Lomogram App** | *Designer* | 2012-2013
    *   Designed the Lomogram app, a top 5 photography app on the Windows Phone Store with 20M downloads.

**Skills**

*   UI/UX Design
*   Graphic Design
*   Branding
*   Advertising
*   2D Animation
*   Layout Design
*   Typography
*   Illustration
*   Color Theory
*   Composition
"
56545,"**[Your Name]**
[Your Contact Information]

**Summary**

Results-oriented professional with experience in visual communication development and online presence management, adept at producing various design assets.

**Experience**

**Advertising Agency**
*   Created visual communications for brands.

**Digital Agency**
*   Managed social media platforms for brands and influencers.

**Skills**

*   Print Design
*   Poster Design
*   Social Media Design
*   Advertising Banner Design
*   Web Design
*   Animation
"
56618,"**[Your Name]**
[Your Phone Number] | [Your Email Address] | [Your LinkedIn Profile URL (Optional)] | [Your Portfolio URL (Optional)]

**Summary**

Graphic Designer with 7 years of experience seeking a UI/UX Designer position. Interested in opportunities for professional growth, game development, and 3D modeling.

**Experience**

*   **Graphic Designer** | [Manufacturing Company Name] | [City, State] | [Start Date] – [End Date]
    *   Graphic Designer for 5 years.
    *   Created various printable and digital products, including outdoor advertisements, web banners, and social media posts.
    *   Offered UI/UX guidance and improvements for the main e-commerce website for 2 years.
"
56619,"Liudmila

Summary

Highly experienced graphic designer with over 10 years in the field. Expertise includes logo design, corporate identity development, social media design, and web design. Skilled in preparing graphics for both digital and print applications. Proven ability to create logotypes and style guides, with over 100 successful projects for a variety of businesses.

Skills

*   Adobe Illustrator
*   Adobe Photoshop
*   InDesign
*   Corel Draw
*   Google Slides
*   Canva
*   Figma

Experience

*   Logo and Corporate Identity Design
*   Social Media Design
*   Website and User Interface Design
*   Packaging and Print Design
*   Presentation Design
"
56629,"**Summary**

UI/UX designer with six months of experience, seeking a UI/UX design position. Skilled in creating intuitive and visually appealing interfaces to enhance user experience. Experience in user research, design system development, responsive design, and collaborative teamwork. Committed to professional growth and contributing to impactful projects.

**Experience**

*   **Graphic Designer** | 2016 - 2022
    *   Developed and executed visual design projects.
    *   Created logos, corporate identities, advertising materials, and other graphic solutions.

*   **UI/UX Design Projects** | (Six months of practice)
    *   Created a landing page, website redesign, and team projects for a web service and mobile app.
    *   **""LifeLandscape"" Web Service Team Project:**
        *   Collaborated with UX designers.
        *   Focused on creating intuitive and visually appealing user interfaces.
        *   Conducted user research and analyzed feedback.
        *   Implemented responsive design principles.
    *   **Website Redesign Project:**
        *   Redesigned a website for a tattoo studio in Destin, Florida.
        *   Conducted research into the target audience.
        *   Created a modern and engaging interface.

**Skills**

*   UI/UX Design
*   User Research
*   Responsive Design
*   Graphic Design
*   Teamwork
*   Design System Development

**Goals**

*   Seeking a UI/UX design position.
*   Opportunities for skill development.
*   Working on challenging projects.
*   Team collaboration.
*   Making an impact on user experience.
*   Professional recognition.
*   Career development.
"
56630,"**[Your Name]**
**Web & Graphic Designer**

**Summary**

Web and graphic designer with over 7 years of experience. Proficient in design tools, having worked in both in-house and freelance capacities. Possesses strong drawing skills, contributing to a solid understanding of color and composition.

**Skills**

*   Figma
*   Adobe Illustrator
*   Adobe Photoshop
*   Sketch

**Experience**

*   **Designer**
    *   Experience at two IT companies.
    *   Freelance experience, collaborating remotely with various companies and on independent projects.

**Capabilities**

*   Logo & Brand Identity Creation
*   Banner Design (Print / Social), Flyers, Posters
*   Social Media Post Design
*   Unique Icons & Illustrations
*   UX/UI Website Design & Redesign & Responsive Design
"
56631,"**[Your Name]**
[Your Contact Information]

**Summary**

Results-driven designer experienced in iOS and Android app development, UX, and responsive design. Demonstrated ability in creating compelling visual communications across various platforms. Seeking new challenges and open to relocation or remote work opportunities.

**Skills**

*   **Design:** UX, UI, Responsive Design, Landing Pages, Promotion Design (Banners, POSM), Logo Design, Animation, GUI, Visual Communication, Freehand Drawing
*   **Software:** Figma, Adobe Photoshop, Adobe Illustrator, Adobe After Effects, Lottie, Sketch, Affinity, Procreate
*   **Development:** HTML, CSS, JavaScript, Python Core
*   **Project Management & Collaboration:** Slack, Jira, Confluence, Keybase, Trello, Redmine, InVision, Hotjar, WordPress
*   **Experience:** Product and Outsourcing Companies

**Portfolio**
[Link to your portfolio]
"
56632,"**[Your Name]**

**Summary**

Highly skilled graphic and UI/UX designer with 4 years of experience, possessing a strong portfolio demonstrating proficiency in design principles and industry-standard software. Proven ability to create engaging visual designs, develop brand identities, and deliver polished presentations. Adept at working within agile development processes and passionate about creating impactful designs.

**Skills**

*   Graphic Design
*   Communication (Verbal & Written)
*   Presentation
*   Attention to Detail
*   Documentation
*   Web Design Principles (Typography, Color, Page Layouts)
*   Analytical Skills
*   Design Software (Photoshop, Illustrator, Adobe XD, Figma, etc.)
*   People Skills
*   Creativity & Logic

**Experience**

*   **Graphic Designer & UI/UX Designer** (4 years)
    *   Freelance: logos, social media posts, landing pages.
    *   Typography, print preparation, and merchandise design.
    *   Development of brand identities and strategies.
    *   Collaborated on a brand identity for a furniture store with ""onO"" Nova Market.

**Design Process**

*   Requirements Gathering
*   User Story Creation
*   User Research
*   Visual Design Development

**Personal Qualities**

*   Passion for Design
*   Positive Attitude
*   Highly Creative
*   Adaptable to Dynamic Environments
*   Deadline-Oriented
"
56633,"**[Your Name]**

**Summary**

Highly motivated design professional seeking to contribute to a collaborative team environment. Dedicated to productivity and possessing a strong work ethic. Eager to apply acquired skills and gain valuable experience in a challenging design role.

**Skills**

*   Design Fundamentals

**Experience**

*   **Projects:** Completed two design projects.

**Education**

*   Completed design coursework.

**Objective**

To obtain a design position within a team setting, enabling the application of skills and the opportunity for professional growth and experience.
"
56634,"**[Your Name]**
[Your Phone Number] | [Your Email Address] | [Your Portfolio URL (if applicable)]

**Summary**

Skilled designer with experience in various visual communication areas. Experienced in producing digital and print assets, including social media content, illustrations, and animations. Proficient in design software for visual design and prototyping.

**Skills**

*   **Software:** Figma, Adobe Photoshop, Adobe Illustrator, Adobe After Effects
*   **Design Areas:** Banners, Social Media Content, Identity Design, Print Production, Photo Manipulation, Illustrations, 2D Character Design, Animations, Website Design, Website Prototyping

**Experience**

*   **[Your Title/Role - if applicable, otherwise omit this section]**
    *   **Responsibilities:**
        *   Developed banners and social media content.
        *   Created visual identity materials.
        *   Oversaw print production projects.
        *   Executed photo manipulation tasks.
        *   Produced illustrations and 2D character designs.
        *   Developed animations.
        *   Designed and prototyped websites.
"
56635,"**[Your Name]**
[Your Phone Number] | [Your Email Address] | [Link to Portfolio (Google Drive)]

**Summary**

Graphic designer with experience in a variety of graphic design projects. Possesses a strong interest in UI/UX design, particularly for mobile applications, and aims to develop expertise in the field.

**Experience**

*   **Graphic Designer**
    *   Developed and executed graphic design projects.
    *   Portfolio available via Google Drive, featuring current work.
    *   Experience encompassing a diverse range of graphic design projects.

**Skills**

*   Graphic Design
*   UI/UX Design (Interest)
"
56637,"Svitlana

Graphic & Web Designer | 8+ Years Experience

Currently at Libertex Group

Summary

A creative professional with 8+ years of experience in graphic and web design, adept at implementing design solutions. Possesses a strong understanding of briefs and excels in both independent and collaborative work. Driven by personal growth and passionate about design.

Experience

Graphic Design | 8+ Years
UI/UX Design | 2+ Years

Skills

*   Advertising Materials Design (Web Banners, Social Media Creatives)
*   UI Interface Design (Elements, Layouts, Style Guides, Icons)
*   Presentation Design (Digital, Print)
*   Design Drafts & Mock-ups
*   Offline Exhibition Design
*   Illustration Design
*   Educational Material Design
*   Brand Books & Pitch Decks
*   Infographic Design
*   Print Design
*   Logo Design

Tools

*   Figma
*   Adobe Photoshop
*   Adobe Illustrator
*   Adobe XD
*   Adobe InDesign
*   Sketch
*   Principle
*   Jira, Trello, Asana

Project Areas

*   FinTech
*   Trading
*   Investing
*   Marketing
*   Cryptocurrencies
*   Blockchain

Key Strengths

*   Self-Management
*   Analytical Mindset
*   Collaboration
*   User-Focused Design
*   Client-Focused Design

Seeking

Full-Time Remote Position
"
56638,"**[Your Name]**

**Summary**

Results-oriented graphic designer and UI/UX designer with eight years of experience in the design industry. Demonstrated ability to deliver high-quality designs efficiently, with strong communication skills. Experienced in successfully completing numerous projects, consistently providing unique design solutions.

**Skills**

*   Graphic Design
*   UI/UX Design
*   Communication
*   Project Management
*   Efficiency

**Experience**

*   **Design Professional** (8 years)
    *   Successfully completed numerous design projects.
    *   Delivered high-quality designs in a timely manner.
    *   Consistently demonstrated a high level of efficiency.
    *   Maintained excellent communication with stakeholders.
    *   Provided innovative design solutions.
    *   Recognized by management for strong communication and effective collaboration.

**Objective**

Seeking a collaborative role within a supportive team to leverage existing skills and develop new competencies through engaging projects.
"
56639,"**[Your Name]**
**[Your Contact Information]**

**Summary**

UI/UX design student eager to apply foundational knowledge and communication skills to gain experience through engaging projects.

**Skills**

*   UI/UX Design Fundamentals
*   Composition
*   Communication
*   Adobe Illustrator - High
*   Adobe Photoshop - High
*   Figma - High
*   InVision - Average
*   After Effects - Average
*   Adobe Lightroom - Average

**Objective**

Seeking practical UI/UX experience to acquire new knowledge and contribute to interesting projects.
"
56641,"**Jane Doe**
(123) 456-7890 | jane.doe@email.com | LinkedIn Profile URL (Optional)

**Summary**

Highly motivated graphic designer with experience in digital illustration and design, proficient in a range of software and dedicated to producing high-quality visual content. Demonstrates strong creative thinking and a commitment to professional growth.

**Skills**

*   **Software:** Figma, Adobe Photoshop, Adobe Illustrator, Microsoft Word, Microsoft Excel, Procreate
*   **Languages:** English (B2)
*   **Design & Illustration:** Hand-drawing, Digital Illustration (Graphic Tablet), Graphic Design, Pattern Design, Print Design, Photo Editing

**Experience**

**Designer** | Photo Center | \[Dates of Employment]

*   Utilized Adobe Photoshop and Illustrator for design tasks.
*   Developed patterns and prints aligned with company branding.
*   Designed product templates.
*   Created portrait art.
*   Performed photo editing.

**Illustrator** | \[NFT Project Name] | \[Dates of Employment]

*   Created illustrations for an NFT project.

**Illustrator** | \[YouTube Channel Name] | \[Dates of Employment]

*   Developed illustrations based on specified narratives.
"
56642,"**[Your Name]**
[Your Phone Number] | [Your Email Address] | [Your Portfolio Link (Optional)]

**Summary**

Graphic designer with 5 years of professional experience in freelance and marketing agency settings. Skilled in motion design and illustration. Familiar with UI/UX design concepts.

**Experience**

*   Worked with international companies, including WADA and POLADA.
*   Managed animation projects through art direction.

**Skills**

*   Illustration and Drawing
*   Figma
*   Adobe Creative Suite
*   English (Fluent)

**Desired Role**

Seeking a position that utilizes design and illustration skills, including the creation of custom interface designs, character or illustration sets, and contributions to edutainment or casual game design. Open to a variety of opportunities.
"
56643,"**[Your Name]**
**Graphic Design Specialist, SMM Manager**

**LG Electronics**

*   Awarded The Most Innovative Employee of the Year (2019)

**Advertising Campaigns**

*   Developed visual concepts for advertising campaigns across various platforms.
*   Collaborated with sales and product marketing teams on advertising campaigns.
*   Produced visual assets for advertising campaigns.
*   Completed asset resizing (approximately 170 units) for advertising campaigns.

**Printed Materials Production**

*   Created and adapted print materials (OOH, catalogs, leaflets, business cards, postcards, stickers, banners, rollups, etc.) for all product categories.
*   Managed POSM production (toppers, stickers, banners, posters, etc.).
*   Prepared materials for printing.

**LG Website**

*   Produced and adapted banners for all product categories on the LG website.
*   Provided support during the transition to a new website visual concept (2020).
*   Created and adapted product card materials for the LG website.

**Social Media Management**

*   Provided guidance for the annual strategy, securing approvals and maintaining oversight.
*   Developed monthly content plans.
*   Produced approximately half of the published content.
*   Managed a digital agency for social media.
*   Approved visuals and copyrights for social media.
*   Facilitated communication between the agency and product managers.
*   Prepared weekly reports, including key indicator presentations, competitor analysis, activity results, and presentations of visuals and copyrights.
*   Designed social media assets (profile headers, thumbnails, covers, Instagram guides, Facebook shop, etc.).
*   Managed social media contests.
"
56644,"**[Your Name]**
[Your Contact Information]

**Summary**

Freelance graphic designer skilled in brand identity, logo design, and 2D art. Seeking remote and/or part-time opportunities.

**Skills**

*   Graphic Design
*   Brand Identity Development
*   Logo Design
*   2D Art

**Experience**

*   Freelance Graphic Designer
"
56645,"**[Your Name]**
[Your Contact Information]

**Summary**

Graphic, UI/UX Designer based in Ukraine, seeking new projects and a collaborative team environment. Experienced in delivering commercial projects across diverse companies.

**Skills**

*   Website and Landing Page Design/Redesign
*   Mobile Application Design
*   Digital Marketing Design
*   Adaptive Design
*   Corporate Identity Development
*   POS Material Design and Print Preparation
*   Souvenir Product Development
*   Web Banner and Social Media Graphic Design
*   Infographic and Presentation Design
*   Illustration

**Experience**

*   Delivered commercial projects for various companies.
"
56646,"**Serhii**
Kyiv, Ukraine

**Summary**

Highly experienced graphic designer with over 14 years in the field, skilled in diverse design disciplines.

**Skills**

*   Package Design (gift box, carton, transport box)
*   Poster Design
*   Flyer Design
*   Social Media Banner Design
*   Collage Creation
*   Catalog Layout
*   Logo and Corporate Identity Design
*   Infographic Design
*   Typography
*   Color Theory
*   Composition
*   Pre-Print Preparation
*   Adobe Photoshop
*   Adobe Illustrator
*   Adobe InDesign
*   UX/UI Design (Knowledgeable)
*   Figma (Knowledgeable)

**Experience**

14+ years of Graphic Design Experience

**Languages**

English: B1/B2 Proficiency

**Additional Information**

Available to operate as a private entrepreneur.

**Availability**

Seeking Remote, Part-Time, or Project-Based Graphic Design Roles
"
56647,"**[Your Name]**
[Your Contact Information]

**Summary**

Branding professional with nine years of experience crafting effective visual solutions. Focused on creating designs that differentiate clients and connect with their target audience. Skilled in logo design, corporate identity, brand books, guidelines, and website design.

**Skills**

*   Adobe Illustrator
*   Adobe Photoshop
*   Figma
*   Studio Design
*   Printing Expertise

**Experience**

*   **Branding Professional** (9 years)
    *   Created comprehensive branding solutions encompassing:
        *   Logo Design
        *   Corporate Identity
        *   Brand Books
        *   Guidelines
        *   Website Design
    *   Delivered projects efficiently and on schedule.
    *   Collaborated effectively with clients, incorporating feedback and revisions.
    *   Consistently met project deadlines.

**Career Goals**

Interested in expanding expertise in UX/UI design.
"
56648,"Anastasia

Graphic Designer | Branding & Web Development

Summary

Clients repeatedly seek services and offer recommendations, demonstrating successful project outcomes. Otrazhenie Studio operates exclusively through referrals.

Experience

Co-founder, Otrazhenie Studio

*   Developed branding for various industries, including fashion, architecture, education, HoReCa, finance, and industrial companies.
*   Created visual design styles for brands, encompassing logo, slogan, font selection, color palettes, illustrations, and photography to establish client differentiation.
*   Website development: Designed user-focused interfaces aligned with business objectives, created adaptive layouts in Figma, and managed developer workflow.
*   Provided clients with graphic design strategies to achieve marketing goals.
*   Produced promotional materials, including postcards, flyers, posters, billboards, infographics, brochures (print and digital), vehicle wraps, email marketing templates, social media ads, banners, and website/blog graphics.
*   Directed the design, development, and implementation of communication materials.
*   Managed a design team of three, providing guidance on all project aspects.
*   Oversaw print production, from layout creation to client delivery.
*   Developed presentations to engage audiences and communicate key messages.
*   Managed photo and video production for unique business illustrations.

Portfolio: Behance – besdna

Additional Information

Based in Ukraine. Seeking a collaborative environment. Passionate about innovative solutions and impactful design.
"
56649,"**[Your Name]**

**Summary**

Passionate graphic designer with over four years of experience creating visual materials. Proven ability to support information campaigns and contribute to successful outreach initiatives.

**Experience**

*   **Graphic Designer** \[University Name]

    *   Responsible for graphic support for university information campaigns, including banners, flyers, advertising and greeting cards, presentations, posters, and infographics for electronic and print use.
    *   Involved in major campaigns:
        *   Celebration of the university's 100th anniversary (logo adaptation, branded products, presentation materials).
        *   University's annual admissions campaign (media plan development, design of print products, website and social media banners, billboards).
    *   Contributed to a 73% positive response from applicants who learned about the university through social networks and the official website, according to a survey.
    *   Presentation at an international conference in Budapest contributed to the establishment of an international partnership.
*   **Freelance Graphic Designer** \[Foreign Beauty School]

    *   Created social media materials, packaging designs, and educational materials with diagrams and step-by-step instructions.

**Skills**

*   Logo and Brand Design
*   Presentation Design
*   Print Material Design
*   Graphic Preparation, Mockups, and Technical Design
*   Photography Work

**Awards and Recognition**

*   Winner, ""Nanoscience as Art"" contest, IEEE NAP-2021 conference, for the work ""Invisible Orchid."" The presented image was a scanning electron microscope image of calcium carbonate powder. SEM investigations were carried out within the PROM Program ""International Scholarship Exchange of PHD Candidates and Academic Staff"" (Lodz University of Technology).
"
56650,"**[Your Name]**
[Your Phone Number] | [Your Email Address] | [Your LinkedIn Profile URL (Optional)] | [Your Portfolio URL (Optional)]

**Summary**

Graphic Designer with two years of professional experience. Proficient in creating visually engaging designs using Adobe Photoshop, Adobe Illustrator, Adobe InDesign, Adobe Premiere Pro, Adobe After Effects, and Adobe Figma. Committed to producing high-quality designs and exceeding goals. Ready to contribute in a creative and collaborative setting.

**Experience**

**Graphic Designer** | [Your Company Name] | [Dates of Employment]

*   Created brand identity for a startup.
*   Implemented successful marketing campaigns with engaging visuals.
*   Managed multiple projects, consistently meeting deadlines and surpassing expectations.
*   Acknowledged for attention to detail and creativity.

**Skills**

*   Adobe Photoshop
*   Adobe Illustrator
*   Adobe InDesign
*   Adobe Premiere Pro
*   Adobe After Effects
*   Adobe Figma
*   Graphic Design Principles
*   Visual Communication
*   Branding
*   Marketing Materials
*   Digital Illustration
*   Layout Design
*   Project Management

**Desired Work Environment**

Seeking a creative and collaborative environment that values expertise, promotes professional development, and cultivates a positive work atmosphere.
"
56651,"**Jane Doe**
(Phone Number) | (Email Address) | (LinkedIn Profile URL - if applicable)

**Summary**

UI/UX Designer with four years of experience. Proficient in Figma, Sketch, Photoshop, Illustrator, Axure, and Principle. Focused on enterprise startups and projects.
"
56652,"**[Your Name]**
**[Your Contact Information]**

**Summary**

Results-driven designer with 9 years of experience. Proven ability to contribute to product development through prototyping, UI design, and creative asset creation. Skilled in designing for both digital and print mediums. Seeking a dynamic company with opportunities for growth.

**Experience**

*   **Freelance Designer** | 3 years
    *   Delivered design services, adapting to varied project requirements.

*   **[Company Name]** | 6 years
    *   Contributed to all design aspects of product development.
    *   Created UI designs, advertising banners, and promotional creatives.
    *   Developed designs for print production.
    *   Designed landing pages.
    *   Fulfilled diverse design requirements for product initiatives.

**Skills**

*   UI Design
*   Prototyping
*   Advertising and Promotional Creatives
*   Print Design
*   Landing Page Design
*   Figma
*   Adobe Creative Cloud (Adobe CC)
*   3ds Max (Limited Proficiency)
"
56653,"**[Your Name]**
[Your Contact Information]

**Summary**

Graphic designer with three years of experience, currently a graphic designer-marketing specialist. Proficient in Figma, Photoshop, and Illustrator.

**Skills**

*   Social Media Post Design
*   Sticker Design
*   Landing Page Design
*   Marketing Materials Design

**Experience**

*   **Graphic Designer-Marketing Specialist**
    *   [Current Company/Organization, Dates of Employment]
*   **Graphic Designer**
    *   [Previous Company/Organization, Dates of Employment]
"
56654,"**Summary**

Versatile designer experienced in branding, web design, and print media, skilled at creating visually engaging and impactful design solutions. Demonstrated ability to tailor design approaches to varied client needs across multiple industries, consistently achieving positive outcomes.

**Experience**

*   Successfully oversaw multiple design projects from initial concept through final execution, utilizing strong project management skills.
*   Collaborated effectively with clients and multidisciplinary teams, ensuring timely delivery of high-quality designs.
*   Built strong client relationships through effective communication and persuasive design presentations, leading to repeat business and positive feedback.

**Skills**

*   Proficient in Adobe Creative Suite, Blender, and Figma.
*   Stays current with design trends and techniques, actively seeking inspiration to improve design work.
"
56656,"**[Your Name]**
[Your Contact Information]

**Summary**

Results-oriented individual with experience in design and research, as demonstrated by participation in the UMO Global Innovation Challenge 2022 finals, focused on Designing for Crisis. Seeking to contribute to a collaborative environment and further develop Graphic Design and UI/UX Design skills.

**Experience**

*   **UMO Global Innovation Challenge 2022**
    *   Finalist, Designing for Crisis.
    *   Responsibilities included project design, research (primary and secondary), and ideation.

*   **Volunteer Experience**
    *   **One Heart:** Created posters and illustrations.
    *   **Creative Sich:** Created posters and illustrations.

**Skills**

*   **Design Software:** Adobe Illustrator, Adobe Photoshop, Figma, Canva, InVision.
*   **Project Management:** Trello.
*   **Ongoing Learning:** Adobe After Effects.
"
56657,"**[Your Name]**
[Your Contact Information]

**Summary**

UI/UX Designer and 2D Graphic Designer with four years of experience in digital design. Skilled in creating graphic assets, including icons, logos, marketing materials, and UI/UX designs for websites and mobile applications. Proficient in Adobe Photoshop and Adobe Illustrator, with a strong understanding of drawing principles and experience working with international clients.

**Experience**

*   **UI/UX Designer / 2D Graphic Designer**
    *   [Dates of Employment]
        *   Created icons, logos, and layouts.
        *   Designed marketing materials.
        *   Worked on UI/UX design for websites and mobile applications (iOS/Android).
        *   Created workflow diagrams.
        *   Prepared templates for presentations, portfolios, and backgrounds for mobile games.
        *   Communicated with international clients.

**Skills**

*   **Software:** Adobe Photoshop, Adobe Illustrator, Sketch, Figma, InVision, Abstract, Craft plugin
*   **Design Skills:** UI/UX Design, 2D Graphic Design, Logo Design, Icon Design, Layout Design, Marketing Material Design, Presentation Design, Digital Drawing
*   **Drawing Principles:** Light, Shadow, Tone, Color, Perspective, Anatomy
*   **Hardware:** Wacom Intuos 4 Digital Tablet
*   **Communication:** Email, Calls

**Education**

*   **ArtCraft Education LLP**
    *   Online Course: Game Graphics (2021)
    *   Online Course: Anatomy (2020)
    *   Online Course: Digital Drawing (2019)
*   **IT School**
    *   Advanced Graphic Design Course (Adobe Photoshop, Adobe Illustrator) (2017)
"
56661,"**[Your Name]**
[Your Contact Information]

**Summary**

Experienced graphic and web designer with over ten years in the industry. Focused on creating modern and engaging designs. Specializes in web and mobile application design, including logo design and corporate identity development. Delivers impactful solutions by leveraging experience and current design trends.

**Professional Experience**

**UI/UX Designer** | May 2019 – October 2022
*   Collaborated remotely on various B2B projects as part of a team.
*   Designed and optimized corporate websites, dashboards, and mobile apps using Figma.

**UI/UX and Graphic Designer** | November 2015 – June 2019
*   Led the design of websites and mobile interfaces for a Canadian real estate startup.
*   Used Photoshop and Figma for visual creation and user interaction design.
*   Produced printed promotional materials for presentations and international trade shows.

**Web Designer** | February 2012 – March 2019
*   Worked within an Israeli digital agency on internal and client projects.
*   Collaborated with a team of three designers.
*   Contributed to website design for fashion design software.
*   Used Sketch, Figma, and Photoshop.

**Skills**

*   Web Design
*   Mobile Application Design
*   UI/UX Design
*   Logo Design
*   Corporate Identity
*   Figma
*   Photoshop
*   Sketch

**Seeking**

Remote positions with project-based work and opportunities for skill development. Enjoys working in team environments.
"
56662,"**[Your Name]**
[Your Phone Number] | [Your Email Address] | [Your Portfolio URL (if applicable)]

**Summary**

Results-driven professional with over five years of experience encompassing web design, UI/UX design, graphic design, and HTML/CSS development. Skilled in the creation of visual materials such as booklets, flyers, brochures, and brand designs. Experienced in both team-based and independent project contexts. Proficient in communication and collaboration with English-speaking clients through meetings, calls, and written correspondence.
"
56725,"**[Your Name]**

**Summary**

Passionate about Logo Design and Brand Identity, I develop visually engaging and conceptually strong designs. I am adept at transforming intricate concepts into understandable formats. My skills encompass Web Design and UX/UI, where I integrate client goals with principles of composition, typography, visual hierarchy, user experience, and design efficiency.
"
56795,"Alina
Web Designer

*   Demonstrates a commitment to achieving optimal results.
*   Experienced Graphic Designer with a versatile skill set applicable to web design.
*   Dedicated to ongoing professional development and skill improvement.
*   Enthusiastic about learning new tools and staying informed about design innovations.

Thank you for your consideration.
"
56796,"Ann
Graphic Designer | UI/UX Designer

Summary

Graphic designer and UI/UX designer with five years of graphic design experience in an IT company and several months of UI/UX design experience. Seeking a design career with opportunities to contribute to creative projects.

Skills

*   User Research
*   User Interface (UI) Design
*   Graphic Design
*   Ideation
*   Typography
*   Print Design
*   User Experience (UX) Design
*   Advertising
*   Wireframing and Prototyping
*   Prototyping and Testing
*   Digital Illustrations
*   Interaction Design
"
56797,"**[Your Name]**
[Your Phone Number] | [Your Email Address] | [Your Portfolio Link (Optional)]

**Summary**

Graphic and UI/UX Designer with one year of experience in developing creative design solutions. Experienced in creating visual assets, including banners, flyers, and posters for print and social media. Known for reliability, commitment to deadlines, and collaborative teamwork.

**Skills**

*   Graphic Design
*   UI/UX Design
*   Banners
*   Flyers
*   Posters
*   Print Design
*   Social Media Design
*   Teamwork
*   Deadline Management

**Experience**

*   **Graphic and UI/UX Designer** | [Your Company/Freelance] | [Dates of Employment]

    *   Designed a range of projects, including banners, flyers, and posters.
    *   Developed assets for both print and social media.
    *   Consistently met project deadlines.
    *   Collaborated effectively within a creative team.
"
56798,"**[Your Name]**

**Summary**

Graphic Designer skilled in logo design, brand identity development, and business presentation creation. A responsible team player known for attentiveness, composure, and dependability. Demonstrates strong interpersonal skills and an ability to understand diverse viewpoints.

**Skills**

*   Adobe Illustrator
*   Adobe InDesign
*   Adobe Photoshop
*   Microsoft Word
*   PowerPoint
"
56799,"Rafael Abasov
www.rafaelabasov.com

Summary

Highly skilled and creative graphic designer proficient in diverse design software and techniques. Based in Azerbaijan, with plans to relocate to Prague in September 2023 for Master's studies in Design. Seeking remote work opportunities.

Experience

Freelance Graphic Designer

*   Developed a broad spectrum of visual content, encompassing logos, marketing materials, and web graphics.
*   Specialized in branding, content creation, UI/UX, album cover, packaging, clothing, and poster design.
*   Proficient in video editing with Adobe Premiere Pro and Final Cut.
*   Currently enrolled in the Google UX Design Professional Certificate program.
*   Partnered with clients to ascertain requirements and produce effective designs.

Skills

*   Adobe Illustrator (Advanced)
*   Adobe Photoshop (Advanced)
*   Figma (Advanced)
*   Adobe XD (Advanced)
*   Sketch (Advanced)
*   Adobe Premiere Pro (Intermediate)
*   Design Thinking
*   Branding
*   Design Principles
*   Typography
*   Prototyping
*   Wireframing
*   User Flows
*   Mock-ups
*   Visual Design
*   User Research
"
56800,"**[Your Name]**

**Summary**

Results-oriented graphic designer experienced in brand identity, marketing materials, and print design. Demonstrated ability to create visuals for diverse clients and platforms.

**Experience**

**Upwork** | Graphic and Brand Identity Designer | 2022.06 – Present

*   Designed marketing materials for YouTube, including banners, logos, and watermarks.
*   Developed logos for clients based in the USA.
*   Created packaging designs for clients in the Netherlands and the USA.
*   Designed labels for Dutch craft beer.
*   Managed brand formation, brand development, and created marketing materials for web and print.

**Citrus, Odessa** | Graphic Designer | 2021.09 – 2022.02

*   Developed layouts for promoting household and computer equipment for web and outdoor advertising.
*   Created print products aligned with corporate style guidelines.
*   Adapted layouts from brands such as Samsung, BOSCH, Philips, JBL, XIAOMI, OPPO, and HUAWEI to the Citrus corporate identity.
*   Adapted banners for social media, Google Ads, and mass media.
*   Prepared print materials using Corel Draw.

**Upwork** | Graphic Designer | 2021.02 – 2021.09

*   Collaborated with clients from the Netherlands and the USA.
*   Designed labels for beer products.
*   Created advertising banners for Instagram, Facebook, and Google.
*   Prepared a brand book for a private clinic in Gayvoron, Ukraine.
*   Designed a logo for a music equipment supplier in Lozova, Ukraine.
*   Designed labels for beer products in Folsgare, Netherlands.
*   Created Telegram stickers and prepared them for printing in AI and Corel Draw.
"
56801,"**[Your Name]**

**Summary**

A graphic designer with over ten years of experience in various design roles, including illustrations, advertising banners, social media assets, logos, animations, and presentations. Currently transitioning into UI/UX design.

**Experience**

*   **User Interface Designer** (Current)
    *   Prototyped a SaaS Design System in Figma.
*   **Graphic Designer** (Previous)
    *   Designed illustrations, advertising banners, social networking materials, logotypes, animations, and presentations.
"
56802,"**[Your Name]**
[Your Contact Information]

**Summary**

Creative professional skilled in visual design, specializing in asset creation for games and graphic design applications.

**Skills**

*   Background Design
*   Character Design
*   Graphic Design
*   Presentation Design
*   Marketing Design
*   Packaging Design

**Experience**

*   **[It-company], [Job Title/Role]**
    *   Developed backgrounds and characters for a game.
*   **Freelance Graphic Designer**
    *   Delivered graphic design services.

**Additional Information**

*   Adept at producing diverse visual assets.
*   Limited 3D modeling experience.
"
56803,"**[Your Name]**

**Summary**

Designer with 7 years of experience. Demonstrated ability to address design challenges from various viewpoints, developed through experience with startups, advertising agencies, publishing houses, and manufacturers. Skilled at incorporating UX solutions and marketing considerations to guide resource allocation. Enthusiastic about contributing to engaging and intricate projects within a professional team setting. Dedicated to ongoing skill enhancement. Holds a Bachelor's degree.
"
56804,"**[Your Name]**
[Your Contact Information]

**Summary**

UI/UX Designer with 3 years of experience creating clear and intuitive designs. Focused on user experience and increasing user engagement. Specializes in developing layouts, prototyping, testing user interfaces, analyzing user behavior, and technical integration. Aims to create high-definition interfaces and improve lives through simple, discreet, and useful products.

**Experience**

**UI/UX Designer, Comportal**
October 2022 - Present

*   Developed layouts and prototypes for websites.
*   Evaluated and tested user experience.
*   Developed user interfaces.
*   Collaborated with development teams and project managers.
*   Created landing pages.

**Graphic Designer (Freelance), Resource Group**
February 2021 - Present

*   Developed layouts for print.
*   Developed banners for targeted advertising.
*   Created banners for website news.
*   Collaborated with marketers and project managers.
*   Developed marketing materials.

**Graphic Designer, Liga.net**
September 2021 – December 2021

*   Developed layouts for print.
*   Developed banners for targeted advertising.
*   Created collages for website news.
*   Collaborated with marketers and journalists.
*   Developed marketing materials.
"
56805,"**[Your Name]**
[Your Contact Information]

**Summary**

Web developer skilled in Webflow and Figma. Experience in website and interface design and development.

**Experience**

*   Developed websites utilizing Webflow.
*   Designed interfaces and websites using Figma.
*   Completed projects on Upwork and Fiverr, including NFTlook.
*   Created Shopify sites and a Shopify winning product kit.
*   Developed a landing page for car parts for a Ukrainian company.

**Goals**

Seeking professional growth in web design and website development, with career aspirations or the establishment of a website development company.
"
56807,"**Summary**

Results-oriented UX/UI professional with a passion for user-centered design and a robust foundation in computer technology. Demonstrated ability to advance within roles, showcasing adaptability and a commitment to excellence. Possesses a unique blend of technical understanding, creative skills, and interpersonal intelligence, complemented by a decade of self-study in psychology. Eager to contribute to a collaborative team and leverage diverse experiences to create impactful user experiences.

**Experience**

*   **HR Manager** Managed HR functions for a team of 65. Demonstrated proficiency in HR management.
*   **Photographer & Graphic Designer** (3 years) Collaborated within a large team (approximately 600).

**Skills**

*   UX/UI Design (Coursework in progress)
*   Photography
*   Graphic Design
*   Computer Technology (Fundamentals)
*   Programming (Basic)
*   Psychology (10 years of self-study)
*   Teamwork
*   Reliability
*   Responsibility
*   Creativity

**Education**

*   Bachelor's Degree in Computer Technology

**Other**

*   International Travel: Visited over 15 countries.
*   Lived in Thailand for one year.
*   Certified Diver
*   Committed to continuous learning.
"
56809,"**[Your Name]**
[Your Phone Number] | [Your Email Address] | [Your Portfolio Link (if applicable)]

**Summary**

Results-oriented professional skilled in visual content creation and marketing material development. Demonstrated ability in personal style development, illustration, and design layout. Experienced in client presentations, team collaboration, and UI/UX design.

**Skills**

*   Illustration
*   Social Media Graphics
*   Layout Design
*   Marketing Material Development (Print)
*   Presentation Creation & Delivery
*   UI/UX Design (E-commerce)
*   Landing Page Design
*   Client Communication

**Experience**

*   Developed personalized styles for clients.
*   Produced illustrations and banners for social media platforms.
*   Executed layout design for various publications.
*   Prepared and developed print marketing materials.
*   Created and presented client-facing presentations.
*   Collaborated with team members on concept development.
*   Designed landing pages for marketing initiatives.
*   Performed UI/UX design for an e-commerce platform.
"
56859,"**Jane Doe**
(123) 456-7890 | jane.doe@email.com | LinkedIn Profile URL (Optional)

**Summary**

Graphic Designer with over 5 years of experience in the publishing industry. Possesses knowledge of Web Design and UI/UX Design, acquired through specialized training.

**Experience**

**PRAGMATIKA.MEDIA, Kyiv** | Graphic Designer | 2018 – 2023

*   Developed magazine design, including layout and visual design.
*   Created graphic documentation, such as presentations, forms, and media.
*   Produced visual content for social networks and websites, encompassing post design, page aesthetics, collages, and leaflets.

**Freelance (cooperation with Inka), Kyiv** | Graphic Designer | 2020 – 2023

*   Designed a magazine for the Premier Hotel.
*   Developed corporate catalogs and brochures.

**IMEX LTD, Kropyvnytskyi** | Designer Assistant | 2014

*   Created corporate catalogs, brochures, certificates, and business cards.

**Skills**

*   Graphic Design
*   Layout Design
*   Visual Design
*   Web Design (Knowledge)
*   UI/UX Design (Knowledge)

**Training**

*   ""Web Design"" - Skvot
*   ""Work with Figma"" - Creative Practice
*   ""UX/UI. Projecting and designing of interfaces"" - Creative Practice
"
56860,"**Summary**

Experienced graphic, web, and UI/UX designer specializing in visually engaging websites, user-centered interfaces, and impactful branding. Adept at crafting immersive digital experiences that achieve client and user objectives.

**Experience**

*   **Freelance Designer** | *[Start Date] - [End Date]* (Approximately 6 months)
    *   Designed websites for diverse businesses, including perfume retailers, photography studios, start-up platforms (similar to taskrabbit.com), and hospitality establishments.
    *   Developed a dashboard interface for a local financial institution.
    *   Created a website for a renewable energy company.
    *   Designed a menu for a local dining establishment.
    *   Contributed to the development of a cinema application.
    *   Produced welcome brochures for a specific geographic region.

**Skills**

*   Graphic Design
*   Web Design
*   UI/UX Design
*   Branding
*   User Interface Design
*   User Experience Design

**Education**

*   Completed extensive design coursework (approximately 9 months)

**Preferences**

*   Prioritizes projects that are consistent with personal values and interests.
*   Declines projects related to adult-oriented websites or gambling game design.
"
56861,"**[Your Name]**
[Your Phone Number] | [Your Email Address] | [Your Portfolio Link]

**Summary**

UI/UX and Graphic Designer with 2+ years of experience, focused on creating user-friendly and visually appealing interfaces. Experienced and detail-oriented, with diverse interests.

**Experience**

*   **UI/UX Designer** | Liga Zakon | [Start Date] - Present
*   **UI/UX Designer** | Coming Agency | [Dates of Employment]
*   **UI/UX Designer** | Come Back Agency | [Dates of Employment]
*   **UI/UX Designer** | Fawn Agency | [Dates of Employment]

**Projects**

*   Brand Book for Kiton furniture store
*   Brand Book for Lviv Botanic Garden

**Skills**

*   UI/UX Design
*   Graphic Design

**Interests**

*   Basketball
*   Skiing
*   Design
"
56862,"**[Your Name]**

**Summary**

Digital Designer with five years of experience. Possesses technical and communication skills developed through work with large corporate clients, consistently meeting artistic and punctual requirements. Experience includes developing concepts and corporate styles for multiple brands. Currently freelancing for international clients. Completed UX design courses at Projector in May 2022 and has a foundational understanding of UX design.

**Experience**

*   **Freelance Designer** | \[Dates of Freelance Work]
    *   Designed for international clients.

*   **Graphic Designer** | \[Network Advertising Agency Name] | \[Dates of Employment]
    *   Collaborated with internal teams to develop concepts and corporate styles for multiple brands.
    *   Met the artistic and punctual requirements of large corporate clients.
    *   Developed technical and communication skills.
"
57384,"**Summary**

T-shaped Design Generalist with 15+ years of experience, specializing in product thinking and the ability to lead design teams and projects worldwide. Proven expertise in establishing product design teams and processes.

**Experience**

*   Led design teams and projects globally.
*   Designed over 40 successful digital products.
*   Launched and successfully operated over 30 brands and trademarks.
*   Mentored junior designers, delivered lectures, and conducted workshops.
*   Experience in product management and startup launches.
*   Served as a jury member at international design competitions.
*   Recipient of international design awards.

**Skills**

*   UX Architecture & Design
*   Data Mining & Data-Driven Design
*   User Testing & Usability Evaluation
*   Visual Design & UI Design
*   Logo Design & Product Identity Design
*   Prototyping
*   iOS & Android Design
*   HTML/CSS
*   AR/VR
*   Business & Requirement Analysis
*   User & Marketing Research
*   Photography & Direction
*   Management & Tutoring
*   Strong hands-on knowledge of UX design, prototyping tools, user testing, mobile and responsive design, branding and HTML/CSS principles.

**Certifications**

*   Respectable UX Certification

**Preferences**

*   Seeking a product-focused company.
*   Desire to influence product direction and vision.
*   Open to part-time design consultancy (processes or products).
*   Considering remote or relocation opportunities (USA, UK, Europe).
*   Flexible and adaptable to changes.
*   Interested in AR/VR projects (excluding game development).
*   Experienced in company management, with the ability to communicate business needs and goals.
*   Not interested in project or operational work for outsourcing.
"
57400,"**[Your Name]**

**Summary**

UI/UX Design professional with over 10 years of experience, including 5+ years in Design Team Management (20 team members). Proven ability to drive product design from concept to launch, establish design departments, attract projects, and contribute to company profitability. Expertise in resource management, team development, project estimation, and diverse industry experience.

**Experience**

*   **Design Department Creation & Development**
    *   Established a design department, attracting projects and clients to generate additional profit.
    *   Managed a team of 20 designers.
    *   Full-cycle hiring: interviewing, on-boarding, feedback, and coaching.
    *   Design strategy, performance monitoring, and evaluation.
    *   Project distribution and team member growth (interns to senior/team leads).
    *   Budgeting, pre-sales participation, project estimation, and contract review.
    *   Saved the business multiple times through dedicated work.
    *   Improved existing products.
    *   Successfully implemented 50+ projects.
*   **Product Design & Development**
    *   Led product design from initial concept to launch.
    *   Developed creative solutions and interface concepts.
    *   Applied an analytical approach to design.
    *   Utilized strong knowledge of the design process: research, prototyping, testing, interviews, usability audits, and design systems.

**Skills**

*   UI/UX Design
*   Design Team Management
*   Resource Management & Planning
*   Project Estimation & Specifications
*   Design Strategy & Performance Evaluation
*   Budgeting
*   Pre-sales Participation
*   Contract Review
*   Self-Management
*   Analytical Skills
*   Collaboration
*   Empathy
*   Problem-Solving
*   Ability to Work Under Pressure

**Industries**

Fintech, Healthcare, Telco, Gaming, E-commerce, Enterprise, Banking, Real Estate, Manufacturing, Start-ups, Blockchain & Crypto, Legal, Sports.

**Objective**

To contribute to product development and lead the complete design process to enhance product quality and increase profitability, leveraging extensive experience in concept creation and market entry.
"
62042,"**[Your Name]**
[Your Contact Information]

**Summary**

Results-driven professional with experience in project management, marketing, and web design. Demonstrated ability to manage projects, implement business processes, and contribute to company objectives. Skilled in communication, problem-solving, and team collaboration.

**Experience**

**Beetroot Academy** | 2023 – Present
*   Acquired practical skills through hands-on learning, including:
    *   Crafting concise introductory communications.
    *   Identifying potential candidates using search systems, including Boolean and X-Ray search techniques.
    *   Conducting effective interviews.

**Web Designer, UX/UI Designer (Freelance)** | 2020 – Present
*   Developed diverse web design projects, including:
    *   Website for Fortified Capitals (exchange trading platform).
    *   Landing page design.
    *   Business card creation.
    *   Smart Home mobile application design.

**Partner Ukraine LLC** | Personal Assistant, Project Manager (Part-Time) | 2020 – 2023
*   Managed project documentation and contract negotiations.
*   Resolved issues and implemented solutions.
*   Assigned tasks and monitored progress.
*   Motivated team members.
*   Collaborated with suppliers and clients.
*   Created and implemented business processes (BPMN) across all departments.

**LLC Trade House Alfa-Komplekt EKB** | Deputy General Director for Quality | 2018 – 2020
*   Oversaw quality control of incoming products.
*   Managed reclamation processes.
*   Developed and implemented the organization's Quality Management System (QMS) policy and objectives.
*   Prepared documentation for certifications and licenses.
*   Organized events for exhibitions, conferences, and seminars.

**Alfa-Sert LLC** | Marketer | 2015 – 2018
*   Managed company branding initiatives, including development, implementation, and improvement.
*   Developed, approved, and launched advertising campaigns.
*   Created a product catalog.
*   Developed, approved, and launched Point of Sale Materials (POSM).
*   Collaborated with external contractors, including designers, web developers, and printing houses.

**Albion Trading Company LLC** | Marketer | 2012 – 2014
*   Marketer
"
63086,"**[Your Name]**
[Your Contact Information]

**Summary**

Web designer with practical experience in Sketch, Figma, Adobe Photoshop, and Adobe Illustrator. Demonstrates a strong aptitude for rapidly learning new software and processes.

**Education**

*   **Spalah IT-School** - UI/UX- Web Designer
    05/2018 – Present
*   **LevelUP School** - UI/UX- Web Designer
    10/2018 – 04/2019
"
63087,"**[Your Name]**
[Your Phone Number] | [Your Email Address] | [Your Portfolio Link (if applicable)]

**Summary**

Motivated individual proficient in Adobe Photoshop, Adobe Illustrator, and Figma. Seeking to apply design skills and learn from experienced professionals. Possesses strong interpersonal skills developed through experience in the restaurant industry. Dedicated to contributing meaningfully to a team.

**Skills**

*   Adobe Photoshop
*   Adobe Illustrator
*   Figma

**Soft Skills**

*   Adaptability
*   Sociability
*   Conflict Resolution
*   Open to Criticism
*   Discipline
*   Flexibility

**Experience**

*   Restaurant Industry (Details to be added if appropriate, such as role or duration)

**Desired Experience**

Seeking opportunities to gain practical design experience and knowledge. Prepared to invest significant effort to contribute effectively to a team.
"
83710,"**[Your Name]**

**Summary**

Graphic and UI/UX Designer seeking challenging opportunities. Experience includes creating web and mobile applications, corporate branding, and freelance design projects. Eager to learn and collaborate within a structured team environment.

**Experience**

*   **UI/UX and Graphic Designer**
    *   **Outsource Company (Fintech and Blockchain Specialization)**
        *   Designed web and mobile applications, targeting markets in the USA, Canada, and the UK.
        *   Created a website for a blockchain trading company.
        *   Developed a corporate interactive notebook.
        *   Designed Instagram corporate posts, used as templates.
        *   Worked on graphic design projects, including brand books, corporate merchandise, banners, printouts, and posters.
        *   Contributed to a blockchain corporate project involving a tokenized game.
        *   Created an animation for a Behance case study.
*   **Freelance Designer**
    *   Designed a logo.
    *   Redesigned a website.

**Skills**

*   UI/UX Design
*   Graphic Design
*   Branding
*   Web Design
*   Mobile Application Design

**Additional Information**

*   Open to feedback.
*   Seeking a team-oriented environment.
"
83711,"**[Your Name]**

**Summary**

Experienced in content creation and marketing initiative management. Skilled in graphic design, social media, and analytical analysis. Focused on supporting communication and outreach.

**Experience**

*   Created newsletters for three target audiences.
*   Designed visual elements for websites and social media.
*   Developed and executed marketing plans, including analytical assessments of advertising campaigns.
*   Provided support on a medical aid infoline for Ukrainian refugees.
*   Managed social media accounts for Medimost and related projects.
"
86666,"**Jane Doe**
(123) 456-7890 | jane.doe@email.com | LinkedIn Profile URL (Optional)

**Summary**

Web Designer with over two years of experience developing modern, responsive corporate websites and landing pages at a digital marketing agency. Proven ability to create visually appealing and user-friendly digital experiences.

**Skills**

*   Design Tools and Software (List Specific Tools)

**Experience**

*   **Web Designer** | Digital Marketing Agency | Dates of Employment (Month Year – Month Year)
    *   Designed digital experiences for clients.
    *   Created and maintained responsive websites and landing pages.

**Goals**

*   Seeking to expand skillset in UI/UX design.
"
87779,"**[Your Name]**

**Summary**

Professional experienced in design, digital marketing, global relationship management, sales, client services, growth assistance, and product management.

**Experience**

*   **727.ventures:** Growth Assistant / Product Manager
*   **Deutsche Börse:** Global RM, Sales, Client Services
*   **Bank Gutmann:** Design and Digital Marketing

**Contact**

Available upon request
"
97622,"**[Your Name]**

**Summary**

UI/UX Designer with 1.5 years of experience designing desktop and mobile applications. Experienced in creating illustrations, graphics, and content for books, booklets, and online posts, with 3 years of experience. A proactive designer focused on delivering optimal solutions, incorporating client communication, project roadmap development, and design matrix creation. Experienced in user experience research, including creating empathy maps, user scenarios, and identifying user needs. Skilled in developing and testing clickable prototypes. Proficient in web and mobile application design, understanding fundamental behavioral patterns. Dedicated to creating clear, user-friendly, and visually appealing designs.
"
98134,"**[Your Name]**
[Your Contact Information]

**Summary**

Highly motivated individual seeking a Junior UI/UX Designer role or trainee program. Possesses a Master's Degree and a strong foundation in design principles, with proficiency in Adobe Illustrator, Photoshop, and After Effects (animation and motion design), and web design. Demonstrated ability to analyze, plan, and solve problems, with three years of project management experience in an NGO, showcasing a history of achieving results. Eager to gain experience in the IT field and pursue professional growth.

**Skills**

*   Adobe Illustrator
*   Adobe Photoshop
*   Adobe After Effects (Animation & Motion Design)
*   Web Design
*   Project Management
*   Analysis
*   Planning
*   Problem-Solving

**Experience**

*   **Project Manager** | [NGO Name] | [Dates of Employment]
    *   Managed projects, using analytical, planning, and problem-solving skills to meet organizational goals.

**Education**

*   **Master's Degree** | [University Name] | [Year of Graduation]

**Objective**

To obtain a Junior UI/UX Designer position or trainee program within the IT industry, utilizing existing skills and experience while contributing to a team and pursuing professional development.
"
98135,"**\[Your Name]**
\[Your Phone Number] | \[Your Email Address] | \[Your Portfolio URL (Optional)]

**Summary**

UI/UX Designer with over a year of experience seeking a new opportunity to refine skills and broaden experience.

**Experience**

*   **UI/UX Designer** \[Previous Company or Project - Optional]
    *   Applied industry and design best practices throughout website build processes.
    *   Investigated user behavior, identified and addressed UX issues.
    *   Designed a landing page prototype in Figma.
    *   Participated in the creation of style guides, encompassing font, color, and illustration choices.
    *   Confirmed website functionality across multiple devices (desktop, mobile, tablet).
    *   Designed logos.
"
98136,"**[Your Name]**
[Your Phone Number] | [Your Email Address] | [Your Portfolio Link (if applicable)]

**Summary**

UI/UX Designer with 1.5 years of experience, demonstrating a commitment to ongoing professional growth. Skilled in Figma and Adobe Photoshop.

**Experience**

*UI/UX Designer* | Start-up | [Dates of Employment - e.g., ""Last 4 months""]
*   Developed UI/UX designs for an online clothing shop catering to the EU market.
*   Worked collaboratively with a Product Manager, two developers, and one QA specialist.
*   Employed Figma and Adobe Photoshop in design processes.

*UI/UX Designer* | British Clothing Store | [Dates of Employment - e.g., ""Last 2 months""]
*   Responsibilities encompassed UI/UX design, including:
    *   Prototyping
    *   Layout creation
    *   UI Design
    *   UX Design

*Freelance UI/UX Designer* | [Dates of Employment - e.g., ""8 months""]
*   Executed multiple small-scale UI/UX design projects.

**Skills**

*   Figma
*   Adobe Photoshop
*   English (Fluent)
"
98137,"**[Your Name]**
[Your Phone Number] | [Your Email Address] | [Your Portfolio Link (Optional)] | [Your LinkedIn Profile URL (Optional)]

**Summary**

UI/UX Designer based in Lviv, Ukraine, focused on contributing to the design and launch of new digital products and the redesign of existing projects for enterprises. Proficient in user-centered design principles, dedicated to creating intuitive and user-friendly experiences. A responsible and sociable individual with a strong commitment to continuous skill development.

**Education**

*   **Projector Institute** - Web Design Beginning Course, Lviv, Ukraine

**Skills**

*   UI Design Fundamentals
*   UX Design Fundamentals

**Experience**

*   **Mentorship:** Mentored by Valentine Skliarov
"
98138,"**[Your Name]**
[Your Phone Number] | [Your Email] | [Your LinkedIn Profile (Optional)] | [Your Portfolio Link (Optional)]

**Summary**

*   Collaborative individual with a strong capacity for quick comprehension.
*   Enthusiastic about design and focused on user-centered, visually appealing outcomes.

**Skills**

*   **Design Software:** Figma (Components, Variants, Auto Layout, Prototyping, Mockups), Adobe Photoshop, Adobe Illustrator (Basic)
*   **Design Principles:** Typography, Grid Systems, Composition, Color Theory, Usability
*   **Other:** Webflow (Learning), English (Improving)

**Projects**

*   Developed and currently developing personal projects for educational coursework and test assignments.
    *   Designed landing pages and authorization interfaces.
"
98171,"**Jane Doe**
(Phone Number) | (Email Address) | (Portfolio Link)

**Summary**

UI/UX Designer with approximately one year of experience. Experienced in contributing to creative projects and working collaboratively in team settings. Possesses a strong passion for design and a desire to contribute to innovative projects.

**Experience**

*   **Freelancer**
    *   (Dates of Freelance Work)
    *   Created and delivered creative projects.
*   **Startup**
    *   (Dates of Employment)
    *   Participated in UI/UX design tasks within a team environment.

**Skills**

*   **Design Software:** Figma, Photoshop, Illustrator, AutoCAD, Blender
*   **Other:** Photography, Music

**Strengths**

*   Ambitious
*   Proactive
*   Cooperative
*   Polite
*   Creative
"
98172,"Dmitry
UI/UX Designer

Highly motivated designer with a focus on modern and stylish design. Committed to continuous skill development and inspired by seeking out design inspiration. Prepared to apply design skills and contribute to real-world projects.
"
98173,"**[Your Name]**
[Your Contact Information]

**Summary**

Experienced in designing websites and mobile applications, utilizing a range of tools and technologies. Skilled in creating layouts and designs with graphic editors including Figma, Adobe Photoshop, Adobe Illustrator, and CorelDRAW. Proven ability to collaborate effectively within a team to deliver projects on schedule and in alignment with user requirements. Dedicated to staying abreast of web design trends and continuously learning new tools to enhance design and functionality.

**Projects**

*   **GetPet - Web Service for Finding Lost Animals**
    *   Conducted competitor analysis, persona creation, user journey mapping, and user flow analysis.
    *   Developed wireframes and interface designs.
    *   Contributed to team-based development efforts.

*   **Poltava Music School Website Redesign**
    *   Refreshed the website interface to enhance user experience.

**Skills**

*   Web Design
*   Mobile Application Design
*   Figma
*   Adobe Photoshop
*   Adobe Illustrator
*   CorelDRAW

**Desired Employment**

Seeking a remote position with a flexible schedule. Eager to join a collaborative company focused on producing competitive, high-quality products.
"
98245,"**[Your Name]**
[Your Contact Information]

**Summary**

Results-driven designer with a solid understanding of design principles and a proactive approach to user experience. Completed design coursework and thesis, currently expanding skills through a professional course. Demonstrated ability to conduct UX research, analyze target audiences and competitors, and develop design solutions. Experience in design systems, UI kits, prototyping, and adaptive design. Knowledge of animation techniques.

**Experience**

*   **Freelance Designer** | 6 Months

    *   Created posters.
    *   Rendered videos.
    *   Designed a logo for a dance festival.

**Skills**

*   UX Research
*   Audience Research
*   Competitor Analysis
*   Design Systems
*   UI Kit Development
*   Prototyping
*   Adaptive Design
*   Animation
*   Poster Design
*   Video Rendering
*   Logo Design

**Education**

*   Design Coursework | Successfully Defended Thesis
*   Currently Enrolled: Professional Course
"
98250,"**Summary**

Results-oriented professional with experience in design, UI/UX, media buying, marketing, and account management. Demonstrated ability to cultivate relationships, enhance campaigns, and achieve objectives.

**Experience**

**Innovation Group** | Media Buyer/Marketer | 03.2016 – 05.2022

*   Administered advertising campaigns on multiple platforms.
*   Directed traffic allocation for advertising initiatives.
*   Designed and produced creatives and landing pages.
*   Assessed and interpreted advertising campaign performance data.
*   Refined campaigns to improve outcomes.

**Sprava** | Account Manager | 01.2013 – 02.2016

*   Established and maintained strategic client alliances.
*   Increased account portfolios through new client onboarding.
*   Nurtured ongoing client relationships.
*   Assisted with SEO implementation for partner account revenue generation.

**Education**

**Hillel (IT School)** | UI/UX Design Pro | 10.2021 – 05.2022

**Hillel (IT School)** | Design Basic | 05.2021 – 08.2021
"
98251,"**[Your Name]**
[Your Phone Number] | [Your Email Address] | [Your LinkedIn Profile URL (Optional)]

**Summary**

Enthusiastic individual with experience in UI/UX design and photography. Possesses a foundation in web UI development and a passion for creating user-centered designs.

**Skills**

*   UI/UX Design
*   User Research
*   Wireframing
*   User Flow
*   Mockups
*   Prototyping
*   User Personas
*   Figma
*   Photography
*   Photo Retouching
*   Teamwork
*   Sales
*   Photo Album Design

**Experience**

**UX/UI Designer** | Freelance | March 2023 – Present

*   Conducted user research to understand user needs.
*   Developed wireframes and user flows.
*   Created mockups and prototypes.
*   Utilized Figma.

**Photographer** | The Moment, Kyiv | September 2020 – February 2022

*   Photographed groups.
*   Performed photo retouching.
*   Collaborated within a team.

**Photographer** | The Svadba, Kyiv | March 2018 – April 2019

*   Photographed weddings.
*   Retouched photographs.
*   Sold photographs.
*   Designed photo album layouts.

**Aviation Security** | PLC «Master-Avia», Kyiv | April 2017 – December 2017

*   Monitored baggage.
*   Interacted with diverse groups.

**Education**

**Prometeus**

*   ""UI/UX Design Basics"" course | 2023
*   ""Basics of Web UI Development"" course | 2022
"
98252,"**VBakery**

*   Created a website for a bakery specializing in pastries and cakes.
*   Added features for users to browse a product catalog, place orders, and design custom items.
*   Integrated user registration and personal accounts, allowing users to save items, view reviews, and track order history.
*   Provided information about the bakery's location.

**Dim Kultury**

*   Developed a website to attract investment for the renovation of local monuments, the creation of a cultural center, and the restoration of a community club.
*   The project encompassed three key areas:
    *   Renovation of a historic nightclub (""ЖИВОТ"") to become a youth center.
    *   Establishment of a large cultural center (""ДІМ КУЛЬТУРИ"") to unite social and business projects.
    *   Creation of a public urban space (""ДВІР"") with a green theater, summer stage, and food court.
"
98253,"**[Your Name]**

**Summary**

Motivated individual with design and project leadership experience, contributing to projects in the social sector and e-commerce. Skilled in design tools and collaborative platforms.

**Experience**

**Baza Trainee Ukraine** | 06.2023 – Present
*   Led design teams for website projects for the volunteer organization ""4.5.0.""
*   Led design teams for the ""1000+1 song. Kolyskovi."" project.
*   Finalist, Hahathon 4.0: Ukraine Heritage Edition.
*   Utilized Figma, Trello, Slack, Discord, and time tracking tools.

**CURSOR Education** | 01.2023 – 06.2023
*   Contributed to the development of an e-commerce platform.
*   Conducted stakeholder interviews, competitor analysis, user research, SWOT analysis, customer journey mapping (CJM), and information architecture (IA).
*   Developed wireframes, UI components, and prototypes.
"
98254,"**[Your Name]**
[Your Contact Information]

**Summary**

UX/UI Designer skilled in design fundamentals and Figma. Experienced in enhancing user-friendliness through interface redesigns and creating interactive designs to improve user interaction.

**Skills**

*   UX/UI Design
*   Figma
*   Interactive Design
*   Social Media Banner Creation

**Projects**

*   **Website Redesign:** Implemented improvements to enhance user-friendliness.
*   **Social Media Banners:** Created banners.
*   **Fitness Coach Website Redesign:** Restructured the webpage to simplify the design, highlight key elements, and attract new clients.
*   **Landing Page (UX-UI Case Study):** Designed a page to showcase products, including wireframes, color palettes, and animation.
*   **Mobile App (UX-UI Case Study):** Developed an app for gift selection and delivery.

**Experience**

*   Completed a UX/UI design course, mastering design fundamentals and Figma.
*   Experience in developing landing pages, mobile applications, and web services.
*   Experience working with agencies, startups, and product companies.
"
98255,"**Jane Doe**
[Your Contact Information]

**Summary**

Highly motivated UI/UX Designer passionate about creating user-centered digital experiences. Skilled in transforming complex concepts into intuitive and visually engaging designs. Possessing a strong understanding of design principles, user research, interactive prototyping, and adaptive design. Dedicated to applying skills and enthusiasm to develop impactful and user-friendly products that enhance the user experience.

**Projects**

*   **DeliverEats Mobile Service**
    *   Designed a mobile interface for a food delivery service.
    *   Conducted UX research, wireframing, UI design, and prototyping.
    *   Published the design on Behance.
    *   The objective was to provide users with a streamlined food ordering experience.
    *   Designed customer-facing pages, including a catalog, product page, and account section.
    *   Identified the target audience, and researched the market and competitors.
    *   Incorporated features such as a home page search function, quick-sorting filters, and a favorites feature.
    *   Emphasized convenience and simplicity for ease of use.

*   **PetSearch Web Service** (Team Project)
    *   Collaborated on a team project to design a web service for finding lost animals.
    *   Conducted UX research, created personas, user flows, and JTBD, CJM.
    *   Performed wireframing, UI design, adaptive design, and prototyping.
    *   Published the design on Behance.
    *   Considered two user groups: those who had lost pets and those who had found pets.
    *   Analyzed the market and competitors to define the target audience.
    *   Utilized a warm color scheme.
    *   Prioritized functionality to enable users to take action efficiently.
    *   Designed for adaptive use, specifically targeting mobile devices.
    *   Focused on convenience and clarity.
"
98256,"**FlowerLower**

*   Landing page design for a flower delivery company, case study
*   Performed competitor analysis and market research
*   Produced high-fidelity wireframes
*   Established UI style guides, including typography, responsive layouts, color palettes, and button designs

**Mimino**

*   Website redesign for a Georgian cuisine business, case study
*   Performed competitor analysis and market research
*   Developed high-fidelity wireframes
*   Created a UI Kit encompassing typography, responsive layouts, color palettes, and UI components
*   Prototyped user interactions
*   Optimized designs for mobile and tablet devices

**Wanderstay**

*   Couchsurfing web service, team project, case study
*   Performed competitor analysis and market research
*   Applied design thinking methodologies
*   Utilized the Jobs-to-be-Done (JTBD) framework and developed user personas
*   Designed information architecture and user flows
*   Developed customer journey maps (CJMs)
*   Created wireframes
*   Designed dashboards
*   Designed a 404 error page
*   Implemented parallax scrolling
*   Adapted designs for mobile and tablet devices
*   Prototyped user interactions
"
98257,"**Summary**

Results-oriented individual with experience in web service development and design, demonstrating a strong understanding of UX/UI principles and a commitment to user-centered design. Proven ability to independently manage projects from inception to completion, including competitor analysis, target audience research, design, and implementation. Eager to contribute to a collaborative and growth-oriented environment.

**Experience**

*   **Web Service Developer**
    *   Independently developed a web cleaning service, managing all phases from competitor analysis and design to implementation.
*   **Project Lead, ""BARBER"" Barbershop Project**
    *   Led all stages of the project, including competitor and target audience research.
    *   Focused on user needs to inform design decisions.
*   **Website Redesign, ""India Cafe""**
    *   Conducted target audience research to inform design improvements.
    *   Redesigned the website for enhanced usability and visual appeal.
*   **Web Service Creator, ""CLEAN""**
    *   Created a platform connecting cleaners with clients.
    *   Managed the UX/UI stages, including user flow, prototyping, sitemap, payment pages, and design.

**Desired Career Goals**

Seeking a role within a company that fosters a collaborative and results-oriented culture, offering opportunities for professional development and career advancement. Flexible to work both in-office and remotely.
"
98258,"**[Your Name]**
[Your Phone Number] | [Your Email Address] | [Your LinkedIn Profile URL (Optional)]

**Summary**

Professional with a Master's degree in Law, demonstrating an interest in the IT field and currently studying UI/UX design. Experienced in managing responsibilities and providing service.

**Experience**

*   **Head of the Quality Control Department of Customer Support** Rocket Delivery (Cyprus) - 6 months
    *   Managed quality control for customer support operations.

*   **Customer Support Manager** (Gambling) - 1 year
    *   Provided customer service regarding website issues.
    *   Directed requests to relevant departments.

*   **Notary Assistant** - 3 years
    *   Managed documentation and contract preparation.
    *   Conducted client consultations.
    *   Utilized electronic registers.
    *   Managed business correspondence.

**Education**

*   **Master's Degree in Law** - 2018

*   **UI/UX Design Course** DanIT Academy

**Skills**

*   Responsibility
"
98259,"**[Your Name]**

**Summary**

Results-driven designer skilled in competitor analysis, user flow creation, sitemap development, mood board creation, and the design of landing pages, websites, and web services. Experienced in prototyping and adaptive design, with a focus on collaborative projects and continuous learning.

**Projects**

*   **OURPAWS** - Redesign of search service for missing animals. Utilized Figma, Adobe Illustrator, and Adobe Photoshop.
*   **LA MESA** - Mobile application for booking tables in restaurants. Utilized Figma, Adobe Illustrator, and Adobe Photoshop.

**Skills**

*   Competitor Analysis
*   User Flow
*   Sitemap Development
*   Mood Boards
*   Landing Pages
*   Website Design
*   Web Service Design
*   Prototyping
*   Adaptive Design
*   Figma
*   Adobe Illustrator
*   Adobe Photoshop

**Desired Skills and Interests**

*   Continuous Development and Learning
*   Advanced Adobe Illustrator Proficiency
*   Vector Graphics Skill Enhancement
*   Collaborative Work Environment
"
98260,"**[Your Name]**

**Summary**

Individual with experience in website design, focused on creating user-friendly interfaces and attracting customers through design. Demonstrated ability to analyze target audiences and develop design solutions.

**Projects**

*   **Landing Page for Flower Shop ""FlowerLover""**
    *   Developed a user-friendly landing page for a flower shop, ""FlowerLover,"" based on client requirements.
    *   Conducted competitor research and target audience analysis.
    *   Designed a clear interface, focusing on User Interface (UI) elements.

*   **Redesign of Alaska Pete's Restaurant Website**
    *   Redesigned the website for Alaska Pete's restaurant.
    *   Addressed outdated design and lack of user appeal.
    *   Created a modern, user-friendly design to attract potential customers, including a table reservation form.
"
98261,"**Summary**

*   Team Lead, ""See World"" project.

**Projects**

*   **See World**
    *   Led a project focused on creating a user-friendly housing search interface using a robotic method.
    *   Developed a system for identifying affordable housing options.
    *   Oversaw the design and implementation of user-friendly features for platform navigation, application submission, and feedback.
*   **GenieTable**
    *   Designed a mobile application concept with a cartoon character theme for restaurant table reservations.
    *   Developed the user interface and color scheme to enhance user engagement.
    *   Implemented a user-friendly booking service.
*   **Nice View**
    *   Collaborated on a team project to design a landing page for a residential complex.
    *   Contributed to the development of a minimalist design aesthetic to showcase the complex.
    *   Focused on creating a design that conveyed a sense of comfort and security.
"
98262,"**[Your Name]**
[Your Contact Information]

**Summary**

Results-oriented individual with experience in web design and development, demonstrated through personal projects. Proficient in UI/UX principles, responsive design, and project execution. Eager to contribute to a collaborative environment.

**Projects**

*   **Personal Projects:** Completed three independent projects during studies, encompassing:
    *   Competitor analysis and market research.
    *   Ideation, task analysis, and mood board creation.
    *   Development of minimalist websites and landing pages.
    *   CRM system and mobile application development.
    *   Prototyping and responsive design implementation.

*   **Tattoo Salon Website Redesign (GoIT Course):**
    *   Conducted reference research and audience analysis.
    *   Redesigned website, including UI kit creation.
    *   Developed tablet and mobile adaptations with functional links.

*   **Landing Page Project:**
    *   Selected references, created mood board and UI kit.
    *   Developed the main page of a website.

*   **Web Service for Budget Travel (Team Project):**
    *   Conducted reference research and audience analysis.
    *   Prepared User Flow and Customer Journey Map (CJM).
    *   Selected a design system and developed tablet and mobile adaptations.
    *   Created functional links.

**Desired Work Environment**

*   Focus on results-oriented work.
*   Emphasis on design principles.
*   Collaborative team environment.
*   Mutual respect and friendly atmosphere.
*   Partial remote work flexibility.
*   Opportunities for corporate training and development.
"
98263,"**Summary**

Results-oriented individual with project development experience, encompassing personal and team projects. Proven communication skills demonstrated through the creation of innovative products, including a web service and a mobile application.

**Projects**

*   **Tattoo Company Website Redesign:** Directed the complete design update of a tattoo company's website. Aligned the design with target audience needs and contemporary design trends, resulting in a more user-friendly and intuitive website.
*   **Easy Yoga Web Service:** Built a web service to connect yoga instructors with individuals seeking classes. Focused on desktop and responsive design for user experience.
*   **Mobile Productivity Application:** Contributed to the development of a mobile application designed for performance enhancement. The application includes features for daily planning and well-being monitoring.
"
98264,"**[Your Name]**

**Summary**

UX/UI Designer with team leadership experience, focused on user-centered design and web application development. Demonstrated ability in requirements analysis, competitive research, and solution delivery.

**Projects**

*   **Travelhaven**
    *   Team Lead and UX/UI Designer.

*   **Pet Projects**
    *   Developed two personal projects.

*   **Volunteer Website Development**
    *   Contributed to the development of a website for a social project.

*   **Alaska Pete's Roadhouse Grille Website Redesign**
    *   Performed competitor analysis and website redesign for alaskapetes.com.

*   **Web Service for Affordable Travel**
    *   Created a web service interface to enable affordable travel experiences. The concept involved exchanging work/services for accommodation and other benefits, with a focus on students and young people.
"
98265,"**[Your Name]**

**Summary**

Results-oriented designer experienced in web and mobile application design. Demonstrated ability to conduct user research, develop user-centered designs, and create high-fidelity prototypes. Skilled in UI/UX design and proficient in industry-standard design software.

**Projects**

*   **TimeWell Daily Planner Mobile App**
    *   Conducted competitive application analysis, developed User Personas and User flows, high-fidelity prototyping, and UI design.
    *   Created detailed animations.
    *   *Instruments: Figma, Photoshop, Illustrator, Protopie.*
*   **SweepUp Cleaning Web-service**
    *   Led the project team.
    *   Conducted market and competitor analysis, brainstorming, User Personas, JTBD, CJM, and User flows development.
    *   Created prototypes, UI design, relinking, and adaptation within the existing design system.
    *   *Instruments: Figma, Photoshop, Illustrator.*
*   **Bravo Furniture Site Redesign**
    *   Personal project involving market analysis, competitor research, and screen prototyping.
    *   Developed UI design, responsive layouts for mobile and tablet versions, and a UI-kit.
    *   *Instruments: Figma, Photoshop, Illustrator.*
*   **Citroen C4 Landing Page**
    *   Coursework project enabling test drive bookings.
    *   Conducted market analysis, competitor research, and created a moodboard, wireframes, and a final animated interface.
    *   *Instruments: Figma.*
*   **GoIT Addendum Project**
    *   Participated in an addendum project for GoIT.
    *   Designed a landing page, implemented by student-developers.
"
98266,"**[Your Name]**

**Summary**

Team leader experienced in full-cycle web and mobile application design, specializing in user-centered design and project management. Proficient in Figma and competitor analysis, focused on creating user-friendly interfaces and meeting client requirements. Currently contributing to a mobile app for table booking.

**Experience**

*   **Mobile App for Table Booking (Current)**
    *   Team member contributing to the design and development of a mobile application.

*   **Travel Joy Project**
    *   Team Lead
    *   Designed a web service in Figma.
    *   Conducted competitor analysis, developed user flows, wireframes, and prototypes.
    *   Oversaw the development of a user-friendly web service.
    *   Managed the project, organizing and monitoring the workflow.

*   **Nice View Project**
    *   Full-cycle design of a landing page using Figma.
    *   Conducted competitor analysis and target audience research.
    *   Developed prototypes.
    *   Selected fonts and color palettes.
    *   Delivered a landing page design that met client requirements.

**Projects**

*   **Nice View**
    *   Landing page for a residential complex.
"
98267,"**Volunteer Projects Aggregator for Ukraine**

*   Developed a user-friendly platform aggregating and presenting diverse volunteering initiatives in Ukraine.
*   The platform provides detailed project information, enables donations, and facilitates exploration of related projects and volunteer organizations.
*   This service aims to promote engagement and support for meaningful causes.

**Kickstarter Project Landing Page**

*   Designed a landing page to promote a nightstand transforming into four chairs on Kickstarter, utilizing the AIDA marketing model to encourage purchases.
*   Gained skills in competitor analysis, reference selection, high-fidelity wireframing, and adaptive website creation.

**Rihanna Landing Page**

*   Created a landing page to introduce users to Rihanna and generate interest.
*   Developed skills in mood boards, references, wireframes, complex composition, typography, and prototyping.
"
98268,"**Jane Doe**
(123) 456-7890 | jane.doe@email.com | LinkedIn Profile URL (Optional)

**Summary**

Enthusiastic web design and development individual with experience showcased through personal projects. Demonstrated understanding of the full design cycle, including competitor analysis, user experience, and mobile responsiveness. Seeking to contribute to a collaborative team environment.

**Projects**

*   **A Kids Place Childcare - Website Redesign**
    *   Spearheaded the complete redesign of a preschool website.
    *   Performed competitor analysis to guide design choices.
    *   Incorporated responsive design for mobile and tablet devices.
    *   Enhanced website aesthetics and user experience.
*   **Pet Search - Pet Service Platform**
    *   Collaborated on a team project to build a pet service website.
    *   Oversaw the full design cycle, from inception to execution.
    *   Conducted market research to identify the target demographic.
    *   Built a responsive website for mobile and tablet devices.
    *   Focused on establishing a centralized platform for pet-related services.
*   **Mobile Event App (In Progress)**
    *   Currently developing a mobile application for event management.
"
98269,"**[Your Name]**
[Your Contact Information]

**Summary**

Driven individual with a foundational understanding of UX/UI design, developed through coursework and practical application. Demonstrates a solid grasp of the design process, encompassing research, implementation, and user-focused solutions. Enthusiastic about contributing to collaborative environments and advancing skillsets.

**Experience**

*   **University IT HUB Volunteer** | [Dates of Volunteering]
    *   Redesigned university websites.
    *   Designed interfaces for university applications.
    *   Collaborated within a team and utilized Jira for task management.
    *   Enhanced UI skills through mentorship and UI library application.
    *   Engaged in UX research and evaluation activities.
    *   Collaborated with developers and project managers.

*   **Intern** | Pet Project | [Dates of Internship]
    *   Collaborated with a small development team.

**Education**

*   **KronaStudio & School** | Web Design Course
*   **Projector UX Beginner Course**
    *   Completed a stakeholder project independently.
    *   Participated in a design-team stakeholder project.
    *   Applied UX research, problem-solving techniques, and UI solutions.
"
98270,"**[Your Name]**

**Summary**

Results-oriented individual with experience in 3D modeling and web development. Demonstrated ability to create 3D exteriors and interiors, utilize SketchUp, and lead a web development project. Proficient in HTML and CSS.

**Experience**

**3D Graphic Specialist** - HOVER Ukraine (February 2021 – June 2023)

*   Created 3D exteriors and interiors.
*   Reviewed 3D models.
*   Employed SketchUp.

**Projects**

*   **YoHome:** Directed a team in the development of a web service for housing rentals. Responsibilities included interface development, user flow design, and stylization. Prioritized adaptation with minimal changes.
*   **Sophie Scholl Realschule Website Redesign:** Contributed to a study project to redesign the school's website. Performed research, analyzed competitor websites, and investigated web design best practices in the education sector. Focused on developing an aesthetically appealing, user-friendly, and informative online platform.

**Skills**

*   3D Modeling (SketchUp)
*   HTML
*   CSS
"
98271,"**[Your Name]**
[Your Contact Information]

**Summary**

Designer with four years of experience across interior, graphic, and industrial design. Possesses a Master's degree in Environmental and Industrial Design. Focused on transitioning into UI/UX design, utilizing foundational web design knowledge.

**Skills**

*   Interior Design
*   Graphic Design (Logos, Business Cards, Banners)
*   Industrial Design
*   Painting
*   Web Design Fundamentals
*   Figma
*   UX/UI Design Principles

**Experience**

*   **Freelance Designer & Interior Designer:** Completed interior design projects and provided graphic design services.
*   **Interior Designer:** Experience in a company environment.

**Education**

*   **Master's Degree in Environmental and Industrial Design**

**Training**

*   **GENIUS Courses:**
    *   Fundamentals of Web Design
    *   Working with Figma
    *   UX/UI: Projecting and Design of Interfaces

**Languages**

*   English: B1
*   Polish: B2
*   Spanish: B1
"
98272,"**[Your Name]**
[Your Phone Number] | [Your Email Address] | [Your Portfolio Link (Optional)]

**Summary**

UI/UX Designer with 6 months of professional experience crafting designs for landing pages, e-commerce platforms, portfolio websites, and mobile applications (iOS, Android), including redesign projects. Experienced in the complete design process, encompassing competitor analysis, user flows, wireframing, prototyping, and responsive design implementation. Demonstrates a strong understanding of Google Material Design and Human Interface Guidelines. Seeking to leverage expertise within a UI/UX design team.

**Experience**

*   **UI/UX Designer** | [Company Name (If Applicable)] | [Dates of Employment]
    *   Developed UI/UX solutions for various platforms, including landing pages, e-commerce sites, portfolio websites, and mobile applications (iOS, Android).
    *   Oversaw the full design process: competitor analysis, user flows, wireframing, prototyping, UI design, mobile and tablet adaptation, and responsive design.
    *   Applied basic website animation techniques.
    *   Successfully collaborated with front-end developers.

**Education**

*   **UI/UX Design Coursework** | [Institution Name] | [Dates of Enrollment]
    *   Completed a 5-month coursework program with comprehensive study of UI/UX design principles and technologies.
    *   Applied knowledge of Google Material Design Guidelines and Human Interface Guidelines.

**Skills**

*   UI/UX Design
*   User Flows
*   Wireframing
*   Prototyping
*   Responsive Design
*   Mobile Design (iOS, Android)
*   Website Animation (Basic)
*   Competitor Analysis
*   Google Material Design
*   Human Interface Guidelines
"
98273,"**[Your Name]**
[Your Phone Number] | [Your Email Address] | [Your LinkedIn Profile URL (Optional)] | [Your Portfolio URL (Optional)]

**Summary**

*   Possesses a foundational understanding of UX design principles, including user-centered design, design processes, accessibility, and equity-focused design.
*   Knowledgeable of typical UX design responsibilities and collaborative practices with other teams.
*   Understands the value and application of design sprints within the UX design workflow.

**Experience**

*   **Freelance Designer** | [Dates of Employment]

    *   Designed social media visuals for platforms such as Instagram, Twitter, and Facebook.
    *   Contributed to the planning phases of applications and websites.
    *   Built a blog using Webflow.
    *   Created landing pages and promotional banners.

**Education**

*   **Hillel IT School** | [Course Name/Program Name] | [Completion Date]
    *   Completed the program successfully.
"
98274,"**[Your Name]**
[Your Contact Information]

**Summary**

Junior UI/UX Designer focused on creating effective and aesthetically pleasing designs to enhance user experience. Experienced in full-cycle design services, including landing pages, e-commerce, website redesign, and web services. Committed to leveraging design skills and knowledge to contribute to business growth.

**Skills**

*   UI Design
*   UX Design
*   Wireframing
*   Prototyping
*   User Flows
*   Competitive Analysis
*   Mobile Design
*   Responsive Design

**Experience**

*   **UI/UX Design Course Graduate**
    Completed a 6-month UI/UX Design course.

**Projects**

*   **""Wish"" - Gift Delivery Mobile App**
    *   Designed a mobile app for flower and gift delivery, utilizing a full-cycle design process including competitive analysis, UX personas, user flow, wireframes, and UI design.
*   **“Fitroom” - Fitness Studio Website Redesign**
    *   Redesigned a corporate website, incorporating competitor analysis, stylistic direction, prototyping, interface optimization for phone and tablet, and UI kit development to increase sales.
*   **“VDOMA” - Ukrainian Couch-Surfing Web Service**
    *   Developed a web service to facilitate affordable stays in Ukraine and promote Ukrainian tourism, employing a full-cycle design process including competitive analysis, UX personas, empathy map, sitemap, MVP definition, and user flow diagram. Created tablet/mobile adaptations and conducted A/B testing.

**Additional UI Design Tasks**

*   Designed UI for a cleaning company service accounting table.
*   Designed UI for a website sidebar.
*   Created Team page UI with AutoLayout.
*   Designed User page UI for an online learning resource.
*   Created Dashboard UI for an ed-tech product for school students.
*   Designed Desktop start screen UI with animation.
*   Designed Modal window UI for card-to-card money transfer confirmation.
*   Created Dashboard UI for administrator user rights management.

**Other**

*   Focused on continuous learning and development in design.
"
98275,"**[Your Name]**

**SUMMARY**

A passionate Junior UX/UI Designer with a strong foundation in design principles and a commitment to creating exceptional user experiences. Driven by a love of design and a keen eye for aesthetics, I am constantly seeking innovative ways to improve digital interactions. An avid learner, I stay abreast of industry trends to continuously improve and innovate. Eager to contribute my skills and collaborate on projects as a UX/UI Designer.

**PROJECTS**

*   **Petsearch:** Independently designed and developed a web service for animals, focusing on assisting shelters and promoting volunteerism. This project aimed to create a user-friendly service for finding lost and found animals, enabling owners to find their pets and facilitating the return of found animals, incorporating various functionalities.

*   **""A Kids Place Childcare"" Redesign:** Created a new design for a children's project.

*   **FlowerLover Landing Page:** Developed a landing page for a flower shop. This project included competitor analysis, mood board creation, page structure determination, and color palette selection, incorporating various UI elements.

**OBJECTIVE**

Seeking engaging projects to gain experience and apply my skills, dedicated to creating high-quality and useful products.
"
98276,"**[Your Name]**
[Your Contact Information]

**Summary**

UI/UX Designer with a strong desire for professional growth and development, possessing a foundational understanding of design principles. Experienced in team and individual design projects. Actively developing a portfolio and seeking opportunities to expand experience and contribute to user experience design.

**Skills**

*   UI/UX Design Fundamentals
*   Design Principles (Color Theory, Typography)
*   Portfolio Development

**Experience**

**Website Redesign | Tattoo Studio** | December 2022 – January 2023

*   Redesigned the tattoo studio website.
*   Implemented navigation and functionalities.
*   Improved image quality and integrated customer reviews.

**UI/UX Design | Service for Finding Lost Animals** | February 2023 – March 2023

*   Developed a study project for a web service.
*   Implemented functionality for user advertisements.
*   Focused on information dissemination and communication.

**Education**

Self-education in UI/UX design, including online courses, literature, and learning about design technologies.

**Desired Opportunities**

*   Team environment opportunities.
*   Opportunities to learn new technologies and trends in UI/UX design.
*   Opportunities to work on a variety of projects.
*   Opportunities for professional skill development.
"
98277,"**About Me**

Creative UX/UI Designer specializing in developing aesthetically pleasing products. Skilled in the design of websites, web services, mobile apps, logos, advertisements, and posters.

**Work Experience**

*   **Korg Sound Library Cover Design**
    *   Designed two sound library cover illustrations.
    *   Analyzed reference photos and designed covers based on client discussions.
    *   Revised designs based on client feedback, resulting in client satisfaction.

*   **Sinevibes Logo (3D Animation)**
    *   Created a 3D animated logo for a video intro.
    *   Developed the model, performed shading, and rendered the final animation.
    *   Secured client approval.

**Projects**

*   **UrbanFest Landing Page Design**
    *   Designed a landing page.
    *   Developed a moodboard and wireframe.
    *   Created a minimalistic landing page design.

*   **CustomConcepts Tattoo Website Redesign**
    *   Redesigned an existing website.
    *   Analyzed related websites and developed a prototype.
    *   Designed a modern and comprehensive website.

*   **Web Service UX and UI Design**
    *   Designed a web service for finding low-cost accommodation abroad.
    *   Conducted UX analysis, including creating user personas and a customer journey map.
    *   Developed information architecture, user flows, wireframes, and final designs.

*   **Beatcraft Mobile App Design**
    *   Designed a music-related mobile app.
    *   Analyzed the target audience.
    *   Developed wireframes and designed the interface, including features like two-factor authentication and in-app achievements.

**Skills**

*   UX Research
*   UI Design (Dashboards, Tables, Websites, Web Services)
*   Teamwork
*   Project Presentation
*   Fast Learner
*   Problem-Solver

**Additional Information**

Seeking remote work with a collaborative team. Eager to acquire new skills and meet challenges.
"
98278,"**Summary**

A dedicated UI/UX designer from Ukraine, specializing in creating intuitive, convenient, and visually appealing design projects. Focused on understanding user needs as the core of design solutions. Demonstrates strong attention to detail and a commitment to continuous professional development. Completed UI/UX design courses and possesses experience working both independently and collaboratively.

**Skills**

*   Figma (auto layout, styles, components, design systems)
*   User-centered design based on business requirements
*   UX problem identification and resolution

**Project Experience**

*   **Lunushka Shop Mobile App:** Developed a mobile application for an online store. Conducted competitor and target audience analysis, developed personas and user flows, wireframes, and designed an intuitive interface. Created an animated prototype for the client and a protopie for onboarding.
*   **Globetrot Web Service:** Designed a web service for organizing economical stays in various countries. Conducted in-depth research to identify problems and propose design solutions. Developed detailed wireframes, UI, adaptive design, and animated prototypes.
*   **Redesign Website Tattoo Studio:** Updated the website with a modern design and a user-friendly interface. Developed informative pages to attract new customers and tattoo artists.
*   **Flower Shop with Delivery Landing Page:** Designed a landing page for a flower shop with an innovative delivery service. Conducted user research, competitor analysis, and created a persona and moodboard. Developed a prototype, a visually appealing design, and convenient navigation. Adapted the landing page for tablets and mobile devices.

**Additional Experience**

*   Experience contributing to user interface, filter, and verification methods within a web service team.
*   Completed four personal projects during UI/UX designer courses.
*   Participation in corporate training and development programs.
*   Exposure to career growth opportunities.
*   Experience in a collaborative and positive work environment.
"
98279,"**ABOUT ME**

Junior UI/UX Designer with experience in team and individual design projects.

My projects encompass the full design cycle: analysis, ideation, prototyping, user interface design, and adaptation. I am skilled at creating user-friendly interfaces with intuitive design.

Seeking opportunities to contribute to engaging projects and achieve project goals.

**PROJECT EXPERIENCE**

**Website Redesign | Restaurant & Hotel Complex**
October 2022 – November 2022

Redesigned an existing website to enhance its appeal, modernize its design, and improve user-friendliness.

Conducted an analysis of the existing website, identified areas for improvement, and researched design references. Developed detailed prototypes, visual designs, and adaptations for the project.

**UI/UX Design | Pet Search Webservice**
December 2022 – February 2023

Contributed to the development of a web service designed to assist owners in locating lost pets.

Collaborated within a team, enhancing communication, organizational, delegation, and time-management skills. Tasks included competitor analysis, user persona development, sitemap creation, high-fidelity prototyping, user interface design, and adaptation.

**Mobile App | Flower & Gift Delivery**
*Current Project*
Working as part of a team on a mobile application.

**Personal Projects**

*   Landing Page | Yoga Studio
"
98280,"**Jane Doe**
(123) 456-7890 | jane.doe@email.com | LinkedIn Profile URL (Optional)

**Summary**

Self-motivated and detail-oriented Junior UX/UI Designer focused on creating quality products for users and businesses.

**Skills**

*   Figma
*   Adobe Photoshop
*   Adobe Illustrator
*   Canva
*   SimilarWeb
*   Design Systems
*   User Flows
*   CJM

**Experience**

*   **Projects**
    *   Completed two personal projects and one team project.
*   **Project 1: Barbershop - Landing Page**
    *   Designed a landing page in Figma and Adobe Photoshop to promote a new barbershop in Ukraine, showcasing services and attracting potential customers.
*   **Project 2: India Cafe - Website Redesign**
    *   Redesigned the India Cafe website, incorporating competitor analysis and user interviews, to increase visitor engagement and highlight the cafe's advantages.
*   **Project 3: Look for - Web-Service**
    *   Developed a user-friendly web service in Figma, Canva, and Adobe Illustrator, focusing on user interface design and creating a safe and convenient platform for accommodation search. The project was launched in three stages: user-end interface, payment interface, and admin-side interface.

**Additional Information**

Seeking to join a team and accept new challenges in web design.
"
98281,"**Jane Doe**
[Phone Number] | [Email Address] | [LinkedIn Profile URL (Optional)] | [Portfolio URL (Optional)]

**SUMMARY**

Highly motivated graphic designer with 8 years of experience, transitioning to UI/UX design. Proven ability to lead creative projects, develop design concepts, and manage teams. Passionate about creating user-friendly digital products and contributing to business success. Eager to gain experience in IT and grow as a UI/UX designer. Seeking a challenging role with opportunities for career and financial growth and a flexible work schedule. Remote work preferred.

**EXPERIENCE**

**Chief Designer (Head of Department)** | [Company Name] | [Dates of Employment]

*   Led and managed creative projects.
*   Developed design concepts in alignment with the company's corporate style.
*   Organized and oversaw the workflow of design department employees.
*   Implemented:
    *   Redesign of the company website
    *   Interface design for popcorn machine
    *   Landing design for KinoboardPRO
    *   Design-project for a city café, interior design of the conference-hall.

**UI/UX Design Projects**

*   Adaptive redesign of a website.
*   Adaptive design of a web service for hiring employees of a cleaning company.
*   Development of a mobile application for booking tables in a restaurant.
*   Completed various web design tasks as part of the curriculum.

**PROJECT EXPERIENCE**

**Redesign of Website, MAINSAIL (Realty Company)**

*   Conducted research and competitor analysis.
*   Developed wireframes and a UI kit.
*   Adapted the design for tablet and mobile devices.
*   Maintained the original website's color scheme.
*   The project's purpose was to: update the design, divide the content into logical sections and create simple navigation, convenient forms and elements that will help users interact with the site easily and comfortably.

**Interface Redesign for Popcorn Machine, Kinoprokat-Sumy**

*   Redesigned the interface to match the company's colors and style.
*   Modified background, button colors, and fonts.
*   Developed new icon designs.
*   Created animations.
*   Maintained the original button size and location.

**SKILLS**

*   Graphic Design
*   UI/UX Design (In Progress)
*   Project Management
*   Team Leadership
*   Concept Development
*   Design Implementation
*   Wireframing
*   UI Kit Development
*   Adaptation for Tablet and Mobile
"
98282,"**[Your Name]**
[Your Phone Number] | [Your Email Address] | [Your LinkedIn Profile URL (Optional)] | [Your Portfolio URL (Optional)]

**Summary**

Motivated junior UI/UX designer with a background in HR, demonstrating passion for design and innovation. Focused on creating visually appealing and user-friendly websites and applications. Committed to continuous learning and skill enhancement. Seeking a challenging role within an innovative and growing company.

**Project Experience**

*   **Eventize - Mobile Application (2023)**
    *   Developed a mobile application facilitating venue and event discovery and booking, as well as special occasion planning.
    *   Provided a platform for event creation and management, incorporating features for item selection by category and task planning.

*   **Guesture - Web Application (2022)**
    *   Created a web service that enables opportunities for individuals to experience new environments for work and leisure.
    *   Designed a platform where users can exchange payment or perform work for accommodation, with a focus on students and young people.

**Skills**

*   UI/UX Design
*   Mobile Application Design
*   Web Application Design

**Experience**

*   HR Background
"
98283,"**\[Your Name]**

**Summary**

Junior UX/UI Designer with a strong focus on detail, dedicated to creating user-centered designs. Experience in user experience (65%) and visual design (35%). Currently leading a team in a course project and developing a personal brand.

**Experience**

*   **Team Leader** | \[Project Name from Course] | \[Dates of Course]
    *   Led a team on a course project, managing all organizational aspects.
    *   Contributed to project work, providing team support and inspiration.

*   **Team Leader** | Shine Web Service Pet Project | \[Dates of Project]
    *   Led a team developing a pet project for the ""Shine"" web service, a platform for cleaning companies.
    *   Managed all organizational aspects, contributed to project development, and provided team support.

**Projects**

*   **FlowerLover Landing Page**
    *   Designed a minimalistic, image-rich one-page website for a flower delivery service.
    *   Completed project stages: competitor and target audience analysis, reference selection, moodboard, wireframes, prototype, UI kit, animation, and Behance case study.
    *   Developed tablet and mobile adaptations.

*   **A Kids Place Childcare Website Redesign**
    *   Redesigned the website for a modern kindergarten to improve client engagement.
    *   Completed project stages: current site analysis, target audience and competitor analysis, reference search, moodboard, wireframes, prototype, UI kit, animation, and Behance case study.
    *   Achieved project goals and desired results.
"
98284,"**[Your Name]**
[Your Phone Number] | [Your Email Address] | [Your LinkedIn Profile URL (Optional)]

**Summary**

Aspiring Junior UI/UX Designer.

**Skills**

*   Adobe Photoshop
*   Adobe Illustrator
*   Adobe XD
*   Axure
*   InVision

**Education**

*   **UX Energy IT School** | Web Design (UX/UI) Courses | June 2018 – September 2018

    *   Learned about site structure, interaction flows, page wireframes, and interface requirements.
    *   Developed skills in visual style creation for websites and applications, encompassing layout, color, typography, and iconography.
"
98285,"Dima
Kyiv

**Summary**

Junior UI/UX Designer focused on crafting user-friendly, contemporary, and captivating application interfaces. Skilled in wireframing, prototyping with components and autolayouts in Figma, and designing landing pages and multi-page projects. Committed to precision, meeting deadlines, and ongoing self-development. Enthusiastic about enhancing skills and knowledge.

**Skills**

*   Wireframing
*   Prototyping (Figma)
*   Components (Figma)
*   Autolayouts (Figma)
*   Landing Page Design
*   Multi-Page Project Design

**Education**

Projector — Creative & Tech Online Institute
Web Design Beginning
2022

Projector — Creative & Tech Online Institute
Web Design Junior
2022-2023
"
98286,"**[Your Name]**
[Your Contact Information]

**Summary**

Creative and driven designer focused on creating positive user experiences and attractive user interfaces. Possesses a solid understanding of the design process and a background in marketing, seeking to apply design skills as a UI/UX or graphic designer.

**Experience**

**Marketing Manager/Designer** [Your Company Name/Your Title]

*   Designed marketing materials, including brochures, leaflets, and stand designs using Figma, Adobe Photoshop, and Adobe Illustrator.
*   Developed visuals for website content, social media, and marketing campaigns.
*   Managed email newsletter creation.
*   Edited videos for social media platforms.
*   Generated content for the website, marketing materials, campaigns, and email newsletters.
"
98287,"**[Your Name]**

**Summary**

UI/UX Designer experienced in the full design process, from research to implementation. Skilled in creating user-centered designs, developing prototypes, and using data to refine designs. Demonstrated ability to collaborate effectively in a team environment.

**Experience**

**alkima web & design** | UI/UX Designer | March 2023 - Present

*   Performed user experience research.
*   Developed sitemaps, wireframes, and user interfaces.
*   Utilized Webflow.
*   Created website banners and social media creatives.
*   Developed logos.
*   Created design system concepts.

**Vinnytsia Distribution Company** | Sales Manager | January 2019 - February 2022

*   Collaborated within a team.
*   Designed interfaces for websites, mobile apps, and software.

**Skills**

*   Interface Design Process
*   Prototyping
*   Usability Testing & Data Analysis
*   User Needs Analysis
*   Web Browser Layout Design
*   Interactive UX Application Design
*   Team Collaboration
"
98288,"**Summary**

Results-driven freelancer experienced in a variety of projects, including early-stage gaming applications and cryptocurrency platforms. Demonstrated ability to collaborate with project managers and web developers, contributing to successful project delivery.
"
98289,"**Jane Doe**
(123) 456-7890 | jane.doe@email.com | Portfolio URL (if applicable)

**Summary**

Experienced Figma user skilled in creating user-friendly interfaces. Proven ability to transform client requirements into effective and visually engaging designs.

**Projects**

*   **Law Firm Landing Page**
    *   Partnered with client to define project needs.
    *   Performed research and analyzed the legal sector.
    *   Developed mood boards, selected typography and color schemes, and integrated brand identity elements.
    *   Produced wireframes and multiple design iterations.
    *   Delivered final design and implemented responsive design for mobile and tablet devices.
*   **Pastry Shop Website with Delivery**
    *   Designed a website using Figma's auto layout capabilities.
    *   Applied fundamental design principles to create a user-centered experience.

**Skills**

*   Figma
*   Wireframing
*   UI Design
*   Responsive Design
*   Mood Board Creation
*   Color Palette Selection
*   Typography
*   Brand Identity Application
"
98290,"**[Your Name]**
[Your Phone Number] | [Your Email Address] | [Your Portfolio Link (if applicable)]

**Summary**

Highly motivated and adaptable individual with a strong foundation in graphic design principles and a demonstrated ability to learn quickly. Proficient in Adobe Photoshop, Illustrator, and Figma, and eager to contribute to a dynamic design environment.

**Skills**

*   Adobe Photoshop
*   Adobe Illustrator
*   Figma

**Additional Skills**

*   Quick Learner
*   Adaptable
*   Eager to Learn
"
98291,"**Summary**

UI/UX designer with foundational skills, seeking a flexible or full-time position. Passionate about user-friendly and visually appealing designs. Proven ability to execute test cases, generate bug reports, and utilize SQL for data verification. Eager to contribute to projects that enhance user experience.

**Projects**

*   **""A Kids Place Childcare"" Website Redesign (Study Project)**
    *   Redesigned the website for A Kids Place childcare, focusing on a modern, user-friendly design.
    *   Employed user research, competitive analysis, wireframing, and prototyping.
    *   Utilized Figma and Adobe Illustrator.
*   **""Medical Clinic"" Web Service (Study Project)**
    *   Developed a web service concept for a private medical clinic to streamline doctor-patient interactions and offer online consultations.
    *   Conducted baseline study, brainstorming, Jobs-to-be-be-Done analysis, User Flow mapping, Customer Journey Mapping, prototyping, UI design, and adaptation.
    *   Utilized Figma, Adobe Illustrator, and Slack.

**Skills**

*   UI/UX Design
*   User Research
*   Competitive Analysis
*   Wireframing
*   Prototyping
*   Figma
*   Adobe Illustrator
*   SQL
*   Test Case Execution
*   Bug Reporting

**Experience**

*   Created and executed test cases to ensure software quality and functionality.
*   Generated comprehensive and accurate bug reports.
*   Effectively utilized SQL to verify data accuracy.

**Attributes**

*   Fast learner
*   Responsible
*   Motivated
*   Adaptable

**Desired Employment**

Seeking a flexible or full-time position in a company focused on creating user-friendly solutions.
"
98292,"**[Your Name]**
[Your Phone Number] | [Your Email Address] | [Your LinkedIn Profile URL (Optional)] | [Your Portfolio URL (Optional)]

**Summary**

UX/UI Design graduate experienced in creating landing pages, sign-up/login forms, and a mobile app project (""DayDrive""). Possesses Advanced English proficiency. Dedicated to solving UX problems, improving user experiences, and balancing usability, aesthetics, business goals, and user empathy. Eager to utilize skills in research, wireframing, and interactive prototyping.

**Experience**

*   **Design Studio, Kyiv** | [Your Role/Title (if applicable)] | [Dates of Employment]
    *   Contributed to the ""DayDrive"" mobile app project.

**Skills**

*   UX/UI Design
*   Landing Page Design
*   Sign-up/Login Form Design
*   User Research
*   Wireframing
*   Interactive Prototyping
*   Usability Testing
*   User Experience Optimization
*   Advanced English

**Education**

*   **UX/UI Design Mentorship Program** | [Name of Program] | [Date of Graduation]
"
98293,"**[Your Name]**

**Summary**

Highly motivated UI/UX Designer with proven freelance experience, specializing in user-centered designs. Seeking a challenging and collaborative role to further develop skills and contribute to impactful projects.

**Experience**

**Freelance UI/UX Designer** | Upwork | April 2020 – Present (Top Rated)

*   CRM Redesign
*   Developed a component library for a site-builder service
*   Mobile Application Design
*   CRM Design

**Education**

**UI/UX Design Advanced Level Course** | IT School Hillel | First-Class Degree Diploma (2nd Place in Student Rate)

**Skills**

*   UX Design (Analysis, Investigation, Prototyping)
*   Typography
*   Grid Composition
*   Animations
*   Color Systems
*   Responsive Design
*   Ongoing participation in design-related online courses.

**Projects**

*   Diploma Project: CRM System for Sport Complex (Incorporated UX principles, typography, grid compositions, animations, color systems, and responsive design.)
*   Landing Page Design for Educational Courses (Collaborated with developers on testing and design for CRM and web design.)

**Career Goals**

Seeking a supportive and collaborative team environment to foster professional growth and contribute to engaging projects.
"
98294,"**Jane Doe**
(123) 456-7890 | jane.doe@email.com

**Experience**

**App Project** | App Food Delivery | April - May 2023
*   Conducted UX research, including persona development, customer journey mapping, empathy mapping, competitor analysis, site mapping, and user flow creation.
*   Developed UI designs, including wireframing, concept design, and visual design.

**Landing Page** | Brewery Craft Beer | June 2023
*   Performed UX research, including competitor analysis, and information architecture, and created a moodboard.
*   Developed UI designs, including wireframing, visual design, and animation.
"
98295,"**[Your Name]**

**Summary**

A UX/UI designer focused on creating useful and profitable products. Skilled at transforming challenges into solutions, with a strong foundation in design principles and essential tools.

**Skills**

*   **Design Software:** Adobe Illustrator, Adobe Photoshop, Figma, Tilda
*   **UX Research:** Target Audience Research, User Flow, User Story, CJM, User Scenario
*   **Prototyping:** Low- and High-Fidelity Prototyping, Interactive Prototyping
*   **Design Principles:** Color Theory, Typography, Composition, Material Design, Human Interface Guidelines, Design Systems, UI-Kit, Adaptive Design
*   **Web Technologies:** HTML, CSS

**Projects**

*   **Vinyl Shop Website:** Desktop and Mobile Versions
*   **Sign Language Study App:** UX Research, Human Interface/Material Design, Landing Page
*   **Car Trip Planning App:** UX Research, Design System, Human Interface Design, Landing Page

**Seeking a new job opportunity in web design.**
"
98296,"**[Your Name]**
[Your Contact Information]

**Summary**

Enthusiastic designer seeking opportunities to develop skills and knowledge. Experienced in diverse design projects, including landing pages, mobile applications, and prototypes. Eager to collaborate within a design team.

**Experience**

*   **Designer** | Charitable Foundation
    *   Designed a landing page, banners, and a logo.

**Skills**

*   Landing Page Design
*   Mobile App Design
*   Prototyping (HF/LF)
*   Responsive Design
*   UX Research

**Education**

*   [Your Education - if applicable, otherwise omit]

**Projects**

*   Developed various projects, including landing pages, mobile applications, and prototypes.
"
98297,"**[Your Name]**

**Summary**

Designer experienced in individual and collaborative projects, including landing pages, website redesigns, web services, and mobile applications. Successfully developed three projects, including a team project focused on patient-side user flow research and implementation. A developing designer with a commitment to professional growth. Possesses a strong foundation in IT principles and proficiency in design tools. Demonstrated ability to communicate effectively, collaborate within teams, and consistently meet deadlines. Welcomes feedback and seeks opportunities for advancement and new challenges.

**Project Experience**

*   **Landing Page: ""Barbershop in Kyiv""**
    *   Designed a single-page website to attract customers and promote services. Incorporated information about services, professional profiles, customer testimonials, and competitive advantages.
*   **Web Service for a Medical Clinic**
    *   Collaborated on the full-cycle website design. Contributed to the patient page, including online appointment scheduling, and access to medical and payment history.
*   **Redesign for ""KIDS PLACE""**
    *   Executed a complete website redesign. Created a modern, user-friendly site with an adaptive version to enhance accessibility and expand audience reach.

**Skills**

*   Design Principles
*   Teamwork
*   Communication
*   Time Management
*   Adaptability
*   Problem-Solving

**Education**

*   IT Courses (Relevant to Design)

**Professional Goals**

Seeking full-time and part-time designer positions focused on creating user-centered and effective products, with a focus on user experience. A quick learner, goal-oriented, responsible, and capable of handling complex tasks.
"
98298,"**Summary**

UI/UX design beginner with experience in non-commercial and personal projects, including logo and corporate style development for the Ukrainian brand Ina&Mi. Proficient in Adobe Illustrator, Adobe Photoshop, and Adobe InDesign. Skilled in market and competitor analysis, persona development, wireframing, sitemap creation, and UI/UX design utilizing Figma and Adobe Photoshop. Eager to contribute to a collaborative team environment, create user-centered designs, and continuously develop professional skills.

**Projects**

*   **Ina&Mi (Non-Commercial):** Developed logo and corporate style. Utilized Adobe Illustrator, Adobe Photoshop, and Adobe InDesign.
*   **Pet Projects:**
    *   Landing Page
    *   Website Redesign
    *   Housing Reservation Service
    *   Restaurant Table Booking Application

**Skills**

*   UI/UX Design
*   Market Analysis
*   Competitor Analysis
*   Persona Development
*   Wireframing
*   Sitemap Creation
*   Adobe Illustrator
*   Adobe Photoshop
*   Adobe InDesign
*   Figma
*   Communication
*   Collaboration

**Experience**

*   **Graphic Design Course:** Created a logo and identity for the Ukrainian women's clothing brand Ina&Mi.
*   **Free Web Service Development Team:** Collaborated on competitor analysis, strategy development, and other project aspects, gaining teamwork, communication, and collaboration skills.

**Goals & Contributions**

*   Collaborate with a team to create high-quality products.
*   Contribute to a supportive environment for professional growth.
*   Offer creative solutions and a fresh perspective.
*   Share knowledge and learn from colleagues.
"
98299,"**[Your Name]**

**Summary**

Highly creative and detail-oriented Junior UI/UX Designer with a passion for crafting intuitive and engaging digital experiences. Possessing a strong foundation in design principles and a natural ability to solve complex problems, I create user-centered designs that meet the needs of diverse audiences. Eager to continue learning and growing as a designer, bringing skills and passion to a dynamic and innovative team.

**Experience**

**Project Crypto Wallet**

*Application, full cycle design*

*   Honed UI/UX design skills in the crypto space, addressing complex design problems like security and data privacy.
*   Focused on creating a secure and intuitive platform for seamless user experience while ensuring asset safety.
*   Conducted extensive user research to understand the needs of crypto wallet users and incorporated their feedback into the design process, resulting in a user-centered design.
*   Developed a secure and user-friendly platform for managing cryptocurrencies.
*   Conducted user research and implemented user-centered design principles.

**Redesign Cucina di Catherina**

*Online Store Website, full cycle design*

*   Enhanced customer experience and increased sales by creating a more modern and user-friendly platform.
*   Conducted user research to understand customer needs and pain points.
*   Designed new visual elements and a fresh color palette to modernize the brand's image.
*   Conducted usability testing to ensure the new design met user needs.
*   Successfully created a fresh, modern look that aligned with the brand's vision and values.
*   Improved the website's user experience by making it more intuitive and engaging.
*   Increased website traffic and engagement metrics after the redesign.

**Skills**

*   Adobe Suite
*   Creating web interfaces, mobile design, and landing pages in Figma
*   Experience in the redesign
*   Developing user personas, user scenarios, and sitemaps
*   UX research and analysis of competitors
*   Using Google Material Design Guidelines
*   Work with photos in Photoshop
*   Design of icons, logos, and illustrations in Illustrator
*   Wireframing and Prototyping
*   Visual Interface
*   Site map and user flow
*   Adaptation
"
98300,"**[Your Name]**
[Your Contact Information]

**Summary**

Results-oriented UX/UI designer with a passion for user-centered design and a focus on creating intuitive and engaging interfaces. Dedicated to designing aesthetically appealing and effective user experiences. Driven to contribute to team goals.

**Skills**

*   Communication

**Experience**

*   Various Roles (Dates of Employment)

**Education**

*   UI/UX Design Coursework (Completion Date)

**Projects**

*   Personal Projects
"
98301,"**[Your Name]**
Junior UI/UX Designer

**Summary**

A Junior UI/UX Designer with a diverse skillset and knowledge of design tools and software. Trained at Design IT Step Academy, with expertise in graphic design, 3D modeling, animation, and UI/UX design. Proficient in creating visually engaging designs using Figma, Photoshop, Illustrator, After Effects, Maya, and Premiere Pro. Possesses a strong understanding of design principles and techniques, including prototyping, design research, SWOT analysis, typography, image making, and illustration, to create effective and user-friendly designs.
"
98302,"**[Your Name]**

**Summary**

Junior UI/UX designer passionate about designing effective and aesthetically pleasing web and mobile applications. Driven to translate ideas into reality, creating interfaces that solve problems and simplify daily tasks. Possessing a keen eye for detail and a full-cycle design approach, encompassing task analysis, prototyping, visual style design, and user-friendly product implementation.

**Experience**

*   **Team Leader, Paw Rescue Project**
    *   Organized team workflow.
    *   Designed the visual aspects of prototypes.

*   **UI/UX Design Projects**

    *   **Redesign, Italian Sauce Website:** Revamped a website for increased customer appeal and user-friendliness. Conducted competitor research and implemented improvements including an updated color scheme, uniform photography, and modern typography. Adapted the design for mobile and tablet devices.
    *   **Landing Page, Flower Lover:** Analyzed the target audience for flower shop websites and designed a clear interface featuring essential menu items. Built the interface from the ground up.
    *   **Team Project, Paw Rescue (Lost Pet Service):** Contributed to the design of a website for finding lost and found animals. Conducted competitor analysis to inform website structure. Focused on creating a clear user flow for efficient goal completion. Utilized a design system to create a modern and convenient website interface.

**Desired Employment**

*   Remote office position
*   Company with a focus on mutual respect and a friendly atmosphere
*   Corporate training and development opportunities
*   Opportunities for career growth
"
98303,"**Summary**

Results-driven Junior UI/UX Designer experienced in web and mobile application design. Skilled in user interface creation, wireframing, and prototyping. Proficient in Figma and Adobe Photoshop. Dedicated to contributing to innovative projects and continuous design skill enhancement.

**Skills**

*   UI/UX Design
*   User Interface Design
*   Wireframing
*   Prototyping
*   Responsive Design
*   Design Systems
*   User Flows & Journey Maps
*   Visual Asset Creation & Modification (Photoshop, Illustrator)
*   Collaboration
*   Task Management
*   Adobe Photoshop
*   Figma
*   Protopie

**Experience**

Junior UI/UX Designer

*   Collaborated on the design of user-friendly and visually engaging user interfaces for web and mobile applications.
*   Developed responsive layouts for web services, ensuring optimal display across devices.
*   Designed mobile app screens, considering user interaction and intuitive organization.
*   Adapted to project requirements and continuously improved design skills.
*   Utilized Figma, Adobe Photoshop, and Protopie for layout creation and mockup development.

**Projects**

*   **Custom Concepts (Tattoo Studio Website Redesign):** Redesigned the website to improve user experience. Implemented changes to the color scheme, incorporated high-quality photos, created a simple booking form, and established visual hierarchy.
*   **PetRescue (Web-Service for Searching Animals):** Designed a web application for searching lost pets, supporting the reunion of lost animals with their owners. Utilized Figma, Adobe Photoshop, FigJam, and Adobe Illustrator.

**Languages**

*   Ukrainian (Native)
*   Russian (Fluent)
*   English (Upper-Intermediate)
*   Polish (Elementary)

**Additional Information**

*   Participated in design projects for both apps and websites.
*   Committed to continuous learning and professional development in UI/UX design.
*   Focused on creating accessible and user-centered designs.
*   Actively incorporates feedback to refine design solutions.
"
98304,"**[Your Name]**
[Your Contact Information]

**Summary**

Junior UI/UX designer focused on creating user-centered digital experiences. Experience includes landing pages, redesigns, web services, and mobile applications. Proficient in user research, encompassing interviews, questionnaires, persona development, and empathy mapping.

**Experience**

**Buki School Project (Team Lead)**

*   Led a team on the Buki School project.
*   Managed team workflow.
*   Presented the project to the client.

**Buki School (Team Project)**

*   Participated in all project phases.
*   Conducted UX research, including competitive analysis, heuristics analysis, interviews, personas, and surveys.
*   Developed a clickable prototype for a cabinet.

**DocMe Web Service (Team Project)**

*   Conducted UX research.
*   Designed the primary website.
*   Assisted with modifications to patient and doctor dashboards.
*   Applied methodologies such as competitor analysis, target audience analysis, personas, JBTD, and CJM.

**Skills**

*   UX Research
*   UI/UX Design
*   Prototyping
*   User Interviews
*   Questionnaires
*   Persona Development
*   Empathy Mapping

**Desired Future**

Seeking to join a collaborative design and innovation team. Values opportunities for training and development to remain current with design trends and techniques.
"
98305,"**Summary**

Junior UI/UX Designer with experience in user interface and experience design, acquired through a specialized course and six study cases. Demonstrated ability to apply design principles to create user-friendly and visually appealing interfaces. Experience in team leadership and project collaboration, with a focus on delivering projects on time and meeting target audience expectations. Dedicated to contributing to a collaborative team environment and applying theoretical knowledge to practical projects.

**Experience**

*   **Team Leader, Web-service for finding lost pets project**
    *   Directed project workflow, delegated responsibilities, and scheduled team meetings.
    *   Facilitated smooth team operations, resulting in the creation of an intuitive interface that met target audience expectations.
    *   Successfully completed the project on time, receiving positive feedback from the mentor.

*   **UI/UX Designer, Startup Project**
    *   Collaborated with student developers on a web service designed to assist accountants and related professionals with salary and bonus calculations.

**Projects**

*   **Mobile App for a Chain of Coffee Shops**
    *   Designed a mobile application focused on user-friendly interface, functionality, and a youth-oriented style.
    *   Conducted competitor analysis, target audience analysis, persona creation, JTBD, user flow development, wireframing, design creation, and animation.

*   **Web-service for finding lost pets**
    *   Participated in team-based development, including competitor analysis, target audience analysis, persona creation, JTBD, CJM, and user flow development.
    *   Contributed to the creation of a web service design that aligned with the target audience's needs.
    *   Served as team leader, organizing the work process and distributing tasks among team members.

*   **Travel Agency Website Redesign**
    *   Developed a design solution for a broad target audience, addressing information structuring and competitive differentiation.
    *   Conducted competitor analysis, target audience analysis, persona creation, and user flow development.
    *   Created wireframes, UI design, adaptation, and animation, resulting in a clean and visually appealing design.

**Skills**

*   UI/UX Design Principles
*   User-Friendly Interface Design
*   User Experience Design
*   Competitor Analysis
*   Target Audience Analysis
*   Persona Creation
*   JTBD (Jobs to Be Done)
*   User Flow Development
*   Wireframing
*   UI Design
*   Animation
*   Team Leadership
*   Project Management
"
98306,"**[Your Name]**
[Your Phone Number] | [Your Email Address] | [Your Portfolio Link (if applicable)]

**Summary**

Results-oriented Junior UX/UI Designer with a solid understanding of UX and UI principles. Demonstrated ability to engage in the complete design process, encompassing requirements gathering, research, prototyping, and testing. Seeking to contribute to a dynamic company environment and foster professional development.

**Education**

*   **UX Design, Interaction Design** - Projektor
*   **UI/UX** - Skill-up School

**Projects**

*   Planner Application
*   eCommerce Website Redesign
*   Landing Page
*   CRM System
*   Corporate Website

**Skills**

*   UX Design Principles
*   Interaction Design Principles
*   User Research
*   Persona Development (Miro)
*   Task Analysis
*   Wireframing (Figma)
*   Prototyping (Figma)
*   Usability Testing
*   Presentations
"
98307,"**[Your Name]**
**Junior UX/UI Designer**

**Summary**

Junior UX/UI Designer with freelance experience.

**Projects**

*   **E-commerce Skincare Website Redesign:**
    *   Improved usability and visual design.
    *   Performed user research, including competitor analysis and user personas.
    *   Created prototypes and improved the user experience.

*   **Landing Pages:**
    *   Created landing pages for educational courses and agricultural companies.
    *   Used calls-to-action to increase user engagement.
    *   Highlighted the benefits and results of courses.
    *   Used color schemes, typography, and images to match the subjects.

*   **Responsive Design:** All projects were fully responsive.
"
98308,"**[Your Name]**
[Your Phone Number] | [Your Email Address] | [Your LinkedIn Profile URL (Optional)] | [Your Portfolio URL (Optional)]

**Summary**

Junior UX/UI Design Professional with a Digital Marketing Professional Certificate from the University of Miami and a Bachelor's degree in Hospitality and Tourism Management with a Minor in International Relations from Florida International University. Possessing experience as a professional athlete in the Ukrainian National team, and a passion for digital marketing and UX/UI design. Dedicated to staying current with industry trends and technologies.

**Skills**

*   Figma
*   Adobe Illustrator
*   Adobe Photoshop

**Experience**

**Junior UX/UI Designer**

*   Specializes in creating user interfaces to maximize user experience and improve results.
*   Portfolio includes web service design for VitalMed (private medical clinic), website redesign for a tattoo salon, and Citroen C4 landing page design.
*   Work commended for creativity and attention to detail, consistently delivering high-quality projects.
*   Focuses on providing a design experience that motivates user action.

**Education**

*   **Digital Marketing Professional Certificate**, University of Miami
*   **Bachelor of Science in Hospitality and Tourism Management**, Florida International University
    *   Minor: International Relations

**Professional Experience**

*   Professional Athlete, Ukrainian National Team

**Career Goals**

*   Eager to learn and grow in a supportive environment, seeking challenging projects to develop skills.
*   Interested in projects involving problem-solving, research, and creative thinking.
*   Aspires to become a strong and knowledgeable designer, creating meaningful user experiences.
*   Desires to contribute to team success and explore new design ideas and approaches.
*   Committed to continuous learning and skill development.
"
98309,"**[Your Name]**

**Summary**

Junior Web Designer experienced in developing web pages and marketing materials for a warehousing software company. Demonstrates a strong understanding of design principles and the ability to collaborate effectively with development teams. Seeking projects to enhance design skills.

**Experience**

**Junior Web Designer** | [Company Name] | [Dates of Employment]

*   Designed and developed web pages, graphics, and visual elements for the company website and marketing materials.
*   Spearheaded the design of a company website from initial concept to final implementation.
*   Managed design elements for completed web pages.
*   Collaborated with developers and testers during the design process.
*   Employed wireframes, mockups, and prototypes to communicate design concepts.
*   Produced marketing materials, including social media assets, YouTube video previews, footage, and tutorials showcasing product functionality.
*   Skilled in Figma, Adobe Illustrator, and OBS Studio.

**Skills**

*   Web Design
*   Graphic Design
*   UI/UX Design Principles
*   Wireframing
*   Prototyping
*   Collaboration
*   Marketing Materials Creation
*   Video Production
*   Figma
*   Adobe Illustrator
*   OBS Studio
"
98310,"**[Your Name]**
**Product Designer**

*   Conceptualizes consumer product designs.
*   Refines existing product designs.
*   Evaluates competitor product concepts for quality and performance.
*   Career advancement opportunities available in senior, executive, or managerial positions, based on industry and company structure.
"
98311,"**[Your Name]**
[Your Contact Information]

**Summary**

UI/UX Designer focused on achieving results, with a demonstrated ability to create unique solutions. Proficient in Figma, Prototyping, and Adobe Photoshop. Known for meticulous attention to detail, effective communication, and collaborative work ethic. Seeking a remote position with flexible hours to optimize design capabilities.

**Skills**

*   UI/UX Design
*   Figma
*   Prototyping
*   Adobe Photoshop
*   Communication
*   Collaboration
*   Attention to Detail
*   Accuracy
*   Motivation
*   Decision-Making

**Experience**

*   **Freelance Designer**
    *   Successfully delivered freelance projects, offering unique solutions.
    *   Demonstrated a responsible approach to project completion.

**Attributes**

*   Quick learner
*   Detail-oriented
"
98312,"**Summary**

Highly motivated Auditor with a background in Economics and a keen interest in UX/UI design. Exhibits strong analytical and creative abilities, with experience in graphic design and social media content creation. Seeking an entry-level UX/UI design role, focused on continuous learning and team contribution.

**Experience**

*   **Graphic and Social Media Designer**
    *   Created social media posts, posters, and printables for an education center.
    *   Oversaw the organization's branding.
    *   Cultivated an understanding of aesthetics and user-centered design principles.
    *   Transformed concepts into visually appealing designs.

**Education**

*   Master of Economics
*   Bachelor of Economics

**Skills**

*   Analytical Skills
*   Detail-Oriented
*   Branding
*   Creative Problem-Solving
*   Graphic Design
*   Social Media Content Creation
*   User-Centered Design
"
98313,"**Summary**

UI/UX Designer with commercial experience in mobile applications and corporate website redesigns. Demonstrated ability in user research, design system creation, and skills enhancement across various projects and domains.

**Skills**

*   UX Research
*   Design Systems
*   Design Guidelines Adherence
*   Marketing Materials
*   Mobile Design (Patterns, Rules)
*   Visual Design
*   Adaptive Design
*   Prototyping
*   Wireframing
*   Mockups
*   Information Architecture
*   Style Guides
*   Client & Developer Communication

**Experience**

UI/UX Designer

*   Screen design and analysis.
*   Design system development using Design Thinking.
*   Marketing materials creation.
*   Visual design management for company social media.
*   Case study and Behance portfolio development.
*   Participation in user research, competitive analysis, and brainstorming.
*   Adaptive design, wireframe, and mockup creation.
*   Communication with client teams and developers.

**Projects**

*   Mobile Applications: Guide app, lottery app.
*   Corporate Website Redesign: Web, mobile, and tablet adaptive design.

**Technical Proficiency**

*   Angular Material
*   Kendo UI
*   Human Interface Guidelines
*   Google Material Design (learning)
"
98314,"**Summary**

A dedicated specialist with a passion for creating intuitive user experiences and a strong attention to detail. Demonstrated ability to work collaboratively within cross-functional teams to develop visually engaging user interfaces for both web and mobile applications. Possesses a solid understanding of design principles, problem-solving skills, and a commitment to continuous learning, enabling the delivery of impactful and user-focused designs.

**Projects**

*   **Table Tab Mobile App Design** (June 2023 - August 2023)
    *   Contributed to a team project focused on the design of a mobile application for restaurant seat booking.
    *   Conducted reference research, updated wireframes, and compared and selected design systems.
    *   Developed UI screen prototypes and implemented a rewards system for user engagement.

*   **Host Radar Project Design** (April 2023 - June 2023)
    *   Participated in a team project to design a web service for work and recreation.
    *   Conducted market and competitor analysis.
    *   Gathered references, prepared wireframes, animated prototypes, and finalized the design.

*   **Mainsal Realty Company Redesign** (February 2023 - April 2023)
    *   Redesigned a website to create a modern and user-friendly experience.
    *   Analyzed the existing website, identifying areas for improvement.
    *   Conducted market research and competitor analysis to inform the redesign.
    *   Managed the complete design process, from research to final design.

**Skills**

*   User Interface Design
*   User Experience Design
*   Wireframing
*   Prototyping
*   Market Research
*   Competitor Analysis
*   Design Systems
*   Problem-Solving
*   Collaboration
"
98315,"**[Your Name]**
[Your Phone Number] | [Your Email] | [Your LinkedIn Profile (Optional)] | [Your Portfolio Link (Optional)]

**Summary**

Recent graduate with experience designing user interfaces and experiences for web and mobile applications. Proficient in Figma and skilled in user research, wireframing, prototyping, and usability testing. Currently interning at a software agency, contributing to the design of website and mobile views for a cryptocurrency platform and a resort center website. Eager to contribute to a collaborative environment and gain further UI/UX design experience.

**Skills**

*   UI/UX Design
*   User Research
*   Wireframing
*   Prototyping
*   Usability Testing
*   Figma

**Experience**

*   **Intern,** [Software Agency Name] | [Dates of Internship]
    *   Designed website and mobile views for a cryptocurrency platform.
    *   Designed a website for a resort center.

*   **Graduate,** Plural Code Academy | [Date of Graduation]
    *   Designed a mobile app for a salon.

**Attributes**

*   Quick Learner
*   Problem-Solver
*   Team Player
*   Deadline-Oriented
*   Committed to Quality
"
98316,"**[Your Name]**

**Summary**

A marketing professional transitioning to UI/UX design, leveraging creative and strategic skills to create user-friendly experiences. Proven ability to conduct research, design, adapt, and prototype solutions, focusing on visually appealing designs that meet client needs. Experienced in project management, collaboration, and understanding user personas.

**Experience**

*   **Case Studies Project Team Leader**
    *   Managed tasks and modified designs to meet target audience needs.
    *   Utilized empathy to modify features and design solutions, enhancing user experience.
    *   Developed project management and collaborative teamwork skills.

*   **UI/UX Design Projects**
    *   **Travel Service Website:** Conducted UI/UX research, design, adaptation, and prototyping for a website connecting global users. Collaborated with a team of two, managing project timelines.
    *   **Scan-and-Go Mobile App:** Conducted market analysis and design, simplifying the shopping process based on user patterns. Utilized Figma, Adobe Photoshop, and Protopie to create a functional prototype.

**Skills**

*   UI/UX Research
*   Design
*   Prototyping
*   Project Management
*   Collaboration
*   User Persona Understanding
*   Figma
*   Adobe Photoshop
*   Protopie
*   Communication
*   Marketing
    *   Creative Strategy
    *   Strategic Thinking

**Additional Information**

*   Over two years of marketing experience, demonstrating creative and strategic skills.
*   Background in marketing provides a keen understanding of user personas and pain points.
*   Eager to create visually appealing solutions that meet the needs of end-users.
*   Open to working with teams valuing user-friendly experiences.
"
98317,"**[Your Name]**

**Summary**

UI Designer with 3 years of experience creating digital experiences. Skilled in Figma, Photoshop, and Illustrator, producing visually appealing and user-friendly interfaces. Focused on designing to meet and surpass expectations, improving user engagement.

**Skills**

*   UI Design
*   Figma
*   Photoshop
*   Illustrator

**Experience**

*   3 years of experience in UI design
"
98318,"**[Your Name]**
[Your Contact Information]

**Summary**

UI/UX Designer focused on developing user-centered digital interfaces that improve user experience. Experience includes individual and collaborative projects, involving landing pages, web services, redesigns, and mobile applications.

**Skills**

*   Figma
*   Adobe Photoshop
*   Adobe Illustrator
*   Canva

**Projects**

*   **Cozy House Web Service**
    *   Team project, full design cycle.
    *   Designed a platform connecting travelers with hosts to provide safe and affordable accommodation.
    *   Completed all design stages: competitive analysis, user personas, JTBD, CJM, user flow, wireframes, visual design, and adaptation.
*   **Cucina di Catherina Website**
    *   Redesign, full design cycle.
    *   Revitalized an outdated website with poor visuals and distracting information.
    *   Updated visual content, restructured information for improved navigation, and highlighted the product's unique selling proposition to attract customers.

**Experience**

*   Completed three full-cycle projects, including one team project.

**Additional Information**

*   Seeking a full-time position.
*   Ability to collaborate effectively in a team and use feedback to achieve optimal results.
*   Eager to learn from and work with experienced designers and contribute insights to projects.
"
98319,"**[Your Name]**

**Summary**

UI/UX Designer focused on creating user-friendly designs for web and mobile applications. Dedicated to crafting designs that align with user needs.

**Experience**

*   **UI/UX Designer**

    *   Designed a web travel service interface for ""change of environment,"" a platform where hosts offer apartment stays in exchange for assistance with household chores. Responsibilities included user flows for hosts and tourists, wireframing, and adaptive versions.
    *   Redesigned a Ukrainian school platform, providing school information and contact capabilities. Tasks included wireframing, desktop design, and adaptive versions for tablet and mobile.
    *   Currently working on a commercial Coaches service.

*   **Team Lead**
    *   Led the Travel Service project.

**Projects**

*   **Booking Table Service Application**
    *   Developed a web application enabling users to book tables at restaurants and cafes, including table selection.

**Skills & Attributes**

*   UI/UX design expertise.
*   Collaborative.
*   Committed to excellence.
*   Focused on growth and skills development.
"
98320,"**UI/UX Designer**

Experienced in creating intuitive and visually appealing user interfaces and enhancing user experiences across various platforms, including mobile applications, websites, and software interfaces.

**Skills:**

*   Design Software: Sketch, Figma, Adobe XD
*   Prototyping Tools: InVision, Marvel
*   User Research
*   Usability Testing
*   Wireframing
*   User Flows
*   Visual Design

**Experience:**

*   Designed a Mobile Banking Application.
*   Conducted User Research for a Health App.

**Responsibilities:**

*   Collaborated with stakeholders to understand user needs.
*   Translated user needs into design solutions.
*   Conducted user research, analyzed user feedback, and performed usability testing.
*   Created wireframes, user flows, and visual designs.
*   Focused on usability and accessibility.
*   Maintained awareness of UI/UX design trends and best practices.
"
98321,"**[Your Name]**

**Summary**

UI/UX Designer experienced in all stages of the design process, from problem definition and user research to prototyping and final product delivery. Demonstrated ability to create user-centered designs for web and mobile applications.

**Projects**

*   **Personal Project: Travel Go:** Developed a web service to facilitate affordable or free international stays through volunteer opportunities.
*   **Team Projects:** Contributed to multiple team pet projects.

    *   **ReserveNow (Mobile Application):** Designed an application for restaurant table bookings, enabling users to view floor plans, select tables, and make reservations.

**Responsibilities**

*   Conducted user research, including problem definition, competitive analysis, and target audience identification.
*   Developed Customer Journey Maps (CJMs) and user flows.
*   Created wireframes and prototypes.
*   Designed mobile and tablet adaptations.
*   Established visual styles and ensured user-friendly final products.

**Tools**

*   Figma
*   Adobe Photoshop
*   FigJam
*   Adobe Illustrator

**Approach**

Employs a comprehensive design approach, including task analysis, interface prototyping, and visual style establishment, to deliver user-friendly products.
"
98322,"**[Your Name]**
[Your Phone Number] | [Your Email Address] | [Your Portfolio URL (optional)]

**Summary**

UI/UX Designer with 1.5 years of web design experience. Creative and detail-oriented, with a passion for user-centered interfaces. Skilled in UI/UX design principles and the creation of wireframes, prototypes, and high-fidelity designs. Experienced in designing responsive and accessible websites and web applications. A collaborative team player committed to delivering high-quality designs.
"
98323,"**[Your Name]**
[Your Contact Information]

**Summary**

Junior UX/UI Designer with experience in Ukraine, skilled in design principles and leading design teams. Proven ability to cultivate collaborative environments, promote innovation, and produce high-quality design projects.

**Experience**

**UX/UI Designer** (2022-2023)
*   Built and managed a design team.
*   Focused on UX research, prototyping, design, knowledge sharing, and teamwork.
*   Developed leadership skills.
*   Ensured consistent delivery of design projects.

**UX/UI Designer** (07.02-30.03, 2023)
*   Developed the entire interface for a medical clinic.
*   Conducted UX research to create a user-friendly and intuitive interface design.
*   Collaborated effectively within a team.
*   [Link to project]

**Freelance Graphic and UX/UI Designer** (03/15/23)
*   Developed websites and posts.
*   Worked independently and within teams.

**Education**

*   Completed a UX/UI design course.

**Skills**

*   UX Research
*   Prototyping
*   UX/UI Design
*   Team Leadership
*   Collaboration
*   Knowledge Sharing
*   Teamwork
"
98324,"**[Your Name]**

**Summary**

UX/UI Designer focused on creating effective digital experiences for web and mobile applications. Demonstrated ability to implement a full cycle design process, from task analysis and prototyping to visual style creation, resulting in intuitive user experiences.

**Skills**

*   UX/UI Design
*   Web Design
*   Mobile Design
*   Full Cycle Design Process
*   Prototyping
*   Visual Design

**Experience**

**UX/UI Designer**

*   Completed an 8-month course in UX/UI design, web design, and mobile design, gaining practical knowledge.
*   Employed a full cycle design approach, including task analysis, prototyping, and visual style development.
*   Applied previous experience in motion design to improve UX/UI design skills.

**Projects**

*   **""Unreal""** - Mobile application for booking tables in unusual restaurants.
    *   Full cycle mobile app design.
    *   Designed a platform for users to book tables in unique restaurants.
    *   Objective: To provide users with a convenient way to reserve tables and enhance their dining experience.

*   **""Wings of Hope""** - Web service for the restoration of social infrastructure facilities in Ukraine.
    *   Full cycle web service design.
    *   Developed a web service interface to connect requests for infrastructure restoration with assistance requests.
    *   Objective: To engage communities, government officials, private organizations, and investors in supporting the restoration of Ukraine's social infrastructure.

*   **Slavsko Ski Resort Website Redesign**
    *   Full cycle website design.
    *   Redesigned the website for the Slavsko ski resort.
    *   Objective: To attract more tourists, both local and foreign.
    *   Completely changed the site structure and developed a new, unique style.

*   **Audi Q3 Test Drive Landing Page**
    *   Full cycle landing page design.
    *   Designed a landing page for advertising Audi, including a test drive order feature.

**Seeking opportunities to collaborate with teams including product managers, developers, and other designers to create comprehensive digital products.**
"
98325,"**Summary**

Results-oriented web designer with a passion for developing user-centered and visually appealing interfaces. Demonstrated ability in website layout development, emphasizing user experience, intuitive navigation, and visual design. Seeking to contribute to a collaborative environment and leverage UI/UX design principles to create outstanding digital experiences.

**Projects**

*   **Museum Website:** Designed and developed a website for museums, optimizing for an engaging and informative user experience.
    *   Employed design tools to craft page layouts aligned with user personas and the museum context.
    *   Prioritized strategic exhibit placement, clear navigation, and visual impact.
    *   Integrated UI/UX design principles to ensure both aesthetic appeal and functional effectiveness.
    *   Performed detailed requirements analysis to guide layout, element positioning, and navigation design.

**Goals**

*   To progress as a UI/UX designer.
*   To acquire experience in team collaboration.
*   To work directly with clients to understand and fulfill their design needs.
*   To pursue continuous learning and integrate new technologies and tools to enhance design capabilities.
*   To create interfaces that deliver exceptional user experiences and support company goals.
"
98326,"**[Your Name]**
[Your Contact Information]

**Summary**

Results-oriented individual with a foundational understanding of web design and a developing skillset in UX design. Demonstrated capacity to produce comprehensive website prototypes and respond to client requirements. Experience in developing marketing assets in a professional setting.

**Skills**

*   Web Design (Beginning)
*   Web Design (Junior)
*   UX Design (In Progress)
*   Wireframing
*   UI Design
*   Mobile-Adaptive Design
*   Adobe Photoshop
*   WordPress

**Experience**

*   **Intern**, Sahu Media (German Design Bureau)
    *   Designed promotional banners for clients utilizing Adobe Photoshop.

**Projects**

*   **Web Design Projects** (Projector Institute)
    *   Engineered detailed prototype redesigns for two clients, encompassing:
        *   Client consultation and needs assessment
        *   Competitive analysis
        *   Ideation and brainstorming
        *   Wireframing
        *   UI design
        *   Mobile-adaptive design
"
98327,"**[Your Name]**
[Your Phone Number] | [Your Email Address] | [Your LinkedIn Profile (Optional)] | [Your Portfolio Link (Optional)]

**Summary**

Motivated individual with a foundational understanding of web design and a commitment to ongoing learning in the IT field. Currently developing skills in Web Design, UI/UX Design, and Mobile Design. Demonstrates strong attention to detail and a proactive approach to skill enhancement.

**Skills**

*   Figma
*   Photoshop
*   Illustrator

**Experience**

*   **Web Design Student** | IT School ""Hillel"" | 2023 – Present
    *   Enrolled in Web Design, UI/UX Design, and Mobile Design courses.
    *   Created landing pages, a website, a website redesign, and a web service.
    *   Adapted web service for mobile application use.
    *   Performed target audience and competitor research.
*   **Web Design Basic Course Completion** | IT School ""Hillel"" | 2022-2023
"
98328,"**Jane Doe**
(123) 456-7890 | jane.doe@email.com | LinkedIn Profile URL (Optional)

**Summary**

Organized UX/UI Designer with experience in user-focused research and data-driven design. Proficient in developing user-friendly wireframes and prototypes.

**PROJECT EXPERIENCE**

*   **Landing Page for a Flower Shop**
    *   Designed a landing page to promote the flower shop's new delivery service.
    *   Performed competitor analysis and created a moodboard to define the project's emotional context.
    *   Developed wireframes and a UI kit.

*   **Redesign for the Italian Roastery Website**
    *   Redesigned the ""Il Griso"" website to enhance visual appeal and usability.
    *   Analyzed competitor websites and developed a new website structure.
    *   Created wireframes and a UI kit for select pages, including prototyping and adaptation.

*   **""Mind Map"" Team Project**
    *   Served as Scrum Master.

**Skills**

*   UX/UI Design
*   Wireframing
*   Prototyping
*   User Research
*   Competitive Analysis
*   UI Kit Development

**Objective**

To contribute to an innovative design team and improve user experience, leveraging creativity and problem-solving skills to create high-quality products.
"
98329,"**[Your Name]**
[Your Contact Information]

**Summary**

Web design assistant experienced in developing landing pages, online stores, and various print and digital design assets. Skilled in creating designs for the Western market, including Etsy products and themed event materials. Proficient in UI/UX principles, the Bootstrap grid system, and adaptive design.

**Skills**

*   Figma
*   Adobe Photoshop
*   Adobe Illustrator
*   Adobe XD
*   Canva
*   UI/UX Principles
*   Bootstrap Grid System
*   Adaptive Design

**Experience**

*   **Web Design Assistant**

    *   Developed landing pages and online stores.
    *   Created prototypes and designed banners.
    *   Designed price lists and other printed products.
    *   Created designs for the Western market, including Etsy products.
    *   Designed event materials, including invitations, labels, photo banners, business cards, price lists, and order forms.
    *   Created designs for Pinterest pins and Instagram posts and stories.

**Personal Attributes**

*   Self-Disciplined
*   Responsible
*   Organized
*   Team Player
*   Demonstrated Leadership Qualities
*   Eager to Learn and Improve
"
98330,"**[Your Name]**
[Your Phone Number] | [Your Email Address] | [Your Portfolio Link (if applicable)]

**Summary**

Motivated individual with website design experience entering the freelance market. Eager to learn and contribute to UI/UX design projects. Possesses a strong work ethic and collaborative skills. Seeking a remote internship.

**Experience**

*   **Freelance Web Designer**
    *   Completed a website project for a dental clinic.

**Skills**

*   Figma (Currently studying)
*   Product Observation
*   UI/UX Design (Interest in learning)
*   Teamwork

**Additional**

*   Actively following design trends.
*   Available immediately.
"
98331,"**[Your Name]**

**Summary**

Results-oriented individual with UI/UX design experience, developed through training projects focused on web and mobile application development. Skilled in wireframing, prototyping, UI kit creation, and user research and analysis.

**Projects**

*   **Balance Spa (Training Project)**
    *   Designed a landing page, including Lo-fi and Hi-fi wireframes, a prototype, and a UI kit. Prepared the project for developer handoff.

*   **Foodly (Training Project)**
    *   Mobile application project for grocery delivery.
    *   Responsibilities:
        *   Client briefing
        *   Hi-fi and Lo-fi wireframes
        *   Target audience definition
        *   UI kit creation
        *   Competitor and heuristic analysis
        *   User testing
        *   Sitemap creation
        *   Adaptive design
        *   User flow creation

*   **JOCCELLUM (Training Project)**
    *   E-commerce jewelry project.
    *   Responsibilities:
        *   Client briefing
        *   Hi-fi and Lo-fi wireframes
        *   Target audience definition
        *   UI kit creation
        *   Competitor and heuristic analysis
        *   User testing
        *   Sitemap creation
        *   Adaptive design
"
98332,"Anastasia
Beginner Web Designer

Summary

Enthusiastic UI/UX designer with a passion for product and game development. Dedicated to ongoing learning and applying design principles. Ready to contribute in a team setting.

Skills

*   Font Theory
*   Image, Illustration, and Icon Design
*   Color Theory
*   UI Kit Development
*   Auto Layout
*   Styles and Components
*   Atomic Design Methodology
*   Website Design Principles
*   Target Audience Research
*   Persona Creation
*   Grid Systems
*   Prototyping
*   Adaptability

Education

Hillel Computer School - UI/UX Design Courses
(Current)
"
98333,"**[Your Name]**

**Summary**

Motivated individual with a basis in graphic design principles and experience in UI/UX design. Seeking opportunities to apply and expand skills in a professional environment.

**Education**

*   **[Name of Art Academy]**
    *   Gained foundational knowledge in graphic design, encompassing typography, composition, and color theory.
*   **CARDIFF SCHOOL OF ART AND DESIGN, CARDIFF METROPOLITAN UNIVERSITY**

**Skills**

*   Photoshop
*   Illustrator
*   Figma

**Projects**

*   **Turkish Airlines App Redesign:** Performed a heuristic analysis and suggested enhancements to the current app design, focusing on the requirements of frequent users, under mentorship.
*   **Richard Bank Project:** Designed a system, a mobile application, and a website as part of ""From Zero to Hero"" courses.

**Exhibitions**

*   ""The Art of Change"" - Ukrainian House
*   ""24.02 Before and After"" - Photo Exhibition
*   CARDIFF SCHOOL OF ART AND DESIGN, CARDIFF METROPOLITAN UNIVERSITY exhibition

**Experience**

*   Engaged in courses and part-time jobs.
"
98334,"**Car Wash Application**

*   Developed a mobile application to locate car washes.
*   Employs geodata to identify car washes in the user's vicinity.
*   Offers users the ability to book appointments, choose services, and process payments online.
*   Oversaw the project team.
*   Performed competitor analysis.
*   Designed user flows, wireframes, and a prototype.
*   Created the application's design.
"
98335,"**[Your Name]**

**Summary**

Experienced designer of user interfaces and user flows for web applications. Demonstrated ability to analyze competitor strategies and create user-friendly and aesthetically pleasing designs. Seeking freelance projects or a junior designer position, available in-office or remote.

**Projects**

*   **CloudyClean Webservice:** Designed the user interface and user flow for a web application for a cleaning service, allowing users to find and order services. Conducted competitor analysis and created prototypes.
*   **Alaska Pete's Website Redesign:** Redesigned the user interface to modernize and improve the website's convenience, comprehensibility, and attractiveness. Analyzed user flow, site blocks, and logic.
*   **Landing Page for a FlowerLover:** Developed a user-friendly and aesthetically pleasing landing page for a flower shop, incorporating analyzed user logic.

**Skills**

*   User Interface Design
*   User Flow Design
*   Competitor Analysis
*   Prototyping
"
98336,"**[Your Name]**

**Summary**

Developed NOVI Luxe's e-commerce website through direct collaboration. Employed user research, design tools, and A/B testing to achieve project success.

**Experience**

*   **E-commerce Website Development - NOVI Luxe**
    *   Performed user research, including surveys and interviews.
    *   Designed wireframes, user flows, and interactive prototypes with Figma for design concept visualization and communication.
    *   Utilized A/B testing to confirm design choices.
    *   Completed the project within the allocated timeframe and budget, and obtained positive client feedback.
"
98337,"**[Your Name]**
[Your Contact Information]

**Summary**

UI/UX design and commerce experience, adept at collaboration. Proficient in design software and UI/UX principles.

**Experience**

*   **UI/UX Design & Commerce**
    *   Collaborated with Looqme, HoReCa show, S-Prof, and Lviv Organ Hall.
    *   1+ year of experience.

**Skills**

*   Adobe Photoshop
*   Adobe Illustrator
*   Figma
*   InVision
*   UI/UX Principles

**Education**

*   LITS - UI/UX Design Courses

**Projects**

*   Developed skills and teamwork through project involvement.
"
98338,"**[Your Name]**
[Your Phone Number] | [Your Email] | [Your LinkedIn Profile (Optional)]

**Experience**

**Comon Agency** | 01/28/2022 – 02/24/2022
*   Supported labor headquarters during the war in Ukraine.
*   Managed individual private projects.

**Projects**

*   **Alexey, ""On the Way"" Product Delivery Project:** Created landing page and corporate identity for website.
*   **Phillip, ""Sammy Icon"" E-commerce:** Redesigned and developed a multi-page online store website, including UX Research, Wireframes, Style Guide & Design.
"
98339,"**[Your Name]**
[Your Contact Information]

**Summary**

UI/UX design professional with foundational knowledge gained through a 3-month course. Demonstrates a grasp of design principles and methodologies, and practical experience in user-focused design creation.

**Skills**

*   UX Design
*   GUI Design
*   Typography
*   Figma
*   Adobe Photoshop
*   Design Thinking
*   Human-Centered Design

**Portfolio**

*   Landing Page Designs
*   E-commerce Design Projects
*   Adaptive Design Projects
"
98340,"**[Your Name]**

**Summary**

UX/UI Designer with a certificate from Beetroot Academy. Demonstrates strong design skills and a passion for creating user-centered experiences. Aims to contribute to a collaborative team and interesting projects.

**Skills**

*   **UX Research:** Mind Mapping, Information Architecture, Brief Analysis, Competitive Analysis, Empathy Mapping, Personas, Customer Journey Mapping (CJM), User Flows, Wireframing
*   **UI Design:** Figma, Adobe Photoshop, Adobe Illustrator, Interactive Prototyping, Adaptive UI Design, Composition, Typography, Color Theory, Grid Systems, Design Patterns
*   **Languages:** Italian (CELI4 C1)

**Projects**

*   Mobile Application for a Family Medicine Clinic
*   Landing Page for a Design Studio
*   Website for a Beauty Salon
*   Icon and Logo Design

**Education**

*   Certificate in UX/UI Design, Beetroot Academy
*   Certificate CELI4 C1 (Italian Language Proficiency)

**Goals**

Seeking a role in a collaborative team that offers professional development and learning opportunities. Dedicated to using and expanding design skills to contribute to company objectives.
"
98341,"**[Your Name]**
[Your Contact Information]

**Summary**

Master of Architecture and Urban Planning graduate (May 2023) with a research focus on ""Modern Approaches to Implementing Information Technologies in Architectural Design."" Demonstrates self-organization, critical thinking, research, and analysis skills. Seeking to contribute to a dynamic environment and gain practical UX/UI design experience.

**Skills**

*   Self-Organization
*   Critical Thinking
*   Research
*   Analysis
*   UX Research (Interviews, Online Surveys, Competitor Analysis)
*   User Personas & Stories
*   User Flows
*   Wireframes
*   Animated Prototypes
*   HTML
*   CSS
*   Responsive and Adaptive Design

**Projects**

*   **FeelFull Website Redesign**: Redesigned website for a food delivery enterprise.
*   **TviyBrend Catalogue Website**: Developed a catalogue website for an accessories retail company.
*   **Colory Mobile App**: Designed a mobile application to colorize black and white photos.

**Experience**

*   Completed educational courses focused on creating mobile applications and websites, mastering design and implementation.
*   Gained UX/UI design experience through project development.
*   Participated in online client meetings.
*   Utilized UX Research methodologies.
*   Developed foundational web development skills.

**Education**

*   Master of Architecture and Urban Planning, [University Name], May 2023
    *   Research Project: ""Modern Approaches to Implementing Information Technologies in Architectural Design""
"
98342,"**[Your Name]**

**Summary**

UI/UX Designer experienced in developing website, web, and mobile application layouts. Demonstrated ability to conduct research, analyze competitors, and create prototypes. Skilled in teamwork and meeting deadlines. Proficient in computer graphics programs and possesses a strong desire for continuous learning and professional growth within a collaborative team environment.

**Skills**

*   Figma
*   Illustrator
*   Photoshop
*   UI/UX Design
*   Website Layout
*   Mobile Application Layout
*   Research
*   Competitor Analysis
*   Prototyping
*   Sitemap Development
*   Teamwork
*   Meeting Deadlines

**Experience**

*   **Team Leader, Search for Lost and Found Animals Project**
    *   Spearheaded the ""Search for Lost and Found Animals"" project.
    *   Contributed to the development of an animal search website.
    *   Performed competitor analysis, developed site maps, and defined site functions.
    *   Optimized the website for user experience.

*   **UI/UX Design, Furniture Landing Page**
    *   Developed a user-friendly landing page for a furniture store.
    *   Conducted competitor analysis.
    *   Selected design references.
    *   Created a prototype and UI page.

**Projects**

*   **Search for Lost and Found Animals**
    *   Focused on the rapid reunification of lost animals with their owners and facilitated adoptions.

*   **Furniture**
    *   Designed a landing page for a furniture store.

**Additional Information**

*   Committed to continuous skill and knowledge enhancement.
*   Seeking opportunities to contribute as a UI/UX designer and further develop skills within a professional team.
"
98343,"**[Your Name]**
[Your Phone Number] | [Your Email Address] | [Your LinkedIn Profile URL (Optional)] | [Your Portfolio URL (Optional)]

**Education**

*   **Projector Institute** | UX/UI Design
    *   Skills: Typography, Auto Layout, Wireframing, Prototyping
*   **Coursera** | Foundations of User Experience (UX) Design (Google)
    *   Skills: User Experience, Wireframing, Prototyping, UXD
*   **Projector Institute** | UX Design | *Ongoing*

**Skills**

*   Typography
*   Auto Layout
*   Wireframing
*   Prototyping
*   User Experience (UX)
*   UXD
"
98344,"**[Your Name]**
[Your Phone Number] | [Your Email] | [Your LinkedIn Profile (Optional)]

**Summary**

UI/UX Designer experienced in transforming abstract ideas into design concepts and wireframes. Proficient in developing Minimum Viable Products (MVPs) and contributing to team projects. Skilled in designing interfaces for both websites and mobile applications, with a focus on E-commerce and EdTech projects. Experienced in utilizing Design Systems to optimize the design process and enhance wireframe presentations.

**Skills**

*   UI/UX Design
*   Wireframing
*   MVP Development
*   Team Collaboration
*   Design Systems
*   Interface Design (Web & Mobile)

**Experience**

*   **UI/UX Designer** | GoIT School | February 2023 – August 2023

    *   Designed interfaces for websites and mobile applications, encompassing Landing pages, Web services, and Mobile Apps.
    *   Projects:
        *   **Landing page ""Rainbow""**: Redesigned a kindergarten website, concentrating on improved user experience for appointment booking and curriculum selection.
        *   **Web-service ""CleanHouse""**: Collaborated on a project to develop a service that connects users with cleaning service providers.
        *   **Mobile App ""MY BRAND""**: Participated in a group project to create an e-commerce application with home delivery features.

**Objective**

Seeking a position within a company that values its employees and offers opportunities for professional development, experience gain, and contribution as a valued team member.
"
98345,"**[Your Name]**

*   Developed e-commerce platforms, landing pages, and mobile app interfaces.
*   Collaborated with clients to define requirements and create design solutions.
*   Applied design principles and responsive techniques to build user-friendly interfaces.
*   Prototyped and refined designs using Figma.
*   Maintained a focus on detail to ensure accurate design implementation.
*   Communicated effectively and consistently met project deadlines.
"
98346,"**Summary**

UI/UX Designer | Concept Development | Prototyping | User Flow | Web Design | Analysis & Redesign

**Experience**

*   **UI/UX Design Projects**

    *   UI/UX design concept development for an online perfume store, including:
        *   Prototyping.
        *   User flow creation.
        *   UI visualization of web pages.
        *   Design presentation.
    *   UI/UX redesign of a landing page, including:
        *   Analysis and documentation.
        *   Prototyping.
        *   UI page concept development.
        *   Creation of light/dark and adaptive versions.
"
98347,"**[Your Name]**
[Your Contact Information]

**Summary**

Results-oriented individual with experience in web design, including e-commerce, landing page, and non-profit projects. Demonstrated ability in concept development, prototyping, and presentation. Proficient in user interviews and UI kit creation using Figma. Seeking a role that utilizes web design knowledge, photographic experience, and sociological understanding.

**Skills**

*   Web Design
*   E-commerce Design
*   Landing Page Design
*   UI Kit Creation (Figma)
*   Prototyping
*   User Interviews
*   Concept Development
*   Presentation Skills
*   Photography

**Experience**

*   **Projector School Courses:** Completed two courses, applying skills to real-world projects.
*   **Project Portfolio:** Developed diverse real-world projects including:
    *   E-commerce Design
    *   Landing Page Design
    *   Non-profit Organization Design
        *   Project conceptualization, prototyping, and presentation.
        *   Execution of user interviews.
        *   UI kit creation with Figma.
"
98348,"**[Your Name]**

**Summary**

Results-driven professional with experience in turnkey site creation, design, and development, utilizing assembly processes. Consistently delivered projects resulting in 100% positive customer feedback. Experienced in game development, animation, and design. Proficient in Figma.

**Skills**

*   Turnkey Site Creation
*   Design Development
*   Assembly (Constructor)
*   Game Development
*   Animation
*   Figma
*   Basic Photoshop
*   Basic Illustrator

**Experience**

*   **Turnkey Site Creation & Design**
    *   Developed and assembled turnkey sites.
    *   Designed and developed sites.
    *   Achieved 100% positive customer feedback.

*   **Game Development & Design**
    *   Developed, animated, and designed games.

**Software**

*   Figma
"
98349,"**[Your Name]**

**Summary**

Creative and empathetic individual seeking a UI/UX Designer role. Driven to create user-centered designs that align with business objectives. Possesses a strong ability to analyze user needs and translate them into effective design solutions. Experienced in developing engaging visual content and managing design projects.

**Experience**

**Graphic Designer** | Electro House Company | 2021 – 2023

*   Developed website and mobile application designs.
*   Managed website and online store content.
*   Created commercial offers, presentations, and mailings.
*   Designed packaging, stickers, decals, and instructions.
*   Developed print products: catalogs, booklets, and business cards.
*   Designed and managed social media graphic content.
*   Created website banners, graphic content, and icons.
*   Conducted product photography, photo processing, and retouching.

**Graphic Designer (Project-Based)** | ""Fact"" Publishing House | 2020 – 2022

*   Created book cover layouts (fiction, children's books, and non-fiction).
*   Developed designs for souvenir products.
*   Created layouts for print products.

**Marketer, Designer** | Regional Medical Center | 2020 – 2021

*   Developed outdoor advertising designs: banners, posters, and signs.
*   Created print materials for internal use: gift certificates, fire evacuation plans, presentations, and commercial proposals.

**Kharkiv Specialized Music and Theater Library named after K.S. Stanislavsky** | 2016 – 2022

*   Collected data and prepared reports (monthly, quarterly, and annual).
*   Planned and analyzed work, and conducted methodical hours.
*   Managed advertising activities: social media, event posters, graphic poster layouts, invitations, and monthly newspaper layouts.

**Skills**

*   UI/UX Design Fundamentals
*   Interface Design (Web & Mobile)
*   User Journey Mapping
*   Competitor Analysis
*   Persona & Empathy Map Creation
*   Graphic Design
*   Website Design
*   Mobile Application Design
*   Print Design
*   Social Media Content Creation
*   Product Photography
*   Photo Editing
"
98350,"**[Your Name]**

**Summary**

Driven individual with 4 months of UI/UX design study, demonstrating proficiency in core technical skills, organizational ethics, and discipline. Proven ability to create functional and user-friendly designs, with a passion for continuous learning and embracing challenges.

**Skills**

*   UX/UI Design
*   Figma
*   Adobe Photoshop
*   Adobe Illustrator
*   Color Schemes
*   Typography
*   UI Kits
*   Grid Systems
*   Website Design Prototyping
*   Mobile App Development

**Experience**

*   **UI/UX Design Student** GOIT
    *   Currently enrolled in UI/UX design courses, developing skills in mobile and desktop application development and related areas.
    *   Completed one successful team project and two individual projects.
*   **Portfolio Projects**
    *   **Landing Page:** Focused on creating a user-friendly experience, including competitor research, mood board creation, and UX/UI design.
    *   **India Cafe Website Redesign:** Performed website analysis, UX/UI design, and addressed color schemes, responsiveness, typography, and prototyping. Created a UI kit and prepared the project for Behance.
    *   **Pet Finder Web Service:** Analyzed competitor web services, created user personas, and defined the user flow. Focused on design systems, user experience (UX), and incorporated features like pop-ups and a donation feature.

**Key Strengths**

*   Strong understanding of the UX/UI process.
*   Proficient in designing user interfaces for various platforms.
*   Experienced in collaboration and team projects.
*   Committed to professional development and gradual growth.
"
98351,"**[Your Name]**
[Your Phone Number] | [Your Email Address] | [Your Portfolio URL (Behance)] | [Your Portfolio URL (Dribbble)]

**Summary**

A self-taught UX/UI Designer with three years of dedicated learning. Demonstrated skills through freelance work and personal projects, including the 4ROLL — Dungeons & Dragons Digital Game Companion App, featured on Behance and Dribbble. Eager to contribute to a professional environment and further refine design capabilities.

**Projects**

*   **4ROLL — Dungeons & Dragons Digital Game Companion App**
    *   [Link to Behance Project]
    *   [Link to Dribbble Project]
*   **Freelance Projects**
    *   [Link to Portfolio Section or Project Examples, if applicable]

**Skills**

*   UX Design
*   UI Design
*   [List any specific software or skills, if mentioned in your portfolio]

**Education**

*   Self-Study: UX/UI Design (3 years)
"
98352,"**[Your Name]**
[Your Phone Number] | [Your Email Address] | [Your LinkedIn Profile URL (Optional)]

**Summary**

Motivated and committed aspiring designer with a solid understanding of graphic design, web design, and UI/UX principles. Seeking an entry-level position to apply acquired skills and to gain practical experience within a collaborative environment.

**Skills**

*   Graphic Design
*   UI/UX Design
*   Web Design
*   Design Composition

**Education**

*   **Alpaca School** | Web Design + Layout | *Ongoing*
*   **Creative Practice** | Graphic Design Courses
    *   Fundamentals of Design
    *   Graphic Design. Composition
    *   UI/UX. Projecting and design of interfaces
*   **Coursera** | Fundamentals of Graphic Design
*   **Genius Space** | Video Coursework
    *   Profession Graphic Designer
    *   Profession Web Designer
    *   Profession UX/UI Designer

**Experience**

*   **Design Development** | *Ongoing*
    *   Developing design skills in graphic design, web design, and UI/UX design.
    *   Participated in both free and paid courses to broaden knowledge and practical skills.
"
98353,"**[Your Name]**
[Your Contact Information]

**Summary**

Architectural and Construction Engineer transitioning to UI/UX Design. Completed a UI/UX design course at IMT Academy. Skilled in Figma, Adobe Photoshop, and Adobe Illustrator. Includes freelance design experience and a focus on ongoing professional development.

**Skills**

*   Figma
*   Adobe Photoshop
*   Adobe Illustrator

**Experience**

*   **Architectural and Construction Engineer** - [Current Employer/Your Information]

**Education**

*   **UI/UX Design Course** - IMT Academy

**Portfolio**

*   Behance: [Link to your Behance portfolio]
"
98354,"**Jane Doe**
(123) 456-7890 | jane.doe@email.com

**Experience**

**Data Entry Specialist**
Health App Ornament | August 2020 – February 2023

*   Entered user data, including recipes, recommendations, and extracts.
*   Followed instructions from the director.

**Technical Support Consultant**
IT Con Gaming | January 2017 – June 2020

*   Offered technical support to users via phone calls and online correspondence, addressing issues like email processing.
*   Handled payments and created reports.
"
98355,"**[Your Name]**

**Summary**

*   Developed and contributed to four personal projects.

**Projects**

*   **Pet Search Project:** Collaborated on a team project to create a web service for reuniting lost animals with their owners. Responsibilities included competitor analysis, Jobs-to-be-Done (JTBD) analysis, development of a dog walker persona, ad creation, and the design of a services section. The website incorporated geolocation search and filtering, along with sections for finding dog sitters and walkers. The design utilized calming tones with strategic accents.

*   **Dating App:** Designed a dating application powered by artificial intelligence. The app analyzes user behavior through smartphone data to suggest compatible matches, leveraging machine learning algorithms.

*   **Citroen C4 Landing Page:** Designed a landing page to showcase the Citroen C4. The design incorporated the brand's color schemes and highlighted the vehicle's features.

*   **CrossFit CENTRAL Website Redesign:** Redesigned the CrossFit CENTRAL website, focusing on a fresh visual design with harmonious colors. Implemented UX solutions to enhance user navigation.

**Benefits**

*   Focus on results, focus on design and open team
*   Mutual respect and friendly atmospheræ
*   Possibility of partially remote work
*   Corporate training and development within the company
*   Career growth.
"
98356,"**Jane Doe**
[Phone Number] | [Email Address] | [LinkedIn Profile URL (Optional)] | [Portfolio URL (Optional)]

**Experience**

**Marketing Designer** | Inoxoft | December 2021 – Present
*   Developed and maintained website updates, ensuring up-to-date content and functionality.
*   Provided mentorship, guiding and supporting colleagues.
*   Designed a variety of marketing materials, including brochures, social media graphics, and advertisements.
*   Created compelling corporate presentations, effectively communicating key messages.
*   Produced branded company products, contributing to brand identity and awareness.
*   Designed case studies for Behance and other platforms, showcasing projects and results.

**Teacher of Digital Design (Part-Time)** | GoITeens – IT Academy for Teens and Kids | October 2022 – Present
*   Instructed children in digital design, fostering creativity and technical skills.

**Graphic Designer and Illustrator** | Awkward Styles | May 2019 – December 2021
*   Designed website elements, enhancing user experience and visual appeal.
*   Created illustrations and prints for company products, contributing to product design and branding.

**Graphic Designer and Illustrator (Freelance)** | 2017 – 2022
*   Developed banners and print products, for various clients.
*   Created illustrations, for diverse projects.
*   Managed Instagram design, curating content and maintaining brand consistency.
"
98357,"**[Your Name]**

**Summary**

*   Results-oriented professional with experience in customer service and social media management. Proven ability to resolve critical situations and contribute to team success. Seeking a collaborative role focused on continuous improvement and positive impact.

**Experience**

**Delivery / Call Center Operator** | May 2021 – Present

*   Effectively resolved crisis situations, minimizing company damage and restoring operational normalcy.

**Web Studio / SMM Specialist** | 2019 – 2021

**Sociology / Call Center Operator** | June 2020 – August 2020
"
98358,"**[Your Name]**
[Your Contact Information]

**Summary**

Committed to design with a focus on continuous learning and staying updated on industry tools and trends. Demonstrates a solid understanding of the design process and fundamental design principles.

**Projects**

*   **Pet Owner Platform (UI/UX Training Course Project):** Designed a platform for pet owners, including user research, documentation (user stories, job stories, user flows), low-fidelity prototyping, and high-fidelity prototyping.

**Skills**

*   Design Tools: Photoshop, Figma, Axure, InVision

**Experience**

*   SMM and Content Specialist

**Objective**

Seeking opportunities to leverage skills and knowledge, and to gain further experience in the design field.
"
98359,"**[Your Name]**

**Summary**

Designer adept at transforming ideas into visual solutions. Experienced with various design software, emphasizing user-focused design and clear communication.

**Skills**

*   Figma (Prototyping, Wireframing, Customer Journey Mapping, Mind Mapping, Animation, UX Research, UI Design, Landing Page Design, Responsive Design, Documentation, Mockups)
*   After Effects (Motion Graphics)
*   Premiere Pro (Video Editing)
*   Photoshop (Image Editing)
*   Illustrator (Graphic Design)
"
98360,"**Summary**

*   Website design project for ""Alaska Peters"" barbecue restaurant, New York, USA, encompassing website redesign and menu updates.
*   Implemented design improvements and expanded customer-facing information, enhancing the website's visual appeal.

**Projects**

*   **Alaska Peters Website Redesign:**
    *   Executed a website redesign for ""Alaska Peters"" barbecue restaurant.
    *   Improved website aesthetics and menu presentation.
    *   Enhanced photo quality and information accessibility.

*   **Clin Fix Web Service:**
    *   Developed ""Clin Fix,"" a web service connecting users with service providers (cleaning, gardening, etc.).
    *   Facilitates connections between service providers and potential clients.
"
98361,"**[Your Name]**

**Summary**

UI/UX and Web Designer experienced in contributing to a start-up's growth and brand recognition. Demonstrated ability in website creation, user engagement, and visual communication. Seeking a challenging role in an international product-focused IT company with complex projects and a collaborative team environment.

**Skills**

*   Website Design and Redesign
*   Landing Page Design
*   Dashboard Design
*   Mobile App Design
*   Responsive Design
*   Corporate Identity Development
*   Prototyping & UI Kit Creation
*   POS Materials Design (Print Preparation)
*   Souvenir Product Development
*   Web Banner & Graphic Material Design (Social Media)
*   Infographic & Presentation Design
*   Digital Image Photography & Processing

**Experience**

*   **[Start-up Organization Name - If applicable, otherwise omit]**
    *   Contributed to the organization's evolution and established its brand identity.
    *   Developed website elements and increased new customer website visits.
    *   Designed web banners and graphic materials, boosting website and Facebook traffic.

**Education**

*   UI/UX & Web Design Courses (2018)
"
98362,"**[Your Name]**
[Your Phone Number] | [Your Email Address] | [Your LinkedIn Profile URL (Optional)] | [Your Portfolio URL (Optional)]

**Summary**

Student focused on UX Design, with a strong interest in technology and creating user experiences. Seeking to contribute in a collaborative setting and gain practical experience.

**Skills**

*   C# Programming
*   SQL
*   UX Design (in progress)

**Experience**

*   **Hackathon Participant** | [Date of Hackathon]
    *   Participated in a hackathon addressing gender inequality in engineering.
    *   Attended lectures on relevant topics.
    *   Collaborated on a chatbot concept for prospective students exploring engineering and biological fields.
    *   Team won the hackathon and began developing the chatbot.
    *   Contributed to the chatbot's development, including gathering expert input.

*   **Course Project: Hospital Employee Automated Workstation** | [Date of Project]
    *   Developed databases for an automated workstation.
    *   Utilized SQL Management Studio and Visual Studio in C# programming.

**Education**

*   [Your University/Institution] | UX Design Course (Ongoing)
*   [Your University/Institution] | [Your Degree, if applicable]
*   Google UX Design Professional Certificate (In Progress)
"
98363,"**[Your Name]**
[Your Contact Information]

**Summary**

Experienced in website design and development, with a focus on user-centered design. Demonstrated ability to translate client requirements into visually appealing and intuitive user interfaces.

**Experience**

*   **Website Designer** | [Volunteer Organization Name] | [Dates of Involvement]
    *   Designed a website for a dog shelter.
*   **Website Design and Development** | [Clients/Projects] | [Dates of Involvement]
    *   Developed landing pages and websites.
    *   Collaborated with teams to ensure user-centered design solutions.
    *   Translated client requirements into user interfaces.
    *   Implemented usability testing to identify areas of improvement.
    *   Contributed to project success by delivering high-quality designs on time.
"
98364,"**[Your Name]**
**[Your Contact Information]**

**Summary**

Developed a self-education application focused on reducing panic attacks.

**Projects**

*   **Panic Attack Support Application (Pet Project)**
    *   Created a user-focused application for individuals experiencing panic attacks.
    *   Emphasized self-education and techniques to alleviate panic attack symptoms.
    *   **Role:** UX Researcher, UI Designer
    *   **Team:** Collaborated with a team.
    *   **Duration:** 5 weeks
    *   **Course:** Free UI/UX Design Course for Ukrainians (2022) by Taras Shypka (4 months)
"
98365,"**[Your Name]**
[Your Contact Information]

**Summary**

Actively enhancing UX skills through Google and Coursera courses. Completed one course and progressing through the remaining curriculum.

**Experience**

*   **Website Design**
    *   Developed a subscription-based charity website, incorporating competitor analysis to identify key differentiators, focusing on clear information presentation, and executing the complete website design within a defined timeframe. Continuously improving the website based on performance data.
    *   Project: Save Ukraine Now(IF) 1 Day Donate
"
98366,"**[Your Name]**

**Summary**

Dedicated individual experienced in website design and project development, including contributions to mobile application design. Focused on creating effective products to address user needs and objectives.

**Experience**

**Freelance** | April 2021 – July 2021
*   Designed a website.

**Freelance** | July 2021 – November 2021
*   Participated in the development of company projects.
*   Contributed to the development of a mobile application design.
*   Focused on creating or developing a product to be effective, solving user problems and tasks.
"
98367,"**[Your Name]**
[Your Contact Information]

**Summary**

Highly motivated individual with a focus on the IT field, seeking opportunities for professional development and career progression. Currently engaged in self-study of UX/UI design, skilled in Figma, and recognized for a strong ability to learn new concepts rapidly. Prepared to contribute to a collaborative team environment and welcome new challenges.

**Skills**

*   UX/UI Design (Self-Studying)
*   Figma
*   Rapid Learner

**Experience**

*   **Sales Manager**
*   **Printing Company** - Involved in plastic card production and project documentation printing.

**Projects**

*   [Study Project - Title if applicable]
"
98368,"**Jane Doe**
(Phone number) | (Email address) | (LinkedIn profile URL - if applicable)

**Summary**

UI/UX professional with experience in design and development, proficient in Figma and Adobe Photoshop.

**Education**

*   Genesis Academy - UI/UX School
*   Para School - Complex Internet Marketing Course
*   Projector - Web Design: Beginning Courses
*   Projector - Web Design: Junior

**Experience**

*   **Star Company** - Intern

    *   Contributed to a document verification application and a suite of sports and health apps with a racing theme.
    *   Responsibilities included developing screen designs, adapting designs for iOS and Android, and creating app screenshots for the App Store and Google Play.
    *   Utilized Figma and Adobe Photoshop.
"
98369,"**[Your Name]**
[Your Contact Information]

**Summary**

Completed Google's UX/UI design course on Coursera, gaining foundational knowledge and skills in design principles and interface creation. Proficient in utilizing design tools and programs to develop intuitive and appealing interfaces. Actively engaged in personal projects to apply learned concepts, gain practical experience, and explore diverse design styles. Committed to continuous improvement and user-friendly solutions.

**Skills**

*   UX/UI Design Principles
*   Interface Design
*   [List specific tools/programs learned - if mentioned in the course]

**Experience**

*   **UX/UI Design Projects**
    *   Completed three projects as part of the Google UX/UI design course on Coursera.
    *   Developed personal projects, applying design skills and exploring diverse design approaches for websites and applications.
"
98370,"**[Your Name]**

**Summary**

A dedicated and conscientious individual with strong interpersonal and collaborative abilities, receptive to constructive feedback.

**Skills**

*   Web Design Fundamentals: Moodboards, Grids, Typography, UI Kits, Adaptation
*   UI/UX Design: Web and Mobile Applications
*   Prototyping
*   User Flow
*   Smart Animate

**Experience**

*   **Personal Project: Website Development**
    *   Designed and developed a website for apartment sales, showcasing web design skills.
*   **Team Project: Web Service Development**
    *   Collaborated on the creation of a web service.
    *   Utilized person, user-flow, and smart-animate principles.
*   **Academic Project: Mobile Application Development**
    *   Developed a mobile application.

**Design Philosophy**

Results-oriented, with a design-centric approach and a commitment to open collaboration. Focused on creating user-friendly, visually appealing, and effective web and mobile applications through a full design cycle, encompassing task analysis, prototyping, visual style, and implementation.

**Desired Employment**

*   Partially Remote Work
*   Corporate Training and Development
*   Career Growth Opportunities
"
98371,"**[Your Name]**
[Your Contact Information]

**Summary**

Results-oriented UI/UX Designer, skilled in creating user-centered designs for websites and mobile applications. Experienced in user research, competitor analysis, and project development from landing pages to web services. Dedicated to contributing to innovative projects and expanding skills within a collaborative team.

**Projects**

*   **Flower Lover:** Designed a landing page for a flower delivery service, focusing on user engagement and online order facilitation. The design included features for exploring flower options and accessing delivery information.
*   **House Hopper:** Developed a web service for accommodation booking, connecting property owners and guests. This service streamlined property searches, reservations, communication, and travel information access.

**Skills**

*   UI/UX Design
*   User Research
*   Competitor Analysis
*   Landing Page Design
*   Website Design
*   Web Service Design
*   Mobile Application Design

**Education**

*   UI/UX Design Courses: Completed projects including landing pages, a website, a web service, and a mobile application.

**Desired Opportunities**

*   Seeking to contribute to impactful projects.
*   Interested in opportunities for continuous growth in UX/UI design.
*   Values teamwork, collaboration, communication, and knowledge sharing.
"
98372,"**Summary**

Results-oriented UI/UX Designer experienced in user interface (UI) and user experience (UX) design, prototyping, and user research. Skilled in design tools including Figma, Adobe Photoshop, and Adobe Illustrator. Seeking a challenging role to utilize skills and experience.

**Experience**

*   **Team Lead UI/UX Designer / Multi-page website**
    *   Led a design team in the creation of the user interface for an IT Community website.
    *   Coordinated designer efforts, project planning, and project management.
*   **UI/UX Designer / Landing page**
    *   Designed the user interface for a house design services company landing page.
    *   Developed a landing page showcasing projects and services.
*   **UI/UX Designer / Mobile application**
    *   Designed a user-friendly mobile application for air ticket search and purchase.
*   **Team Lead, ""Techgen IT"" Project**
    *   Managed designers, organized workflow, and assigned tasks.
    *   Communicated design solutions and demonstrated design animations to developers.

**Skills**

*   UI Design
*   UX Design
*   Prototyping
*   User Research
*   Figma
*   Adobe Photoshop
*   Adobe Illustrator

**Projects**

*   Designed user interfaces (UI) and user experiences (UX).
*   Prototyped interfaces and tested them with user research for usability and efficiency.
*   Designed a landing page using Figma, Adobe Photoshop, and Adobe Illustrator.

**Additional Information**

*   Responsible and proactive.
*   Open to constructive criticism.
*   Results-oriented.
"
98373,"**[Your Name]**

**Summary**

Results-oriented individual with experience in web and mobile design, developed through team and self-directed projects. Proficient in Figma.

**Projects**

*   **Neaty Kitty (Team Project):** Contributed to the design of a web service for a cleaning company, including analysis of similar services, consideration of target audiences, and development of a Customer Journey Map (CJM) and Userflow. Utilized Bootstrap 5 design system.
*   **Tap the Table (Team Project):** Collaborated on a mobile application for restaurant table booking, involving analysis, userflow, CJM, wireframing, design, and prototyping.
*   **Yours Sports Bar (Pet Project):** Redesigned the website for a sports bar, conducting a comprehensive analysis of the existing website and competitors, identifying strengths and weaknesses, and creating wireframes and designs for laptop, tablet, and mobile.
*   **Tattoo Studio Landing Page (Pet Project):** Designed a landing page for a tattoo studio, from references, analysis of similar pages, and wireframes to design.
*   **GoIT Projects:**
    *   Designed a landing page for a Tattoo Salon.
    *   Redesigned the website for Yours Sports Bar.
    *   Participated in the team project ""Neaty Kitty"".
    *   Participated in the team project ""Tap the Table"".

**Skills**

*   Figma

**Portfolio**

*   Behance: [Link to your Behance profile]
"
98374,"**[Your Name]**

**Summary**

UI/UX Designer with a foundational understanding and enthusiasm for skill development. Experience in both individual and collaborative work settings.

**Projects**

*   **Lost Pets Web Service:** Collaborated on a team project to create a web service for locating lost animals. Tasks included competitor analysis, persona development, prototyping (low and high fidelity), content creation, and completing the full design cycle.
*   **Mobile Application:** Contributed to a team project focused on the development of a mobile application.
*   **Hotel and Restaurant Complex Redesign:** Directed a project centered on the redesign of a hotel and restaurant complex. Responsibilities encompassed competitor analysis and website updates.
*   **Citroen C4 Landing Page:** Designed a landing page for the Citroen C4, successfully meeting project brief requirements.

**Skills**

*   UI/UX Design
*   Collaboration
*   Independent Project Execution
"
98375,"**Summary**

UI/UX design and development professional skilled in responsive web design for web services, websites, and mobile applications. Experience includes collaborative project work from concept to implementation.

**Projects**

*   **Openmind Web Service (Couchsurfing Application)**
    *   Contributed to the development of a global couchsurfing web service.
    *   Performed competitor analysis and user research, including the creation of user personas and scenarios.
    *   Developed user flows and wireframes.
    *   Designed UI/UX for specific features:
        *   Host profile creation and management (registration, housing listings).
        *   Profile pages.
        *   Messaging functionality.
        *   Responsive design adaptation for mobile devices.
    *   Created a UI kit.
    *   Designed a user card for a host persona.
"
98376,"**Julia**

**Summary**

Enthusiastic UX/UI Designer with a background in photography. Transitioned to UX/UI design after completing a course at GoIT. Passionate about beauty and creativity, with experience in Figma, both independently and collaboratively. Dedicated to producing detail-oriented and responsible designs. Eager to contribute skills and knowledge to commercial projects, and committed to continuous learning and growth.

**Projects**

*   **Buyland App (Team Project):** Designed a mobile application for a supermarket, allowing users to scan and pay for purchases. Conducted competitor analysis, defined target audience personas, mapped user journeys, and developed wireframes, prototypes, and mobile app design using Figma. Focused on creating a simple and intuitive interface.
*   **Library App (Mini-Project):** Designed onboarding and main pages using Figma. Implemented simple animations with ProtoPie.
*   **Flower App (Mini-Project):** Designed onboarding, registration, main page, and card using Figma. Incorporated simple animations to enhance the user experience.
*   **Clean Up Web Service (Team Project):** Developed a user-friendly website for a cleaning company. Conducted competitor analysis, defined target audience personas, mapped user journeys, and developed wireframes, prototypes, and website design. The website is responsive and optimized for different devices.
*   **IT School Dashboard (Mini-Project):** Designed a dashboard for an IT school.
*   **Mainsail Realty Company Website Redesign (Project):** Redesigned the website for a real estate company. Targeted married couples interested in owning a home in Florida. Focused on a minimalistic, clear, and easy-to-navigate design.

**Skills**

*   Figma
*   ProtoPie (limited experience)

**Education**

*   GoIT Course
"
98377,"**[Your Name]**

**Summary**

A freelance designer focused on producing stylish, high-quality, and user-friendly designs. Committed to the ongoing enhancement of design skills and staying current with contemporary trends.

**Experience**

*   **Freelance Designer** | Present

    *   Designed a landing page for a jewelry store, aimed at expanding its reach.
    *   Produced advertising banners and creatives.
    *   Developed online stores, landing pages, creative banners, and mobile interfaces.
    *   Adhered to project design principles, incorporating sketching and prototyping.
    *   Utilized knowledge of user interface perception and compositional interface construction.

**Skills**

*   Design
*   User Interface Design
*   Landing Page Development
*   Advertising Banners
*   Creative Development
*   Sketching
*   Prototyping

**Training & Development**

*   Engaged in self-directed training across diverse design styles through educational projects.
*   Dedicated to continuous improvement of design skills and staying current with design trends.

**Portfolio**

*   [Link to Portfolio - if applicable]
"
98378,"**Summary**

Results-oriented individual with experience in website and application development, UX/UI design, and graphic design. Demonstrated ability to contribute to team projects and create user-centered designs. Seeking to utilize skills within a collaborative environment.

**Skills**

*   Proficient in Figma, Photoshop, Illustrator, Corel Draw, and Canva
*   Knowledge of usability principles and UX methodology
*   Knowledge of graphic design, typography, and color theory
*   Experience in website and mobile application development
*   Experience creating responsive and adaptive designs
*   Analytical and creative problem-solving skills
*   Teamwork experience

**Projects**

*   **Social Project: Volunteer Website Development**
    *   Contributed to website development for volunteers.
*   **Real Estate Website Redesign**
    *   **Main Stages:**
        1.  **Research and Planning:** Defined website goals and target audience, Conducted competitor research and market analysis, Developed user personas and user flows.
        2.  **Structure and Content Creation:** Defined website blocks and elements, Selected color schemes, fonts, and graphics, Analyzed element composition and arrangement for usability.
        3.  **Development and Optimization:** Created wireframes using design tools, Developed a selling offer and calls to action, Developed an aesthetically pleasing design, Implemented responsiveness for various devices, Optimized media elements.
*   **Pet Search Web-Service**

**Additional Information**

Dedicated to working independently and collaboratively. Committed to continuous development of creative thinking skills.
"
98379,"**Skills**

*   **Design & Development:** Sitemap and Userflow Design, Lo-Fi and Hi-Fi Layouts, Prototyping, UI and UI-Kit Development, Adaptive Design
*   **Analysis & Research:** Competitive and Customer Analysis, User Testing, Nielsen Heuristics Analysis, Project Research, Secondary Research
*   **Visual Communication:** Typography and Color Theory, Mood Board Creation, Sketching
*   **UX/UI Principles**
*   **Software:** Figma (Auto Layout, Components, Variants, Animation)
*   **Soft Skills:** Decision Argumentation, Communication, Adaptability, Teamwork, Attention to Detail, Self-Motivation, Workflow Organization, Project Management, Prioritization, Creativity, Time Management

**Experience**

*   **E-commerce Project**

    *   **Project Overview:** Developed a website for new manufacturers, focused on automating goods ordering and showcasing the brand.
    *   **Responsibilities:** Project Research, Competitor Analysis, Client Briefing, Customer Analysis, Sitemap Design, Userflow Design, Lo-Fi and Hi-Fi Wireframing, Nielsen Heuristics Analysis, Mood Board Creation, User Testing, UI-Kit and UI Development, Prototyping
    *   **Results:** Created a user-friendly catalog with filters and sorting, a functional shopping cart, and a streamlined ordering process. Prototype testing yielded positive results across key metrics (CSAT, Completion Rate, Task Time).

*   **Landing Page Project**

    *   **Project Overview:** Designed a landing page to raise awareness about animal shelter issues and facilitate pet adoption.
    *   **Responsibilities:** Project Research, Secondary Research, Sketching, Lo-Fi and Hi-Fi Wireframing, Brainstorming, Mood Board Creation, UI-Kit and UI Development, Prototyping
    *   **Results:** Designed an engaging interface with 10 informational blocks and an interactive pet selection form.

**About Me**

A passionate and driven individual with a strong desire for continuous learning and professional growth. Experienced in web application development, adaptive design, and prototyping, with a solid understanding of UX and UI principles. Adept at planning and organizing projects, while remaining adaptable to changing requirements. Possesses strong focus and the ability to quickly integrate into the work process.
"
98380,"**[Your Name]**

**Summary**

Self-motivated UX/UI designer with a passion for detail, experienced in furniture and interior design, landing page design, web services, and mobile applications. Creates intuitive and visually appealing user interfaces. Open to new challenges and team collaboration.

**Project Experience**

*   **Landing page BusinessUp by Podvigina**
    *   Designed a landing page for the ""BusinessUp by Podvigina"" course.
    *   Completed the design within a tight deadline, incorporating a UI kit and animation elements.
*   **FinEasy Web Service**
    *   Designed FinEasy, a collaborative web service for accountants and entrepreneurs, as part of a team.
    *   Led UX research, created personas, developed user flows, and designed adaptive UI components with engaging animations.
    *   Ensured seamless adaptation across devices.
*   **Redesign of Mexican Restaurant Website**
    *   Redesigned the website of a Mexican restaurant, including competitor analysis, wireframing, UI design, and adaptation and animation in Figma.
*   **Urban Festival Landing Page Design**
    *   Designed the Urban Festival landing page, including competitor analysis, wireframing, UI development, and responsive adaptation for tablets and mobile devices.

**Skills**

*   Results-oriented
*   Design-focused
*   Team player

**Additional Information**

*   Partial remote work possible
*   Opportunity to work with a dynamic and innovative team for idea exchange and skill development
*   Career growth potential
"
98381,"**[Your Name]**

**Summary**

Motivated UX/UI and mobile design-focused individual seeking to apply design skills and contribute to impactful projects.

**Education**

*   **Mobios School** - UX/UI Design and Mobile Design Courses (2020)
*   **Projector** - Junior Web Designer Courses (2021)
    *   Courses by Alex Kim, Den Potapov
    *   Font Logo Courses by Kate Jacushek

**Skills**

*   Banner Design (Social Media, Print, Outdoor Advertising)
*   Customer Briefing
*   UX Research (Basic)
*   Competitor Analysis
*   Business Area Analysis
*   Persona Development
*   Customer Journey Mapping (CJM)
*   User Flow Creation
*   Interactive Prototyping
*   Typography
*   Grids
*   Color Theory
*   Mood and Atmosphere Design
*   Adaptive Landing Page Design
*   E-commerce Design
*   Corporate Website Design
*   Mobile Application Design
*   Project Presentation Development
*   Logo Creation
"
98382,"**[Your Name]**
[Your Contact Information]

**Summary**

Results-oriented designer with a passion for UX and UI design, demonstrated through project work and a strong portfolio. Eager to contribute to a collaborative team environment and further develop UX design expertise.

**Experience**

*   **UI/UX Designer (Freelance Project)** | [Month, Year]
    *   Successfully completed a one-month project involving UI/UX design.
    *   Responsibilities included:
        *   Research and reference gathering, including initial sketching and concept development.
        *   Development of wireframes and interactive prototypes.
        *   Interface redesign of existing applications.
        *   Creation of marketing materials, including YouTube and Instagram banners and intros.
        *   Logo design and redesign.

**Skills**

*   **Design Software:** Adobe Photoshop, Figma, InDesign
*   **Prototyping:** InVision (Basic)
*   **Graphic Design:** Illustrator (Basic)
*   **Web Technologies:** HTML/CSS (Basic - Understanding of Process)
*   **Languages:** English (Advanced)
*   **Soft Skills:** Communication, Organization, Time Management

**Goals**

*   To advance UX design skills and knowledge.
*   To create exceptional user experiences.
*   To thrive and learn within a professional and collaborative team.
"
98383,"**[Your Name]**
[Your Phone Number] | [Your Email] | [Your Portfolio Link (if applicable)]

**Summary**

UI/UX enthusiast with a foundational understanding of design principles, seeking to contribute to user-centered projects. Experienced in user research, competitive analysis, and design, with a focus on creating intuitive and engaging user experiences. Eager to collaborate within a design team.

**Skills**

*   UI/UX Design
*   User Research
*   Competitive Analysis
*   User Flow Design
*   Prototyping
*   Figma
*   Adobe Photoshop

**Experience**

**Research Manager** | [Entertainment/Crypto Company Name] | [Start Date] – [End Date]
*   Conducted research and analysis on target audiences, competitors, and relevant legal policies.
*   Contributed to UI/UX and regression testing projects in collaboration with the QA department.

**Projects**

**Destin/Tattoo**
*   Performed competitor analysis and usability assessment of an existing website.
*   Conducted user analysis to inform a redesigned website, incorporating updated colors, typography, and user flow, resulting in improved usability.
*   Tools: Figma

**HelpPets**
*   Collaborated in a team on competitor analysis and the creation of typography and a UI kit for a web service platform.
*   Contributed feature ideas, including AI-assisted pet movement prediction.
*   Designed user flow and UI for a key user type (lost pet owners).
*   Tools: Figma, Figma Mock-ups, Adobe Photoshop

**Education**

**UI/UX Course** | Hillel IT School | [Completion Date]
**UI/UX Webinar** | GoIt School | [Completion Date]

**Interests**

Animation, Mock-ups, 3D Design
"
98384,"**Summary**

Results-oriented individual with experience in user-centered design and development, demonstrated through collaborative and independent projects. Seeking a full-time position in a company that values growth, respect, and a positive work environment.

**Projects**

*   **UkrainianPets Web Service (Team Project)**
    *   Developed user personas and a Jobs-to-be-Done framework to inform design decisions.
    *   Designed and implemented core website pages: ""Lost,"" ""Found,"" ""My Ads,"" and advertisement creation forms.
    *   Integrated drop-down lists and worked collaboratively within a team.
*   **Redesign - Indian Cuisine Website (Independent Project)**
    *   Modernized an existing website, employing a minimalist design approach.
    *   Improved visual hierarchy, accessibility, and information presentation for enhanced user experience.
*   **Flower Shop Landing Page (Independent Project)**
    *   Developed a one-page website to facilitate online bouquet ordering with delivery.
    *   Designed a modern and user-friendly interface, incorporating floral imagery and a distinct color scheme.
    *   Facilitated user browsing of arrangements and streamlined the order placement process.
"
98385,"**EXPERIENCE**

UI/UX Designer
2022 – Present

*   Designed web pages and blog site designs.
*   Developed branded materials, including company logos, social media posts, and illustrations.
*   Designed mobile and web applications, including one for Vinnitsa National Technical University (JetIQ).
*   Designed user-friendly designs for various clients, including small businesses.
*   Collaborated with clients and development teams.
*   Developed corporate identities and illustrations using design tools.
*   Developed websites, including responsive HTML5/CSS3 pages with clear code.
*   Applied UI/UX principles and considered user needs while working within brand guidelines.

**COURSES**

*   Junior Front-end Developer - EPAM University
*   UI/UX Designer - Taras Shipka

**SKILLS**

*   UI/UX Design (Figma)
*   Illustrations (Adobe Illustrator, Adobe Photoshop)
*   HTML, CSS (SASS, SCSS)

**COMMERCIAL EXPERIENCE**

*   JetIQ (2022-2023) - Design creation, wireframes, component creation, layout.

**PROJECTS**

*   Anitime - Mobile application for watching anime
*   Innovexa - Landing page for a company providing data security services
"
98386,"**Flover Lover - Landing Page**

*   Designed and developed a single-page landing site for a new bouquet delivery service.
*   Conducted mood board creation and competitor analysis to inform UI design.
*   Prioritized ease of use and a gentle color palette in the design.

**Custom Concepttattoo & Design - Redesign**

*   Redesigned a website for a tattoo studio.
*   Modernized the user experience by addressing outdated design elements.
*   Improved media adaptation for a contemporary and user-friendly interface.

**VDOMA - Web Service**

*   Developed an animal search web service to aid in pet reunification.
*   Conducted competitor and user persona analysis.
*   Managed prototyping, system design, and UI development across multiple stages.
*   Ensured adaptation across multiple platforms.

**Skills & Attributes**

*   Fast Learner
*   Responsible
*   Adaptable
*   User Experience Focused
"
98387,"**Summary**

UX/UI Designer focused on user-centered digital experiences. Seeking roles that encourage creativity, teamwork, and a design process prioritizing user research, ideation, and testing.

**Projects**

*   **f.Lover Mobile App:** Designed and developed a mobile application for ordering and delivery of bouquets and gifts. Incorporated features for gift and flower recommendations, and scheduled delivery options.
*   **Indian Cafe User Interface Redesign:** Redesigned the user interface.
*   **Mobile App Optimization:** Optimized mobile applications.
*   **Web-Service Implementation:** Implemented web services.
*   **Landing Page Development:** Developed landing pages.
"
98388,"**Summary**

Results-oriented designer with a solid foundation in user-centered design and a passion for crafting engaging digital experiences. Demonstrated ability to work independently and collaboratively to deliver successful projects. Eager to contribute to a team and further develop design skills through mentorship and challenging projects.

**Projects**

*   **Flowers Delivery Mobile App**
    *   Developed a user-friendly and intuitive interface for an online flowers ordering service.
    *   Conducted persona research to understand customer needs.
    *   Designed an accessible and easy-to-use application for global bouquet ordering.

*   **Pet Scout: Animal Pet Search Web Service**
    *   Conducted UX research, including competitor analysis and user flow studies.
    *   Collaborated on web service architecture and applied design principles to enhance user experience.
    *   Created wireframes, mockups, prototypes, and a Behance portfolio in a team environment.

*   **Barbershop Landing Page**
    *   Designed a landing page to showcase barbershop services and facilitate appointment scheduling.
    *   Utilized competitor analysis, persona development, and research methods.
    *   Developed desktop, tablet, and mobile versions of the site.

*   **Tattoo Studio Website Redesign**
    *   Designed a website for a tattoo studio, enabling users to browse artist portfolios and schedule consultations.
    *   Conducted competitor analysis, including demographic and statistical data analysis.
    *   Created a visually appealing and intuitive website based on research findings.

**Skills**

*   UI Design
*   UX Design
*   Persona Development
*   Competitor Analysis
*   Wireframing
*   Prototyping
*   Mobile Design
*   Web Design
*   Teamwork
*   Independent Project Management

**Experience**

*   Completed three design projects during training, including two individual projects and one collaborative team project where leadership and idea generation were primary responsibilities.
*   Acquired a strong understanding of both technical and theoretical design principles during training.

**Goals**

*   Seeking remote work opportunities in a company or freelance projects.
*   Desiring opportunities for professional growth and development as a designer.
*   Seeking mentorship opportunities.
*   Dedicated to creating products that meet customer needs.
"
98389,"**[Your Name]**
[Your Contact Information]

**Summary**

UI/UX Designer skilled in translating ideas into functional solutions for web and mobile applications. Focused on creating visually engaging designs while emphasizing problem-solving and optimizing user experiences. Experienced in both individual and collaborative project environments.

**Skills**

*   Figma
*   Illustrator
*   Protopie
*   Photoshop
*   Low- and High-Fidelity Prototyping
*   Vector Illustration
*   Component Design
*   Responsive Design
*   Logo Design
*   Landing Page Design
*   User Interface and User Experience Optimization

**Experience**

*   **Website Redesign: Destin Tattoo Company**
    *   Performed competitor analysis, prototyping, text and color selection, logo development, wireframing, component creation, and adaptation for tablet and mobile devices. (Individual Project)

*   **Webservice: The Lost Pets**
    *   Developed user flows for individuals seeking or rehoming animals. (Team Project)
    *   Designed a distinctive logo for the web service.

*   **Mobile App: Suit Store**
    *   Designed user flows for a male user to facilitate a streamlined shopping experience. (Initially Team Project, completed independently during the prototyping phase)

**Objective**

Seeking a full-time position within a creative and collaborative team to address design challenges and enhance user interfaces. Eager for opportunities to foster creative growth within design projects.
"
98390,"**[Your Name]**

**Summary**

UX/UI Designer seeking to contribute to a dynamic team. Experienced in designing and developing user-centered interfaces for web and mobile applications. Passionate about creating seamless user experiences and eager to enhance skills through collaborative projects.

**Projects**

*   **BudgetStay Project:** Team Lead. Developed a web service interface for finding free or cheap accommodation. Designed main user flows for two account types (free and premium) and three host types. Designed for desktop, tablet, and mobile, with a desktop prototype.
*   **FoodieFinder:** Mobile app design for restaurant search and table reservations.
*   **Sensual Temple:** Team Lead. Developed a landing page for a tantric massage salon, designed for desktop, tablet, and mobile.
*   **India Cafe:** Independent work. Redesigned and updated the website for an Indian restaurant, including photo integration, menu addition, and appointment booking functionality. Designed for desktop, tablet, and mobile, with a desktop prototype.
*   **Citroen 4 Landing Page:** Independent work. Conceptualized a landing page for the Citroen 4 in Ukraine, focused on test drive bookings. Designed for desktop.
*   **Pet Projects:**
    *   **FoodieFinder:** Mobile app design.
    *   **Sensual Temple:** Landing page for desktop, tablet, and mobile.
    *   **FoodieFinder:** Completing the project for reserving tables in the restaurant ""FoodieFinder"" mobile application.

**Skills**

*   UX/UI Design
*   Mobile App Design
*   Web Design
*   Prototyping
*   Team Leadership (BudgetStay, Sensual Temple)
*   User Flow Design
"
98391,"**[Your Name]**

**Summary**

Highly motivated individual with 15 years of experience as a computer science teacher. Proficient in design software and passionate about learning new technologies. Experienced in the full design cycle for website and mobile application projects. Seeking a collaborative team environment to contribute skills and achieve shared goals.

**Skills**

*   Adobe Photoshop
*   Adobe Illustrator
*   Corel Draw
*   ProtoPie
*   Canva
*   Figma
*   Raster Graphics
*   Vector Graphics
*   3D Modeling
*   Programming Languages
*   Website Redesign
*   Adaptive Design
*   Mobile Application Development
*   Moodboard Creation
*   Landing Page Design
*   User Research
*   Persona Development
*   User Flow Design

**Experience**

**Computer Science Teacher** | School | 15 Years

*   Taught raster and vector graphics, 3D modeling, and programming languages.

**Projects**

**Website of veterinary clinic ""Aibolit""**

*   Site redesign, full design cycle.
*   Analyzed the problem, created an interface prototype, developed visual style, and implemented the design into a final product.
*   Goal: Create a modern and user-friendly design to attract potential customers.

**""Coffee Time"" Mobile Application**

*   Mobile application, full design cycle.
*   Analyzed the problem, created an interface prototype, developed visual style, and implemented the design into a final product.
*   Task: Develop a mobile application for scanning and paying for goods to bypass checkout queues and attract potential customers.

**Projects of Interest:** Website Redesign, Adaptive Design, Mobile Application

**Objective**

To join a friendly, motivated team where I can be a valuable asset, develop professionally, and contribute to achieving team objectives.
"
98392,"**Summary**

*   Created a web service concept for travel within Ukraine.
*   Built two personal projects.
*   Finished an 8-month UI/UX Design program.

**Experience**

*   **UI/UX Design Student** | Online IT School | [Dates of study]
    *   Studied UI/UX design principles and their application on multiple platforms.
    *   Projects involved designing landing pages, websites, web services, and individual site components.

**Projects**

*   **Poltavski galyshki (Website Redesign)**
    *   Redesigned the website for a Poltava Dumplings cafe.
    *   Improved the website's user-friendliness and information accessibility through restructuring.
    *   Added new sections with relevant content, photos, and contact information.
*   **VISIT (Web Service Design)**
    *   Designed a full-stack web service concept for travel planning within Ukraine.
    *   Performed UX research and competitor analysis to guide design choices.
    *   Developed user-focused functionality, addressing gaps in existing solutions.
"
98393,"**Jane Doe**
[Phone Number] | [Email Address] | [LinkedIn Profile URL (Optional)] | [Portfolio URL (Optional)]

**Summary**

Results-oriented layout designer with over 10 years of experience in the publishing industry, specializing in the development of layouts for books, magazines, and posters. Possesses expertise in page design, illustration sourcing and processing, image manipulation, and print preparation. Eager to join a collaborative UI/UX Design team where skills can be utilized, and further growth is attainable.

**Experience**

*   **Layout Designer** | Various Publishing Houses | [Dates of Employment: ~2013-Present]
    *   Developed layouts for books, magazines, and posters.
    *   Performed page design, including sourcing and processing of vector illustrations and bitmap images.
    *   Created collages and prepared products for printing.

*   **UI/UX Designer** | CURSOR Education | February 2021 — July 2021
    *   UI/UX Design responsibilities.

*   **UX/UI Web and Mobile Design** | Mobios School | September 2021 — December 2021
    *   UI/UX web and mobile design.

*   **HTML Layout** | Source IT (courses) | February 2015 — April 2015
    *   Completed HTML layout course.

**Education**

*   **Faculty of Art and Graphics** | H.S. Skovoroda Kharkiv National Pedagogical University
    *   Ad Designer

**Skills**

*   UI/UX Design
*   Mobile App Design
*   Web Design
*   Wireframing
*   UX Research
*   Communication
*   Information Architecture
*   Competitor Analysis
*   SWOT Analysis
*   UX Persona
*   CJM (Customer Journey Map)
*   HTML Layout
*   Layout Design
*   Page Design
*   Illustration Sourcing & Processing
*   Image Manipulation
*   Print Preparation
*   Collage Creation
"
98394,"**[Your Name]**
[Your Phone Number] | [Your Email Address] | [Your LinkedIn Profile URL (Optional)]

**Summary**

UX/UI design candidate with a background in graphic design and a user-centered design approach. Completed Google UX Design courses on Coursera, covering UX research, wireframing, and prototyping, and developed a case study. Seeking to apply design software proficiency and a user-focused mindset to contribute to innovative projects.

**Certifications**

*   Google UX Design Professional Certificate
*   University of Alberta: Introduction to Software Product Management
*   California Institute of the Arts: Fundamentals of Graphic Design

**Awards & Recognition**

*   Diploma of the II degree of the Sixth All-Ukrainian Student Olympiad in the discipline ""Design of publishing and printing production""

**Experience**

*   **Freelance Graphic Designer** | [Dates of Employment]
    *   Created print publications and illustrations.
    *   Proficient in Adobe Photoshop and Adobe Illustrator.
"
98395,"**Summary**

Results-oriented UI/UX Designer with a strong understanding of design fundamentals, user research, wireframing, prototyping, and interaction design. Proven dedication to ongoing learning and professional growth, evidenced by the successful completion of UI/UX design courses and freelance work. Enthusiastic about contributing to meaningful projects and working collaboratively.

**Experience**

*Freelance UI/UX Designer*

*   Designed and developed original user interfaces for a range of clients.
*   Assessed client needs, performed user research, developed information architecture, conducted user experience testing, and created prototypes.
*   Engaged in iterative processes and collaborated with developers.
*   Developed a comprehensive understanding of the product development lifecycle.
*   Maintained effective communication with clients and managed project schedules.
*   Delivered creative and compelling designs that improved user experience and increased conversion rates.

**Education & Training**

*Successful Completion of UI/UX Design Courses*

*   Acquired a robust foundation in design principles, user research methods, wireframing, prototyping, and interaction design.
*   Actively participated in diverse design projects, both independently and in team settings.
*   Collaborated with fellow designers, developers, and stakeholders to deliver well-designed user interfaces and engaging user experiences.
*   Applied theoretical knowledge to practical situations, demonstrating the ability to create visually appealing and user-friendly designs.
*   Received positive feedback from instructors and peers on design work, highlighting attention to detail, creativity, and the ability to incorporate user feedback.

**Skills & Attributes**

*   Design Principles
*   User Research
*   Wireframing
*   Prototyping
*   Interaction Design
*   Collaboration
*   Communication
*   User-Centric Design
*   Continuous Learning
*   Project Management

**Aspirations**

*   Seeking a team that prioritizes user needs and expectations.
*   Dedicated to continuous improvement and professional development.
*   Focused on building effective relationships and ensuring high-quality design through collaboration and communication.
"
98396,"**[Your Name]**

**Summary**

Results-oriented UI/UX designer with eleven months of continuous development, proficient in creating engaging and user-friendly web experiences. Expertise in Figma, Photoshop, and Illustrator, with experience in Webflow and After Effects. Dedicated to achieving project goals with a creative style.

**Skills**

*   UI/UX Design
*   Figma (Components, Variants, Auto Layout, Constraints)
*   Photoshop
*   Illustrator
*   Webflow
*   After Effects

**Projects**

*   **Roofing Materials Plant Website Redesign:** Transformed an outdated multi-page site into a modern landing page.
*   **Tea Studio Landing Page:** Developed a stylized landing page designed to provide information.
*   **Board Game Online Store:** Incorporated AI elements.
*   **Multiplex Application Improvement Project:** Conducted UX research and proposed solutions.

**Experience**

*   **UI/UX Designer** (Eleven months of continuous development)
*   Developing web design skills.

**Location**

*   Ukraine
"
98397,"**Skills**

*   HTML5, CSS3 (Responsive and Adaptive Design)
*   SASS/LESS
*   Flexbox
*   GIT
*   JavaScript (Basic Knowledge)
*   React.js (Component-Based Development)
*   Bootstrap
*   Adobe Photoshop, Illustrator, InDesign
*   Procreate
*   Figma

**Experience**

*   Freelance Illustrator/Portrait Artist (Multiple Years)
    *   Managed client projects and prioritized tasks.
*   Remote 2D Character Creation for Training Videos

**Summary**

*   Demonstrates design skills and familiarity with developer workflows.
*   Focused on UI/UX design, integrating art, design, and front-end development.
*   Committed to continuous professional development.
"
98398,"**[Your Name]**

**Summary**

Results-oriented individual with a focus on user-centered design. Skilled at developing clear and intuitive user interfaces. Experienced in the design process, including research, user flows, wireframing, and prototyping.

**Skills**

*   Design
*   Figma
*   Prototyping
*   3D Modeling

**Experience**

*   Freelance
"
98399,"**[Your Name]**
[Your Phone Number] | [Your Email Address] | [Your LinkedIn Profile (Optional)] | [Your Portfolio Link (Optional)]

**Summary**

[Optional:  Add a brief, compelling summary highlighting your skills and career goals.  If you have no prior work experience, you can summarize your key skills.  Keep it concise and relevant to the jobs you are applying for.]

**Experience**

*   **Freelance Artist** | January 2019 – August 2021
    *   Created paintings, portraits, and logos.
    *   Fulfilled client specifications.
*   **Assistant Architect** | June 2022 – August 2022
    *   Developed architectural project layouts.
    *   Utilized computer software for design.
    *   Produced project plans.
*   **Translator** | Marriage Agency | April 2023 – August 2023

**Skills**

*   Painting
*   Portraiture
*   Logo Design
*   Architectural Layout Development
*   Project Planning

**Education**

*   [List your education here: Degree, University, Dates of Attendance. If you have no formal education, you may omit this section.]

**Other**

*   UI/UX Design Internship (6 months)
"
98400,"**[Your Name]**

**Summary**

*   International Exchange Program Volunteer
*   Volunteer at ""BookForum"" and ""Children BookForum""

**Experience**

*   **Freelance Graphic Designer, Hilding Company**
    *   Developed brand stories, icons, and product graphics for Amazon store.
*   **Content Creator and Photographer, Sport Clothing Shop**
*   **Photographer, Restaurant**
    *   Proficient in Figma and Adobe Photoshop.
    *   Experience with Zeplin and Webflow.
    *   Website creation experience.
"
98401,"**Jane Doe**
(123) 456-7890 | jane.doe@email.com | LinkedIn Profile URL (Optional)

**Summary**

Results-oriented Web and UI/UX Designer experienced in creating user-friendly and visually appealing online platforms and marketing materials. Demonstrated ability to collaborate within development teams and contribute to the design and testing of user interfaces.

**Experience**

**Freelance | Implants & Surgeries** | Web Designer, UI/UX Designer | 2022 – 2023

*   Collaborated with an IT company on the design of online stores, service platforms, and landing pages.
*   Contributed to UX process development.
*   Conducted manual UI/UX testing.

**Famart Group** | Web Designer, UI/UX Designer | 2021 – 2022

*   Designed a platform for the sale of goods.
*   Created website designs and advertising banners.
*   Performed photo retouching for site content.
*   Participated in UI/UX development and user flow optimization.
"
98402,"**[Your Name]**
[Your Contact Information]

**Summary**

Results-oriented Project and Product Manager with four years of experience leading and delivering successful projects, including the simultaneous management of websites and mobile application development. Proven ability to manage all stages of development. Seeking a company to further develop design skills and contribute to impactful projects.

**Experience**

**Freelance — UI/UX Designer**
*   Landing page design
*   E-commerce website design
*   Prototyping
*   Website layout on Tilda
*   Logo and corporate identity creation
*   Business card and advertising banner creation

**Netpeak Group — UI/UX Designer**
*   Designed blogs and websites for various topics
*   Designed landing pages on Tilda
*   Created logos

**Netpeak Group — Project/Product Manager**
*   Managed a team of mobile app and website developers
*   Performed product testing
*   Managed workflow: technical tasks, prototyping, design, development, testing, and production
*   Established communication channels between project stakeholders
*   Organized retrospectives, backlog grooming, and planning poker for project time estimation
*   Created prototypes
*   Utilized analytics tools (Google Analytics, AppsFlyer)
*   Conducted competitor analysis (App Annie, Alexa, Sensor Tower)

**Education**

Projector School — Design Courses (4 completed)

**Skills**

*   Project Management
*   Product Management
*   UI/UX Design
*   Prototyping
*   Web Design (Tilda)
*   E-commerce Design
*   Logo Design
*   Corporate Identity Design
*   Mobile Application Development
*   Workflow Management
*   Stakeholder Communication
*   Agile Methodologies (Retrospectives, Backlog Grooming, Planning Poker)
*   Analytics (Google Analytics, AppsFlyer)
*   Competitive Analysis (App Annie, Alexa, Sensor Tower)

**Desired Opportunities**

Seeking a company with interesting projects, opportunities for professional growth, well-organized management processes, a comfortable work environment, and a friendly team. Aspiring to join a company that prioritizes results, has clear goals and a mission, and focuses on employee and societal development through its products and values.
"
1747,"**Summary**

Results-driven entrepreneur with eight years of experience as a self-employed business owner. Proven ability to launch, manage, and successfully exit ventures, including a coffee shop chain and an export-focused 3D printing production facility.

**Skills**

*   **Business & Operations:** Prioritization, Goal Setting, Project Planning, Organization, Budget Management, Delegation, Task Monitoring, Risk Management, Team Management, Decision-Making, Time Management, Customer Needs Assessment, Consensus Building.
*   **Project Management:** SCRUM Methodologies, Agile Principles, Scrum, Kanban, Waterfall.
*   **Technical:** 3D Modeling (Blender - Junior: Modeling, UV mapping, Animation), Linux Node Operation, Game Design (Theoretical Foundations, Basic UE4 and Unity Knowledge).
*   **Soft Skills:** Critical Thinking, Communication, Coaching.
*   **Language:** English - Intermediate (B1)

**Experience**

*   **Self-Employed Entrepreneur** | [Dates: 8 years]
    *   Successfully launched and operated a coffee shop chain.
    *   Managed the sale of the coffee shop chain.
    *   Established and operated an export-oriented 3D printing production facility.
"
1784,"**Summary**

A multifaceted professional with experience spanning creative and marketing fields. Proficient in 3D art, graphic design, and video production, with additional experience in digital marketing and event management. Proven ability to succeed in adaptable environments and a dedication to ongoing professional development.

**Experience**

*   **3D Artist:** Produced detailed 3D models and animations.
*   **Graphic Designer:** Designed visual assets for diverse projects.
*   **Videographer/Video Producer:** Filmed and edited videos, creating visual stories.
*   **Digital Marketing:** Planned and implemented marketing campaigns, using digital marketing tools to increase engagement, improve brand visibility, and generate leads.
*   **Event Organizer:** Organized a music art festival in Azerbaijan, highlighting local music. Assisted with the promotion of the DokuBaku International Documentary Film Festival.
*   **Start-up Experience:** Acquired experience working with start-ups, cultivating an entrepreneurial approach and adjusting to quick-changing settings.

**Skills**

*   3D Art
*   Graphic Design
*   Video Production
*   Digital Marketing
*   Event Organization
*   Start-up Experience
"
2476,"**Summary**

Client Success Manager with experience fostering the health and growth of large, US-based enterprise accounts. Proven ability to manage multiple accounts concurrently, collaborating with dedicated engineering teams to achieve client success and drive account expansion.

**Experience**

*   **Client Success Manager**

    *   Managed all aspects of client relationships, including account health and growth, for multiple enterprise-level accounts.
    *   Developed and implemented strategies and processes to drive account and team growth.
    *   Mentored and inspired team members, fostering their professional development.
    *   Managed accounts with diverse engagement models.
    *   Analyzed client business needs, providing roadmap assistance to achieve strategic goals.
    *   Participated in the opportunity lifecycle, including proposal and SOW development.
    *   Expanded partnerships with existing clients.
    *   Delivered executive-level reporting and business reviews.
    *   Performed project scope analysis and managed risks and issues.
    *   Provided team management and coaching.
    *   Demonstrated knowledge of software development methodologies and the software development lifecycle.

**Skills**

*   Client Relationship Management
*   Strategic Planning
*   Business Development
*   Project Management
*   Team Leadership
*   Communication & Interpersonal Skills
*   Software Development Methodologies
*   IT Background
*   Platform Experience: Salesforce, IBM Websphere, Magento
"
2515,"**Summary**

Results-oriented professional with experience in customer relations, project coordination, and sales, pursuing project management opportunities. Skilled in troubleshooting, client communication, and utilizing project management and business software.

**Skills**

*   Customer Relationship Management
*   Troubleshooting
*   Project Coordination
*   Client Communication
*   Sales
*   Retention
*   Documentation (Agreements, Contracts, Invoices)
*   Zoho
*   Jira
*   Confluence
*   SAP
*   1C

**Experience**

*   **Key Responsibilities (across multiple projects):**
    *   Developed and maintained strong customer relationships.
    *   Effectively resolved customer issues.
    *   Coordinated projects related to client platform integration and service interaction.
    *   Facilitated communication with development teams.
    *   Managed sales and retention initiatives.
    *   Managed sales documentation, including agreements, contracts, and invoices.
"
2517,"**Summary**

Results-focused professional with experience in project management and client relations, skilled at managing multiple projects concurrently. Demonstrated ability to understand client needs, offer solutions through upselling and cross-selling, and foster enduring customer relationships.

**Experience**

*   Oversaw work processes, timelines, and deliverables for up to 15 simultaneous projects.
*   Provided stakeholders with regular project progress updates and risk assessments.
*   Effectively upsold and cross-sold solutions by identifying client needs.
*   Cultivated and maintained long-term client relationships.
*   Managed inbound inquiries and proactively contacted potential clients.
*   Delivered presentations, guided sales cycles to completion, and prepared agreements.
"
2529,"**[Your Name]**

**Summary**

Results-oriented individual seeking opportunities for professional growth and advancement. Focused on a structured approach to achieve goals.

**Experience**

*   Experience in various roles emphasizing communication, collaboration, and project management.
*   Career interests within communication, teamwork, and project management.

**Skills**

*   Teamwork
*   Communication
*   Project Management
*   Relationship Management
*   Strategic Planning

**Approach**

Dedicated to establishing respectful and transparent relationships to achieve positive results.

**Contact**

[Your preferred contact information: Phone number, email address, and/or LinkedIn profile URL]
"
2538,"**[Your Name]**
[Your Phone Number] | [Your Email Address] | [Your LinkedIn Profile URL (Optional)]

**Summary**

Results-driven recent graduate with experience in market research, supplier negotiation, cost-saving initiatives, and supply chain activities. Demonstrated critical thinking and composure in demanding situations. Seeking challenging opportunities.

**Experience**

*   **Supply Chain & E-commerce Projects** | [Company Name (If Applicable)] | [Dates of Employment]

    *   Managed re-import processes, contributing to minimized tax liabilities.
    *   Initiated logistics improvements, supporting company cost savings.
    *   Negotiated with Asian suppliers, improving product quality.
    *   Led the closure of the eBay expansion project.
    *   Managed various Amazon projects, including market expansion, legal document preparation, EU organization registration, product quality improvement, supply chain optimization, and strategic planning.
    *   Successfully managed multifaceted projects requiring new knowledge acquisition and strategic planning.

**Skills**

*   Market Research
*   Supplier Negotiation
*   Cost-Saving Plan Implementation
*   Supply Chain Management
*   E-commerce Operations (Amazon, eBay)
*   Critical Thinking
*   Problem Solving
*   Project Management
*   Strategic Planning
*   Logistics
*   Legal Document Preparation
"
2551,"**Summary**

Results-oriented professional with a comprehensive understanding of business-specific features and the Software Development Life Cycle (SDLC). Possesses in-depth knowledge of Data Privacy, Intellectual Property, Commercial and Contract Law. Proven managerial and recruitment experience, coupled with developed organizational skills, including meticulous attention to detail and the ability to multitask effectively. Demonstrated capability in building strong team relationships and collaborating with international companies and customers. Seeking an Account Manager role.

**Experience**

*   **Project Manager Assistant, Vayosoft Team**
    *   Managed Contracts, RFPs, and RFIs.
    *   Collaborated with procurement, participating in negotiations with suppliers and evaluating contractors.
    *   Organized team meetings, follow-ups, action lists, and prepared reports and presentations for upper management.
    *   Participated in the creation of new projects from inception through MVP to the improvement of working applications.

*   **Legal Counsel, Benish Group**
    *   Addressed corporate policy matters and analyzed and minimized legal risks, providing recommendations.
    *   Collaborated with internal and external teams (developers, analysts, marketing managers, and leadership) to reduce legal risks.
    *   Communicated with customers, business partners, and service providers from various jurisdictions.
    *   Prepared Rules for the provision of services (offers), Privacy Policies, and Terms of Use for Applications under GDPR rules.
    *   Participated in product development and optimized business processes across the group of companies.
    *   Implemented legal compliance in areas including personal data protection, intellectual property, PR and marketing, sales, payments, and consumer rights.
    *   Organized and maintained contractual activities, including legal expertise and drafting of contract texts according to local legislation and company standards.

**Skills**

*   SDLC
*   Data Privacy
*   Intellectual Property
*   Commercial Law
*   Contract Law
*   Managerial Methodologies
*   Contract Management
*   Legal Compliance
*   Multitasking
*   Teamwork
*   International Communication
"
2553,"**Summary**

Adept at business management and the IT industry, with experience in various project environments. Seeking a Project Management role to utilize acquired knowledge.

**Experience**

*   **Project Manager (Outstaff Projects)**

    *   Managed projects, providing leadership and fostering team motivation.
    *   Conducted performance reviews and monitored sprint processes.
    *   Recruited and onboarded new employees, including interviewing.
    *   Managed client relationships, including negotiation and conflict resolution.
    *   Prepared company presentations and estimation documents.
    *   Communicated with partner companies.
    *   Provided customer support throughout project lifecycles.
    *   Sourced outstaff projects.
    *   Prepared documentation for outstaff deals.

*   **Business Development Manager**

**Skills**

*   People Management
*   Leadership
*   Motivation
*   Recruitment
*   Account Management
*   Negotiation
*   Conflict Resolution
*   Client Communication
*   Documentation
*   Project Estimation

**Objective**

To obtain a Project Manager position within an outsource company, specializing in B2B projects with international clients.
"
2554,"**Jane Doe**

*Summary*

Results-oriented professional with four years of experience in B2B international communication and sales, seeking an account or junior project management role within the development and design field. Demonstrates exceptional oral and written presentation abilities, team-building capabilities, and a history of successful teamwork. Driven to contribute to a creative and focused team, leveraging and expanding skills in business solutions, web & mobile UI/UX, prototyping, and cross-cultural communication.

*Skills*

*   B2B International Communication (4 years)
*   Sales Experience (4 years)
*   Account Management
*   Oral and Written Presentation Skills
*   Team Building
*   Public Speaking
*   Communication Skills
*   Management Skills
*   Problem-Solving Skills
*   Web & Mobile UI/UX Design (Basic)
*   Prototyping (Basic)
*   Agile Methodologies (SDLC)
*   Business Analytics
*   Cross-Cultural Communication

*Education*

*   Master's Degree in Foreign Economics

*Certifications*

*   Business Analytics Course Completion
*   Web & Mobile UI/UX Design Course Completion

*Tools*

*   CRM
*   Google Docs
*   Figma
*   Axure RP
*   Coggle
*   Adobe Ps
*   Canva
*   Trello
*   Slack

*Experience*

*   4 Years B2B International Communication & Sales (Account Management)
"
2555,"**[Your Name]**
[Your Contact Information: Phone Number, Email, LinkedIn Profile URL (Optional)]

**Summary**

Results-oriented professional with extensive experience in sales, customer support, and project management, particularly within international and technology-focused sectors. Skilled in leveraging CRM and project management tools. Seeking a position that provides financial security, opportunities for advancement, and a positive work environment.

**Experience**

*   **Sales Assistant**
    *   International Companies, Chemical Raw Materials Distribution
    *   5 years

*   **Customer Support/Account Manager & Support Team Lead**
    *   EdTech Company (Western Market: Western Europe and USA)
    *   5 years

*   **EdTech Project Manager**
    *   Secondary and Higher Education (Western Market)
    *   1 year
    *   Responsibilities included lead generation, outbound sales, and support.

**Skills**

*   Proficient in: IBS, SAP, Zoho, Confluence, Jira, Kommo CRM, Canva
*   Working knowledge of programming concepts (Java)

**Desired Attributes**

*   Income Stability
*   Professional Growth
*   Healthy Work Environment
"
2556,"**Account Manager**

*   Communicated with clients through various channels, including email and phone calls.
*   Participated in product demonstrations and application testing.
*   Created and maintained company profiles within the application.
*   Provided client support, addressing questions and inquiries.
*   Increased client engagement and facilitated effective product utilization.
*   Developed website content, including blogs and tutorials. Examples available upon request.

**Sales Support Agent**

*   Conducted market investigation and research within the Ukrainian and Russian markets.
*   Assisted a British company in expanding to the Eastern European market.
*   Engaged in communication with business owners and representatives.
*   Performed B2B sales activities.
*   Prepared and submitted reports.

**Customer Support Agent**

*   Resolved customer service issues for a large customer base.
*   Communicated with customers in the USA, Canada, and Great Britain via telephone and email.
*   Provided solutions to customer service issues.
*   Managed customer profile and subscription adjustments.
*   Processed refunds.
*   Ensured customer satisfaction.
*   Utilized CRM systems.
*   Conducted quality assurance by analyzing calls from the outsource company.
*   Corrected system errors.
*   Followed up with customers to ensure satisfaction.
*   Prepared and submitted reports.
"
2577,"**[Your Name]**
[Your Contact Information]

**Summary**

Results-oriented professional experienced in project coordination, e-commerce management, and talent acquisition. Demonstrated ability to optimize workflows, manage databases, and deliver high-quality results.

**Experience**

**Project Coordinator** | Upwork Premium Services Team
*   Measured service efficiency through analysis and reporting.
*   Provided administrative support for the program.
*   Imported and maintained lead data in Salesforce.
*   Monitored and reported team activity on overdue tasks/tickets.
*   Handled escalations from internal teams.
*   Revised and improved existing processes.

**Online Store Project Manager** (Remote)
*   Optimized workflow through customer service and task management.
*   Managed backend admin panel.
*   Managed hosting infrastructure.
*   Managed dispatch.
*   Resolved support tickets.

**Talent Agent Admin & Talent Specialist**
*   Sourced talent for Upwork internal teams and clients.
*   Conducted video interviews with Upwork freelancers.
*   Created and handled Jira tickets.
*   Optimized operations to improve efficiency and quality.
*   Created, maintained, and improved SOP documentation.

**Magento E-Commerce Project Manager**
*   Created and assigned tasks to the development team, improving UI optimization.
*   Collaborated with the SEO and marketing team.
*   Conducted performance review meetings.
*   Established cooperation with manufacturers/suppliers worldwide and set them up as vendors.
*   Managed stock, configured payment, shipping methods, and shipping rates in Magento.
*   Managed orders, dispatch, and refunds.
*   Handled customer inquiries and resolved complaints.
"
2582,"**[Your Name]**
[Your Contact Information]

**Summary**

Highly motivated individual with a PhD in Economics (Candidate of Economic Sciences), possessing experience in project management, program development, and client relations. Proven ability to analyze complex information, develop strategic plans, and drive successful outcomes. Passionate about contributing to organizations with a meaningful mission and creating positive impact.

**Education**

*   **PhD in Economics (Candidate of Economic Sciences)**, 2018

**Skills**

*   Project Management
*   Program Development
*   Client Relations
*   CRM Systems
*   Marketing
*   Analysis & Interpretation
*   Communication (Written & Verbal)
*   Website Administration
*   LMS (Learning Management System)
*   Budgeting

**Professional Experience**

*   **Project Manager**, Ukrainian Social Academy, July 2019 – March 2020
    *   Conducted competitor analysis, product analysis, and promotion analysis.
    *   Formulated interview questions, conducted in-depth interviews, and analyzed results.
    *   Developed client profiles (Target Audience), segmentation, and identified needs and value propositions.
    *   Created product concepts (educational program): structure, objectives, topics, outcomes, and expert involvement.
    *   Defined requirements for experts (lecturers), analyzed proposals, and negotiated program updates.
    *   Developed and coordinated the product promotion plan.
    *   Drafted Facebook posts.
    *   Created a provisional budget for the product.
    *   Communicated with clients, defined and analyzed their needs.
    *   Tested the company website.
*   **Project Manager**, EdEra, April 2019 - May 2019
*   **Account & Project Manager**, Kyiv-Mohyla Business School [kmbs], May 2016 - July 2018
    *   Managed Executive Development Programs (the Projects) from scheduling and promotion to retrospective and improvement suggestions.
    *   Managed multiple projects simultaneously.
    *   Identified client expectations, needs, and goals, providing advice.
    *   Managed client relationships, delivering excellent service and support.
    *   Coordinated with Marketing and Finance departments.
    *   Developed marketing plans for the Programs.
    *   Represented the school at external events for business development and client communication.
    *   Collected client feedback for product improvement and client advising.
    *   Suggested Program improvements and provided program results retrospectives to senior staff.
    *   Coached new team members on processes.
    *   Coordinated and prepared promotional materials and mailings.
    *   Administered the company website.
    *   Worked with CRM & analytics, and contributed to CRM system development.
    *   Worked with LMS (Learning Management System).

**Key Achievements at Kyiv-Mohyla Business School [kmbs]**

*   Suggested improvements to the medium-term program logic, enabling participants to implement changes in their businesses more easily, leading to a better understanding of the content.
*   Selected to the team implementing the new CRM system, responsible for testing, bug reporting, and interface design based on departmental processes and needs.
*   Appointed to the commission evaluating participants’ graduation projects on the medium-term program.

**Additional Skills & Experience**

*   IELTS Academic Test Score: 7.0 (2011, 2014)
*   Participant of the Internship Program at the Presidential Administration of Ukraine (USAID Rada Program and Interns' League)
*   Completed online courses at Coursera: “An Introduction to Marketing”; “Critical Perspectives on Management”; “Critical Thinking in Global Challenges”; “A Beginner's Guide to Irrational Behavior”; “Games without Chance: Combinatorial Game Theory”; “Fundamentals of Global Energy Business”.
"
2583,"**Genesis - Sendios.io**

*   Directed the restructuring of the client task management process for team-wide implementation.

**Coreteka**

*   Spearheaded the launch of the refreshed company website in a Product Management capacity.

**BitMedia - Sales and Account Manager**

*   Increased advertiser cost across the network by 20%.
*   Oversaw the implementation of the Pipedrive CRM system.

**MGID - User Acquisition Manager**

*   Consistently acquired twice the number of clients compared to peers for a period of three months.
*   Provided team training through presentations and knowledge sharing.

**Summary**

Results-oriented account and digital marketing professional with over four years of experience in B2B/B2C, focused on AdTech and Crypto products. Proficient in email marketing, communications, and digital marketing project management. Thrives in dynamic environments, collaborative teams, and demanding assignments. Aiming to leverage expertise in user retention or product development.

**Current Role**

Account Project Manager at Genesis, working on the Sendios.io project.

**Career Goals**

Project Manager or Retention Manager.
"
2584,"**Summary**

Highly organized and results-oriented professional with extensive experience in project management and digital marketing. Proven ability to manage multiple projects simultaneously while adhering to budget and scope. Adept at all aspects of project management, including planning, budget management, and client communication. Demonstrated success in training and mentoring, and a strong understanding of business principles.

**Experience**

*   **Lead Account Executive**

    *   Established and developed strong partnerships and collaborations to advance company strategic priorities.
    *   Developed techniques to attract prospective customers and retain existing clients.
    *   Conducted market research and analysis to inform detailed business plans for sales opportunities.
*   **Middle Project Manager**

    *   Coordinated and managed multi-functional project teams to ensure successful marketing campaigns.
    *   Oversaw strategic goals and tactical decisions through weekly cross-functional meetings.
    *   Mentored Junior Project Managers.
*   **Project Management Expertise**

    *   Managed 143 projects with a total budget of $310,000.
    *   Utilized project management tools including Teamwork, Asana, and Notion.
    *   Created and conducted training on negotiation techniques and troubleshooting for company employees.
    *   Mentored project managers, advancing one to a middle level position.
    *   Proactive self-starter with a strong understanding of business principles.
    *   Extensive experience in building, maintaining, and running digital marketing campaigns.
    *   Experienced in working directly with clients to ensure project goals are met within scope and budget.
"
2585,"**[Your Name]**

**Summary**

Results-driven professional with experience in project management, marketing, and sales. Demonstrated ability to manage successful projects and drive revenue growth in competitive markets. Expertise in business processes within Marketing, Sales, and IT.

**Education**

*   International Master's Degree, Germany, ""Very Good"" grade
*   Multilingual Certification: German/English
*   Bachelor's Degree, Germany

**Professional Experience**

*   **Head of Business Development Department**
    *   Led a team of sales and account managers.
    *   Achieved a 50% increase in revenue growth within the market.
    *   Oversaw a significant integration project with a third-party software provider specializing in European ECM solutions.

**Skills**

*   Agile/Scrum Methodologies
*   International Team Leadership
*   Online Marketing Strategies
*   Project Management (Agile, Lean)

**Professional Interests**

*   Seeking opportunities for advancement within a reputable organization.
*   Desire for collaboration with skilled and collaborative team members.
*   Interest in travel and professional development opportunities.
*   Committed to ongoing development of technical skills and a strong interest in emerging information technologies.
"
2586,"**Summary**

Results-oriented professional with 7 years of experience in client service and project management, encompassing media planning, account management, and team leadership. Demonstrated ability to coordinate projects, manage client relationships, and drive successful marketing initiatives.

**Experience**

**Account Project Manager**
Media Agency Vizeum (Dentsu) - (1.6 years)

*   Coordinated interactions between the agency and clients throughout project development, approval, and implementation.
*   Provided daily communication and client service to local and global client teams.
*   Managed complex client relationships within the media landscape, including planning media strategies across TV (including TV Sponsorships), Out-of-Home, Radio, and Digital channels.

**Senior Account Manager**
Marketing Services Agency Adsapience – (3.1 years)

*   Managed accounts, including developing brand/product promotion concepts, building operational process structures, providing daily customer support, and preparing project budgets.
*   Managed IT projects, coordinating web development teams for websites and app development, and overseeing national teleconferences.
*   Managed operations, including continuous communication with 4-5 cross-functional teams and participation in all procedural processes.
*   Led teams, including managing mass BTL, B2B, and B2C events, partner integrations, coordinating teams of 20+ people, and training and quality control of middle managers.
*   Provided customer support, including coordinating the implementation of services for clients and resolving issues.

**Account Manager**
Marketing Agency TMA Ukraine – (1.9 years)

*   Developed and integrated marketing promotions for a shopping and entertainment center in Kyiv.
*   Managed 318 projects with daily attendance of up to 55,000 people.
*   Coordinated various trade-marketing projects, managing all processes.
"
2587,"**[Your Name]**
[Your Contact Information]

**Summary**

Account and project management professional experienced in the European SaaS sector, specializing in supply chain mapping and risk assessment software. Proven ability to advise international clients, manage projects, and ensure client satisfaction.

**Experience**

*   **[Company Name]** (Dutch SaaS Company)
    *   Account and Project Manager
        *   Managed client accounts and projects.
        *   Advised international clients on software solutions and market trends.
        *   Prepared budgets.
        *   Coordinated IT team activities.
        *   Served as primary contact for client inquiries and issue resolution.
        *   Responsible for client satisfaction.
*   **Target Market:** Europe
*   **Supply Management:** Worldwide

**Skills**

*   Supply Chain Software
*   Team Leadership
*   MS Office Suite
*   Tableau
"
2588,"**[Your Name]**
**Account Manager**

**ProfiAds (Advertising & Event Agency)** | June 2015 – Present

**Summary**

Managed advertising and event projects in shopping centers throughout Ukraine.

**Key Responsibilities**

*   Handled project documentation, encompassing client negotiations, contract completion, and communication with clients and shopping center administration.
*   Supervised project budgets.
*   Organized on-site meetings, placement agreements, and launch supervision in diverse locations.
*   Facilitated team collaboration, including communication with designers for layout development and client approval.
*   Developed advertising placements, including print layout creation, contractor selection, installation coordination, logistical problem-solving (import/export), securing necessary permissions, and overseeing installation and dismantling.

**Projects**

*   Launched projects in shopping centers for brands including Vodafone, Davidoff, Mary Kay, Glo, Lays, OPPO, Vitto Rossi, Fellini, and Vivo.
"
2589,"**[Your Name]**

**Summary**

Result-oriented Account Manager/Project Manager with 5+ years of experience in product and outsource companies. Proven ability to manage multiple projects concurrently. Possesses strong written, oral, and interpersonal communication skills. Organized, diligent, and stress-resistant. Successfully launched 19 commercial projects.

**Experience**

*   **Account Manager/Project Manager**

    *   Managed internal delivery teams to ensure successful project delivery.
    *   Facilitated Scrum events across multiple teams.
    *   Planned and managed both internal and external project communications.
    *   Oversaw staffing processes.
    *   Managed project, financial, and invoicing documentation and processes.
    *   Provided estimations for software implementation, including goals, cost, scope of work, and efficiency.
    *   Planned software development processes and monitored the execution of software development plans.
    *   Managed teams; built effective and collaborative project teams and fostered effective individual and team performance.

**Skills**

*   Project Management
*   Scrum
*   Communication (Written, Oral, Interpersonal)
*   Team Leadership
*   Documentation
*   Financial Management
*   Software Development Planning
*   Estimation
*   Stress Management

**Professional Interests**

Seeking a company with a strong team spirit to continue developing experience and skills.
"
2590,"**[Your Name]**

**Summary**

Sales Account Manager with 4+ years of experience building and maintaining strong customer relationships. Demonstrated ability to understand customer needs and facilitate communication between clients and development teams. Seeking career advancement in Account/Project Management.

**Experience**

**Sales Account Manager** | [Company Name] | [Dates of Employment]

*   Developed and maintained customer relationships.
*   Oversaw the sales cycle, from lead processing through account management.
*   Identified customer needs and developed customized solutions.
*   Prepared project quotes based on gathered project requirements.
*   Negotiated and closed sales agreements.
*   Managed accounts following project launches.
*   Facilitated meetings with prospects, customers, and internal teams.
*   Processed invoices.

**Skills**

*   Customer Relationship Management
*   Sales Cycle Management
*   Needs Analysis
*   Project Quoting
*   Negotiation
*   Account Management
*   Meeting Facilitation
*   Invoicing
*   Communication (Written and Verbal)
"
2591,"**Summary**

Accomplished professional with 1.5 years of experience in account and project management. Skilled in communication and interpersonal relations, fostering collaboration with teams and clients. Experienced in contract and agreement development, budget planning, and website testing. Demonstrated ability to prioritize tasks, manage multiple projects simultaneously, and produce accurate, reliable work. Dedicated to quality and continuous improvement through results assessment and analysis.

**Skills**

*   Account Management
*   Project Management
*   Communication
*   Interpersonal Skills
*   Contract Creation
*   Budget Preparation
*   Website Testing
*   Task Prioritization
*   Multi-Project Management
*   Results Evaluation
*   Problem Analysis
"
2592,"**Summary**

Results-oriented professional with a proven track record of success in account management, project coordination, and sales. Demonstrated ability to drive revenue growth, build strong relationships, and lead teams. Passionate about personal and professional development, with a commitment to fostering a positive and collaborative work environment.

**Experience**

**Key Account Manager** | Glovo | [City, Country]

*   Managed partner relationships end-to-end, including P&L tracking, product integrations, co-marketing efforts, and operational excellence.
*   Drove partner revenue growth by selling in-app instruments and promotional campaigns, generating 4,000 euros monthly.
*   Delivered campaign execution, optimization, and analysis across multiple clients.
*   Analyzed partner KPIs, ensuring month-over-month growth and performance metric reporting.
*   Gathered partner feedback and translated it into product, marketing, and operations improvements.
*   Served as the primary point of contact between Glovo departments and partners.

**Account Manager** | [International Company Name] | [Region]

*   Managed a team of 10 individuals as the sole Account Manager for the region.
*   Sold B2B functionalities, exceeding 4,000 euros in sales.
*   Doubled revenue for top 10 partners within 2-3 months.

**Project Coordinator/ Founder** | [Project Name] | [City, Country]

*   Developed and managed a project focused on business fundamentals for students, facilitating university entry with discounts.
*   Managed technical and administrative teams of 60 people.
*   Managed inbound and outbound leads.
*   Conducted training for coordinators in Bishkek and the surrounding region.
*   Mentored and prepared teams for project participation.
*   Defined and maintained the project's vision and scope.

**Key Customer Manager** | [Vendor Name] | Dubai

*   Promoted vendor products and increased sales.
*   Designed and implemented a strategic sales plan.
*   Served as the lead point of contact for all customer account matters.
*   Built and maintained long-lasting customer relationships.
*   Tested hypotheses to improve customer relationships.
*   Negotiated contracts and closed agreements with new leads.
*   Onboarded new customers (initial meetings, training).
*   Created vendor showcases on the website's backend panel.

**Assets Sales Manager** | [Company Name] | [City, Country]

*   Sold assets worth more than $20,000 in 3 months.
*   Maintained updated and focused product and sales materials for presentations, conferences, and opportunities.
*   Prepared a franchise for sale.
*   Performed financial reporting.

**Education**

*   Study US Institutions program for Women Leaders, [Year]
    *   Selected among 200 candidates in the USA to present [Country], [Year]

**Awards & Recognition**

*   Winner, International Case Championship, Almaty, 2018
*   Publication in a popular local internet resource
"
2594,"**Summary**

Results-oriented professional with 10+ years of successful account and project management experience, including sales for B2B and B2C environments. Proven ability to build strong client relationships, drive revenue growth, and lead high-performing teams. Seeking opportunities to leverage expertise as an Event Manager, Account Manager, or Project Manager.

**Experience**

*   **Event Sales Manager** | Hotel and Restaurant Complex
    *   Successfully sold and implemented 300+ projects.
    *   Achieved upsells up to 200% from primary cost.
    *   Cultivated long-term client relationships, managing 2-8 projects with consistently positive feedback.
    *   Recruited, trained, and managed a team of 8 individuals.
    *   Engaged 20+ partners for startup initiatives.
*   **Account Manager (BTL)**
    *   Selected and trained personnel, exceeding expected results by 30%.

**Skills**

*   Team Leadership: Hire, train, motivate, and manage efficient teams.
*   Project Management: Developed startup from inception.
*   Marketing Expertise
*   Sales & Negotiation: Strong negotiator.
*   Client Relationship Management
*   Event Coordination

**Experience Summary**

*   Event Sales Management (hotel and restaurant complex)
*   Account Management and Event Coordination
"
2595,"**[Your Name]**

**Summary**

Results-driven professional with experience in global sales and business development, skilled in managing key international accounts. Demonstrates strong communication and analytical abilities, with a dedication to ongoing self-improvement. Seeking an Account Management position.

**Experience**

*   **Global Account Management** (2 years)
*   **Head of Sales Department** (1.5 years)
*   **Sales Manager** (2 years)

**Skills**

*   International Sales
*   Business Development
*   Key Account Management
*   Communication
*   Analytical Skills
"
2597,"**Summary**

Results-oriented Product Manager with experience opening new sales directions. Proven ability to manage projects and teams, adept at Scrum methodologies, and skilled in various industries.

**Experience**

Senior Project Manager, Scrum Master, Business Analyst, some Product Management responsibilities
September 2022 – August 2023

*   Mentored and coached teams on Agile ceremonies, practices, roles, and artifacts.
*   Facilitated and adapted Scrum ceremonies to team needs, ensuring adherence to Scrum values.
*   Focused teams on priorities and achieving Sprint and product goals.
*   Identified customer needs, defined a vision, and aligned stakeholders.
*   Prioritized product features and capabilities.
*   Established and monitored timelines for product launches.

Areas of Competence:
*   Product Backlog Management
*   Annual Planning and OKR Methodology
*   People Management and Coordination
*   Critical Issue Resolution and Prioritization
*   Project Progress and Metrics Reporting

Senior Project Manager, Scrum Master
August 2019 – August 2022

*   Managed web, desktop, and mobile application development processes.
*   Managed multiple projects concurrently.
*   Managed project issues and risks.
*   Facilitated and adapted Scrum events to team needs, ensuring adherence to Scrum values.
*   Monitored progress to deliver milestones according to demo plans.
*   Focused teams on priorities and achieving sprint and product goals.
*   Conducted One-on-One meetings with team members.
*   Supported the team in emerging issues, reacting immediately when needed.

Areas of Competence:
*   Project Management
*   People Management and Coordination
*   Management of Co-located and Distributed Teams
*   Product Backlog Management and Planning Iterations

Appus Studio, Kharkov, Ukraine
Team Lead Project Manager
May 2019 – August 2019

*   Assisted in project development, including implementing complex tasks and eliminating critical errors.
*   Set clear goals and priorities.
*   Provided technical advice to company employees.
*   Participated in customer calls and meetings.
*   Participated in employee adaptation and motivation within the department.
*   Participated in interviews at the request of the personnel manager.
*   Selected technologies for project development and planned project architecture.

**Skills**

*   Product Management
*   Project Management
*   Scrum Master
*   Agile Methodologies
*   People Management
*   Product Backlog Management
*   OKR Methodology
*   Stakeholder Management
*   Risk Management
*   Issue Resolution

**Additional**

*   Speaker at A-Level School (April 2019 – Present)
*   Digital Drawing
"
2645,"**Project Management & Training**

*   Led the development of a new project workspace within Monday CRM, streamlining daily team updates.
*   Provided mentorship and training to five interns, supporting their successful integration and performance.
*   Designed and launched an external e-learning course on grant writing using the LearnWorlds.com platform.
*   Project Manager experience within non-profit organizations.

**CRM & Reporting**

*   Transferred existing business spreadsheets to Monday CRM, improving data management and workflow efficiency.
*   Managed the integration and training process for team members adopting the new CRM system.
*   Produced monthly and quarterly reports for clients, highlighting key performance indicators and achievements.
*   Established a standardized reporting process, leading to enhanced client satisfaction and retention.
*   E-Learning Course Development expertise.
*   Created an external e-learning course on grant writing from inception, utilizing the LearnWorlds.com platform.

**Underwriting Management**

*   Assessed application packages from clients and ISOs, reviewing over 600 applications and providing feedback.
*   Analyzed statistical data using specialized computer programs (e.g., Jarvis CRM).
*   Processed and onboarded approved merchant applications into the system, completing 95 applications.
*   Maintained consistent communication with new and existing clients.

**Account Management**

*   Compiled application packages using client-provided documentation.
*   Submitted application packages to banks and maintained communication with bank representatives to monitor account status.
*   Trained new employees on company customer management policies.
*   Maintained and updated CRM workflows.
"
2654,"**[Your Name]**
[Your Phone Number] | [Your Email Address] | [Your LinkedIn Profile URL (Optional)]

**Summary**

Account Manager experienced in building and maintaining customer relationships, resolving issues, and contributing to revenue growth. Skilled in managing accounts, understanding customer needs, and ensuring solution delivery. Experienced in sales, logistics, and database management.

**Experience**

**Account Manager** | Sparkybit | Germany | 07/2022 – Present

*   Build and maintain strong customer relationships.
*   Resolve complaints and prevent issues.
*   Conduct client satisfaction surveys and reviews.
*   Engage in customer meetings to positively impact client loyalty and revenue growth.
*   Manage existing accounts, solving business and technical issues in collaboration with the team.

**Account Manager** | DevPals AB | Sweden | 01/2022 – 06/2022

*   Communicate with clients, ensuring customer success and satisfaction.
*   Develop trusted advisor relationships with key accounts.
*   Assist with challenging client requests or issue escalations.
*   Ensure the timely and successful delivery of solutions according to customer needs.
*   Assist in lead generation on Upwork.

**Business Sales Manager** | North-wine | Denmark | 11/2017 – 09/2021

*   Search for new key customers.
*   Contact potential clients to introduce our website.
*   Assist in controlling the product range and its display on the website.
*   Correspond with existing customers to determine their needs and find suitable products.
*   Assist in working on a database of the products, pricing management, and wine market monitoring.

**Head of Logistics** | Gold.ua | Ukraine | 10/2016 – 11/2017

*   Control delivery at all stages, as well as control receivables across all company branches.
*   File complaints to obtain compensation when orders were lost or damaged.
*   Resolve disputes with customers regarding timely delivery issues.
"
2655,"**Summary**

Results-driven professional with experience in project management, business operations, and human resources. Demonstrated ability to manage projects, analyze data, and build strong relationships. Skilled in MS Office, Excel, Google Workspace, and accounting software.

**Experience**

**Project Manager** | February 2021 – Present
IT Startup, Online Web Service
*   Planned and controlled task execution.
*   Managed project scope, schedule, and budget.
*   Provided management with statistical and detailed information to evaluate project effectiveness.
*   Facilitated team delivery to the product owner.

**Director** | 2020 – January 2021
OOO Interlagos, Hotels / Restaurants / Entertainment complexes
*   Analyzed, developed, and implemented plans aligned with goals and objectives.
*   Developed and monitored business processes for production, including continuous reporting and competitor analysis.

**HR Manager** | April 2016 – May 2019
PrAT Hotel Salut, Hotels / Restaurants / Entertainment complexes
*   Recruited and attracted new staff.
*   Managed personnel records, including registration, transfers, dismissals, and work book administration.
*   Utilized 1C 8.3.
"
2656,"**Summary**

Results-driven professional with experience in media buying, team management, and sales. Demonstrated ability to lead teams, manage projects, and contribute to revenue generation. Expertise in high-risk verticals, including Gambling and Betting.

**Experience**

**Sales / Account Manager**
PAYADMIT | March 2022 - Present

*   Generated leads and initiated client contact.
*   Sold payment solutions.
*   Provided client support, including dispute resolution.
*   Prepared and delivered client proposals.

**Account Manager (Media Buying)**
ACIDBRO | January 2021 - March 2022

*   Managed and configured advertising accounts.
*   Executed advertising campaigns in high-risk verticals.
*   Provided technical support (server/proxy procurement, hosting, app deployment, account farming).

**Additional Experience**

**Head of Department** | Media Buying

*   Managed a team of four, providing resources for advertising specialists.
*   Held the position for approximately four months.

**Project Lead** | News Project

*   Managed all aspects of a news project, including planning, recruitment, interviews, quality control, payroll, and bonuses.
*   Led a team of 8-10 employees.
*   Successfully completed the project within a three-month timeframe.
"
2657,"**[Your Name]**
[Your Contact Information]

**Summary**

Results-oriented professional with experience in software testing and front-end web development. Skilled in analyzing specifications, executing tests, and developing web applications using HTML, CSS, JavaScript, and libraries like jQuery and React. Familiar with agile methodologies, project management tools, and the creation of technical documentation. Proficient in developing Gantt charts, roadmaps, and mockups, as well as handling invoicing and negotiations. Fluent in English and prepared for interviews.

**Skills**

*   Software Testing
*   HTML
*   CSS
*   JavaScript
*   jQuery
*   React
*   Application Development
*   Agile Methodologies
*   Project Management Tools
*   Technical Documentation
*   Gantt Charts
*   Roadmaps
*   Mockups
*   Invoicing
*   Negotiations
*   English (Fluent)
"
2658,"**[Your Name]**
[Your Phone Number] | [Your Email] | [Your LinkedIn Profile (Optional)]

**Summary**

Project and account manager skilled in coordinating and executing projects across various media, including TVC, OOH, video production, and digital campaigns. Experienced in managing budgets, vendor relations, and internal teams to deliver projects on schedule and within budget. Proficient in building and maintaining client relationships and providing detailed reporting.

**Experience**

**McCann Kyiv** | Kyiv, Ukraine
**Senior Account/Project Manager** | [Dates of Employment]

*   Managed projects from initiation to completion.
*   Oversaw TVC (local shooting), OOH, and video production.
*   Handled tender processes, briefings, vendor relationships, budgeting, payment terms, and timelines.
*   Worked with the internal creative team, selected resources, and ensured project execution.
*   Generated and presented daily, weekly, and monthly reports to clients and the agency.
*   Managed financial data.
*   Clients: Vodafone, Unicef, Carlsberg

**Cheil Ukraine** | Kyiv, Ukraine
**Project Manager** | [Dates of Employment]

*   Coordinated and managed projects through all stages.
*   Managed TVC, OOH, Retail (POSM), digital, BTL, and video adaptation projects.
*   Managed tender processes, briefings, vendor relationships, budgeting, payment terms, and timelines.
*   Collaborated with the internal agency team, selected resources, and ensured project implementation.
*   Prepared and delivered daily, weekly, and monthly reports to clients and the agency.
*   Controlled financial data.
*   Client: Samsung Electronics Ukraine
"
2659,"**[Your Name]**

**Summary**

Successfully established a new engineering outsourcing business, securing new projects and expanding staff on existing projects.

**Experience**

*   **Project Management** | 6 years
    *   Managed projects in IT banking, digital marketing, aerospace, and automotive industries.
    *   Utilized ITIL, Kanban, PMBoK, and BPMN frameworks.
    *   Proficient in Omnitracker, Jira, MS Project, and Visio.
    *   Experience in negotiations, sales, regulations, and business process description.

**Education & Certifications**

*   PM Master Degree Diploma, IPMA Certified
*   British Council Diploma - Business English Advanced (95%)

**Additional Experience**

*   3 years of on-site job experience in the US.
"
2660,"**Summary**

IT industry professional with experience in sales, recruitment, and project management coursework. Demonstrated ability in project management, risk mitigation, and client negotiation. Possesses strong communication, problem-solving, and interpersonal skills. Seeking a Project Manager, Project Coordinator, Account Manager, or related position.

**Experience**

*   **Regional Director** | \[Company Name] | \[Dates of Employment]
    *   Managed team communication and documentation.
    *   Acted as a liaison between the team and the company owner.
*   **Customer Support Manager** | \[Company Name] | \[Dates of Employment]
*   **Sales Manager** | \[Startup Company Name] | \[Dates of Employment]
*   **Recruiter** | \[Company Name] | \[Dates of Employment]

**Skills**

*   Business Communications
*   Business Negotiations
*   Problem Solving
*   Requirements Analysis
*   Risk Management
*   Conflict Resolution
*   Customer Service
*   Public Relations
*   International/Intercultural Relations
*   Recruiting
*   Talent Acquisition
*   Translations

**Education**

*   Project Management Coursework | \[Institution Name] | \[Dates of Completion]

**Language Proficiency**

*   English: Upper-Intermediate to Advanced
"
2741,"**Summary**

*   Personal Rewards & Recognitions: CEO Award (2014); CBN Award (2013)

**Experience**

*   **Head of Facilities, Ukraine Operations** | Dev-Pro.net (Kyiv, Lviv, Dnipro, Kharkiv)
    *   Directed administrative functions.
    *   Oversaw business continuity and launch activities.
    *   Managed all aspects of services and operations for 5,000+ sq.m. facility across five development centers in Ukraine and additional company space.
    *   Managed a team of 15+ members.
*   **Site TS Program Manager, HS&E Department Leader** | Procter & Gamble LCC
    *   Managed a team of 43 employees.
*   **Operations Technology Project Leader**
    *   Led international projects.
    *   Successfully launched new production lines for Tide, Ariel, and Gala.
    *   Managed the discontinuation of DAX and BONUX brands (2015-2017).
*   **Additional Contributions**
    *   Unit restructuring and merging into one department (2013-2015).
    *   Manufacturing capacities and support departments optimization (raw & pack materials) (Feb 2013 – May 2014).
    *   Restructured plant infrastructure, transferred warehouses to 3PL, production facilities start-up, boiler house and compressors renovation.
    *   A, A+ class facilities start-up (4500 sq.m.) in 5 locations.
    *   Negotiated with authorities, lowering rental rate for land from 13% to 6% and saving 37% of general plant cost (2017-2018).
    *   Optimized operating expenses & utilities (-23% FYTD).
    *   Led 6 external audits without critical observations.
    *   3rd and 4th site phase development (2015-2018).
    *   Production optimization: process reliability 84%, unplanned downtime less than 2%, scrap less than 1% in 2015.

**Skills**

*   Operations Management
*   Administrative Facilities Management
*   Managed Services
*   Head of Customer Service
*   Project Management
*   Startup Management
*   System Integration
*   Team Management
*   Change Management
*   Business Development
*   Product Management
"
2766,"**Summary**

Results-driven digital marketing professional with over eight years of experience. Demonstrated ability to increase revenue and optimize yield through strategic campaign management and innovative solutions. Expertise in performance marketing and ad operations across global markets.

**Experience**

*   Managed seven-figure marketing campaigns, including trafficking and optimization.
*   Increased yield by 20% in CEE markets through new targeting strategies.
*   Conceptualized, architected, and managed the development of a rich media building platform, expanding advertising capabilities.
*   Improved viewability of specific ad units by 40%.
*   Experience includes working with industry leaders such as Ubisoft, Sony, Nintendo, Samsung, and Apple.
*   Experience in both performance marketing and ad operations on the publisher side.
*   Led projects focused on revenue growth and yield optimization across global markets.
"
2793,"**[Your Name]**
[Your Phone Number] | [Your Email Address] | [Link to your online profile, if applicable]

**Summary**

Results-oriented professional seeking a Project Manager position, utilizing experience in advertising, team leadership, and creative direction. Demonstrated ability to analyze performance, develop campaign strategies, and collaborate effectively.

**Experience**

*   **Disc Jockey** | 2018 – Present
*   **Model** | 2022 – Present
*   **Art-Director/Stage Manager** | Synergy Group | 2018 – 2021

**Education**

*   **Advertising Course Completion** | Hillel School | 2022
*   **Computer Technology**

**Skills**

*   Advertising Platform Proficiency: Google Ads, Facebook Ads, MyTarget, Taboola, Capterra, LinkedIn Ads (EU & USA markets)
*   Ads Performance Analysis: Reporting, competitor analysis (Facebook Ad Library), media planning.
*   Search Engine Optimization: Keyword planning, title and description optimization.
*   Project Management: Team coordination (Designers, Content Writers, Freelancers).
*   Market Research: Product and competitor analysis.
*   Analytical Skills: Report generation, competitor analysis, implementation of improvements.
*   Communication & Collaboration: Partner communication, meeting facilitation, project discussion and implementation.

**Additional Skills**

*   Teamwork
*   Organization
*   Deadline-Oriented
*   Languages: English, Ukrainian, Russian

**Desired Work Environment**

*   Engaging Projects
*   Positive Online Office Environment
"
2810,"**SUPPORT SPECIALIST (FINANCE)**
NDA (GAMBLING)
2021 - 02.2023

*   Delivered technical support for financial matters.
*   Supported the preparation of financial statements.

**Project Manager**
COWBOY ART (ADVERTISING AND PR SERVICES)

*   Conducted market analysis of advertising trends in Ukraine and globally.
*   Represented the brand as a brand ambassador.
*   Managed customer relations and ensured customer satisfaction.
*   Evaluated financial performance and identified potential profitability.
*   Developed and presented project proposals.
*   Managed all phases of project execution.

**Project Manager**
SICORE (ADVERTISING AND PR SERVICES)
04.2018 - 02.2020

*   Researched and analyzed the outdoor advertising market.
*   Consistently met and exceeded sales objectives.
*   Identified and secured new client relationships.
*   Conducted client meetings, presentations, and contract negotiations.
*   Collaborated effectively with internal teams.
"
2824,"**Summary**

Results-oriented Affiliate Manager with over 7 years of experience launching and managing affiliate programs across diverse niche markets. Proven ability to drive revenue and results through strategic affiliate recruitment and management. Expertise in both third-party networks and in-house programs, coupled with experience in Account Management within an advertising network. Possesses a strong understanding of marketing principles and a track record of successful project execution.

**Experience**

**Affiliate Manager** | *Dates of Employment*
*   Launched multiple affiliate programs from inception in various niche markets.
*   Managed affiliate programs, ensuring optimal performance and revenue generation.
*   Recruited and managed top-performing affiliates.
*   Experience with various affiliate platforms, including third-party networks and in-house programs.
*   Areas of expertise include e-commerce, nutra, health and beauty, CBD, forex, dating, software, food, and social media.
*   Oversaw all aspects of affiliate program management, from consultation and assessment to ongoing program optimization.

**Account Manager** | *Advertising Ad Network* | *Dates of Employment*
*   Managed relationships with advertisers and affiliates.

**Marketing Analyst** | *Dates of Employment*
*   Investigated data collection methods, including surveys and forms.
*   Conducted competitor analysis.
*   Coordinated marketing communications, including webinars and email campaigns.
*   Collaborated with Brand and Project Management departments.
*   Engaged in partner programs.
*   Promoted company websites through SEO, PPC, and email marketing.
*   Developed marketing materials.
*   Improved company websites.
*   Conducted A/B tests.

**Affiliate / Account Manager** | *Dates of Employment*
*   Identified and secured new traffic sources and launched partnership projects.
*   Analyzed campaign performance trends (daily, weekly, monthly) and implemented improvements.
*   Managed daily communication with internal and external customers, monitoring campaign delivery.
*   Prepared written communication, including proposals and reports, for management and partners.
*   Coordinated benefits and ensured adherence to agreements and contracts.
*   Created and coordinated the development of marketing creatives (text slogans, banners, HTML creatives, landing pages).
*   Gathered and analyzed competitor information (features, benefits, pricing, market position).
*   Engaged in B2B activities, including partner acquisition, brand awareness initiatives, and email marketing.
*   Managed social media presence, launching and managing corporate Facebook, Twitter, and Google+ accounts.
*   Implemented social media strategies to drive website traffic, including daily posting, engagement with followers, interaction with similar pages, sharing relevant content, responding to comments and messages, and networking.
*   Experience with CPA Networks: Commission Junction, LinkShare, Linkconnector, Webgains, Shareasale.
*   Launched Affiliate Programs from scratch.
*   Identified and contacted potential affiliates, building contact lists, and launching new partnership projects.

**Project Management**

*   Completed a Project Management course from Laba and obtained an EADL diploma.
*   Possesses 10 years of IT experience.
*   Managed various IT projects, often with 2-3 subordinates.

**Skills**

*   Affiliate Marketing
*   Affiliate Program Launch & Management
*   Account Management
*   Marketing Analysis
*   SEO
*   PPC
*   Email Marketing
*   Social Media Marketing
*   B2B Marketing
*   A/B Testing
*   Project Management (Training)
*   E-commerce
*   Nutra
*   Health & Beauty
*   CBD
*   Forex
*   Dating
*   Software
*   Food
*   CPA Networks (Commission Junction, LinkShare, Linkconnector, Webgains, Shareasale)
"
3002,"**Summary**

Results-oriented Support Agent with a proven track record of optimizing processes and mentoring team members, seeking a Manager position. Demonstrated ability to identify and implement service improvements. Seeking to leverage experience and refine leadership skills, with a focus on non-sales roles.

**Experience**

*   **Support Agent** (Duration not specified)
    *   Managed order verification, call resolution, chat support, and associated process responsibilities.
    *   Streamlined workflows and improved efficiency.
    *   Provided guidance and support to new team members.
    *   Identified and implemented service enhancements.
"
3021,"**[Your Name]**
[Your Contact Information]

**Summary**

Seeking an Affiliate Manager/Project Manager position in an international company/organization.

**Experience**

*   **Head of Project** (2020-2021)
    *   Maintained project operations during pandemic restrictions, without active outdoor advertising.
    *   Achieved consistent growth in visitor numbers.
*   **Business Development Manager** The German-Ukrainian Chamber of Industry and Commerce (2019-2020)
    *   Developed, planned, and executed complex projects.
    *   Managed teams of up to 8 individuals.
    *   Facilitated working groups & communities.
    *   Cultivated relationships with local & international partners.
    *   Developed content and organized online & offline events.
    *   Managed IT & Cyber Security working group, which achieved ""committee"" status within one year.

**Skills**

*   4+ years of successful management experience.
*   Results-oriented and deadline-driven.
"
3093,"**Summary**

Nine years of IT experience across various startups (mobile apps, B2B, SaaS applications) and multicultural teams, including both internal and outsourced employees. Four years within a scale-up that experienced rapid growth. Demonstrated ability to facilitate transformation and expansion as a manager, coach, and mentor.

**Skills & Experience**

*   **Agile & Lean Methodologies:** Spearheaded Agile and Lean implementation through coaching, support, and guidance, emphasizing business value delivery.
*   **Team Leadership:** Fostered environments conducive to team member growth and maximized individual capabilities.
*   **Communication:** Possessed strong communication skills; skilled in data analysis and informed decision-making; established and maintained strong working relationships.
*   **Tools:** Experienced with Jira, Confluence, GitHub, and Code Climate to improve transparency and promote continuous improvement.
"
3105,"**Summary**

Results-driven professional with 10+ years of experience in management and technology roles within IT outsource and outstaff environments. Demonstrated ability to establish and improve PMOs, manage delivery (50+ employees), pre-sales activities, risk management, budgeting and cost control, process improvements, quality management, and lead teams. Expertise in Lean Agile methodologies and rolling wave planning. Proven history of strengthening compliance, improving processes, and elevating output, quality, customer satisfaction, and employee morale.

**Experience**

*   Established and improved PMOs.
*   Managed delivery teams of 50+ employees.
*   Experienced in pre-sales activities.
*   Managed risk, budgets, and controlled costs.
*   Implemented process and quality improvements.
*   Demonstrated leadership and people management skills.
*   Experienced with Lean Agile methodologies and rolling wave planning.
*   Conceptualized and executed program vision, managing milestones and adapting to shifting priorities.
*   Led international, cross-functional, and distributed engineering teams.
*   Managed budgets, driving cost savings, and improving delivery while forecasting future needs.
*   Cultivated strong client relationships nationally and internationally.

**Additional Information**

*   Ability to travel.
*   Experience in management and technology roles in IT outsource and outstaff environments.
*   Focused on professional and personal development.
"
3113,"**[Your Name]**

**Summary**

IT professional with 10+ years of experience. Skilled in project management, product ownership, Scrum, and Agile coaching. Experience with web and mobile projects in healthcare, education, social media, and insurance. Familiar with various methodologies, tools, and platforms.

**Certifications**

*   Project Management Professional (PMP) - PMI
*   Certified Scrum Product Owner (CSPO) - ScrumAlliance
*   Certified ScrumMaster (CSM) - ScrumAlliance
*   SAFe® Advanced Scrum Master (SASM)
*   Kanban System Design (KMP1) - Kanban University
*   Kanban Maturity Model - Kanban University
*   Kanban Coaching Practices - Kanban University
*   Certified Agile Coach (ICP-ACC) - ICAgile
*   Certified Trainer - ICAgile
*   Registered Product Owner at Scale (RPOAS) - Scrum at Scale
*   Registered Scrum@Scale Fundamentals (RSASF) - Scrum at Scale

**Experience**

*   Product Experience
*   Business Analysis Experience
*   RUP, Waterfall, and Agile Methodologies

**Projects**

*   Web and Mobile Projects: Healthcare, Education, Social Media, Insurance

**Skills**

*   **Methodologies:** Agile, Waterfall, RUP
*   **Tools:** Miro, Microsoft Power BI, Postman, Jira (Administration), Confluence, Azure DevOps (TFS), Asana, PivotalTracker, Xmind, Balsamiq Mockups, draw.io, MS Project, MS Word, MS Excel, MS PowerPoint, MS Outlook
*   **Languages:** SQL, BPMN, UML (Base Level)
*   **Facilitation:** Member of the International Association of Facilitators (IAF)

**Languages**

*   English: Upper-Intermediate
"
3118,"**[Your Name]**

**Summary**

Results-oriented professional with experience in project management and front-end development. Proven ability to lead teams, manage projects, and achieve desired results. Skilled in translating customer needs into actionable projects and promoting a collaborative team environment.

**Experience**

*   **Tech Lead Project Manager, Project Management Department** (1 year, 3 months)
*   **Project Manager** (1 year)
*   **Front-End Developer** (4 months)
*   **Single Point of Contact** (2 months)

**Education**

*   **Warsaw University of Technology (WUT)**, Faculty of Computer Science (Studied in English)
    *   Completed a study grant program (1 year, 6 months)

**Projects & Achievements**

*   Participated in the development of a significant website, working with USA-based stakeholders.
    *   Launched eight new domains, surpassing initial goals.
*   Delivered presentations on Project Management, encompassing planning, approval processes, customer understanding, team dynamics, and project execution at three annual conferences.

**Additional Information**

*   Experienced in fostering positive and collaborative team environments.
*   Detailed CV available upon request, including technical skills and project specifics.
"
3120,"**Summary**

Results-oriented professional with experience in project methodologies and software development environments. Demonstrated abilities in project management, risk mitigation, and team leadership. Expertise in project management tools and communication strategies.

**Skills**

*   Project Delivery: Time and Material, Fixed Price
*   Industries: Enterprise, E-commerce, Financial, Big Data
*   Project Management: Risk Management, Time Management, Cost Management, Scheduling
*   Soft Skills: Leadership, Communication, Negotiation
*   Methodologies: Agile, Scrum, Kanban
*   Tools: Jira, Confluence, Trello, Redmine, VSTS, Salesforce, Kimble
"
3122,"**Summary**

Results-focused Agile Delivery Manager experienced in the full software development lifecycle, encompassing version planning, deployment, stakeholder management, and team leadership. Demonstrated ability to optimize processes, ensure timely value delivery, and contribute to project success. Seeking a challenging role to leverage skills and contribute to impactful projects.

**Experience**

*   **Agile Delivery Management:**
    *   Managed version planning, building versions via Jenkins and GitHub Actions, and deploying to Azure and AWS environments (dev and production).
    *   Established and optimized delivery and release processes.
    *   Organized and facilitated Scrum events, managing Scrum artifacts.
    *   Developed roadmaps, resource plans, project charters, and reports.
    *   Proactively mitigated risks to ensure regular and timely value delivery.
*   **Requirements and Analysis:**
    *   Authored Business Requirements, User Stories, and Job Stories.
    *   Conducted domain research to gather critical project information.
*   **Collaboration and Communication:**
    *   Collaborated closely with developers, UI/UX teams, and stakeholders to contribute to project development.
    *   Participated in pre-sales activities, including client meetings, estimations, and proposal preparation.
*   **Process Improvement and Leadership:**
    *   Contributed to establishing company processes.
    *   Wrote role descriptions and conducted stakeholder interviews.
    *   Collaborated with the CTO on day-to-day activities.
    *   Led teams through daily stand-ups, 1:1 meetings, and retrospectives.
    *   Managed tasks, facilitated skills development, resolved issues, and created supporting documentation.

**Additional Information**

*   Passionate about contributing to projects with a positive impact.
*   Committed to continuous learning and professional development.
"
3123,"**Summary**

Results-driven IT professional experienced in all phases of IT project development. Demonstrated ability to lead and manage projects, engage clients, and foster business expansion. Proficient in Agile methodologies and possesses a solid technical foundation.

**Certifications**

*   Certified Agile Project Manager
*   Certified Scrum Master

**Skills**

*   Project Management (PM, UX, BA, QA)
*   Scrum, Kanban, DSDM, Agile Methodologies
*   Business Analysis
*   UI/UX Design
*   Business Development
*   Remote Team Leadership
*   Change and Risk Management
*   Sales & Account Management
*   Scope Definition and Prioritization
*   Influencing, Leadership, Delegation
*   Team Management
*   Advanced Business English
*   Prototype Development
*   Jira, Redmine, Axure, Mindmap
*   iOS, Android, PHP, Drupal

**Experience**

*   Directed the full lifecycle of IT project creation.
*   Successfully launched products and projects in Western markets.
*   Managed projects with teams of over 80 members.
*   Successfully delivered numerous projects.
*   Integrated business analysis into customer relations.
*   Managed long-term product lifecycles.
*   Facilitated client engagement in technology discussions.
*   Recruited and managed developers.
*   Contributed to the growth of startup ventures.
*   Managed projects and products in medical, business, and educational sectors.
"
3133,"**Summary**

Results-oriented professional with 8 years of experience in project management, business analysis, and Scrum mastery, gained within outsourcing and product environments. Demonstrated ability to lead and support teams, facilitate Agile adoption, and contribute to organizational process improvement.

**Skills**

*   Agile Project Management (Scrum, XP, Kanban)
*   Product/Business Analysis
*   Presales (Solution Design and Estimation)
*   Team Leadership and Management (3-9 members)
*   Agile Coaching (MVP, Feedback Loops, CI, PP, TDD, CR)
*   Process Improvement (Presales, Hiring, Onboarding, Feedback)
*   1:1 Coaching and Group Facilitation
*   Certified Coach

**Experience**

*   Managed multiple concurrent development teams and projects.
*   Facilitated Agile adoption for teams and clients.
*   Supported organization-wide process improvements.
*   Experience within Web, E-commerce, and Gaming business domains.
*   Focused on clear communication and streamlined processes.
*   Managed up to 3 simultaneous projects/teams, or 1-2 projects/teams with presales responsibilities.
"
3134,"**Bitbay.Market** ~ 01/2018 - 06/2018 + Kharkiv Blockchain project

*   Developed multi-platform applications, including a decentralized marketplace.
*   Delivered MVP ahead of schedule.
*   Client received a large investment after MVP launch.
*   Utilized Agile methodologies: Scrum, Kanban, Lean, XP, and Waterfall methodology.
*   Performed PMO duties.
*   Created Briefs, Estimations, Project Plans, Reports, and Gantt Charts.
*   Managed Risks and Resources.
*   Proficient in Touch Typing.

**Project Manager/Scrum Master**
Sensorama Lab ~ 07/2018 - 06/2028 + Kiev
VR, AR, MR, AI development company

*   Implemented agile methodologies and principles. Managed sprint planning, stand-ups, reviews, and retrospectives.
*   Collaborated with Product Owner to define, document, maintain, and communicate roadmap.
*   Created Briefs, Estimations, and Project Plans.
*   Translated discussions into user stories, epics, and tasks. Managed story writing, prioritization, tracking, and acceptance of the product backlog.
*   Managed release scope and schedule, focusing on timely delivery of value. Prepared, maintained, and communicated schedules, documentation, and statuses.
*   Ensured product backlog was prioritized, groomed, and refined.
*   Collaborated with management to implement team process and workflow improvements.
*   Defined and refined agile metrics and reporting to understand and communicate team performance.

**Project Manager**
Maybe.Works ~ 01/2017 - 06/2018 + Kharkiv Outsourcing IT company

*   Led a team through the entire project lifecycle using Agile development methodologies.
*   Served as the main client contact for all project-related communication.
*   Created and managed schedules, user stories, risk mitigation plans, scope and budget tracking, and other production-related items.
*   Sourced and managed external partners, ensuring clear communication of requirements and timelines.
*   Reviewed contracts and authored change orders.
"
3135,"**[Your Name]**

**Certified SAFe® 5 Agilist**

**Experience**

**Endava, December 2021 — Present**

**Agile Project Manager**

*   FinTech & Banking Project
    *   Completed a significant portion of the Product’s Annual Roadmap on time and within budget.
    *   Managed scope changes and third-party vendor dependencies.
    *   Fostered a transparent environment through communication, stakeholder management, and reporting.
*   Data center to AWS migration Project
    *   Developed a roadmap for Discovery and Migration Strategy.
    *   Facilitated the Discovery process, including communication planning and workshop organization.
    *   Managed resource allocation, including team onboarding and ramp-up.

**Key IVR, March 2020 — November 2021**

**Technical Project Manager**

*   Successfully delivered over 15 projects on time and within budget.
*   Demonstrated knowledge of major International Gateways (Barclays EPDQ, WorldPay, Global Payments).
*   Performed technical reviews of project specifications.

**Zeroqode, March 2019 — March 2020**

**Project / Product Manager**

*   Improved Backlog Health Status by implementing DoR & DoD, enhancing estimation accuracy.
*   Launched a new landing page for a company product, established metrics, and tracked customer behavior.
*   Utilized data to increase conversion rates by 10% and reduce CPA.
*   Executed a growth-hacking campaign resulting in 15% new clients with various subscription plans.
*   Conducted Customer Development activities, including direct customer communication and survey creation.

**Enticon.app, December 2018 - February 2019**

**Project Manager**

*   Configured the workflow for the initial Kanban development team.
*   Decomposed technical assignments into estimable tasks.
*   Established and managed the onboarding process for new team members.
*   Provided reporting to C-Level management.

**EBS Integrator, September 2018 - December 2019**

**Project Manager**

*   Developed a comprehensive project plan for the Fix Price project, encompassing scope, time, cost, quality, HR, communication, and RAID management.
*   Tracked key project metrics.
*   Managed communication, including weekly client reporting and facilitating demo sessions.

**GoSocial, February 2018 - September 2018**

**Project Manager**

*   Delivered 2 Web Projects within budget and time constraints.
*   Managed both on-site and outsourced development teams.
*   Collaborated with internal departments (Design, SMM) to achieve post-launch objectives.

**Certifications**

*   Certified SAFe® 5 Agilist

**Professional Development**

*   Completed Product Owner Mentoring Program hosted by Pentalog
"
3136,"**[Your Name]**

**Summary**

Results-oriented IT professional with a foundation in web development since 2009, currently applying project management skills for the past four years. Demonstrated capacity to build and lead high-performing teams, proficient in people management and Scrum methodologies. Seeking opportunities to contribute to dynamic projects with broad impact.

**Experience**

*   **Project Management** (4+ years)
    *   Managed projects encompassing web, data-driven, and mobile technologies.
    *   Led teams of varying sizes, from 2 to 24 developers.
    *   Emphasis on people management and successful Scrum process implementation.
    *   Experience with medium-sized projects, including projects with approximately 18 team members, with scalable potential.
*   **Web Development** (2009 - [4 years prior to current date])
    *   [No information provided in original resume]

**Skills**

*   People Management
*   Scrum
*   Web Technologies
*   Data-Driven Technologies
*   Mobile Technologies
"
3137,"**Summary**

Results-driven Agile Project Manager with comprehensive experience in implementing and optimizing Agile methodologies across diverse projects and teams. Demonstrated ability to establish and scale Scrum frameworks, manage complex releases, and ensure successful project delivery. Expertise in fostering high-performing teams, establishing efficient processes, and promoting continuous improvement.

**Experience**

*   **Agile Project Manager**

    *   Led and mentored 14 teams, implementing and adhering to Agile best practices.
    *   Successfully established Scrum frameworks in 5 teams from inception.
    *   Managed live projects, overseeing over 100 successful production releases.
    *   Served as Crisis Manager, guiding a team from zero releases to a monthly release cadence.
    *   Developed and implemented end-to-end processes, encompassing ideation, development, testing, and release.
    *   Fulfilled roles as Product Owner and Scrum Master.
    *   Simultaneously initiated and maintained Scrum practices across multiple teams.
    *   Managed project scope, releases, team dynamics, risks, quality, and stakeholder expectations.
    *   Focused on ensuring successful delivery for assigned teams.
    *   Developed and implemented process standards, methodologies, and cultural initiatives within development teams.
    *   Contributed to the development of a Project Management department.
    *   Conducted project management and technical specialist interviews, assessing candidate alignment with team and company values.
    *   Coordinated efforts between design and development departments.
    *   Utilized Scrum, Kanban, and Nexus frameworks, with familiarity in SAFe.

**Industries**

*   Fintech
*   Health
*   E-commerce
*   Social Networks
*   Education
*   Other spheres

**Preferences**

*   Flexible work arrangements (office or remote)
*   Product company environment
*   Opportunities for process creation and decision-making
*   Focus on enhancing development process quality, speed, and transparency
"
3138,"**Karine**

**Summary**

Results-driven Project Manager with 3 years of experience in delivering value through process optimization and team alignment with client objectives. Demonstrated ability to collaborate with software development teams and advise upper management on Scrum and Agile best practices. Skilled in the configuration and optimization of Jira environments.

**Experience**

*   **Project Manager** | *[Company Name - if applicable, otherwise omit]* | *[Dates of Employment]*
    *   Reduced inefficiencies and directed teams toward client objectives.
    *   Worked in close collaboration with software development teams.
    *   Provided guidance to upper management on Scrum and Agile methodologies.
    *   Established Jira environment parameters, including components and swimlanes.
    *   Enhanced developer experience within the management platform.

**Availability**

*   Monday - Friday, GMT+4 time zone

**Contact**

*   *Contact information - provide your contact information here*
"
3139,"**Summary**

Results-oriented professional experienced in web development project management, leveraging Agile methodologies. Demonstrated ability to manage full project lifecycles, coordinate releases, and foster team collaboration. Seeking challenging projects and opportunities for continuous professional growth.

**Certifications**

*   SAFe Scrum Certification
*   ITEA Soft Skills Certification
*   ITEA Project Management Certification

**Experience**

*   Successfully delivered a web solution for financial analysis, managing two large and three small projects concurrently.
*   Contributed to the launch of an IT Project Management Process utilizing Scrum methodology.
*   Received positive client feedback.
*   Completed a ""PMP Exam Preparation"" course to apply project management best practices.

**Responsibilities**

*   Managed full project lifecycle for web development projects, including budget maintenance.
*   Conducted project discovery activities.
*   Coordinated and delivered high-quality product releases within established timelines.
*   Facilitated team stand-ups, retrospectives, estimations, and sprint planning meetings.
*   Planned sprints using Jira and Confluence, including task creation and time tracking.
*   Cultivated a positive working environment and supported staff development through performance reviews.
*   Collaborated with remote teams.
*   Served as Scrum Master for a team of 19 members.
*   Prepared detailed Project Status Reports (PSRs).

**Desired Opportunities**

*   Engaging projects
*   Collaborative team environment
*   Opportunities for continuous self-development
"
3140,"**[Your Name]**

**Summary**

Results-oriented professional with over 4 years of experience in the game industry, holding positions including Scrum Master, Scrum Coach, Project Manager, and Group Manager. Possesses a strong track record of driving Agile adoption, fostering team growth, and delivering impactful results. Management 3.0 certified.

**Experience**

*   **[Previous Company Names - if applicable, or just ""Game Industry"" if not]**
    *   *Scrum Master, Scrum Coach, Project Manager, Group Manager*
    *   *Dates of Employment*
        *   Grew a company department from 10 to 40 employees.
        *   Successfully facilitated the adoption of Agile values and principles across a team of 40+ individuals.
        *   Spearheaded the implementation of scaled Agile best practices and tools to maximize business and product value delivery.
        *   Championed a culture of quality.
        *   Managed and mentored individuals within a matrix-like organizational structure.
        *   Led continuous improvement initiatives.
        *   Managed day-to-day operations of geographically dispersed teams.
        *   Supported and empowered teams to evolve into self-organized Scrum teams.
        *   Coached and guided Scrum Masters in conducting team ceremonies.
        *   Supported development processes and measured team performance.

**Certifications**

*   Management 3.0
"
3141,"**[Your Name]**

**Summary**

Results-driven professional with over five years of experience in agile project management, encompassing iOS, Android, and web development projects. Demonstrated ability to collaborate effectively with geographically dispersed teams. Committed to continuous learning and skill development through innovative project involvement.
"
3142,"**[Your Name]**
[Your Phone Number] | [Your Email Address] | [Your LinkedIn Profile URL (Optional)]

**Summary**

Results-oriented Agile Project Manager experienced in team and operations management, and client relationship management. Proven ability to manage the development of cloud platforms and web applications, with a strong understanding of SDLC and excellent communication skills. Adept at fostering Agile methodologies and driving project success.

**Experience**

**Pacto Systems, Ltd, UK**
**Scrum Master/Agile Project Manager**                                                      08/2017 – Present

*   Integrated Agile values and principles into project management practices.
*   Facilitated daily standups, sprint planning, sprint reviews, and retrospective meetings.
*   Guided the company's adoption of Agile methodologies.
*   Monitored team velocity.
*   Resolved impediments to sprint goals.
*   Conducted research and development and managed client relationships.
*   Elicited, elaborated, and documented requirements.
*   Investigated data discrepancies.
*   Coordinated and facilitated client demos.
*   Identified and documented relationships between datasets.
*   Performed solution modeling.
*   Developed business requirements documents (BRDs) based on stakeholder input.
*   Ensured requirements alignment with business needs and adherence to quality standards.
*   Managed backlog updates based on evolving client requirements.
*   Analyzed processes, identified root causes and business impacts, and recommended improvements.
*   Ensured adherence to policies, standards, and best practices.
*   Analyzed and evaluated processes, products, and services.

**Tungus, LLC, Clermont, FL, USA**
**Agile Project Manager**                                                                    10/2015 – 10/2017

*   Established and developed company operations.
*   Automated processes.
*   Managed day-to-day tasks, including document flow.
*   Collaborated with existing and new clients.
*   Coached and motivated the team.
*   Provided the team with the resources needed for effective operations.
*   Managed the team effectively and successfully.
*   Provided feedback and guidance to the project team.
"
3143,"**[Your Name]**

**Summary**

Project manager and Scrum Master with experience in quality assurance, business analysis, and project management. Skilled in leading and coaching agile teams.

**Experience**

*   5+ years leading and coaching agile teams.
*   3+ years of experience in quality assurance and test automation.
*   Proficient in SDLC and CI tools (Jira, Confluence, Jenkins), Agile methodologies (Scrum, Kanban), and Scaled Agile Framework.
*   Skilled in establishing development and QA processes to meet organizational needs, including implementation of Scrum and Kanban ceremonies.
*   Experience scaling agile for multiple teams (up to 100 people), establishing cross-team communication, synchronization, and release processes.
*   Experienced in people management, personal development planning, hiring, and onboarding.

**Values**

Advocate for agility and practical solutions. Committed to prioritizing product quality.
"
3144,"**[Your Name]**
[Your Contact Information]

**Summary**

Results-driven professional experienced in Agile methodologies, team facilitation, and project management. Proficient in guiding teams, removing impediments, and delivering client presentations. Demonstrated ability in product backlog management, risk assessment, and team onboarding. Dedicated to continuous improvement and professional development.

**Experience**

*   Spearheaded the establishment and management of an Agile team.
*   Managed daily scrum, sprint planning, sprint demo, and retrospective meetings.
*   Coached the team on Scrum principles and practices.
*   Delivered client presentations and product demonstrations.
*   Facilitated estimation and project planning processes.
*   Onboarded new team members during project execution.
*   Supported the Product Owner with product backlog creation, prioritization, and user story template maintenance.
*   Identified and removed impediments for the Scrum team.
*   Conducted risk assessment and tracking.
*   Analyzed user stories and requirements.
*   Mentored new team members.
"
3145,"**[Your Name]**

**Summary**

*   Certified Project Management Professional (TUV Rheinland)
*   Scrum Master
*   Experience leading teams
*   Experience with contract types
*   Proficient in Agile and Waterfall methodologies

**Experience**

*   **Chief Technology Officer** | Agrifinance.io
    *   Developed and launched Agrifinance.io.

*   **Head of PMO** | minexsystems.com
    *   Led team in the development of a crypto-bank.

*   **Senior Project Manager** | prozorro.sale
    *   Created and developed projects within a startup.

**Certifications**

*   Project Manager Certification | TUV Rheinland Academy (Cologne, Germany)
*   ISO 9001 Specialist | TUV Rheinland Academy (Cologne, Germany)

**Skills**

*   Project Management
*   Team Leadership
*   Business Operations
*   Revenue Enhancement
*   Process Improvement
"
3146,"**[Your Name]**

**Summary**

Agile Project Manager with over 3 years of experience in successful project delivery. Demonstrated ability to manage projects, guide teams through the development lifecycle, and achieve commercial launch. Proficient in establishing efficient workflows for in-house and distributed development teams to meet project goals within time and budget constraints.

**Certifications**

*   Certified Scrum Master (PSM I)
*   Agile Project Manager (ICP-APM)

**Skills**

*   Scrum Framework Implementation
*   Kanban Implementation
*   Project Management Tools & Techniques
*   Reporting
*   Workshop Facilitation
*   Meetup Organization
*   Lean Startup Principles
*   Lean Software Development Principles
*   Agile Methodologies
*   Communication (Excellent)
*   Leadership
*   Team Motivation
*   Project Planning & Coordination
*   Change Management

**Experience**

*   Implemented Scrum and Kanban frameworks, utilizing project management tools and techniques, across diverse companies and teams.
*   Improved company structures.
*   Prepared and facilitated reports, workshops, and meetups centered on Lean Startup, Lean Software Development, Agile, and Scrum methodologies.
*   Focused on fostering Agile culture and mindset within organizations.
"
3147,"**Summary**

Results-driven professional with one year of experience leading teams and delivering successful projects in the IT and iGaming industries. Demonstrated ability to build and manage teams, utilize agile methodologies, and launch stand-alone businesses. Experienced in mobile and web software development, encompassing business documentation and specifications.

**Experience**

*   **Team Lead & Project Delivery** (Last Year)
    *   Constructed and managed two teams in Ukraine: an IT engineering team for software development and an operational team for game/platform operation.
    *   Applied Agile/Scrum frameworks for development processes.
    *   Mentored, coached, and facilitated team-building initiatives.
    *   Launched and operated a Fantasy Sports startup as a stand-alone business.
    *   Delivered multiple casino games in Flash and HTML.
    *   Managed four concurrent mobile projects (iOS and Android), including the preparation of business documentation (presentations, business plans, bids, etc.) and development specifications.
    *   Led a team of 20+

**Skills**

*   **IT Practice:** Agile Project Management, Business Analysis, PMBOK, BABOK, SCRUM, Kanban, Waterfall, Mobile & Web SW development, iGaming & Casino industry
*   **Business Competence:** Startup and Business Development, Marketing and Sales, Public Speech, Brand and Product Management, Customer Service, Company and People Management, Team Building, Coaching and Motivation

**Languages**

*   English: Fluent
*   German: Upper-Intermediate
*   Polish: Low-Intermediate
*   Ukrainian: Native
*   Russian: Native
"
3148,"**Summary**

Results-focused software development professional with over 12 years of experience. Currently serving as an Agile Project Manager and Scrum Master, focused on optimizing project processes and driving successful business outcomes. Proven ability to lead and coach teams, implement Agile best practices, and deliver results. Prior experience includes over 10 years as a Software Developer and Architect, developing high-quality software for international clients. Expertise in C/C++.

**Skills**

*   Agile Project Management
*   Scrum Mastery
*   Software Development
*   Software Architecture
*   C/C++
*   Communication
*   Consensus Building
*   Conflict Management
*   Leadership
*   Networking
*   Problem-Solving
*   Decision-Making
*   Technical Acumen
*   Client Liaison

**Experience**

*   **Agile Project Manager and Scrum Master**
    *   Improved project processes.
    *   Developed and implemented Agile best practices.
    *   Led and coached project teams to deliver results.
    *   Drove successful business outcomes.

*   **Software Developer and Architect**
    *   Developed high-quality software for US and European customers.
    *   Participated in various projects.
    *   Expertise in C/C++.

**Languages**

*   English (Excellent)
*   Russian (Native)
*   Ukrainian (Native)

**Contact**

*   Open to project opportunities
"
3149,"**Summary**

Results-driven IT professional with 8 years of experience, including 4+ years as an Agile Project Manager and Delivery Manager, skilled in enhancing product development. Proficient in company-wide Kanban implementation, leading to considerable improvements in deliverables and time-to-market. Demonstrated ability to lead and manage teams, utilizing Scrum, Kanban, Lean, and other Agile methodologies.

**Experience**

*   **Agile Project Manager / Delivery Manager** (4+ years)
    *   Managed IT projects utilizing various approaches.
    *   Implemented Kanban across the entire company.
    *   Facilitated cultural changes using the Kanban Maturity Model and Evolutionary Change Model.
    *   Doubled the number of deliverables.
    *   Reduced time-to-market by one-third.
    *   Applied Scrum, Kanban, Lean, and other Agile techniques to optimize product development.
    *   Led Scrum teams.
    *   Managed cross-functional units with over 40 FTEs.
    *   Experienced in organizations with over 100 FTEs.

**Skills**

*   Agile Methodologies (Scrum, Kanban, Lean)
*   Project Management
*   Delivery Management
*   Process Optimization
"
3150,"**Summary**

Results-driven Delivery Manager and Scrum Master with experience leading complex, large-scale projects. Demonstrated ability to guide teams, implement effective processes, and achieve successful project delivery across diverse domains.

**Experience**

**Delivery Manager & Scrum Master**

*   Managed and coached three Scrum Teams concurrently on a project with over 40 team members.
*   Established a Release Management process integrating three teams across multiple domains and functionalities.
*   Developed and implemented a comprehensive requirements gathering, processing, and implementation process.
*   Conducted high-level quarterly planning.
*   Implemented team performance metrics from inception.
*   Achieved a team feedback satisfaction rating of 4.9 out of 5.
*   Led and managed teams of 25+ members in varied environments.
*   Directed projects within FinTech and Healthcare domains, with monthly budgets ranging from $100,000 to $150,000.

**Scrum Master Responsibilities**

*   Led cross-functional teams, including developers, QA, BAs, and stakeholders.
*   Established peopleware practices, including 1-on-1 meetings and regular check-ins.
*   Facilitated Agile ceremonies: sprint planning, daily stand-ups, sprint reviews, and retrospectives.
*   Established delivery processes and organized iteration demos.
*   Facilitated communication between development teams and product owners.
*   Conducted Scrum Workshops.

**Project Manager Responsibilities**

*   Created and controlled the execution of development plans.
*   Processed change requests and managed associated risks related to requirements changes.
*   Managed a Risk Register and developed Risk Mitigation plans.
*   Reported project progress and communicated changes.
*   Analyzed and documented requirements through stakeholder interviews and user story mapping.
"
3153,"**Summary**

Over 11 years of IT industry experience, with over 7 years dedicated to Agile project management in rapidly evolving team environments. Experienced in Scrum and Kanban methodologies. Committed to ongoing professional development through participation in training programs, acting as both a learner and instructor.

**Skills**

Agile, Scrum, Kanban, Project Management, Agile Project Management, JIRA, Risk Management, Conflict Resolution, Change Management, Team Development, Motivation, Applications Deployment

**Personal Statement**

Enthusiastic about cultivating individual and team advancement. Seeking a challenging and fulfilling role within a dynamic, expanding environment characterized by a positive and collaborative culture.
"
3155,"**[Your Name]**

**Summary**

Results-focused professional experienced in Agile transformation and project management. Demonstrated ability to lead teams and achieve project success.

**Experience**

*   **Agile Transformation** | 50+ Team Members
*   **Scrum Master** | 5 Concurrent Teams
*   **Project Management** | PMBOK-Guided Projects
"
3156,"**Summary**

*   Enhanced efficiency and delivery by facilitating collaboration across three teams.
*   Collaborated with three Product Owners to define product and sprint goals and manage the product backlog.
*   Provided organizational support by promoting agile methodologies and fostering interdepartmental collaboration.

**Experience**

*   **Team Facilitation:**
    *   Improved team efficiency and self-management.
    *   Reduced dependencies.
    *   Focused teams on sprint-end increment delivery.
    *   Enhanced readiness criteria.
    *   Removed obstacles.
    *   Ensured productive and timeboxed Scrum events.
*   **Product Owner Collaboration:**
    *   Assisted in defining product and sprint goals.
    *   Supported Product Backlog management.
    *   Aided in sprint planning.
    *   Facilitated stakeholder communication.
*   **Organizational Support:**
    *   Promoted agile approaches.
    *   Implemented best practices.
    *   Adapted and tuned tools.
    *   Optimized, created, implemented, and supported processes.
    *   Fostered productive relationships.
    *   Assisted in staff hiring.
    *   Facilitated interdepartmental communication and cooperation.
    *   Removed obstacles between departments and teams.
"
3157,"Gulnar Abasova

**Summary**

*   Currently pursuing a Master's degree in International Project Management at Vilnius University, supported by a Lithuanian State Scholarship.
*   One year of experience facilitating self-managing and cross-functional developer teams in both remote and in-office settings.
*   Demonstrated ability to contribute to increased project efficiency and meet deadlines.

**Experience**

*   **Facilitator, Scrum Events** (1 year)
    *   Facilitated Scrum events, including sprint planning, sprint retrospectives, and grooming sessions.
    *   Tracked project schedules and ensured adherence to Agile/Scrum principles.
    *   Managed communication between product owners and development team members, including testers.
    *   Supported development teams in meeting project deadlines.
    *   Contributed to a doubling of speed in meeting deadlines following the team's transition to the Scrum framework.
    *   Experience with Fintech projects, including internal systems for sales teams and online banking applications.
*   **Tools:** Proficient in Notion, Jira Atlassian, and MS Project for tracking the product development lifecycle.
*   **Involvement:** Experience with all stages of product development, from idea generation and UX research to wireframing, QA, and debugging.

**Education**

*   Master's in International Project Management, Vilnius University (Ongoing)

**Skills**

*   Agile Management
*   Scrum
*   Project Scheduling
*   Communication
*   Team Collaboration

**Other**

*   Eager to expand skills in agile management and explore new opportunities.
*   Enthusiastic about working with development teams, particularly in a start-up environment.
"
3158,"**Summary**

Results-oriented Scrum Master and Agile coach with over 5 years of experience leading distributed teams (up to 40 FTE). Demonstrated ability to facilitate Scrum ceremonies, remove impediments, and cultivate collaborative team environments. Expertise in client relationship building, effective communication, and fostering high-performance team cultures. Skilled in project management best practices, risk management, and performance reporting.

**Skills**

*   Scrum Master
*   Agile Coaching
*   Project Management
*   Team Leadership
*   Facilitation
*   Impediment Removal
*   Risk Management
*   Reporting & Metrics
*   Client Relationship Management
*   People Management
*   Resourcing & Recruitment
*   Problem-Solving
*   Analytical Skills
*   Research Skills

**Experience**

*   Scrum Master (3+ years)
*   Managed Distributed Teams (Up to 40 FTE)

**Certifications**

*   SAFe® 5 Scrum Master
*   SAFe® 5 Advanced Scrum Master
*   AgilityHealth® Facilitator for SAFe®
"
3159,"**Summary**

Results-driven Agile Project Manager and Scrum Master experienced in guiding varied teams to successful project completion. Proficient in aligning teams with business goals, tracking progress, and delivering desired outcomes on schedule. Skilled in defining and implementing project-relevant processes and tools. Demonstrates strong team building, communication, and adaptability, with experience managing projects with changing requirements.
"
3160,"**Summary**

12+ years of IT experience, covering all project phases: initiation, planning, implementation, monitoring, control, maintenance, and closure. Demonstrated ability to successfully deliver projects. Proficient in Agile and Waterfall SDLC models. Experience managing teams.

**Experience**

*   12+ years of professional experience in Information Technologies (IT).
*   11+ years of experience in IT Management.
*   4+ years of experience with Agile methodologies.
*   Experience in outsource and product development.
*   Led teams of engineers across multiple teams.
*   Built engineering teams.
*   Proficient in Agile (Scrum, XP, Kanban) and Waterfall methodologies, practices, and frameworks.
*   Maintained Agile community and promoted Agile values.
*   Fulfilled Scrum Master and Product Owner roles.
*   Utilized strong soft skills, leadership, and mentorship abilities.
*   Experienced with Project Management tools.

**Certifications**

*   CSM, CSPO, ICP-APM (and other relevant certifications).

**Additional Information**

*   Successful project delivery.
*   Professional management skills.
"
3161,"**Summary**

Results-driven project manager with 10+ years of IT experience, covering the entire project lifecycle. Demonstrated ability to manage multiple concurrent projects, leading distributed teams of up to 50 individuals. Successful delivery of over 20 projects of varying scope.

**Experience**

*   Project Manager | 10+ years

    *   Managed projects within international product and IT outsourcing environments.
    *   Proactively managed projects, building strong relationships across diverse teams and quickly understanding project needs.
    *   Prioritized client needs and team well-being.
    *   Led teams that launched over 5 products in the past year, including platforms, marketplaces, mobile applications, and websites.
"
3162,"**Summary**

Senior Scrum Master and Project/Delivery Manager with experience across diverse domains, including CRM, logistics, sales, finance, marketing, and web platforms. Proven ability to manage portfolios, mitigate risks, and plan releases. Expertise in Agile coaching, particularly in LessHuge setups, and experience with full-cycle ERP projects. Proficient in technical aspects, including SQL, HTML, CSS, JS, React, .Net, and Core, with a strong understanding of version control and project management tools.

**Experience**

*   **Senior Scrum Master**
    *   Managed up to 5 teams (35 FTE).
    *   Portfolio level management, risk management, release and delivery planning.

*   **Agile Coach**
    *   Coached in LessHuge setup for 1 product area (6 teams).
    *   Organized the entire flow, coached Product Owners, trained teams, and facilitated multi-team events.

*   **Project/Delivery Manager**
    *   Full-cycle ERP projects (CRM, sales, logistics, finance) at Carlsberg Ukraine.
    *   Implemented UPS logistics for 60 distributors.
    *   Provided support and consulting to over 3000 users.
    *   Participated in the automation of ""Ukrtelekom"" (""Record-keeping"", ""Finances"", ""Management"").
    *   Developed and tested websites.

*   **Project/Delivery Manager / Senior Scrum Master**
    *   Experience in CRM, logistics, sales, finance, marketing, and web platforms.
    *   Managed projects with both time and material and fixed-price approaches.
    *   Served as Senior Scrum Master for 30+ team members (5 internal teams) and Agile coach in LessHuge for 1 product area (6 teams).
    *   Collaborated closely with Product Owners and stakeholders.
    *   Managed processes, coached teams, and provided administrative and technical support.
    *   Portfolio level management, risk management, and release planning.
    *   Wrote technical specifications, documentation, and improvements.
    *   Tested new products and versions.
    *   Administered general server management.
    *   Managed tendering and negotiations on business processes with both business customers and developers.
    *   Participated in large projects, system configuration, output form writing, and component development.
    *   Conducted alpha-testing, user training, and stakeholder presentations.

**Technical Skills**

*   SQL, HTML, CSS, JS, React, .Net, Core
*   GitHub
*   Jira, TFS

**Language**

*   Professional English
"
3186,"**Summary**

Results-driven professional with a proven record of managing and coordinating projects, optimizing data operations, and delivering exceptional customer service. Demonstrated ability to lead teams, build relationships, and drive continuous improvement.

**Experience**

*   Managed and coordinated up to 30 projects concurrently, consistently achieving high standards of quality and efficiency, showcasing exceptional multitasking capabilities.
*   Spearheaded data operations projects, ensuring collaboration between customers and data labeling teams.
*   Supported customers in developing and implementing production-grade data labeling pipelines, optimizing annotation workflows for enhanced efficiency and accuracy.
*   Exhibited a strong customer service orientation by tracking key metrics, addressing customer concerns, and delivering superior results.
*   Evaluated and optimized the performance of the data labeling workforce, providing guidance and support to maximize productivity and achieve outstanding outcomes.
*   Conducted regular calls with customers and service providers, cultivating strong relationships and facilitating effective communication.
*   Accurately calculated customer budgets and estimated costs for service providers, promoting financial transparency and cost-efficiency.
*   Developed comprehensive Statements of Work (SOW) and ensured alignment with stakeholders, establishing clear expectations for project deliverables.
*   Monitored industry trends and emerging technologies, leveraging insights to provide recommendations for product enhancements and process optimizations.
*   Supervised and guided the Data Labeling Quality Assurance team, upholding quality standards and fostering continuous improvement.
*   Collaborated with service providers, cultivating partnerships and driving successful project delivery.
*   Demonstrated leadership skills, fostering a collaborative and inclusive work environment, and encouraging cross-functional cooperation.
*   Leveraged organizational and multitasking abilities to manage a substantial workload, meet deadlines, and achieve project milestones.
"
3225,"**Summary**

*   Significant experience in online presence management and optimization across various sectors.
*   Adept at developing and executing reputation management initiatives.
*   Successfully launched and oversaw numerous projects from initial concept.

**Experience**

*   **AMAZON MARKETING MANAGER** (January 2022 – Present)
    DigiOrange – Brooklyn, NY, USA

*   **MARKETING PROJECT MANAGER** (September 2021 – January 2022)
    TBI-PRO – Chicago, IL, USA

*   **MARKETPLACES PROJECT MANAGER** (December 2018 – September 2021)
    FDS-IT – Staten Island, NY, USA

*   **AMAZON MANAGER** (2015 – 2018)
    SHOPPING CART ELITE – Brooklyn, NY, USA
"
3315,"**[Your Name]**

**Summary**

Professional with experience in business analysis and project management, focused on achieving results. Adept at requirements gathering, process modeling, and stakeholder communication. Proficient in Microsoft Excel and Visual Basic.

**Skills**

*   Use Case and User Story Development
*   BPMN
*   Agile, Scrum Methodologies
*   Business Analysis Planning and Needs Assessment
*   Solution Scope Definition and Management
*   Stakeholder Analysis and Communication
*   Elicitation Techniques
*   Requirements Collection, Analysis, and Documentation (Business, Functional, and Non-Functional Requirements)
*   Solution Scope Management and Requirements Dissemination
*   Solution Assessment and Validation Processes
*   Knowledge Transfer and Training
*   Project Management Methodologies
*   Microsoft Excel, Visual Basic (VB)
"
3321,"**Jane Doe**
(123) 456-7890 | jane.doe@email.com | LinkedIn Profile URL (Optional)

**Summary**

Results-oriented analyst with experience in market research, data analysis, and project management. Demonstrated ability to conduct research, analyze data, and present findings to support business decisions. Seeking to utilize analytical skills and experience to advance in data processing and business analysis.

**Experience**

**Research Manager** | Silpo-Food LLC (Fozzy Group) | City, State | Dates of Employment

*   Managed marketing research projects, incorporating qualitative and quantitative studies.
*   Conducted negotiations and consultations with clients on research design.
*   Managed ad-hoc and longitudinal studies.
*   Oversaw questionnaire programming.
*   Performed data processing and analysis.
*   Prepared reporting materials and presented research results.
*   Controlled the work of field supervisors and operators.
*   Acquired primary and secondary marketing information.

**Commodity Market Research Analyst-Specialist** | Kyivstar Private Joint Stock Company | City, State | Dates of Employment

*   Managed marketing research projects.
*   Conducted negotiations and consultations with customers.
*   Communicated with contractors.
*   Managed document workflows.
*   Performed research and budget planning.
*   Managed database operations, including query formulation.
*   Researched the telecom market and provided primary and secondary marketing information.

**Skills**

*   Market Research (Qualitative & Quantitative)
*   Project Management
*   Data Analysis
*   Reporting & Presentation
*   Client Consultation & Negotiation
*   Budget Planning
*   Database Management
*   Telecom Market Research (Kyivstar)
*   Customer Service
*   Questionnaire Design
*   Data Processing
*   Field Supervision
"
3332,"**[Your Name]**

**Summary**

Developed and deployed software solutions, encompassing customer relationship management systems and desktop applications. Proven experience across the entire software development lifecycle.

**Experience**

*   **Software Implementation**
    *   Successfully implemented customer relationship management (CRM) systems and desktop applications.
    *   Performed market analysis.
    *   Managed stakeholder communication.
    *   Determined development direction.
    *   Established project objectives and timelines.
    *   Created system prototypes.
    *   Managed User Acceptance Testing (UAT) processes.
    *   Supervised system deployment.

**Skills**

*   MS Project
*   Trello
*   Atlassian
*   Office 365
*   Pencil and Paper
"
5877,"**Architecture / Databases**

*   Designed and implemented data storage solutions utilizing Hadoop, accommodating up to 50 Terabytes.
*   Implemented serverless architecture, minimizing idle infrastructure costs.
*   Utilized Infrastructure as Code principles on Kubernetes, streamlining the delivery process and minimizing DevOps involvement.

**Product/Project Management**

*   Spearheaded the Messenger project, resulting in a fully featured product launch across all major mobile platforms (Apple Store, Google Play) within six months.
*   Recognized for contributions to cost-saving measures within the Software Development Life Cycle (SDLC) process.

**Human Resources**

*   Managed the hiring process, resulting in the onboarding of over 50 developers within a four-month timeframe, with a turnover rate of less than 5%.

**Projects**

*   **NDA**, 2019
    *   Architect/DevOps - Implemented Infrastructure as Code using AWS, Terraform, Kubernetes, Helm, and CI/CD pipelines.
*   **Ternary Intelligence** - http://ternaryintelligence.com, 2018
    *   Architect/Project Manager - Designed and implemented serverless cloud architecture on AWS for a fintech application.
*   **One space** - https://spywords.ru, 2018
    *   Architect/Data Science - Developed and maintained Hadoop infrastructure, including web scraping and data engineering components.
*   **Defcom** - https://defcom.com, 2016
    *   Project Manager/Architect - Oversaw mobile development efforts, including secure messaging applications.

**Interests**

*   Engaged in live project development.
"
5981,"**Summary**

Product Manager skilled in developing and launching AR and mobile applications. Demonstrated ability to deliver MVPs, manage complex projects, and negotiate with clients.

**Experience**

**Snap**

*   **Project Manager**
    *   Managed AR projects within the Sponsored Lenses department.
    *   Balanced client expectations with team capabilities.
    *   Assessed risks and adapted development strategies.
    *   Optimized cross-functional team processes.
    *   Clients: Disney, Nike, Microsoft, Universal, Verizon.
*   **Lead, Internal AR Innovations**, Sponsored AR department.

**HeyJoy Toy Store**

*   **Product Manager**
    *   Developed an app for this US-based retail-tech startup.
    *   Delivered the first MVP.
    *   Validated the value hypothesis.

**Skills**

*   Product Development (Idea to MVP and Launch)
*   Negotiation
*   AR Project Management
"
6043,"**Summary**

Results-driven professional with 5 years of team management experience and demonstrated ability to lead and motivate teams. Expertise in project documentation, project management methodologies, and conflict resolution. Skilled at balancing stakeholder interests and implementing team values.

**Skills**

*   Team Management
*   Project Documentation
*   Conflict Resolution
*   Stakeholder Management
*   Agile Methodologies (Scrum, Kanban)
*   Risk Management
*   Scope Management
*   Schedule Management
*   Resource Management
*   Quality Management
*   Personnel Management
*   Communication Implementation
*   Team Value Implementation
*   Superficial Expertise Management

**Experience**

**Project Manager** | SoftServe | October 2021 - Present

**Service Manager** | Veteran Hub Dnipro | September 2020 - October 2020
*   Managed a team of 6 members.
*   Conducted personnel hiring and onboarding.
*   Established work and reporting processes.
*   Managed a multidisciplinary team.
*   Monitored compliance with organizational standards.
*   Managed conflicts.

**Junior 3D Artist (Freelance)** | Remote | December 2019 - September 2020
*   Performed low and high-poly modeling, UV unwrapping, texturing, baking, and level design.

**Hotel Manager** | Mykulychyn | November 2018 - November 2019
*   Responsible for hotel revenue and client satisfaction.
*   Managed hotel operations and reservations.
*   Managed hotel presence on booking services.
*   Communicated with guests.
*   Processed payments.
*   Managed personnel and task implementation.
*   Made decisions regarding the hotel and its territory.
*   Increased Booking.com rate mark from 8.7 to 9.0.

**Artillery Battery Control Platoon Commander** | 4th Rapid Reaction Brigade of the National Guard of Ukraine, Gostomel | November 2016 - November 2018
*   Led a team of 10 members.
*   Managed individuals with varying motivations and ages.
*   Fostered team spirit.
*   Performed mathematical calculations and geometric drawings.
*   Responsible for maintaining high-precision, high-value equipment.
*   Analyzed logistics routes.
*   Analyzed qualitative and quantitative characteristics of observation objects.

**Hotel Manager** | Remote | April 2015 - November 2016

**Certifications**

*   IT Project Manager Courses | Beetroot Academy
*   IT Project Manager Courses | SoftServe Academy
"
6078,"**[Your Name]**

**Summary**

Results-oriented project management professional with experience in the game development industry, having partnered with international studios on established titles. Demonstrated ability to oversee projects through the complete lifecycle, ensuring timely delivery and operational effectiveness.

**Experience**

*   Engaged with leading game development companies globally.
*   Played a role in the development of well-known titles within the game development industry.

**Responsibilities**

*   Developed scope estimations based on provided references and project briefs.
*   Facilitated communication with partners through email and phone calls.
*   Managed the full project lifecycle, from initial kick-off to final retrospective review.
*   Created and assigned tasks for art teams.
*   Led daily project team meetings.
*   Collaborated with Legal and Finance Departments on legal documents, agreements, invoicing, and payment tracking.
*   Performed project efficiency calculations, resource reallocation, and risk management.
*   Maintained project efficiency according to initial plans.
*   Managed change requests, including information gathering, justification, and meeting coordination.
*   Executed project/batch closure, including Jira tracking review, retrospective analysis, and final invoice issuance.

**Environment**

*   Experience within the game development industry.
*   Experience in a product company setting.
*   Focused on a positive team and office environment.
"
6081,"**Summary**

Highly motivated and results-oriented professional with a proven track record in art team management, illustration and design, and event coordination. Demonstrated ability to build and lead teams, develop innovative solutions, and manage projects from conception to completion.

**Experience**

**Art Team Manager** | 2021 - Present

*   Managed a team of 7 artists, overseeing all aspects of team operations, including documentation, communication, performance evaluation, and reporting.
    *   Analyzed and optimized team processes.
    *   Developed and implemented a performance evaluation system for the Art Department.
    *   Created comprehensive documentation, including workflow guides, team frameworks, department structure documents, performance review templates, and screenshot guides, for new managers.
    *   Provided task specifications, generated ideas, and formulated technical specifications.
    *   Monitored task completion, provided feedback, and ensured high-quality work.
    *   Fostered employee motivation and performance.
    *   Collaborated with the Art Lead on task formation, requirements, and deadlines.
    *   Conducted market research and benchmark analysis.
    *   Contributed to the preparation of company documents.

**Illustrator Designer** | 2018 - 2021

*   Created illustrations and designs for diverse projects.
    *   Designed personal stickers for Telegram.
    *   Developed icons, illustrations, and prints for social media and apparel.
    *   Created illustrations for magazines.
    *   Designed posters for movies and events.
    *   Produced illustrations for presentations.
    *   Developed logos and stickers.
    *   Designed advertising materials for social networks.
    *   Created vector characters for animation.

**Internal and External Communications Manager** | 2016 - 2018

*   Developed and implemented communication strategies to improve internal and external communications.
    *   Created instructions, regulations, and motivational models for company employees.
    *   Collaborated with cross-functional departments to achieve objectives.
    *   Managed relationships with partners.
    *   Negotiated, signed, and monitored contracts, including modifications.
    *   Managed trading platforms (Wildberries and Ozone).
    *   Organized shipments to Wildberries.
    *   Utilized 1C, Bitrix, Wildberry platform, and Diadoc.

**Event Manager** | 2015 - 2016

*   Managed and executed events.
    *   Collaborated with project departments.
    *   Participated in event preparation and execution.
    *   Managed project delivery through all stages.
    *   Maintained client relationships and organized work according to established business practices.
    *   Prepared presentations, proposals, and cost estimates.
    *   Managed client relationships from initial contact to event completion.

**Achievements**

*   Successfully built and led an art team, debugging processes.
*   Implemented a user-friendly system for evaluating Art Department employees.
*   Improved employee performance, motivating team members.
*   Developed essential documentation for new managers.
*   Created illustrations and designs for various projects, including an ECO-school, a space museum, the restaurant Gorynych, and ISBC.
*   Identified and implemented process improvements.
*   Developed work instructions and regulations, streamlining training for new employees in the key account department.
*   Resolved complex client situations, maintaining positive relationships.
*   Consistently met and exceeded sales targets.
*   Organized a new event format, increasing deal value with a regular client.
*   Received positive feedback from management for event organization and performance.
"
6082,"**Summary**

Results-driven professional experienced in 2D/3D art task and project management within GameDev, specializing in process optimization and team leadership. Demonstrated ability to manage teams and ensure quality control, with a focus on efficient project delivery. Motivated to expand expertise in 3D, VFX, VR, video, and game production.

**Skills**

*   Task & Project Management (2D/3D Art)
*   Scrum & Kanban (Basic)
*   People Management (Mentoring, Onboarding, 1:1s, Performance Reviews, Conflict Resolution)
*   Art Direction (Quality & Style Control)
*   Process Analysis & Optimization
*   Information Base Creation & Knowledge Systematization

**Experience**

*   Managed teams of up to 30 members.
*   Oversaw art projects, including workload planning, assignment creation, process coordination, quality and priority control, and client communication.
*   Facilitated project retrospectives.
*   Developed and implemented art and internal workflow guides.

**Preferences**

*   Product Companies or Long-Term Projects
*   Game Development Focus

**Professional Development**

*   Adaptable and quick learner
*   Seeking opportunities for professional growth

**Areas of Interest**

*   3D Production
*   VFX
*   VR
*   Video Production
*   Game Production
"
6090,"**[Your Name]**
[Your Phone Number] | [Your Email Address] | [Your LinkedIn Profile (Optional)]

**Summary**

Motivated individual with a Bachelor's degree in Economics of Enterprise and currently pursuing a Master's degree in Project Management. Possesses project management skills and experience in client relations and operations. Eager to contribute to a team and apply acquired knowledge to achieve project goals.

**Education**

*   **Master of Project Management**
    [University Name], [City, Country] | Expected Graduation: [Year]
*   **Bachelor of Economics of Enterprise**
    Kharkov National University of Economic, [City, Country]

**Certifications & Training**

*   Project Manager Course, Source IT, 2017
*   English Language Courses, Green Forest, 2016
*   English Language Courses, Language Center, 2015

**Skills**

*   Teamwork
*   Fast Learner
*   Project Management Methodologies: Agile (SCRUM/Kanban) and Waterfall (Theoretical and practical understanding, including proposal writing, terms of reference, project plans, risk management, and WBS)
*   Client Relations
*   Order Processing
*   Invoicing
*   Record Keeping
*   Inventory Management

**Experience**

*   **Assistant Manager**
    [Company Name - if applicable, otherwise omit], [City, Country] | [Dates of Employment]
    *   Attracted new clients.
    *   Processed customer orders.
    *   Invoiced customers.
    *   Maintained records.
    *   Managed goods.
"
6127,"**Summary**

Results-oriented Mobile Product Manager with 2 years of experience, specializing in mobile product initiatives and app store optimization (ASO). Proficient in ASO, ASA, and Incentive Traffic strategies.

**Skills**

*   ASO (Keyword Research, Metadata Optimization, A/B Testing, Conversion Rate Optimization)
*   Mobile App Analytics
*   Data-Driven Decision-Making
*   Cross-Functional Team Collaboration
*   Communication Skills
*   Agile Methodologies
*   Project Management Tools

**Experience**

*   Successfully led mobile product initiatives.
*   Optimized app store performance through strategic initiatives.
*   Developed and executed ASO strategies to improve visibility.
*   Leveraged mobile app analytics for performance optimization and informed decision-making.
*   Collaborated effectively with cross-functional teams to achieve product goals.
*   Managed product development cycles and releases, ensuring timely delivery.
"
6211,"**Education**

*   Master of Economy and Management, 2020
*   Bachelor of Management, 2017
*   Project Management Specialization, University of Colorado Boulder, 2023
    *   Courses: Project Management: Foundations and Initiation, Project Planning and Execution, Agile Project Management
*   Scrum Master Certification, Learn Quest, 2023
    *   Courses: Introduction to Scrum Master Training, Scrum Master Certification: Scrum Methodologies, Scrum Master Certification: Scaling Agile and the Team-of-Teams, Combining Scrum with Other Agile Methodologies
*   Information Systems Specialization, University of Minnesota, Carlson School of Management, 2023
    *   Courses: Enterprise Systems, IT Infrastructure and Emerging Trends, Analysis for Business Systems
*   Certificate in Marketing and Communications, International Business Management Institute of Berlin, Germany, 2021
*   Certificate in Leadership and Team Development, International Business Management Institute of Berlin, Germany, 2020

**Work Experience**

*   Assistant IT Project Manager
    *   Drives business process optimization and automation.
    *   Analyzes and translates business requirements into IT mechanisms.
    *   Specializes in end-to-end implementation of new solutions within a proprietary ERP system.
    *   Collaborates with departments to understand project requirements.
    *   Collaborates with developers to ensure smooth implementation.
    *   Defines user stories based on customer requirements and prioritizes them.
    *   Seeks opportunities to streamline operations and maximize productivity.

*   Data Analyst (2+ years)
    *   Managed macroeconomic and financial datasets for multiple countries.
    *   Communicated effectively with sources to maintain data integrity.
    *   Coordinated external and internal client interactions using the CRM system.
    *   Utilized in-house project management system to troubleshoot and resolve issue tickets.
    *   Proactively identified process enhancement opportunities.
    *   Collaborated with IT teams to ensure seamless availability of data sources.
"
6213,"**Summary**

Results-oriented professional with experience in project management and legal counsel, seeking an Assistant / Junior Project Manager position within an IT company. Proven ability to organize and coordinate teams, manage tasks and deadlines, and maintain project documentation. Possesses a strong understanding of project management methodologies and software development life cycle.

**Experience**

**Online Shop for Developmental Children’s Toys** (Pet Project)

*   Organized and coordinated team work.
*   Managed time and tasks using Notion.
*   Controlled execution and roadmap.
*   Drafted and maintained project documentation and instructions.
*   Solved legal issues.
*   Managed a team of four: Power Query Developer, Designer, Sales Manager, and Supply Manager.

**Project Management Intern, We Challenge & UNIT.City** Kyiv, Ukraine (February 2023 - March 2023)

*   Led and facilitated the Intern team.
*   Prepared Impact map of the project.
*   Prepared Project plan (WBS, Timeline, Resources).
*   Prepared Risks register.
*   Prepared Stakeholder Register, Map, Matrix & RACI Matrix.
*   Prepared Stakeholder communication plan.
*   Maintained Business communication with Stakeholders.
*   Research and analysis.

**Legal Counsel** (5+ Years)

*   Oversaw a team of five legal counsels.
*   Controlled and coordinated their work.
*   Responsibilities relevant to project management:
    *   Communication with Customers and Stakeholders.
    *   Organization and coordination of teamwork.
    *   Managing project deadlines and tasks, including in task manager.
    *   Creating a project plan, maintaining project documentation, registers, and preparing reports.
    *   Preparation of legal documents, including Contracts, Invoices, and Services Acceptance Acts.

**Education**

*   Master's Degree in Law

**Certifications & Courses**

*   ""Become a Project Manager"", LinkedIn Learning Path, March 2023
*   ""IT Project Management"" from Creative&Tech Online Institute: Projector, November 2021 – February 2022
*   ""Fundamentals of team and project management in IT"" from Lviv IT School (LITS), 2021

**Skills**

*   **Project Management Tools:** Notion, Trello, Jira, Miro, Canva, Confluence, Gantter, Slack, Gather, Google Workspace / Microsoft Office
*   **Project Management Methodologies:** Waterfall, Scrum, Kanban
*   **Project Management Knowledge:** Impact Map & Work Breakdown Structure (WBS), Gantt Chart, Risk Register, Stakeholders Register, Stakeholders Map / Matrix & RACI Matrix, User Stories & User Story Map (Definition of Ready and Definition of Done), Task estimation (Big/Small/Uncertain, Poker Planning, T-Shirt Sizes)
*   **Technical Skills:** Windows, MS Office, basic Google applications
*   **Languages:** Ukrainian (Native), Russian (Fluent), English (Upper-Intermediate)
*   **Soft Skills:** Proactivity, Communicativeness, Multitasking, Self-organization, Fast learning, Active listening, Teamwork
"
6214,"**[Your Name]**
[Your Contact Information]

**Summary**

Seeking a Junior Project Manager position. Possessing foundational project management knowledge, an understanding of the Software Development Life Cycle (SDLC), and familiarity with Agile methodologies (Scrum, Agile) acquired through Project Management Course completion. Eager to apply learned skills and contribute to project success.

**Skills**

*   Project Management Fundamentals
*   SDLC
*   Agile Methodologies (Scrum, Agile)
*   Windows OS
*   MS Office Suite
*   Google Workspace (Basic)

**Experience**

*   **[Previous Job Title]** - [Previous Company Name]
    *   Managed projects, including project planning and execution.
    *   Interacted with customers and stakeholders to gather requirements.
    *   Organized and coordinated team activities.
    *   Maintained project documentation, ensuring accuracy and completeness.
    *   Prepared legal documents, demonstrating attention to detail.
"
6231,"**[Your Name]**
[Your Phone Number] | [Your Email Address] | [Your LinkedIn Profile URL (Optional)]

**Summary**

Project Management Specialist with experience in financial consulting. Seeking opportunities in Information Technology, Product Management, and Project Support roles. Demonstrated ability to manage project documentation, facilitate communication, and contribute to project success.

**Experience**

**Project Management Specialist** | Grant Thornton Ukraine | Kyiv, Ukraine | [Start Date] – Present

*   Managed client and contractor communication.
*   Maintained project documentation and schedules.
*   Collected and analyzed project information.
*   Provided administrative support for project meetings.
*   Prepared project reports.

**Projects**

*   Developed a system for monitoring Sustainable Development Goals achievement for Kyiv city.
*   Conducted anti-corruption policy audits.
*   Performed financial statement audits.

**Skills**

*   Microsoft Office Suite
*   1C/BAS
*   CRM Bitrix 24
*   Smart Tender
*   Project Documentation
*   Communication
*   Reporting
*   Analytical Skills

**Languages**

*   English: Upper-Intermediate

**Personal Attributes**

Responsible, attentive, self-motivated, and hardworking. A team player with adaptability and analytical skills, capable of working effectively both independently and collaboratively.
"
6232,"**[Your Name]**

**Summary**

Results-oriented professional with experience managing educational projects for over 500+ participants across diverse organizations, including Boeing, Ubisoft, and Xpand. Possesses strong communication and organizational skills, adept at multitasking and maintaining focus. Eager to advance a career in IT management.

**Experience**

*   Managed educational projects, impacting over 500+ participants from organizations such as Boeing, Ubisoft, and Xpand.
*   Implemented Agile and Scrum methodologies, including 1-on-1 meetings, stand-ups, and retrospectives, to foster team motivation and project progress.
*   Utilized Lean methodology to drive continuous project improvement.
*   Contributed to project design and setup discussions, demonstrating an understanding of project profitability drivers and identifying cost-saving opportunities.
*   Monitored, maintained, and enhanced field operations performance, ensuring timely and accurate delivery.
*   Served as a liaison, facilitating communication among stakeholders on project-related matters.
*   Communicated directly with customers to clarify requirements, manage expectations, and address changes.
*   Managed project planning, task progress monitoring, and team workload prioritization.
*   Prepared and organized project documentation.
*   Provided regular project updates and planning.
*   Coordinated project launch schedules and activities.
*   Managed risk.
"
6233,"**British Autoclub Assistance, Kyiv – IT Manager**
September 2018 – March 2019

*   Collected requirements for Minimum Viable Product (MVP) development on web, app, and CRM system projects.
*   Conducted black box, grey box, and acceptance testing on delivered features for CRM and app projects.
*   Oversaw app project delivery activities with an external team, including project backlog and sprint backlog creation, manual testing, and bug tracking.
*   Offered support for 1C accounting management and new feature development.

**Pride International LLC, Kyiv – Project Manager Assistant / QA Manager**
August 2017 – September 2018

*   Supported sprint planning and product backlog management.
*   Performed quality assurance tests during sprint cycles and product releases.
*   Helped resolve defects in app and web versions.
*   Assisted the team in removing impediments, showing knowledge of control and release processes.
*   Monitored and communicated team velocity and sprint/release progress to relevant teams and management.
*   Contributed to defining and implementing new product development processes and in facilitating continuous process improvement.

**MBM Partners, Kyiv – Head of Lead Generation and Advertising Departments**
June 2015 – August 2017

*   Managed and controlled lead generation and traffic management activities.
*   Developed strategic guidelines and tactics for the company's social media activities (SMM).
*   Provided social media marketing planning, recommendations, and implementation.
*   Created tasks for script development for social media lead extraction.
*   Managed automation and tool integration for social media content.
"
6239,"**Summary**

Highly motivated and experienced ESL teacher with 4+ years of experience, holding a 120-Hour TESOL/TEFL Certificate from World TESOL Academy. Proven ability in project management, effective communication, and adapting to various teaching methodologies. Dedicated to customer satisfaction and continuous improvement.

**Skills**

*   Project Management
*   Agile Methodologies (Scrum, Kanban)
*   Communication (Written & Verbal)
*   Customer Relationship Management (CRM)
*   MS Office Suite
*   Problem-Solving
*   Multitasking
*   Time Management & Punctuality
*   ESL Instruction (Children & Adults)
*   Business English
*   Content Creation & Copywriting
*   Project Lifecycle Understanding
*   Metrics for Project Management
*   Customer Support
*   Sales Tools (Email Finder, Verifier, Warm-up, Drip Campaigns)

**Experience**

*   **ESL Teacher/Tutor** | Self-Employed | 2018 - Present
    *   Developed and implemented engaging ESL activities, incorporating technology.
    *   Improved students' reading, grammar, and speaking skills, modifying lesson plans as necessary.
    *   Created monthly academic status reports based on student evaluations.
    *   Tracked student attendance and progress.
    *   Conducted speaking clubs.
    *   Provided Business English instruction.
    *   Conducted individual and group online English lessons.
    *   Managed daily operations and class management.
    *   Administered quarterly student progress assessments and retrospectives.
    *   Developed strong communication and management skills.
*   **Customer Support Specialist Intern** | Crisp | August [Year]
    *   Resolved customer issues via text and calls to ensure satisfaction.
    *   Utilized CRM systems.
    *   Gained experience with sales tools, including Email Finder, Verifier, Warm-up, and Drip Campaigns.
*   **Assistant SMM Manager** | Instagram | [Dates]
    *   Content Creator and Copywriter.
*   **Cashier** | McDonald's | ""Work and Travel in Germany"" Student Exchange Program | [Dates]

**Certifications**

*   120-Hour TESOL/TEFL Certificate | World TESOL Academy | Accredited by ACCREDITAT & The CPD Certification

**Education**

*   [Student Name] | [University Name] | [Dates]
    *   Volunteered in various student startups and volunteer rallies.

**Additional Information**

*   Fluent in English (Advanced)
*   Aware of copywriter’s and videographer’s workflow.
*   Interested in a project manager role.
"
6240,"**[Your Name]**

**Summary**

Project Management-oriented individual with a foundation in project management principles, SDLC, team management, and project management best practices. Actively expanding knowledge through webinars and professional development.

**Education**

*   **Project Management Training:**
    *   Basic Course, Online Ukrainian School of Project Management by Denys Prylutskyi, July 2022
    *   ""Project Manager Profession | 10.0,"" GeniusMarketing, May 2022
    *   ""Fundamentals of Team and Project Management in IT. Preparatory,"" Prometheus, October 2021

**Experience**

*   **People Coordinator, Crunch**
    *   Serve as primary point of contact for the client regarding project information and updates.
    *   Ensure stakeholders are regularly updated on the status of all sites in project through meetings, correspondence, and status trackers.
    *   Forecast, track, and manage resource planning.
    *   Identify project resources necessary and partner with other company managers to acquire resources.
    *   Build and nurture an effective and collaborative project team, and promote effective individual and team performance.
    *   Track internal project team assignments.
    *   Monitor team and specialist states to identify and prevent risks (dismissal, burnout, conflicts, etc.).
    *   Inform and consult specialists about company social and remuneration policies.
    *   Participate in the organization and execution of team-building activities.
"
6254,"**[Your Name]**
[Your Contact Information]

**Summary**

Marketing professional focused on lead generation and social media marketing. Experienced in leveraging digital platforms and tools to support marketing goals. Possesses a strong desire to learn and contribute within a team setting.

**Skills**

*   Facebook Ads
*   Instagram
*   Miro
*   Asana
*   Figma
*   Pipedrive
*   Expandi
*   LinkedIn
*   Google Meet
*   Google Sheets
*   Google Docs

**Experience**

*   **Lead Generation Manager** | [Company Name] | [Dates of Employment]
    *   Oversaw lead generation initiatives for a website development company.
*   **Social Media Marketing (SMM)** | [Dates of Employment]
    *   Administered company social media accounts and utilized targeted advertising via Facebook Ads.
*   **Business Development/SDR/Sales Manager/Account Manager** | [Crypto Marketing Agency] | [Dates of Employment]
    *   Held diverse roles within a crypto marketing agency.

**Additional Skills**

*   Creative Ideation
*   Framework Development
*   Project Planning
*   Time Management
"
6255,"**[Your Name]**
[Your Phone Number] | [Your Email Address] | [Your LinkedIn Profile URL (Optional)]

**Summary**

Results-oriented Delivery Coordinator/Error Manager and Senior Test Engineer with eight years of experience in automotive embedded projects. Demonstrated abilities in customer communication, team organization, and utilization of Jira, Confluence, and Test Planning. Dedicated to automotive projects and leveraging expertise within the automotive industry.

**Skills**

*   Customer Communication
*   Team Organization
*   Jira
*   Confluence
*   Test Planning
*   Error Management
*   Automotive Embedded Systems

**Experience**

*   **Senior Test Engineer** (Dates of Employment)
    *   (Elaborate on your responsibilities and achievements in this role. Focus on quantifiable results whenever possible. For example: ""Managed and executed test plans for X automotive projects, resulting in a Y% reduction in critical defects."")
    *   (Continue listing your responsibilities and achievements)
    *   (Continue listing your responsibilities and achievements)
    *   (Continue listing your responsibilities and achievements)
*   **Delivery Coordinator/Error Manager** (Dates of Employment)
    *   (Elaborate on your responsibilities and achievements in this role. Focus on quantifiable results whenever possible. For example: ""Coordinated the delivery of X projects, ensuring timely completion and adherence to quality standards."")
    *   (Continue listing your responsibilities and achievements)
    *   (Continue listing your responsibilities and achievements)
    *   (Continue listing your responsibilities and achievements)

**Education**

*   **Master of Science in Automobile/Automotive Mechanics Technology**
    National Transport University (Year of Graduation)
"
6342,"**Mrowki-UA**
Consulting. HR.
2021-2022

*   Automation Project Manager
    *   Managed website development within an automation project.
    *   Provided automation for company processes.
    *   Developed messenger bots to streamline communication.

**Interra**
Online School
www.interra.bz
2020-2022

*   Automation Project Manager / Business Analyst
    *   Conducted business analysis to identify and propose business process transformations.
    *   Implemented automation solutions in Bitrix.
    *   Utilized Power BI for data analytics, contributing to cost and time savings, and improved service quality.

**RublevFamily**
Quest Franchise
fr.fortfamily.ru
2018-2022

*   Automation Project Manager
    *   Initiated automation efforts for the franchise sales department.
    *   Provided automation solutions for franchise partners' sales departments.
    *   Established marketing analytics for franchise partners.

**BizRaise**
Marketing Agency
bizraise.pro
2017-2018

*   Automation Project Manager / Business Analyst
    *   Focused on business processes and automation across various business areas.
    *   Assessed current customer processes to identify automation opportunities.
    *   Developed automation solutions to address customer-defined problems.
"
7630,"**Summary**

Highly motivated professional experienced in market research and digital marketing strategies, including social media, email campaigns, and digital advertising. Demonstrated ability to oversee contractors and produce compelling content. Proficient in a range of digital marketing tools and platforms.

**Skills**

*   Market Research
*   Social Media Marketing (SMM)
*   Email Marketing
*   Google Ads/Instagram Ads/Facebook Ads
*   Contractor Management
*   SEO (Basic)
*   Backlink Analysis
*   Content Development
*   People Management
*   Google Ads Editor
*   Google Tag Manager (GTM)
*   Google Analytics
*   Facebook Business Manager
*   LinkedIn Marketing
*   Mailchimp
*   Tilda
*   Wix
*   Bitrix
*   Ahrefs
*   Serpstat
*   SimilarWeb
*   Microsoft Excel
*   Microsoft PowerPoint
*   SQL (Basic)
*   HTML
*   Adobe Photoshop
*   Adobe Illustrator

**People Management**

*   Team Coordination
*   Process Development
*   Conflict Resolution
*   Stakeholder Management

**Languages**

*   Ukrainian, Russian (C2 Proficiency)
*   English, German (C1 Proficiency)
*   Spanish, French (A2 Level) (In Progress)
"
7654,"**Summary**

Telecom professional with 14 years of experience, currently managing network coverage requests for B2B customers. Demonstrated ability to launch and optimize business processes, with a focus on delivering high-quality service and building strong customer relationships. Proficient in analytical thinking, negotiation, and project coordination, with a commitment to continuous learning and professional development.

**Experience**

*   **Network Coverage Specialist** (Current)
    *   Manages network coverage requests for corporate customers.
    *   Spearheaded the launch of the business process for handling network coverage requests.
    *   Develops business cases for base station construction, incorporating financial analysis (payback, revenue), technical optimization, and negotiations.
    *   Negotiates with internal and external stakeholders, including contractors, landlords, and clients.
    *   Delivers training courses to colleagues on the customer request lifecycle, promoting engagement and knowledge sharing.
*   **Customer Service Division, B2B Sales** (Previous - 14 years ago)
    *   Developed analytical, managerial, and negotiation skills through B2B sales experience.

**Skills**

*   Network Coverage Management
*   Business Process Improvement
*   Business Case Development
*   Financial Analysis (Payback, Revenue)
*   Negotiation
*   Stakeholder Management
*   Training and Presentation
*   Analytical Skills
*   Project Coordination

**Professional Development**

*   English Language Learning (Since March 2018)
*   Content Marketing and Copywriting Course (December 2020)
"
8890,"**[Your Name]**

**Summary**

Professional experienced in project management, user interface/user experience (UI/UX), and quality assurance (QA). Demonstrated ability to utilize Agile methodologies to improve IT processes and achieve positive results.

**Skills**

*   **Project Management:** BA/PM, Scrum, Agile, Kanban, RUP
*   **UI/UX:** UI/UX, CSS, HTML, JavaScript, HTML5, UML
*   **Quality Assurance:** QA
*   **IT & Development:** IT process optimization, Python
*   **Collaboration & Documentation:** Confluence, Redmine, Jira, Knowledge base
*   **Systems:** ERP, CRM
"
8916,"**Summary**

Results-driven IT professional with a decade of experience. Demonstrated ability to contribute to complex projects in both governmental and private sectors. Skilled in project management, business development, and channel management.

**Experience**

*   **IT Projects:**
    *   Participated in multiple projects for governmental organizations in Azerbaijan, including the Central Bank's card system and the Treasury of the Azerbaijan Republic's inventory system.
    *   Oversaw projects within the broadcasting industry, specifically the creation of an online TV system.
*   **Business Development & Channel Management:**
    *   Five years of experience in IT Distribution, holding roles as Business Development Manager (BDM) and Channel Manager.
"
9028,"**Summary**

Results-oriented BI/DWH professional with 10+ years of experience in reporting and development, specializing in Oracle BI, SAP WEBI, Oracle PL/SQL, and ETL processes. Demonstrated ability to lead teams and provide technical guidance. Expertise in data architecture, data modeling, and analysis, with a strong understanding of financial and business objectives.

**Experience**

*   **BI/DWH Development & Reporting:** 10+ years
    *   Proficient in Oracle BI, SAP WEBI, Oracle PL/SQL, and ETL processes.
    *   Experience within Financial, Trading, Accounting, and other banking business departments.
*   **Team Lead/Tech Lead:** 4+ years
*   **Data Architecture, Modeling & Analysis:** 9+ years
*   **Technical Documentation:** Experience in creating Tech Design/Requirements documents.
*   **Agile Development:** Extensive knowledge of Scrum/Kanban practices.
*   **Requirements Prioritization:** Significant experience in prioritizing customer requirements.

**Skills**

*   **Reporting & BI Tools:** Oracle BI, SAP BO, Tableau, Pixel Perfect reporting
*   **Programming Languages:** PL/SQL, SQL, XML, Visual Basic (VB)
*   **Methodologies:** Agile, Scrum
*   **Version Control & Collaboration:** Jira, SVN, Crucible
*   **Data Structures:** Siebel / B2 / iFobs / isCard
*   **Banking Reports:** Financial and management banking reports, bank Accounting

**Key Strengths**

*   Strong understanding of business goals and priorities within the financial and product sectors.
*   Proactive team communication and leadership skills.
"
9066,"**Summary**

Results-oriented professional with experience in public procurement. Skilled in managing comprehensive tender procedures and delivering high-quality service proposals within established deadlines.

**Experience**

*   Managed end-to-end tender procedures.
*   Oversaw service proposals, including technical and commercial components, from the initial call for tender to bid submission.
*   Directed bid logistics, including team scheduling and responsibility allocation.
*   Served as a central point of contact for technical, commercial, and contractual submissions, collaborating with diverse service teams.
*   Coordinated and contributed to document drafting.
*   Ensured service proposal quality and deadline adherence.
*   Facilitated communication and information gathering from internal and external stakeholders (HR, finance, purchasing, legal, partners, etc.).
*   Controlled proposal costs and met deadlines.
*   Collaborated with account directors on service proposals, submission documents, client communications, and meetings.
*   Focused on improving the efficiency of the service proposal process.
*   Improved tools to enhance the quality and compliance of submission documents.
"
9445,"**Summary**

Results-driven Branch Manager / Project Manager with fifteen years of IT industry experience. Demonstrated ability to manage businesses and development teams of 5-50 people. Seeking a Branch Manager or Senior Project Management position within a well-established company.

**Experience**

*   **Project Portfolio:**
    *   Legal Management System: Managed the complete multi-attorney workflow, from claim filing to executive proceedings.
    *   CRM System: Developed and managed a CRM system for a large wholesale supplier of tourism products, supporting hundreds of customers, tens of thousands of products, and multiple warehouse locations.
    *   SaaS Management Platform: Created a SaaS management platform for fitness and dance clubs, and similar small businesses.
    *   Online Stores: Developed and managed multiple online stores of varying complexity.

**Skills**

*   Project & Product Management
*   Agile (SCRUM)
*   Requirements Management
*   Branch Management

**Technical Skills**

*   Atlassian Jira
*   LAMP
*   CSS, HTML
*   PHP4-5
*   SQL
*   jQuery, AJAX
*   Bootstrap
*   PostgreSQL
*   AWS
*   CVS, Mercurial, Git
*   Nginx
*   CMS, CRM

**Experience**

*   15+ years of development experience.
"
9542,"**Summary**

Results-oriented marketing professional skilled in project management, content creation, and digital advertising. Demonstrated ability to drive engagement, manage budgets, and coordinate cross-functional teams.

**Experience**

**Digital Marketing Manager**
Genesis, Keiki

*   Developed and scaled Facebook advertising campaigns.
*   Managed a monthly advertising budget of $50,000, achieving a positive return on investment (ROMI).
*   Collaborated with content managers to develop engaging content.
*   Analyzed key performance indicators (KPIs) and made data-driven decisions.

**Marketing Project Manager**
Silpo

*   Planned, executed, and monitored marketing projects.
*   Coordinated efforts between IT, Design, and Operations departments.
*   Developed creative assets for website, targeted advertising, social media, Viber, and email campaigns.
*   Managed video production projects.

**Brand Manager**
Red Bull

*   Developed social media strategies.
*   Assisted in the organization of events.
*   Conducted market research.

**Volunteer Project**

*   Created content for website and social media platforms.
*   Coordinated a core team of 8 members.
*   Established and maintained partnerships with companies, universities, and students.
*   Sourced potential partners and managed subsequent communications.
*   Evaluated and tracked the event's success.

**Projects**

*   **Red Bull Basement 2021:** Submitted 437 applications.
*   **Silpo:** Led the realization of one project.
*   **""Recipes Silpo"" Product:** Coordinated the creation of this product.
*   **Lynksen Website:** Oversaw full copywriting for the website.
*   **Video Production:** Produced two video productions.
*   **Recipe Database:** Created content for a database of over 170 recipes.
"
9546,"**Summary**

Results-oriented professional with experience in project management, event management, and business operations. Proven ability to build and lead teams, manage projects, and deliver successful outcomes. Adept at problem-solving, communication, and building relationships. Passionate about continuous learning and contributing to positive environments.

**Skills**

*   Project Management
*   Event Management
*   Team Leadership & Management
*   Budgeting & Financial Management
*   Client Communication & Relationship Management
*   Marketing Strategy & Implementation
*   Process Creation & Management
*   Public Speaking & Presentation
*   Candidate Selection & Interviewing
*   Conflict Resolution & Mediation
*   Fundraising & Resource Acquisition
*   Analytical & Critical Thinking

**Experience**

**Business Assistant for CEO** 07/2022 - 09/2022

*   Developed company strategy and communication plans.
*   Managed process creation and implementation.
*   Managed a sales team of 5 members.
*   Created and managed marketing strategies.
*   Coordinated with design, development, copywriting, and HR teams.

**Event Project Manager** 03/2020 - 10/2021

*   Managed projects for clients including Metro Cash & Carry, Kyivstar, Metinvest, and Intersport.
*   Oversaw all aspects of projects, including client communication, budgeting, bid preparation, and turnkey implementation.
*   Managed online production project for Metro Cash & Carry (online cooking master classes for Chefs).
*   Managed a conference for Chefs and Partners of Metro for 500+ guests (Odessa, Dramatical Theater, quarantine period 2021).
*   Managed sport olympiade for Metinvest during 2 month in 5 different cities.
*   Prepared projects that brought victory to the agency in Kyivstar tenders (projects total costs over 5 million UAH).
*   Managed BTL projects for Metro Cash & Carry across the country.

**Co-Owner & COO** 03/2019 - 09/2019

*   Identified and communicated with clients, partners, and investors.
*   Managed budgeting and documentation.
*   Oversaw website development and design.
*   Managed event support and team management.

**Project Manager & COO** 03/2016 - 12/2018

*   Recruited and onboarded employees.
*   Managed teams and tasks.
*   Managed projects and products throughout the full development cycle.
*   Managed budgeting.
*   Maintained project documentation.
*   Prepared reports on product development stages.
*   Brought the product to the pre-release stage.
*   Presented the project on the international market, including participation in exhibitions and road shows, and communication with potential investors.
*   Built a dream team of developers with limited investments.
*   Led the startup to the pre-launch stage.
*   Presented at the international stage (London Road Show for investors, 2018).

**Additional Skills and Experience**

*   Developed and delivered training programs for IT beginners on interview techniques and team dynamics.
*   Successfully worked on projects with zero budgets, utilizing fundraising, collaborations, and bartering.
*   Utilized knowledge of conflictology, mediation, and psychology in everyday situations.
*   Demonstrated strong problem-solving skills and a flexible mindset.
*   Actively engaged in self-education, completing 2-3 educational programs annually in fields such as psychology, marketing, brand & product management, philosophy, and technologies.
*   Experience in building project teams from scratch.
*   Developed own system of candidate selection and interviewing.
*   Provided comfortable working conditions for teams.
*   Participated in roadshows and presentations.
*   Built strong relationships with team members and clients.

**Location:** Lodz, Poland

**Availability:** Remote work.

**Preferences:** Seeking opportunities in IT development as a Project Manager or Event Manager. Willing to start in a Junior position to develop IT PM skills and grow within the company.

**Exclusion:** Will not work with companies that cooperate with Russia or have Russians among their employees.
"
9547,"**[Your Name]**

**Summary**

Professional experienced in launching and managing initiatives, with a demonstrated ability to contribute to organizational growth and drive positive outcomes.

**Experience**

*   **Philip Morris Ukraine**
    *   **Brand Executive, Marketing** (2 years)
    *   **Project Manager, HR** (2 years)
    *   **Customer Care, Sales** (8 months)
*   **Nestle Ukraine - Purchasing Department** (6 months)

**Projects & Initiatives**

*   **Launched Nationwide Internship:** 70% of graduates continued employment (previous result: 50%).
*   **Launched Global Internship:** 80% of graduates continued employment.
*   **Launched Philip Morris Business Academy:** Nationwide roll-out, Net Promoter Score (NPS) of 90.
*   **Launched New Product - L&M Double Mix:** Full-support, achieved Market Share Objective (SOM) target.
*   **EVP Roll-out:** Global EVP adaptation to local market demands + Employee Ambassador program.
*   **Launched Hostess Project:** Conducted twice, 20,000 contacts per month (full-support).
*   **Parliament Brand:** Continuous support.

**Objective**

Seeking a challenging project, opportunities for ownership, and a collaborative team environment.
"
9583,"**Summary**

Accomplished professional with experience in project management, procurement, operational leadership, and business development. Demonstrated ability to establish and expand systems, lead teams, and contribute to organizational achievement.

**Experience**

*   **Director** Oversaw operational management within a scientific institution.
*   **Head of Department/Manager** Established a procurement system within a network of construction supermarkets.
*   **Project Manager** Created a distance selling system, expanding it to national reach.
*   **Private Business Owner** Managed the ""Electronic Diary"" project in Kharkiv schools.

**Skills**

*   Teamwork and Leadership
*   HR / Recruitment
*   Financial Management
*   Remote Management
*   Information Analysis and Structuring
*   Project Organization (inception to completion)
*   Budgeting, Analysis, and Planning
*   Purchasing and Sales
*   Transaction Support
*   Document Preparation

**Additional Skills**

*   Skill Development
*   Personal and Corporate Advancement
*   Flexible Problem Solving
"
9587,"**[Your Name]**

**Certifications**

*   PMP
*   IPMA Level C
*   ITIL Foundation
*   Microsoft Certified Technology Specialist (MCTS)

**Summary**

Accomplished professional with a history of successful project management, having overseen more than 40 projects. Skilled in project management approaches and IT service deployment.

**Experience**

*   **Project Manager**
    *   Managed internal, national, and international projects and project portfolios.
    *   Successfully delivered over 40 projects.
    *   Experienced with Waterfall and Agile (XP, Scrum) methodologies.

**Skills**

*   Analysis, design, implementation, and optimization of business processes and IT services, processes, and procedures.
*   Deployment and implementation of automated production systems.
*   Implementation and support of IT services based on Microsoft products (Exchange, AD, SystemCenter, SharePoint, SQL).
*   Deployment and adaptation of ITIL best practices, and CobIT and ISO standards.
*   Planning and organization of telecom networks.
*   Strong management skills.
*   Ongoing professional development in project management, business analytics, QA, and IT administration.
"
12037,"**Summary**

Results-driven IT professional with 10+ years of experience in application development across web, mobile, and desktop platforms. Demonstrated ability to analyze complex data, lead teams, and deliver successful projects.

**Experience**

*   **MS Dynamics CRM Project Analyst** Advertisement Company, 2011
    *   Contributed to a Microsoft Dynamics CRM project.
    *   Project resulted in a productivity increase exceeding 30%.
    *   Project contributed to increased customer loyalty.
    *   This was the largest CRM project in Siberia at the time.
    *   Recognized by Microsoft.

**Skills**

*   **Software Development & Analysis:** Requirements elicitation and development, complex data analysis, and report generation.
*   **Team Management & Leadership:** Team management and leadership capabilities.
*   **Cross-Functional Collaboration:** Proven ability to work across multiple disciplines and departments.
*   **Learning & Development:** Dedicated to continuous learning and self-improvement.
*   **eCommerce & Digital Marketing:** Familiarity with eCommerce, social media management, Google Ads, and SEO principles.
*   **Game Development:** Knowledge of game development practices.
*   **Quality Assurance:**
    *   Experience with a range of software testing methods, including functional, access control, cross-browser layout, load and performance, installation, database-driven, and cross-operating systems testing.
    *   Proficiency in the preparation of testing scenarios and plans.
*   **Deployment:** Experience with deployments in both test and production environments.
*   **Customer Training:** Skilled in developing training curriculums, preparing training materials, and delivering customer training sessions.
*   **Technical Skills:**
    *   Databases: MySQL, Oracle SQL.
    *   Programming Languages: C, C++, Python.
    *   Data Analysis: IBM SPSS.
    *   Virtualization: VMWare virtual machines, Linux.
    *   Microsoft Office: Advanced proficiency.
    *   Project Management & Tracking: Jira, Asana, Trello, Trac.

**Awards & Recognition**

*   First Prize Winner, ""Startup Business Ideas"" Competition, Istanbul, 2019.
"
12116,"**[Your Name]**

**Summary**

Business analyst with over 8 years of experience in business analysis and administration of IT systems and services within two major international banks. Proven ability to manage projects, implement solutions, and support financial processes.

**Skills**

Business Analysis, Project Management, Agile, Redmine, Jira, OHP, MDX, SAP ERP (HR, LSO, TMC, Portal, Performance), IT-Enterprise ERP (HR: Performance and Payroll, E-Documentation), Oracle Hyperion Planning

**Experience**

*   **[Bank Name 1 & 2 - if you want to include the names, otherwise remove]**

    *   Implemented Oracle Hyperion Planning in two Ukrainian Banks (TOP 10).
    *   Analyzed and administered budgeting processes and financial reporting.
    *   Prepared technical documentation including business and functional requirements and user guides.
    *   Acted as both a business and technical specialist on an Oracle Hyperion implementation project.
    *   Developed test cases, performed testing, and managed bug tracking and fixing.
    *   Provided development and support for SAP ERP system modules (HR, LSO, TMC, Portal, Performance).
    *   Participated in IT-Enterprise ERP system implementation as a business analyst (HR: Performance and Payroll, E-Documentation).

**Additional Information**

*   Worked with strong and friendly teams.
*   Exposure to interesting and challenging tasks.
*   Professional growth within financially stable environments.
"
12122,"**Business Process Engineer Lead**
2022-02 – 2022-09

*   Led a team in implementation efforts.
*   Managed resource allocation.
*   Monitored project progress and timelines.
*   Generated reports.
*   Oversaw the quality of services.
*   Organized and conducted internal training sessions.
*   Initiated internal process improvements.
*   Developed and maintained internal documentation.

**Solution Engineer for EMEA, APAC, LATAM and NA**
2019-09 – 2022-01

*   Defined and analyzed data and system requirements.
*   Designed solutions.
*   Supported Business Analysts.
*   Initiated and supported internal projects.
*   Created project documentation.
*   Organized, handled, and participated in webinars.

**Project Manager for EMEA, APAC and NA**
2018-02 – 2019-08

*   Managed implementation projects.
*   Developed project plans.
*   Provided project updates.
*   Ensured timely project delivery.
*   Created project documentation.
*   Organized, handled, and participated in webinars.

**Implementation Specialist**
2014-07 – 2018-01

*   Analyzed requests and data.
*   Implemented new providers.
*   Organized, handled, and participated in webinars.
*   Led the final testing stage.
*   Created and maintained internal documentation.
*   Created internal and external documentation.
*   Prepared reports.
*   Collaborated with departments.
*   Optimized existing processes.
*   Conducted internal training sessions.

**Data Analyst**
2012-10 - 2014-06

*   Prepared reports.
*   Led the final testing stage.
*   Analyzed rate cards.
*   Updated documentation.
"
12124,"**Summary**

Highly experienced business analyst and project manager with over 20 years of experience in process automation and project delivery for international companies across diverse business domains. Expertise in bridging the gap between IT and business units, driving efficient communication, and successfully delivering projects from inception to completion.

**Experience**

*Banking*

*   Implemented SWIFT payments within a mobile banking application, encompassing requirements gathering (functional and non-functional), SRS preparation, and development/testing of Camunda process, ESB, and OKD services.
*   Automated mortgage loan processes, including the development of customer forms.
*   Integrated mortgage loan processes with the state personal data system Diia API, involving microservice development and testing.
*   Developed and achieved EMV certification for POS-terminal software supporting international payment systems (VISA and MasterCard).
*   Implemented and administered a Local payment cards system.

*B2B Sales*

*   Automated the sales and delivery process, including business process definition, BRD approval (with Business Owner), and implementation within Bitrix24 CRM.
*   Automated HR processes (onboarding, dismissal, vacation), including BRD approval (with HR Director) and implementation within Bitrix24 CRM.

*IT Service Management*

*   Automated service delivery processes, including process creation, documentation, and implementation within a Microsoft Dynamics CRM-based Service Desk system.
*   Integrated the Service Desk system with customer issue tracking systems, including API integration protocol creation, documentation, and implementation.

**Skills**

*   Business Analysis
*   Project Management (PMBOK and Agile)
*   Process Automation
*   Requirements Gathering
*   BRD/SRS Development
*   CRM (Bitrix24, Microsoft Dynamics)
*   API Integration
*   Team Management (up to 15 employees for projects, 100 for departments)
*   Business Process Definition & Optimization
*   Cross-functional Communication

**Additional Information**

*   Expertise in Payment Technologies, Finance, B2B Sales, and IT Service Management.
*   Facilitated communication between IT and business units for system development, implementation, and support.
*   Supported business needs and objectives to evaluate new/enhanced functionality.
*   Participated in business development and project discovery phases.
*   Developed project artifacts (BRD, Vision, Project Profile, SRS).
*   Managed project teams and departments.

**Desired Position**

Business Analyst (potentially combined with Project Management responsibilities).
"
12141,"**[Your Name]**
[Your Contact Information]

**Summary**

Driven individual seeking a Business Analyst or Project Manager position to leverage technical background and managerial experience. Proven ability to lead teams, manage projects, and adapt to challenging situations.

**Experience**

**Head of Outgoing Volunteer Exchanges** | AIESEC in Kharkiv | [Dates of Employment]

*   Managed a department of 13 individuals and served on the Executive Board.
*   Analyzed current state and developed a strategic plan.
*   Adapted strategy and job descriptions to current circumstances.

**Team Leader, Promotion of Professional Exchanges** | AIESEC | [Dates of Employment]

*   Led a team focused on promoting professional exchanges.
*   Increased LEADs by double within one month.

**AIESEC Member** | AIESEC | [Dates of Membership]

*   Developed self-management and time management skills.
*   Managed the marketing team, university studies, and personal life.
*   Gained experience in marketing, team management, product management, and soft skills.
*   Transitioned to the Vice-President role.

**IT Project Experience** | Kharkiv Polytechnic University | [Dates of Involvement]

*   Generated realistic interference patterns: Developed technical tasks, researched working area, wrote documentation, and adapted and coded algorithms.
*   Business Analyst team member: Communicated with customers and professors, developed technical tasks, and created application prototypes in Figma.

**Skills**

*   Team Management
*   Project Management
*   Strategic Planning
*   Communication
*   Adaptability
*   Marketing
*   Product Management
*   Technical Task Development
*   Algorithm Adaptation and Coding
*   Figma
"
12143,"**Summary**

Results-driven professional with five years of experience at the Institute, specializing in e-services analysis and development. Demonstrated ability to conduct detailed analysis, define objectives, and contribute to strategic decision-making. Expertise in requirements gathering, system analysis, and business analysis, with a focus on delivering impactful results.

**Skills**

*   Requirements Analysis
*   User Case Development
*   Data Flow Diagrams (DFD)
*   System Analysis
*   Entity Relationship Diagrams (ERD)
*   Business Analysis
*   CRM Systems
*   BABOK
*   PMBOK
*   Agile Methodologies
*   Scrum
*   Project Management (MS Project)
*   Issue Tracking (MantisBT, Redmine)
*   Scientific Article Writing
*   Guide and Handbook Development
*   French (Advanced)
*   Bulgarian (Reading and Verbal)

**Experience**

*   **Institute** (5 Years)
    *   Conducted detailed analysis within the e-services domain.
    *   Developed qualitative descriptions and defined project goals.
    *   Researched and developed initiatives in ""E-government,"" ""E-citizen,"" and ""E-democracy.""
    *   Authored the ""E-vote"" framework in collaboration with Bank ""PrivatBank"" and local government, facilitating G2B4C interactions.
    *   Analyzed the business landscape of the apps market and the Apple Wallet service for Android and WindowsPhone.
    *   Participated in strategic decisions for creating internal services and provided support in the sales process.

**Publications & Training**

*   Authored approximately 20 scientific articles on e-government topics.
*   Completed professional trainings.
"
12149,"**[Your Name]**
[Your Phone Number] | [Your Email Address] | [Your LinkedIn Profile URL (Optional)]

**Summary**

IT professional with over 15 years of experience in the industry, specializing in the Insurance and Investment Banking domains. Demonstrated ability to lead and manage complex projects, consistently delivering successful implementations. Seeking a Managing, Product Owner, or BA Lead position within a software company.

**Experience**

*   **Key Contributor, Major Project**
    *   Played a crucial role in a significant project.
    *   Successfully implemented a complex system across multiple companies.

**Skills**

*   Project Leadership and Management
*   Budget Management
*   Requirements Gathering and Documentation
*   Customer Needs Analysis
*   Software Development Life Cycle (SDLC)
*   Attention to Detail
*   Meeting Deadlines
*   Requirements Writing
*   Developer Background
*   Insurance Domain Knowledge
*   Investment Banking Domain Knowledge
"
12161,"**[Your Name]**
[Your Phone Number] | [Your Email Address] | [Your LinkedIn Profile URL (Optional)]

**Summary**

Completed The Educational Program at Business Analysis Laboratory. Demonstrates a solid understanding of Business Analysis principles and practical abilities.

**Skills**

*   Self-Organization and Time Management
*   Requirements Elicitation and Documentation (Business, Functional, Non-Functional)
*   Written Communication
*   Verbal Communication
*   Interpersonal Communication
*   Negotiation
*   Presentation Skills
*   Facilitation Skills
*   Business Analysis Knowledge (Theoretical and Practical)
*   BPMN Diagramming
*   Wireframing
"
12252,"**Summary**

Experienced in developing 30+ web projects and multiple mobile applications. Involved in creating a high-load, big data sports analytics system and mobile apps, and an AR/VR e-commerce marketplace. Projects have a global reach, operating across 100+ domains.

**Key Accomplishments**

*   Contributed to projects that achieved full return on investment within three months of launch.
*   Key participant in the creation of a high-load, big data sports analytics system and associated mobile applications.
*   Involved in the development of an AR/VR e-commerce marketplace for Persian Gulf Countries.

**Experience**

*   **Project Manager / Business Analyst**
    *   Managed projects involving five teams: Back-end, Front-end, Mobile App, Design, and QA.
    *   Oversaw teams including: 6 backend developers, 4 frontend developers, 4 mobile developers (iOS/Android), 2 designers, 4 QA engineers, 1 DevOps engineer, and 1 Technical Writer.

**Areas of Expertise**

*   Website, web app, mobile app, and AR/VR app development
*   Stock Markets, Equities, and Trading platforms
*   High-load e-commerce marketplace and e-commerce platforms
*   Gambling, Sports betting, and sports analytics

**Technology Stack**

*   **Backend:** Microservices Architecture, Kubernetes, PHP Symfony, API, GraphQL, PostgreSQL DB, Redis, RabbitMQ, ElasticSearch
*   **Frontend:** React.js, Redux, React-Router, NPM, Webpack3
*   **Mobile App:** Kotlin, Swift, Augmented & Virtual Reality (AR/VR)

**Project Characteristics**

*   Large-scale, complex projects
*   Opportunities for professional development
*   Results-focused team environment
"
12408,"**[Your Name]**

**Summary**

Professional with over 12 years of experience in Banking and Finance, including 5+ years in business analysis and 2+ years in project management. Demonstrated ability to deliver successful projects, leveraging strong analytical, communication, and technical skills.

**Experience**

*   Successfully launched a telecom project for a state US customer.
*   Enhanced an Ecommerce solution on a new platform.
*   Developed and enriched a Treasury management system solution in Currencies & Cash Management for large corporates and SMEs.
*   Contributed to the development of new banking software, specifically a Treasury module.
*   Implemented the information system for financial estimation of CIS banks.

**Skills**

*   Project Management
*   Business Analysis
*   Financial Analysis
*   Risk Management
*   Banking
*   Insurance
*   Treasury and Cash Management Systems
*   Ecommerce
*   Telecom Expense Management
*   SQL
*   VBA
*   Jira
*   Confluence
*   ServiceNow
*   TFS
*   SAP Hybris
*   TeamWork
*   Ms Project
*   Modeling Tools (Ms Visio, Balsamiq, Draw io)
*   Advanced English
*   French

**Certifications**

*   IREB Certificate for Requirements Engineering Foundation Level (2018, No 18-CPREFL-137936-20)
"
12409,"**[Your Name]**

**Summary**

Results-oriented PM/BA with experience across diverse projects and international customers. Possesses advanced English proficiency and strong communication, negotiation, and presentation skills. Proven ability to manage teams and projects, encompassing various SDLC methodologies.

**Skills**

*   Project Management
*   Business Analysis
*   Team Leadership (6-40 people)
*   SDLC Methodologies (Agile, Scrum, Kanban)
*   Scope Management
*   Process & Functional Analysis
*   Documentation (Project Management, Requirements)
*   Process Standardization & Optimization (PMO)
*   Problem Solving
*   Negotiation
*   IELTS 6.0
*   Polish (Intermediate)
*   PMP Exam Prep
*   PMP Credential (In Progress)

**Experience**

*   **Current Project:** Cryptocurrency Platform
    *   Role: PM/BA
    *   Domains: Enterprise, e-commerce, finance, crypto
*   Experience with a variety of projects and customers.
*   International experience.
"
12410,"**Summary**

Results-driven professional with 16 years of experience in finance and software development for financial markets. Demonstrated ability to architect complex information systems, lead software development teams, and drive product success. Expertise in real-time financial data processing, product ownership, and business analysis.

**Experience**

*   **Product Owner**
    *   Led the architecture development for a complex information system processing real-time financial data.
    *   Managed the system's development.
*   **Software Development Department Founding Member**
    *   Contributed to the establishment of a software development department.
    *   Expanded the department to a team exceeding 30 professionals.
    *   Oversaw the development of software products that generated substantial revenue and created new strategic opportunities for the parent company.
*   **Business Analyst**
    *   Identified, structured, and prioritized key business needs.
    *   Translated business needs into Business Requirements Documents (BRDs), product roadmaps, and other technical documentation.
    *   Managed product backlog.
    *   Participated in system architecture and protocol development.
    *   Analyzed and translated external documentation into project documentation.
    *   Conducted data analysis, focusing on financial market data and FIX protocol.
*   **Project Manager**
    *   Managed collaboration with US vendors.
    *   Worked on business process improvement.
    *   Participated in hiring.
"
12418,"**[Your Name]**

**Summary**

Results-oriented Business Analyst with over 8 years of experience in IT and business process & solutions consulting. Expertise spans IT product development & implementation, e-commerce, marketing, telecom, automotive, finance, energy & gas, and agriculture. Proven ability to translate customer insights into actionable requirements, manage projects through the SDLC, and implement CRM and BPM solutions. Proficient in Agile methodologies. Possesses 12 years of practical experience in sales & services, including successful team management.

**Experience**

*   **Business Analyst**

    *   Leveraged expertise in IT product development & implementation (CRM systems), IT consulting, e-commerce, marketing, telecom, automotive, finance, energy & gas, and agriculture.
    *   Gathered customer insights and translated them into business, stakeholder, and solutions requirements.
    *   Managed and prioritized requirements, prepared functional and non-functional requirements, and performed decomposition.
    *   Modeled business processes using BPMN and UML diagrams and developed prototypes using tools like Moqups, Miro, and Balsamiq.
    *   Implemented CRM systems (Creatio, Maxbill), BPM class solutions, MS Office365, document management systems, contact centers, video surveillance, and AR.
    *   Managed printing infrastructure to improve sales and service processes for corporate clients, contact centers, document management, and marketing.
    *   Utilized Agile methodologies.
    *   Served as a Module Lead in an enterprise implementation project of the Billing&CRM Maxbill system, focusing on Sales & Retention & Customer Care for B2B clients (200 module users, 1300 system users).

*   **Sales & Services**

    *   12 years of practical experience in sales & services.
    *   Managed 3 teams across different regions, with a total of up to 45 team members.
    *   Demonstrated organizational and management skills, with a focus on team building and motivation.

**Skills**

*   Business Analysis
*   Requirements Management
*   Process Modeling (BPMN, UML)
*   Prototyping (Moqups, Miro, Balsamiq)
*   CRM Systems (Creatio, Maxbill)
*   MS Office365
*   Document Management Systems
*   Contact Centers
*   Agile Methodologies
*   Project Management (SDLC)

**Additional Information**

*   Team player with strong decision-making and responsibility skills.
*   Ambitious and creative, with a focus on building positive team environments.

**Preferred Positions**

Business Analyst | Product Manager | Project Manager | CRM | Business Process Transformation (IT, Customer Service, Fintech) | Head of Customer Care

**LinkedIn:** [See your profile on LinkedIn]
"
12422,"**Project Management Institute**
Certified Associate in Project Management (CAPM)

**Northeastern University**
Master of Science in Project Management, GPA: 3.76/4
Concentration: Project Business Analysis

**Academy of Public Administration**
Bachelor of International Relations

**PrintInk, Baku, Azerbaijan**
Junior Project Coordinator | May 2023 – Present
*   Monitored project budgets ($80,000-$150,000), identifying and reporting variances.
*   Managed project resources (materials, equipment, and personnel) for a 10-15 person team.
*   Revised and maintained project schedules and timelines, ensuring timely task and goal delivery and conducted quality assurance testing.

**LOCATION SCOUT TRAINING PROGRAM DEVELOPMENT — Boston, USA**
*   Developed SMART business requirements, defining project scope elements, assumptions, and constraints, reducing ambiguity within an 8-person project planning team.
*   Prepared and prioritized project deliverables and submitted project scope, cost, and schedule baseline statements to the sponsor.
*   Prepared a contingency reserve policy, communication plan, risk management matrix, quality management plan, and change control policy, compiled into a 20-page document.

**MBTA TRANSPORTATION APP DEVELOPMENT — Boston, USA**
*   Developed project plan, activities, resources, budget, and schedule, and assigned tasks among 11 team members.
*   Planned and executed risk management using qualitative and quantitative techniques and contingency plans.

**GLOBE LIFE LIBERTY NATIONAL DIVISION**
Insurance Business Analyst | November 2022 - February 2023, West Covina, CA, USA
*   Established working relationships with clients.
*   Determined clients’ needs and financial situations by scheduling fact-finding appointments and presentations.
*   Ascertained clients’ long-term goals by offering plans and supplemental benefits.
"
12435,"**Jane Doe**
(Phone Number) | (Email Address) | (LinkedIn Profile - if applicable)

**Summary**

Results-driven Procurement Manager with four years of experience in procurement and supply chain management. Demonstrated ability in warehouse inventory management, sales data analysis, and supplier negotiation. Proficient in order fulfillment, returns processing, and partial transport logistics.

**Experience**

**Procurement Manager** | (Company Name) | (Dates of Employment)

*   Managed warehouse inventory levels.
*   Performed sales analysis and forecasting.
*   Planned and executed procurement activities, including order placement with suppliers.
*   Oversaw order fulfillment processes.
*   Managed complaint and returns processes.
*   Negotiated with suppliers to achieve advantageous terms.
*   Participated in partial transport logistics.

**Education**

**Master's Degree in HR Management** | (University Name) | (Graduation Date)
*   Diploma with Distinction
*   3rd Place, All-Ukrainian Olympiad in the Speciality

**Professional Development**

**Online Course: Data Analysis and Statistical Inference in R Language** | Prometheus.org.ua | November 2016
*   Certificate: (Insert URL)
"
12436,"**[Your Name]**

**Summary**

Professional experienced in project coordination and business analysis, with a focus on delivering projects for a national Canadian corporation. Demonstrated ability to lead business analysis efforts, develop communication strategies, and coordinate cross-functional teams.

**Experience**

*   **Project Coordinator** - *National Canadian Corporation*
    *   Managed project delivery.

*   **BA Lead**
    *   Developed business analysis processes.
    *   Created communication plans.
    *   Coordinated a cross-located team.

**Skills**

*   **Business Analysis:**
    *   Requirements Elicitation and Gathering: Capability Gaps assessment, Elaboration Phase, Requirements Gathering Workshops, Onsite customer collaboration.
    *   Requirements Management: Requirements prioritization.

*   **Management:** Management

*   **Human Resources:** Coaching, Events, Trainings.
"
12437,"**[Your Name]**

**Summary**

Results-oriented individual with experience in multiple successful projects across diverse business sectors. Demonstrated ability in methodology, design, development, and implementation of financial management systems. Proven aptitude for problem-solving and continuous improvement of English language skills.
"
12447,"**Summary**

Results-oriented professional with experience in software project management and technical leadership within UK-based startups. Proven ability to deliver successful Minimum Viable Products (MVPs), manage feature delivery, and contribute to business development. Skilled in Agile methodologies and adept at prioritizing tasks. Demonstrated experience in DevOps and technical support management.

**Experience**

*   **UK Real Estate Startup:** Contributed to the delivery of the MVP, which secured significant investment. Utilized Agile tools to overcome challenges.
*   **UK Insurance Startup:** Managed the delivery of features for various clients, adhering to deadlines. Successfully navigated resource constraints and prioritized tasks.
*   **Business Development Support:** Assisted Business Development managers in securing projects during the presale phase, focusing on project conceptualization.
*   **Client Satisfaction:** Received positive reviews on Clutch for managed projects.
*   **DevOps Production Support Management:** Led a DevOps production support team, improving response rates, service quality, and the breadth of support services.

**Skills**

*   SaaS solutions for real estate and insurance startups (UK)
*   E-commerce platforms: Shopify, Magento 1/2, WordPress
*   Mobile Development: iOS, Android, VR games, iOS healthcare app
*   Cloud DevOps Tech Support
*   AI-based solutions
*   Business Analysis: Requirements gathering, Figma mockups, specifications

**Preferences**

*   Focus on SaaS or mobile solutions
*   Preference for English-speaking customers
"
12448,"**[Your Name]**
[Your Contact Information]

**Summary**

Results-oriented Business Analyst and Project Manager with 5 years of Business Analysis experience and 2 years of Project Management experience. Demonstrated ability to drive projects to successful outcomes from inception to launch. Skilled at creating user-centered designs and streamlining complex systems. Seeking part-time or project-based opportunities.

**Experience**

*   **Business Analyst / Project Manager**
    *   [Dates of Employment]
        *   Led the build of a team for an innovative project, delivering scheduled features on time by 96% over two years (Jira reports).
        *   Created successful designs based on mockups for multiple projects, resulting in positive customer feedback (customer surveys).
        *   Successfully relaunched a complex billing system interface for a user base exceeding 100,000, minimizing user disruption.
        *   Developed successful mockups and requirements for a project launched in Ukraine for a major petroleum company.
        *   Led projects from stakeholder ideas to launch, encompassing:
            *   Developing mockups and prototypes.
            *   Creating business-focused specifications.
            *   Developing roadmaps and issue structures (Epics, User Stories).
            *   Requirement management.
            *   Developing user guides and FAQs.
            *   Managing project development lifecycles.

**Skills**

*   Requirement Gathering
*   Mockup Creation
*   Specification Writing
*   Market and Competitor Analysis
*   Project Management
*   User Interface Design
*   Roadmapping
*   Issue Structuring

**Industries**

*   Online Services
*   E-commerce
*   Manufacturing
*   CRM/ERP
*   Education
*   Automotive

**Preferences**

Seeking companies with an informal environment where all voices are valued. Open to part-time and project-based work.
"
12449,"**[Your Name]**
[Your Contact Information]

**Summary**

Results-oriented Business Analyst proficient in Agile methodologies and full life cycle delivery. Skilled in requirements gathering, analysis, and management, contributing to successful project outcomes. Experienced in team collaboration, conflict resolution, and budget management.

**Skills**

*   Business Analysis
*   Jira
*   Use Cases
*   User Stories
*   Scrum
*   Requirements Analysis
*   BPMN
*   Requirements Management
*   Balsamiq Mockups
*   Agile
*   Agile Project Management
*   Full Life Cycle Delivery Management
*   People and Team Management
*   Conflict Management
*   Budget Control and Reporting
*   Workflow Diagrams/Charts/Presentations
*   Figma
*   Customer Journey Map

**Experience**

*   Managed projects using Agile project management.
*   Oversaw full life cycle delivery.
*   Managed teams and individuals.
*   Gathered and analyzed requirements.
*   Resolved conflicts.
*   Controlled and reported on budgets.
*   Established requirements elicitation, approval, and change processes.
*   Established software delivery processes for team collaboration.
*   Produced project documentation.
*   Monitored requirements implementation and conducted solution acceptance.
*   Created workflow diagrams, charts, and presentations.
*   Wrote user stories and created customer journey maps via Figma.
"
12450,"**[Your Name]**
[Your Phone Number] | [Your Email Address] | [Your LinkedIn Profile URL (Optional)]

**Summary**

Professional with 7+ years of experience in implementation consulting, business analysis, and project management. Skilled in the development and implementation of CRM, ERP, and HR core systems. Experience in automating recruitment processes and integrating core banking systems.

**Experience**

*   **IT Industry Professional** | 7+ Years
    *   Involved in projects across all phases of the project lifecycle.
    *   Negotiated with a variety of stakeholders.
    *   Utilized time management skills effectively.
"
12451,"**[Your Name]**
[Your Contact Information]

**Summary**

Results-oriented professional with experience in business analysis, project management, and software engineering. Demonstrated ability to manage projects, facilitate communication, and analyze requirements.

**Experience**

**Business Analyst / Project Manager** (12.2021 – Present)
**Associate Business Analyst / Project Manager** (06.2021 – 12.2021)

*   Managed projects, encompassing migrations, application upgrades, and disaster recovery tests, throughout all project phases.
*   Tracked task performance and developed project plans, both high-level and detailed.
*   Facilitated communication with stakeholders at all levels, including senior management, via update emails, meeting notes, and notifications.
*   Scheduled and facilitated meetings.
*   Collected and analyzed project requirements, dependencies, and risks.
*   Generated reports and charts, including vulnerability updates, infrastructure project status reports, and test results.

**Junior Software Engineer** (11.2020 – 06.2021)

*   Facilitated communication with international clients.
*   Collected and documented requirements.
*   Resolved tickets related to relational databases and CRM systems.
*   Verified and assigned tickets to resolver groups.
*   Tested CRM system updates.
"
12452,"**Summary**

Results-driven professional experienced in all phases of the project lifecycle, from requirements gathering to project delivery. Demonstrated ability to manage multiple projects concurrently, ensuring timely completion and client satisfaction. Adaptable to dynamic environments with a focus on professional growth.

**Experience**

*   Requirements Gathering and Client Interaction: Conducted detailed requirements elicitation and collaborative discussions with clients.
*   Project Planning and Execution: Developed and maintained comprehensive project plans.
*   Documentation and Communication: Created and maintained project documentation, including commercial proposals, functional specifications, technical requirements, and business process descriptions.
*   Task Management and Oversight: Assigned, tracked, and distributed project tasks.
*   Timeline Management and Deadline Adherence: Monitored task completion timelines and ensured adherence to deadlines.
*   Team Coordination and Facilitation: Facilitated project coordination among team members.
*   Agile Methodology: Led and facilitated scrum meetings.
*   Client Relationship Management: Maintained regular and effective communication with clients.
*   Simultaneous Project Management: Managed multiple projects concurrently.
*   Successful Project Delivery: Successfully delivered projects on schedule.
*   Project Contribution: Contributed to overall project development.

**Environment & Culture**

*   Successfully navigated complex challenges.
*   Collaborated effectively in an informal work environment.
*   Benefited from supportive and effective management.
*   Committed to continuous professional development.
"
12453,"**Summary**

Results-driven professional with a proven record of delivering projects on time, within budget, and to a high standard. Demonstrated ability to meet deadlines and exceed expectations.

**Experience**

*   **Business Analyst, Fintech Company (Crypto)** | 9 months

    *   Requirements gathering and analysis.
    *   Liaison between IT, designers, and stakeholders.
    *   Technical specification writing and updating.

*   **Project Manager/Business Analyst (7+ years)** | Traffic Arbitrage & Website Development

    *   Managed projects from inception to completion and supported ongoing projects.
    *   Experience across diverse industries, including fintech, health and beauty, gambling, goods, tourism, manufacturing, and consulting.

        *   **Vintage:** Timely releases and customer support (Oshadbank, Totis, etc.).
        *   **Arbitration Team:** Process building, generating monthly profits of $90,000 - $160,000+.
        *   **Sales Doubler:** Rapid development of landing page and preparation of promotional materials for the Financial Storm 3.0 contest (3,000,000 UAH budget) within two weeks.
        *   **""Zhansaya"" Sanatorium Website (Kazakhstan):**
            *   Generated 412 applications and calls within 22 business days.
            *   Achieved a cost-per-potential-client of $0.3 (2017).
            *   4% conversion rate from website visitors.
            *   CRM system implementation.

**Skills**

*   UX/UI Understanding
*   Requirements Gathering
*   Stakeholder Communication
*   Pre-Design Studies
*   UX Prototyping
*   Specification and Project Documentation
*   Agile Principles
*   Scrum (Implementation)
*   Kanban (Implementation)
*   Project Management
*   Process Organization
*   Team Management
*   Decision-Making
*   Responsibility
*   Communication
*   Client-Oriented

**Tools**

*   JIRA
*   Confluence
*   Trello
*   YouTrack
*   Monday
*   Bitrix
*   Redmine
*   Balsamiq
*   Moqups
*   Draw.io
*   Figma

**Goals**

Seeking a Business Analyst role or a position at the intersection of Project Management and Business Analysis. Motivated to contribute to the development of user-focused products and to expand expertise.
"
12454,"**[Your Name]**
[Your Phone Number] | [Your Email Address] | [Your LinkedIn Profile URL (Optional)]

**Summary**

Highly motivated individual with a BA and experience in project management, research, and analysis. Proven ability to manage teams, conduct thorough research, analyze data, and communicate effectively. Eager to contribute to a challenging role with opportunities for career growth.

**Experience**

**Project Manager** | ArtHome | Dnipro, Ukraine | June 2019 – January 2020

*   Managed a scrum team.
*   Developed and monitored project plans.
*   Managed project risks, including contingency planning.
*   Monitored progress and resource utilization, initiating corrective actions.
*   Prepared project evaluation reviews and follow-up recommendations.
*   Developed and maintained project plans.
*   Communicated with project stakeholders.
*   Controlled time management and cost estimation.
*   Conducted market research and analysis.
*   Prepared reviews of companies, individuals, and vertical analyses.
*   Created website content using Tilda.
*   Concluded cooperation with Ukrainian artists.
*   Represented the company to interior designers.
*   Utilized social networking.
*   Maintained partner relationships.

**Researcher (Commercial Intelligence)** | Noosphere | Dnipro, Ukraine | April 2019 – July 2019

*   Conducted vertical research and niche reviews.
*   Analyzed country-specific features.
*   Identified relationships between individuals and businesses.
*   Researched IT companies, entrepreneurs, and events using open-source intelligence.
*   Analyzed venture capital deals.
*   Prepared reviews of companies, individuals, and vertical analyses.
*   Identified company weaknesses, including:
    *   Court cases
    *   Staff changes
    *   Public statements
    *   Changes in business model
    *   Relationships with sanctioned countries
    *   Financing methods
    *   Plagiarism
*   Identified individual weaknesses, including:
    *   Hobbies and habits
    *   Views
    *   Social circles
    *   Corruption and assets
    *   Public statements
    *   Health status
    *   Biography

**[Your Role]** | Bartolomeo Resort | [Location] | [Dates of Employment]

*   Conducted audits of the complex.
*   Contributed to increasing staff training results from 52% to 93%.

**[Your Role]** | [Company Name] | [Location] | [Dates of Employment]

*   Analyzed the global fertilizer market.
*   Communicated with market players.
*   Exchanged information and prepared analytical reports.

**Skills**

*   Project Management
*   Scrum
*   Gantt Chart
*   Research
*   Data Analysis
*   Communication
*   Risk Management
*   Cost Estimation
*   Market Analysis
*   Open Source Intelligence
*   Vertical Analysis
"
12455,"**Summary**

Professional with 3+ years of experience in FinTech and experience in Transport & Logistics. Demonstrated ability to manage projects, onboard clients, analyze needs, and drive process improvements.

**Experience**

**FinTech**

**Account Project Manager** | Oct 2019 - Present (3+ years)

*   Onboarded and integrated new clients onto the platform, including launch plan definition, demonstrations, and API documentation consulting.
*   Analyzed customer needs and provided consultation during the sales stage.
*   Managed client task backlogs, including analysis, description, timing, implementation control, testing, and delivery.
*   Analyzed API documentation, comparing it to client needs and testing requests using Postman.
*   Identified customer feature requests and created tasks for the development team, outlining business and technical requirements.
*   Utilized Jira for task management.
*   Created process descriptions using BPMN and Confluence.

**Project Manager** | Jun 2017 - Oct 2019 | UVK Ukraine | Transport & Logistics

*   Introduced clients to the service and conducted reconciliations on containers (approximately 40 clients).
*   Performed reconciliations with regional offices across 23 regions.
*   Wrote technical specifications for developers, monitored implementation timelines, and conducted testing.
*   Prepared regulatory documents and work instructions.
*   Fulfilled Key Performance Indicator (KPI) targets.

**Accomplishments**

*   **UVK Ukraine:** Increased profitability from container turnover.
*   **UVK Ukraine:** Automated accounting processes.
*   **UVK Ukraine:** Reduced losses.
"
12456,"**Summary**

Results-focused professional experienced in project support, sales plan improvement, and implementing IT solutions. Demonstrated ability in data analysis, budget management, and project team leadership. Committed to ethical practices and value delivery.

**Experience**

*   Provided support for existing projects and launched a new project (CRM and ERP for a logistics company) with the team.
*   Assisted in enhancing the company's sales plan.
*   Implemented IT solutions to address internal issues.
*   Performed data analysis, evaluation, and planning activities.
*   Handled budget planning and analysis.
*   Created user stories and communicated backlog priorities.
*   Partnered with business stakeholders to understand technical problems and identify solutions.
*   Made key decisions regarding product features.
*   Prepared and submitted reports to department heads and management.
*   Supervised project teams.
*   Managed project risks.
*   Controlled time and scope.

**Desired Work**

*   Seeking project opportunities, with a preference for working with NGOs.
"
12457,"**Summary**

Results-driven Business Analyst with approximately 10 years of experience delivering solutions of varying scale, complexity, and objectives. Demonstrates a strong understanding of the Software Development Life Cycle (SDLC) and a proven ability to identify client needs and propose effective solutions. Experienced in combining Business Analysis and Project Management responsibilities.

**Experience**

*   **Business Analyst** (10 years)
    *   Contributed to solutions of diverse sizes, complexities, and purposes.
    *   Quickly assessed client and market needs to recommend optimal solutions.
    *   Collaborated with technical experts to develop architectural plans.
*   **Engagement Manager (Pre-Sales)**
    *   Prepared initial proposals and conducted comprehensive scope analyses.
*   **Project Manager/Business Analyst** (1 year)
    *   Developed product concepts.
    *   Planned architecture in collaboration with technical experts.
    *   Provided user training and managed system deployment.
*   **QA Engineer** (4 years)
    *   Gained in-depth understanding of the SDLC.
*   **Entrepreneur**
    *   Developed experience in building business processes and understanding sales processes.

**Skills**

*   Business Analysis
*   SDLC
*   Project Management
*   Client Needs Assessment
*   Solution Development
*   Architecture Planning
*   User Training
*   System Deployment
*   Sales Process Knowledge
*   Proposal Development
*   Scope Analysis
"
12458,"**[Your Name]**

**Summary**

Results-focused professional with experience in product management, skilled in requirements gathering, user story definition, and backlog management. Demonstrated ability to work with cross-functional teams to deliver successful SaaS platform features.

**Experience**

*   Gathered and documented stakeholder requirements.
*   Created and prioritized user stories and use cases.
*   Designed roadmap, user flows, and permission structures for a SaaS platform.
*   Collaborated with designers on user experience (UX) improvements.
*   Managed product and sprint backlogs.
*   Facilitated daily stand-up, grooming, and retrospective meetings.
*   Broke down user stories into actionable tasks and prioritized them.
*   Defined data delivery specifications from the data science department to the backend.
*   Maintained and supported product documentation.
"
12459,"**Alex**

**Summary**

Project Manager with experience in business analysis, seeking Business Analyst opportunities. Demonstrated ability to manage projects through all phases.

**Experience**

**Project Manager, Marrix Power**

*   Managed a portfolio of projects.
*   Led project teams.
*   Maintained client communication.
*   Elicited and documented project requirements.
*   Oversaw project development, encompassing planning and execution.
"
12460,"**[Your Name]**
[Your Contact Information]

**Summary**

Results-driven professional with four years of experience in sales management, project management, and business analysis. Demonstrated ability to lead teams and manage client relationships.

**Experience**

**Sales Manager, Project Manager, Business Analyst**
[Dates of Employment]

*   Directed teams and clients.
*   Key responsibilities encompassed:
    *   Client relationship development, engagement, and management
    *   Oversight of development team and stakeholder management
    *   Interactive prototyping and wireframing (MockingBot, Figma)
    *   BPMN (draw.io, Camunda)
    *   Requirements gathering and definition
    *   User story and use case creation
    *   Upselling
    *   Technical documentation creation and verification

**Skills**

*   Client Management
*   Team Leadership
*   Project Management
*   Business Analysis
*   Prototyping
*   Wireframing
*   BPMN
*   Requirements Elicitation
*   User Story Development
*   Upselling
*   Technical Documentation
"
12461,"**Summary**

*   Oversaw end-to-end project implementation, ensuring customer requirements were met within defined timelines and budget.
*   Managed all phases of client engagement, from initial requirement elicitation to final deployment and acceptance.

**Experience**

*   **Requirements Elicitation and Documentation:**
    *   Conducted client needs analysis, eliciting and documenting business and functional requirements.
    *   Developed user stories, process flows, block diagrams, and wireframes.
*   **Collaboration and Solution Design:**
    *   Collaborated with development, engineering, and QA teams on solution architecture, estimations, and acceptance criteria.
    *   Prototyped and presented solutions to clients and internal teams.
*   **Requirements Management:**
    *   Managed client requests within Confluence, securing approvals for scope and estimations.
*   **Sprint Planning and Execution:**
    *   Planned sprint scope in Jira, prioritizing tasks.
    *   Participated in sprint planning and retrospective meetings.
*   **Progress Tracking and Reporting:**
    *   Monitored project progress and provided status updates.
*   **Quality Assurance and Testing:**
    *   Created use cases and test scenarios.
    *   Reviewed test results with QA teams.
    *   Tested custom solutions before deployment.
*   **Client Communication and Support:**
    *   Presented solutions to clients.
    *   Supported clients during User Acceptance Testing (UAT).
"
12462,"**Summary**

Results-driven professional with experience in developing and implementing technical solutions, demonstrating a consistent ability to improve efficiency. Skilled at identifying areas for improvement and proposing innovative alternatives. Proficient in streamlining technical documentation and experienced in system analysis within a complex application environment.

**Experience**

*   Developed technical solutions resulting in up to 90% time savings compared to initial estimates.
*   Successfully championed alternative solutions, even when differing from top management proposals.
*   Reduced manual workload related to technical documentation.
*   System Analyst on application for app creation, server management, and front-end (FE) libraries, including:
    *   Created BRDs, SRS, API specifications, and User Guides.
    *   Designed database structures.
    *   Estimated backlog requests.
    *   Conducted demo meetings to showcase completed work.
    *   Facilitated retrospective meetings.
    *   Performed API, manual, and automated testing.
    *   Developed smoke scope, regression tests, test cases, and test scenarios.
    *   Wrote release notes and delivery protocols.
    *   Assumed team lead responsibilities in the team lead's absence.
"
12463,"**Jane Doe**
(Phone Number) | (Email Address) | (LinkedIn Profile URL - Optional)

**Summary**

Motivated individual with experience in project-based learning and software development. Demonstrated ability to analyze problems, propose solutions, and contribute to team projects. Seeking challenging opportunities to apply skills.

**Education**

LPNU
*   Bachelor of Arts (BA) - Relevant Coursework:
    *   Project work including problem definition, solution suggestion, and development.
    *   Analysis of existing systems (""AS-IS"") and creation of future state models (""TO-BE"").
    *   Application of requirement elicitation techniques.
    *   Introduction to machine learning concepts.

**Experience**

novomind (Germany)
*   Java Developer Intern (3 months)
    *   Developed solutions for small-scale projects.
    *   Collaborated in an Agile team environment.
    *   Communicated effectively in English.
"
12464,"**Summary**

*   Contributed to the development of software, business model, and operational procedures for a new delivery service.
*   Operated a US-based product sales business.

**Experience**

*PM/BA (1 year)*

*   Managed project lifecycle processes.
*   Gathered and analyzed requirements through documentation, interviews, workflow analysis, business model analysis, and requirements review sessions.
*   Oversaw and coordinated the development process, including Scrum Master duties.
*   Tracked progress, monitored risks, and managed changes using backlog grooming, velocity charts, Gantt charts, and retrospective meetings.
*   Transformed stakeholder requirements into user stories, use cases, visual models, FRS, and SRS documents.
*   Facilitated communication among stakeholders.
*   Developed technical standards for development processes.

*Business Owner (5 years)*

*   Managed product sales in the US market, sourcing products from China.
*   Managed online store operations, including customer support, procurement, promotions, and logistics.
*   Negotiated with suppliers and contractors.
*   Adapted to changing market conditions.

*Efficiency Manager (1.5 years)*

*   Re-engineered business processes, considering scope, business rules, existing practices, and alternative solutions.
*   Designed new functionality for an internal ERP system.
*   Designed and implemented a routing system for Sales Departments.
*   Created Technical Tasks for the development team.
*   Provided employee training during the change integration process.
"
12465,"**[Your Name]**
[Your Phone Number] | [Your Email Address] | [Your LinkedIn Profile URL (Optional)]

**Summary**

Results-driven Business Analyst / Project Manager with six years of commercial experience across varied sectors. Demonstrates strong technical skills, and effective communication and organizational abilities. Committed to achieving company goals and delivering results.

**Experience**

*   **Business Analyst / Project Manager** | *[Relevant Company or Industry]* | *[Dates of Employment]*

**Skills & Expertise**

*   IT Outsourcing (2+ years)
*   Project Management (2 years)
*   ERP/CRM Systems (5 years)
*   Retail (6 years)
*   Healthcare (2 years)
*   Sales and Marketing (2 years)
"
12466,"**Skills:**

*   Analytical Skills: Adept at analyzing complex problems.
*   Project Management
*   Statistics and Data Analysis
*   Business Process Optimization and Modeling
*   Communication and Presentation Skills: Strong written and verbal communication abilities.
*   Teamwork and Independent Work: Capable of working independently and collaboratively, managing multiple projects.
*   Negotiation and Conflict Resolution
*   Learning and Teaching
*   Computer Proficiency: Proficient PC user, Advanced in Excel and PowerPoint.
*   Languages: Fluent in English and Russian, Native Ukrainian, Basic German.

**Experience:**

*   Created Terms of Reference (ToRs) and technical requirements.
*   Developed and implemented data processing procedures.
*   Performed data verification and compilation.
*   Developed specifications for construction and equipment.

*   Conducted research and analytics, creating analytical reports.
*   Performed functional and effectiveness analysis.
*   Identified, analyzed, and interpreted data trends and patterns.
*   Described and optimized business processes.
*   Analyzed best practices and international experience of central purchasing bodies.
*   Developed strategic proposals for central purchasing bodies in Ukraine.

*   Analyzed public procurement procedures in Ukraine using QlikView & QlikSense BI tools.
*   Monitored the ProZorro e-procurement system (IT product), focusing on compliance, reporting, research, and investigations.
*   Contributed to the development of terms of references and technical tasks for the e-procurement system, adhering to the Open Contracting Data Standard.
*   Searched for, gathered, and processed catalogs and information.
*   Communicated with BI users, procurers, suppliers, controllers, and other clients.
*   Participated in public events, conferences, and lectures as a speaker, BI expert, and participant.
*   Provided support in the development of an e-procurement risk indicator system.
*   Generated reports and conducted trend analysis of public procurement procedures for government institutions.
"
12467,"**[Your Name]**
[Your Phone Number] | [Your Email] | [Your LinkedIn Profile (Optional)]

**Summary**

Professional experienced in marketing and IT, with a focus on client needs and a solid understanding of business requirements. Currently engaged in pre-sales and delivery activities within an IT setting, demonstrating flexibility and a proactive attitude towards project obligations. Seeking a challenging and engaging role in a dynamic environment.

**Skills**

*   **Agile Methodologies:** Scrum, IC Agile Certified Professional
*   **Requirements Management:** SRS (Use Cases, UML), Backlog (User Stories, Acceptance Criteria), UX
*   **Technical Skills (Foundational):** MySQL, HTML, CSS

**Experience**

*   **[Your Current Job Title]**
    *   Participated in pre-sales and delivery operations.
    *   Duties include Business Analyst functions and elements of Project Management.
*   **Marketing Analyst/Coordinator (FMCG)**
    *   [Relevant responsibilities and accomplishments from your marketing roles]
"
12468,"**[Your Name]**
**[Your Contact Information]**

**Summary**

Business Analyst and Project Manager with three years of experience. Familiar with the Healthcare domain and Business Intelligence (BI) tools. Able to quickly understand project technical details, apply professional skills to achieve project objectives, and provide support throughout project execution. Experience as a soft skills trainer, enabling the creation of a positive team environment and effective conflict resolution.
"
12469,"**Jane Doe**
(123) 456-7890 | jane.doe@email.com | LinkedIn Profile URL (Optional)

**Summary**

Translator, proofreader, and English language instructor. Experience translating and proofreading for the healthcare and pharmaceutical industries. Skilled at developing and implementing educational plans for diverse learners.

**Experience**

**Freelance Translator & Proofreader** | [Dates of Employment]

*   Translated and proofread reports, presentations, and websites from/into English for clients in the healthcare and pharmaceutical sectors, including Novo Nordisk, Bayer, Parexel, and EURORDIS.

**English Language Instructor** | [Dates of Employment]

*   Provided English language instruction to students via the Zoom platform, using online resources and Google tools.
*   Developed individualized educational plans, conducted assessments, and provided evaluations.
"
12470,"**[Your Name]**

**Summary**

Experienced in supporting startups and established products through product validation, user research, product strategy development, and design team management. Seeking a role involving challenging multi-platform projects where I can leverage my skills.
"
12471,"**Summary**

Results-oriented Business Analyst / Project Manager with over 7 years of experience. Proven ability to manage teams, build processes, and deliver successful projects. Expertise in customer service, strategic planning, user experience, user interface, SEO, event management, and public speaking. Adept at navigating complex project landscapes and achieving objectives.

**Experience**

*   Managed teams of up to 15 members.
*   Built processes aligned with client pipelines.
*   Organized workflow to minimize overtime.
*   Resolved budget and deadline-related issues with clients.
*   Cultivated a positive and productive work environment.
*   Led the creation of 9 new internet projects and the improvement of over 22 existing projects.

**Skills**

*   Customer Service
*   Strategic Planning
*   User Experience (UX)
*   User Interface (UI)
*   SEO
*   Event Management
*   Public Speaking
*   Project Management
*   Program Management
*   Agile, SCRUM, Kanban
*   Jira, Confluence, Asana
*   CRM, ERP, BPMN
*   Email Marketing
*   VCC
*   Google Analytics, Hotjar, Power BI
*   Quality Assurance
*   Adobe Photoshop, Illustrator, InDesign
*   CMS: WordPress, Drupal
*   HTML & CSS (basics)

**Professional Experience**

*   Over 7 years of experience as an IT Project Manager and Business Analyst.
*   Experience across diverse company sizes, from start-ups (5-10 team members) to organizations with 8000+ employees (800+ in IT), including companies with headquarters outside of Ukraine.
*   Experience in both in-house and digital agency environments, managing 3-10 concurrent projects.
*   Industry experience: Education, educational tourism, medical tourism, sailing, tourism, showbiz, e-commerce, fintech.
*   Experience with B2C and B2B clients, including product launches in Ukrainian and international markets (Arab countries, China, Great Britain, USA).
*   Responsibilities: Project and timeline management, negotiation, business correspondence, proposal creation, user story writing, stakeholder management (clients, developers, designers, copywriters, advertising specialists), design input, task acceptance and testing, usability testing.
*   Managed and coordinated both in-house and remote development teams.

**Attributes**

*   Goal-oriented
*   Efficient
*   Open-minded
*   Team player
*   Proficient in project development methodologies.

**Availability**

*   Seeking full-time or part-time employment.
*   Experienced working both in-office and remotely.
"
12472,"**Summary**

Founder and Manager of a web studio with 9 years of experience. Proven ability to manage diverse roles, including sales management and development. Core competencies in project management and business analysis. Successfully led teams of 5-20 employees. Experience delivering projects such as online stores, B2B web applications, billing systems, and cryptocurrency exchanges.

**Skills**

*   Agile
*   Analytics
*   B2B
*   HTML
*   Jira
*   Marketing
*   Mockups
*   MySQL
*   PHP
*   Product Management
*   Product Roadmap
*   Project Management
*   Scrum
*   Trello
*   UX/UI
*   User Stories
*   Manual Testing

**Experience**

*   Founder/Manager, Web Studio (9 years)
    *   Directed all facets of web studio operations.
    *   Managed teams of 5-20 employees.
    *   Delivered projects including online stores, B2B web applications, billing systems, and cryptocurrency exchanges.
    *   Responsibilities encompassed sales management, development, project management, and business analysis.

**Objective**

Seeking a Business Analyst or Project Manager position within a large IT organization.
"
12473,"**[Your Name]**
[Your Phone Number] | [Your Email] | [Your LinkedIn Profile URL (Optional)]

**Summary**

Business Analyst and Project Manager with over six years of non-IT experience, successfully contributing to numerous projects. Demonstrated ability to manage teams and budgets, utilizing various project management methodologies. Experience as a Product Owner within an IT startup environment.

**Experience**

*   **Business Analyst / Project Manager**
    *   [Company Name/Your Name if Freelance] | [Dates of Employment]
        *   Managed projects with budgets reaching $250,000.
        *   Led teams ranging from 2 to 7 members.
        *   Utilized Scrum, Kanban, and Waterfall methodologies.
        *   Served as Product Owner in an IT startup.

**Skills**

*   **Methodologies:** Scrum, Kanban, Waterfall, Lean, BPMN
*   **Tools:** MS Visio, Jira, Asana, Trello, Zoom, MS Teams, Google Meet, Google Docs, Excel
*   **Technical:** SQL and Java (Basic)
*   **Soft Skills:** Leadership, Goal-Oriented, Proactive, Project Management, People Management, Analytical Thinking, Business Systematization, Creative Problem-Solving

**Language**

*   English: B1 (Upper-Intermediate)

**Objective**

Seeking a challenging role to apply experience and contribute to a company with aligned values.
"
12474,"**Teacher**

*   **Quality Assurance Group** | November 2019 – February 2020

    *   Delivered ""Software Testing"" courses.
    *   Curriculum included:
        *   Quality Assurance Fundamentals
        *   Business Analysis Fundamentals

**Business Analyst**

*   **QArtrock** | September 2019 – February 2020

    *   **Project 1: Corporate Website**
        *   Developed the official website for a Turkish international trading company.
        *   Duties:
            *   Project Definition
            *   Requirements Elicitation
            *   Concept Creation, System Modeling
            *   Requirements Analysis
            *   Requirements Documentation
    *   **Project 2: Store Website**
        *   Created a website for an electronics store with online trading capabilities.
        *   Duties:
            *   Project Definition
            *   Requirements Elicitation
            *   Concept Creation, System Modeling
            *   Requirements Analysis
            *   Requirements Documentation

**QA Trainee**

*   **Quality Assurance Group** | May 2019 – August 2019

    *   **Project 1: Pharmacy Management System**
        *   Worked on a web application for apothecaries.
        *   Responsibilities:
            *   Requirements Analysis
            *   Test Design
            *   Test Case Development and Execution
            *   Bug Reporting
    *   **Project 2: Online Education Platform**
        *   Worked on a program for selecting educational courses.
        *   Responsibilities:
            *   Performance Testing using JMeter
            *   Database Testing using MySQL
            *   API Testing using Postman
    *   **Project 3: Construction Online Store**
        *   Responsibilities:
            *   Requirements Analysis
            *   Test Plan Creation
            *   Test Design
            *   Test Case Development and Execution
            *   Bug Reporting
            *   Test Summary Report Generation

**Scientific Consultant**

*   October 2011 – April 2019

    *   Offered diagnostic, improvement, and analytical support for scientific project development and implementation.
    *   Areas of Focus:
        *   Implementation of innovative technologies in educational systems.
        *   Psychological support for innovative activities.
"
12475,"**Summary**

Results-focused professional with experience in project management, including jewelry direction, eco-friendly paper packaging production, and the beauty industry. Proven ability to manage and implement projects, build and lead teams, and provide client support. Skilled at breaking down complex tasks to create clear project structures.

**Experience**

*   **BA, IWIS LLC** | October 2020 – January 2021
*   **Project Manager, LLC «Politara»** | March 2019 - December 2019
*   **Lead analyst, ITek** | 2016-2018
*   **Implementation specialist of accounting systems, production, and trading processes; system administrator, LLC «Sky»** | 2013-2015
*   **Edms analyst, SC «Zovnishtorhvydav»** | 2012-2013
*   **System Administrator, PrJSC«UkrSRINDT»** | 2011-2012
*   **System Administrator, LLC«PIPING INTEGRATION COMPANY»** | 2010-2011

**Professional Skills**

*   ERP Implementation
*   Project management adaptability
*   Technical documentation, requirement gathering, user acceptance testing, and reporting
*   Conflict management
*   Technical writing, task setting, user manual creation, and development/testing of accounting, production management, and process management systems (1C 7.7, 8.2, 8.3)
*   Knowledge of UPP, UTP, UNF, retail, and production configurations
*   User training and technical support
*   Computer systems administration (MS Server 2008, 2012, Unix)
*   MS SQL databases administration
*   Virtual systems administration (VM Ware, VirtualBox)

**Education**

*   **Taras Shevchenko National University of Kyiv**
    Specialist, 2006-2011
    Department of Theoretical and Applied Mechanics
*   **Institute of Postgraduate Education**
    Master, 2014-2017
    Common law

**Certificates**

*   **MindsetPM**
    *   Big IT Project Management Program, July 2019, certificate №PM-EDU-20190728-03
    *   Manipulations Practice and Defence, August 2019, certificate №PM-EDU-20190804-07

**Objective**

Seeking a role to leverage expertise and contribute to a team environment, fostering strong team dynamics and achieving impactful results. Demonstrated ability to effectively manage complex assignments and work collaboratively or independently. Driven by a commitment to embrace new challenges.
"
12476,"**Summary**

Results-oriented ICT professional with eight years of experience in the ICT sector, encompassing Business Analyst, Project Manager, and Business Intelligence Manager roles. Demonstrated ability to analyze business needs, lead teams, manage data, and derive actionable insights. Seeking a remote, data-focused role, utilizing skills in Python, SQL, and ongoing self-study in data science methodologies to contribute to data-driven projects.

**Experience**

*   **Business Intelligence Manager** | Helind | Renewable Energy Solutions & Electronic Device Manufacturing |
    *   Enhanced decision-making through data analysis and visualization.
*   **Project Manager** | Business Insights International Research Group |
    *   Led a team in KPI evaluation for an insurance company.
    *   Defined requirements with stakeholders.
    *   Managed data collection, entry, and preprocessing.
    *   Extracted and reported insights.
*   **Business Analyst** | Sumaks Technologies | Hardware Development Startup |
    *   Analyzed business needs and identified areas for improvement.

**Skills**

*   Business Analysis
*   Project Management
*   Business Intelligence
*   Data Analysis
*   Python
*   SQL
*   Machine Learning Models
*   Data Preprocessing

**Education**

*   Data Science with Python Course

**Areas of Interest**

Healthcare, Energy, Manufacturing, Marketing, Fintech, Retail

**Job Preference**

Remote
"
12477,"**Summary**

*   Product Strategy & Execution
*   Agile Methodologies
*   UI/UX Principles
*   Data Analysis & Reporting
*   Project Management Tools
*   Communication & Collaboration

**Skills**

*   **Product Management:** Specification, Feature Breakdown Structure, Roadmap, User Stories, Change Requests Log, Risk Matrix, Sprint Release, SWOT, MVP
*   **Methodologies:** Scrum, Kanban, Waterfall, LEAN, RAD
*   **UI/UX:** Android & iOS Guidelines, UI Best Practices, Axure, NinjaMock
*   **Data Analysis:** Excel (Pivot Tables, Basic Statistical Calculations), Basics of QlikView, QlikSense, Basics of Google Analytics, Kibana
*   **Project Management Tools:** Asana, Redmine, Bitrix24, Trello, Jira
*   **APIs:** REST API, Postman
*   **Databases:** Relational DB, SQL (Basic Requests), Microsoft SQL Server Management Studio
*   **E-commerce Platforms:** Magento, WordPress, OpenCart, BPMonline
*   **Programming:** Python (Very Beginning)
*   **Payment Systems:** WayForPay, Bitcoin

**Communication & Collaboration**

*   Communication Plan, Standup, Sprint Planning, Sprint Retrospective
*   Teamwork Facilitating, Conflict Settlement, Problem Solving
*   Public Speaking, B2B Negotiations, Presentation Skills
*   Brainstorming, Focus Groups, User Interview

**Desired Work**

*   Big Data, AI, AR/VR, Games (Highest Priority)
*   Interesting and Complicated Products
*   High Workload
*   Exposure to New Technologies
*   People-Oriented Company with Progressive Perspective
*   Company Welcoming Initiative and Energy
*   Company Appreciating its Team and Passionate About its Work
*   Minimum Salary: $2200/month, with Annual Salary Reviews
"
12478,"**[Your Name]**

**Summary**

Results-driven professional with a demonstrated history of achievement in Samsung mobile firmware. Skilled in optimizing internal processes and workflows across the company lifecycle, spanning development and sales management. Proficient in preliminary UX and prototyping.

**Skills**

*   Agile Methodologies (Scrum, Kanban)
*   Project Management & Planning
*   Budget Planning
*   Wireframes & Requirements Gathering
*   Use Cases
*   Prototyping
*   Jira
*   Trello
*   Axure
*   MS Project

**Experience**

*   Achieved successful outcomes in Samsung mobile firmware, facilitating effective factory deployment.
*   Improved internal processes and workflows, increasing efficiency across the company, from development to sales management.

**Objective**

Seeking a challenging project to utilize extensive experience for successful product launches and significant results. Open to international projects, enterprise-level opportunities, and startups.
"
12479,"**[Your Name]**

**Summary**

Professional experienced in business process analysis and technical documentation. Demonstrated ability to lead teams and manage projects within the Software Development Life Cycle (SDLC). Skilled in gathering customer requirements and facilitating process improvements.

**Skills**

*   Business Process Analysis & Documentation
*   Customer Requirements Elicitation
*   Technical Documentation (User Stories, Use Cases, SRS)
*   Requirements Management (SDLC)
*   Team Leadership (Guidance, Instruction, Mentoring, Process Creation)
*   Project & Team Management, Process Improvement, Project Coordination
"
12480,"**Jane Doe**
[Phone Number] | [Email Address] | [LinkedIn Profile URL (Optional)]

**Experience**

**Customer Success Project Manager & Business Analyst** | Revenue Grid | 2023 – Present

**Presale Business Analyst** | Soft-Industry Alliance | 2022 – 2023
*   Conducted elicitation and completed project documentation.
*   Collaborated with a solutions architect to write proposals, solutions overviews, and value propositions.
*   Utilized BPMN to build, test, and structure processes and tools for the Partner Success Management team; interviewed for the position.
*   Audited company’s business processes.
*   Worked on the establishment of an OKR/KPI base, smart setting, and real-time management across the organization (Excel with team screens and dashboards).

**Revenue Operations Analyst (PMBA)** | OpenText Corporation, Waterloo, Canada | 2021 – 2022
*   Managed the development of CRM and ERP features and supported changes with data.
*   Defined scope and gathered functional requirements and non-functional requirements (NFRs).
*   Wrote user stories.
*   Utilized Agile methodologies: Scrum, Waterfall, and Kanban.
*   Managed Salesforce releases on a CI/CD basis.
*   Collaborated with internal customers to troubleshoot and resolve user issues in Salesforce and SAP.
*   Performed regression testing in ALM; experienced with building test cases.
*   Developed and maintained customer reports and dashboards for ELT.

**Billing Coordinator (Operations Management)** | OpenText Corporation, Waterloo, Canada | 2018 – 2021
*   Supported the sales team by reviewing legal, financial, product, and pricing-related aspects of each deal submitted via Salesforce.
*   Ensured the flawless fulfillment of each deal in SAP ERP, working closely with Fulfillment, Customer Support, and Renewals Representatives.
*   Set up, maintained, and audited Changepoint engagements and projects.
*   Directly supported the sales organization with required data, including reports and datasets.
*   Participated in the Streamline Process Committee to sustain continuous process improvement.
*   Supported the finance organization for SAP ERP challenges as part of the SAP Tier 1 group.
*   Assisted with finance reconciliation projects (an audit activity).
*   Participated in pricing calls.
*   Conducted testing activities in ALM (Application Lifecycle Management).
*   Documented corporate processes specific to each line of business (SOPs).
*   Provided onboarding (buddy program and global training programs) to junior team members.

**Customer Records & Entitlements Associate** | Nuance Communications Inc. (Imaging), Waterloo, Canada | 2017

**Order Fulfillment Clerk** | Canadian General Tower, Cambridge, Canada | 2016
"
12481,"**Jane Gurovich**

**Summary**

Results-oriented professional with experience in customer requirement management and translation for development teams. Proficient in product delivery negotiations, functional testing, and product support procedure creation. Skilled in presentations, product awareness sessions, and providing product support.

**Skills**

*   Requirements Gathering and Analysis
*   Product Delivery Negotiation
*   Functional Testing
*   Product Support Procedure Creation and Implementation
*   Presentation and Product Awareness
*   First and Second Level Product Support
*   Agile Methodologies (Scrum)
*   JIRA
*   Confluence
*   SQL (Basic)
*   HTML (Basic)
*   CSS (Basic)
*   XML (Basic)
*   UNIX-like Operating System (Basic)

**Experience**

*   Team Coordination for Dev/QA teams.

**Additional**

*   Professional Development
*   Management Experience
*   Compensation History
"
12482,"**Summary**

QC Engineer with 6 years of experience, specializing in customizations for a large application. Demonstrated ability to adapt to changing priorities by switching between multiple daily customizations. Seeking a remote role in Business Analysis or Project Management.

**Experience**

QC Engineer | 6 Years

*   Conducted thorough analysis of functional requirements, utilizing communication channels including Skype, phone meetings, and email for clarification.
*   Developed customer proposals based on specified requirements.
*   Identified potential product and project risks.
*   Created user guides.
*   Led a QA team of 3-4 members for 1.5 years.
*   Managed a team focused on customizations for an employee management and timekeeping system. The system encompassed modules for scheduling, timekeeping, vacation management, payroll, personal data, and analytics.
*   Oversaw the analysis and development of user-requested customizations.
*   Successfully managed the completion of approximately 40-45 customizations.
*   Managed customization projects with durations from 2 weeks to 4 months.
*   Collaborated with teams of 1-4 members on customization projects.

**Desired Employment**

*   Seeking a remote position.
*   Availability: 4-5 hours per day (flexible schedule).
*   Targeting opportunities in Business Analysis or Project Management.
"
12483,"**[Your Name]**
[Your Contact Information]

**Summary**

IT Specialist with over 10 years of experience in the IT industry, encompassing software system maintenance and support, software analysis, and project management. Expertise in business awareness, project coordination, system migrations/integrations, incident and problem management, and SQL. Proficient in SDLC methodologies, including Agile, Scrum, and Waterfall. Known for a focus on results, self-motivation, team motivation, strong teamwork, a positive attitude, and a sense of humor. Four years of experience as a Business Analyst in IT, with experience in E-commerce, Logistics, and Finance (Banking, over 9 years).

**Skills**

SQL, Client and Team Communication (Requirements Gathering), Analytical Thinking, SDLC Understanding, Data Analysis, Atlassian Jira, Confluence, Visio, Balsamiq, Firebase, MS Office, MS SQL Server, Sybase SQL Anywhere, XML, JSON.

Project Requirement Documentation (PRD, SRS, API Specifications, A/B Testing Specifications), Diagram Creation (UML, BPMN)

**Experience**

*Business Analyst*

*   **Epicentr M** Oct 2020 – Present (4 months)
*   **Scallium** Dec 2019 – Oct 2020 (11 months)
*   **NullGravity** Sep 2018 – Dec 2019 (1 year 4 months)
*   **Coreteca** Aug 2017 – Sep 2018 (1 year 2 months)

*Senior Software Analyst (PM)*

*   **OJS Company ""Universal Bank""** Jun 2013 – Aug 2017 (4 years 3 months)

*Senior Engineer*

*   **Intesa Sanpaolo Group Ukraine (Pravex Bank)** Jul 2011 – May 2013 (1 year 11 months)

*System Administrator*

*   **BMS SERVICE** Feb 2011 – Jul 2011 (6 months)

*Lead Software Engineer*

*   **Prominvestbank / Проминвестбанк** Sep 2007 – Dec 2010 (3 years 4 months)

*Engineer - Programmer*

*   **Nikolaev petroleum** May 2007 – Aug 2007 (4 months)

*Engineer*

*   **Information Technology. Services & solutions** Nov 2006 – May 2007 (7 months)

**Responsibilities as a Business Analyst:**

*   Communicated with stakeholders to understand, collect, and analyze requirements.
*   Performed analysis for product improvement.
*   Created diagrams (BPMN, UML) for business process and logic representation.
*   Translated business requirements into technical specifications.
*   Wrote software specifications, instructions, user stories, use cases, API specifications, product metrics specifications, A/B testing specifications, and how-to guidelines.
*   Implemented specification templates.
*   Participated in daily scrum meetings, sprint meetings, and retrospective meetings.
*   Mediated between business and technical teams.
"
12484,"**[Your Name]**

**Summary**

Experienced in requirements gathering, business process analysis, and project management within the public health and M&E sectors. Demonstrated ability to analyze business processes, develop improvement recommendations, and collaborate with IT specialists on internal portal creation using MS SharePoint. Proficient in project planning, risk management, budget preparation, and project status reporting.

**Experience**

*   **Requirements Gathering & Analysis:** Gathered project requirements across public health and M&E areas. Analyzed business processes within Synergy International Systems and IDeA Foundation, offering improvement recommendations.
*   **Project Collaboration:** Collaborated with IT specialists to develop internal portals using MS SharePoint for two companies.
*   **Project Planning & Management:** Developed project plans (MS Project), risk management plans, communication plans, and budgets for various projects. Managed project status reporting.
"
12485,"**[Your Name]**

**Summary**

Results-oriented professional with over 12 years of experience in project management and business analysis roles within related fields. Proven ability to leverage expertise in IT to drive successful project outcomes. Possesses a strong understanding of business requirements, process optimization, and communication skills. Holds a higher education degree in management and project management (Graduated with honors).

**Skills**

*   Project Management
*   Requirements Gathering & Analysis
*   Business Process Analysis & Optimization
*   Development of Technical Documentation & Concepts
*   Test Planning, Design, Execution, & Bug Reporting
*   Requirements Change Management
*   Communication & Negotiation
*   1C
*   Microsoft Office Suite (Word, Excel, Outlook, PowerPoint)
*   Jira
*   SQL (Basic)
*   HTML/CSS (Basic)

**Experience**

*   **Project Management & Business Analysis Experience:** More than 12 years of experience in Project Management, Business Analysis, and related roles.
*   **Business Analyst Experience:** More than 7 years of experience.
*   Determining Customer Business Requirements and Developing Solutions
*   Setting Tasks Using SMART Principles
*   Experience in the Implementation of Automated Control Systems
*   Understanding of Project Documentation Development Processes (Use Cases, Business Rules, Functional & Non-Functional Specifications)

**Education**

*   Higher Education in Management and Project Management (Graduated with honors)
*   QA Manual
"
12486,"**Summary**

Results-driven professional with over nine years of experience leading IT and transformation projects across diverse sectors, including retail, mining engineering, energy, and government auctions. Demonstrated ability to implement innovative solutions and leverage cutting-edge technologies. Skilled in process modeling, requirements elicitation (use cases, user stories), stakeholder management, and leadership.

**Experience**

*   Successfully implemented IT and transformation projects in retail, mining engineering, energy, and government auctions.
*   Possesses nine+ years of relevant experience.
*   Performed process modeling and analysis to improve efficiency.
*   Facilitated interviews and workshops to gather information.
*   Developed comprehensive requirements documentation using use cases and user stories.
*   Effectively engaged stakeholders, utilizing leadership and influencing skills to achieve project goals.

**Objective**

To obtain a Business Analyst or Project Manager role within a company focused on delivering impactful products or services, whether through significant advantages for a specific group or incremental improvements for a wide audience. Seeking opportunities that utilize innovative problem-solving and cutting-edge technologies.
"
12487,"**Summary**

Results-driven Business Analyst and Project Manager with experience in a product company. Managed the development of an international online platform for satellite imagery analysis. Possesses eight years of experience as an engineer and group lead in spacecraft design, with involvement in the development and promotion of projects.

**Experience**

*   **Business Analyst & Project Manager**

    *   Managed the development of an online platform for satellite imagery analysis, focused on the international market.

*   **Engineer & Group Lead**

    *   Contributed to the development and promotion of spacecraft design projects.

**Skills**

*   Requirements Elicitation, Analysis, and Design
*   Use Case, User Story, and Acceptance Criteria Development
*   Requirements Management, SRS, Backlog Tracking, and Story Task Breakdown
*   Product Analysis (Strengths & Weaknesses Assessment)
*   Market Research and Analysis
*   Competitor Analysis
*   Product Documentation Support

**Objective**

Seeking a Business Analyst position to facilitate professional and personal growth within a collaborative team environment.
"
12488,"**Summary**

Senior Business Analyst with 7+ years of experience in B2C software development for websites and iOS/Android applications, and over 10 years in IT. Demonstrated ability to launch web applications, validate ideas, optimize processes, and generate revenue. Based in the USA (TX), seeking a remote position with a USA or Canada client, with the ability to travel to client locations.

**Experience**

*   Spearheaded the launch of a web application for IT career planning.
*   Conducted idea validation through interviews, leading to substantial cost savings for a FinTech startup.
*   Improved internal processes within a B2C company.
*   Developed a new revenue stream.

**Skills**

*   Requirements gathering methodologies.
"
12489,"**[Your Name]**
[Your Contact Information]

**Summary**

Results-oriented Senior Business Consultant with four years of experience at EY in Ukraine. Demonstrates a strong work ethic and a track record in business process optimization, financial analysis, and operational analysis.

**Key Skills**

*   Business Process Modeling (EPC, BPMN, MS Visio, ARIS)
*   IT Strategy Development
*   Data Analysis and Modeling (MS Excel - Advanced, MS PowerQuery, MS Power BI)
*   Management Reporting Development
*   Organizational Structure and KPI Framework Design and Review
*   Methodology and Operational Regulation Drafting
*   Presentation Design (MS PowerPoint)
*   Project Management
*   Team Leadership

**Experience**

**Senior Business Consultant** | EY | Ukraine | [Dates of Employment]
*   [List of responsibilities and achievements, if any, based on the original resume]
"
12490,"**[Your Name]**

**Summary**

Results-driven professional experienced in process implementation, quality control, and project leadership within a global company. Proven ability to establish and optimize processes, introduce company standards, and drive business requirements. Expertise in automation, standardization, and business analysis.

**Experience**

*   **Craft Brewery (Prague) - [Your Role/Title]**
    *   Spearheaded the introduction of internal standards for a global company.
    *   Implemented and established processes within a new international company.
    *   Conducted internal quality control, ensuring adherence to company standards.
    *   Established processes following international company mergers, including process description, as-is and to-be business process analysis, and automation initiatives.
    *   Introduced a new company to company standards and global policies.
    *   Translated business requirements into actionable plans for various departments.
    *   Developed and implemented automation and standardization processes, including reporting.
    *   Demonstrated understanding of the software development lifecycle.
    *   Defined business needs, goals, and opportunities, providing analysis and potential solutions.
    *   Utilized UML and BPMN for basic business process modeling.

**Skills**

*   Process Implementation & Optimization
*   Quality Control
*   Business Process Analysis (As-Is & To-Be)
*   Automation & Standardization
*   Business Requirements Gathering & Implementation
*   Reporting
*   Software Development Lifecycle Understanding
*   UML & BPMN Modeling

**Certifications/Training**

*   Business Analyst, Hillel
*   Project Management Courses
*   Public Speaking Courses

**Additional**

*   Participation in Interesting Projects
*   Long-Term Employment
*   Competitive Compensation
*   Opportunities for Professional Development
*   Bonuses
*   Wellness and Productivity Benefits
*   Fully Equipped Workplace
*   Positive Culture
*   Flexible Working Schedule
*   Business Trips
"
12491,"**Summary**

Results-driven business analyst and project management professional with 7+ years of experience. Possesses strong domain knowledge in fintech, data manipulation, processing, reporting, QA, CRM/ERP, and software development and testing principles. Proven ability to drive successful project implementations and achieve significant accomplishments, including Agile implementation within a Fortune 500 company.

**Experience**

*   **CRM/ERP Project Implementation** (Last Year)
*   **Sales App Implementation** (Last Year)
*   **Business Analyst & Project Management** (4+ Years)
    *   Successfully implemented Agile methodologies for multiple teams within a Fortune 500 company (Award Recipient).
    *   Recipient of multiple awards recognizing outstanding performance and contributions.
    *   Demonstrated expertise in technology evaluation, assessment, and roadmap development.

**Skills**

*   **Methodologies/Frameworks:** Agile, Waterfall, LeSS, SCRUM (Certified), Software Development Life Cycle (SDLC)
*   **Tools:** Jira, Visio, Confluence, Aha, Hygger
*   **Domain Knowledge:** Fintech, Data Manipulation, Processing, Reporting, QA, CRM/ERP, Software Development, Testing Principles

**Languages**

*   English
*   Spanish

**Professional Attributes**

*   Maintained a strong professional reputation.
*   Excelled in challenging environments.
*   Experienced consistent career progression and development.
"
12492,"**[Your Name]**
[Your Contact Information]

**Summary**

Professional with experience in business analysis, project management, product management, and advertising. Demonstrated ability to contribute to product development, analyze data, and manage projects.

**Experience**

**WePlay Esports** | Business Analyst/Project Manager | July 2020 – Present
*   Development

**WePlay Esports** | Associate Product Manager | July 2020 – January 2021
*   Development

**E-consulting** | Business Analyst Team Lead | April 2020 – June 2020
*   Development of CRM systems

**E-consulting** | Business Analyst | July 2019 – June 2020
*   Documentation (terms of reference, manual, test cases)
*   BPMN
*   UML
*   User story
*   ERD
*   Testing of the developed functional
*   Consultation of programmers during product development
*   Development of CRM systems

**Megogo** | Advertising Manager | July 2019 – June 2020
*   Setup and launch advertising campaigns
*   Control advertising campaigns
*   Forecasting volumes for future campaigns
*   Analysis of advertising campaigns
*   Preparation and submission of reports
*   OTT/VOD video service

**Megogo** | Office Manager | December 2016 - August 2017
*   OTT/VOD video service

**Social Media Marketing** | SMM Manager | February 2016 - December 2016
*   Digital agency

**Education**

Tutor of mathematics and physics | 2011-2016
"
12493,"**[Your Name]**

**Summary**

Results-focused professional experienced in business model development, business process analytics, and SRS documentation. Demonstrated capabilities in business development and marketing, people management and education, and content management.

**Skills**

*   SDLC methodologies (Agile, Scrum, Kanban)
*   Business process modeling (BPMN, UML)
*   SRS Documentation and Specification
*   Jira, Confluence proficiency
*   Requirement Specifications (Functional, Business, System)
*   Problem-solving skills
*   Analytical skills
*   Communication skills
"
12494,"**[Your Name]**
[Your Phone Number] | [Your Email Address] | [Your LinkedIn Profile URL (Optional)]

**Summary**

IT professional with nearly three years of experience. Demonstrated ability to communicate effectively in written and spoken English. Possesses strong communication and analytical skills.

**Experience**

*   **[Current Company Name]** | **[Your Job Title]** | [Start Date] – Present
    *   Contributed to the establishment of a new department.
    *   Assisted in the creation of departmental processes, including documentation and inter-departmental communication.
    *   Analyzed existing processes and identified opportunities for improvement.
    *   Received regular performance feedback.
*   **[Previous Company Name]** | **Technical Support** | [Start Date] – [End Date]
    *   Provided technical support, communicating with a global clientele.

**Education**

*   **[University Name]** | Bachelor of Arts | [Graduation Date (or Expected Graduation Date)]
    *   Gained understanding of SDLC, Requirements Management, User Stories/Use Cases, Roadmaps, Vision & Scope documents, and Risk Management.
    *   Developed a foundational understanding of BPMN and UML diagrams.

**Skills**

*   Communication (Written & Verbal)
*   Analytical Skills
*   Process Improvement
*   SDLC
*   Requirements Management
*   User Stories/Use Cases
*   Roadmaps
*   Vision & Scope Documentation
*   Risk Management
*   BPMN
*   UML Diagrams
"
12495,"**Summary**

Results-oriented professional experienced in business analysis, project management, and sales, with a focus on the pharmacy and healthcare, e-commerce, marketing automation, FMCG, photography and video production, social networking, and sports management domains.

**Experience**

**Business Analyst/Project Manager**

*   **Electronic Prescriptions Issuing and Receiving Mobile Application & Medical Information System (MIS) Web Service**

    *   Elicited business requirements using interviews, document analysis, requirements workshops, surveys, site visits, business process descriptions, use cases, scenarios, and business analysis.
    *   Conducted initial brainstorming and elicitation sessions with clients, integrators, government representatives, doctors, and patients.
    *   Conducted market, competitor, and target audience research; defined competitive advantages, design system concepts, user portraits, user flow diagrams, and customer expectations for cost, volume, and time.
    *   Analyzed technical documentation of the eHealth IT system and implemented requirements for designers and developers, prototyping mobile/web versions of the product.
    *   Drafted contracts and issued invoices.
    *   Prepared work breakdown structures, assessed risks, and managed work schedules.

*   **B2B Marketing Automation Website (beeway.com.ua) & Photo Shooting and Video Production Website (recartframe.com)**

    *   Gathered and analyzed requirements; communicated with customers; conducted market, competitor, and target audience research and analysis; defined competitive advantages; built user portraits; and developed system design and brand concepts.
    *   Wrote specifications for a WordPress site and prototyped mobile/web versions of the product.
    *   Drafted contracts, issued invoices, and developed and managed project plans, timelines, and risks.

**Junior Business Analyst/Sales Manager**

*   **Medical Messenger Mobile/Web Application**

    *   Conducted market and competitor research, target audience analysis, hypothesis definition, and testing.
    *   Brainstormed and wrote recommendations for promotional material and sites.
    *   Formed a doctors' and patients' database.
    *   Negotiated with potential customers on the product and new modules.
    *   Developed concepts for new service demand creation.
    *   Wrote scripts, built roadmaps, created promo videos, and led webinars and off-line presentations.
    *   Delivered presentations at the All-Ukrainian specialized medical exhibition ""MedExpo 2020.""
    *   Provided assistance with tasks and problems faced by other departments: design, development, quality control, marketing, and support.
"
12496,"**[Your Name]**

**Summary**

Business analyst experienced in project management and technical writing. Demonstrated ability to produce detailed documentation and facilitate communication among stakeholders. Experience in product and outsource environments, with a focus on detail and project commitment.

**Experience**

*   **Responsibilities:**
    *   Conducted pre-sales and research activities.
    *   Elicited and documented requirements, including SRS creation.
    *   Developed documentation for end-users, customers, and developers (requirements specifications, acceptance test plans, product descriptions, vision and scope documents).
    *   Delivered trainings, presentations, and product demos.
    *   Managed projects from initiation, including pre-sales activities, requirements gathering, planning, prioritization, and oversight.

**Skills**

*   Requirements Elicitation & Gathering
*   Technical Writing
*   Documentation Development
*   Project Management
*   Training & Presentation
*   Stakeholder Communication

**Industry Experience**

*   Financial Services
*   Healthcare
*   Travel
*   Services
*   Video Streaming
"
12497,"**Summary**

Highly motivated and experienced Project Manager and Business Analyst with a proven track record of success in software product development and data analysis. Seeking a challenging role in a product company to leverage expertise in project management, business analysis, and data analysis to contribute to the creation of innovative and user-centric software solutions.

**Skills**

*   Project Management
*   Business Analysis
*   Data Analysis
*   Requirements Elicitation & Analysis
*   Backlog Management
*   Stakeholder Communication
*   Reporting
*   SQL
*   Database Administration
*   Agile Methodologies
*   Roadmap Creation
*   Release Management
*   Risk Management
*   Change Request Management
*   User Story Creation
*   Use Case Preparation
*   Wireframing
*   Market Analysis
*   Gap Analysis
*   Documentation
*   Team Leadership
*   Onboarding
*   Estimation
*   Planning
*   Grooming
*   Demos
*   Retrospectives

**Experience**

**Project Manager** | US Product Company (Lead Generation) | Current

*   Developed and maintained roadmaps.
*   Managed backlogs.
*   Communicated and reported to stakeholders.
*   Planned BA, development, and QA phases.
*   Facilitated daily stand-ups, grooming sessions, demo sessions, and retrospectives.
*   Established and implemented development processes.
*   Provided support to developers, BAs, and QAs.
*   Managed estimations.
*   Oversaw releases.
*   Mitigated risks.
*   Handled change requests.
*   Participated in performance reviews.
*   Onboarded new team members.
*   Reviewed BA documentation.
*   Conducted BA interviews.
*   Performed requirements elicitation and analysis, documentation creation, and gap analysis.

**Business Analyst** | Online Travel Agency

*   Evaluated and validated business cases and needs.
*   Elicited business requirements.
*   Conducted market and competitor analysis.
*   Analyzed business requirements and translated them into team tasks.
*   Created user stories and developed use cases.
*   Designed and proposed solutions, logic, and flows based on business needs, requirements, and market trends.
*   Created and presented wireframes.
*   Organized and traced requirements, performed impact and gap analysis.
*   Managed backlogs.
*   Documented ""AS IS"" logic and functionality.
*   Facilitated planning, grooming, estimation sessions, and demos.
*   Supported UX, the tech team, UAT, and QAs.

**Data Analyst** | Media Agency

*   Managed databases.
*   Developed custom SQL queries and functions.
*   Prepared reports and dashboards.
*   Performed data analysis.
*   Utilized specific media software.

**Education**

*   **Courses:**
    *   Software Processes and Agile Practices (Coursera)
    *   Advanced English Course (Green Forest)
    *   Agile Planning for Software Products (Coursera)
    *   Client Needs and Software Requirements (Coursera)
    *   Design Thinking for Innovation (Coursera)
    *   Google Analytics for Beginners (Google Analytics Academy)
    *   How to Start a Startup (Stanford University course, Prometheus)
    *   Introduction to Software Product Management (Coursera)
"
12498,"**Summary**

Results-driven professional with experience in business analysis, project management, and trade marketing. Master's degree in Management of International Business. Proven ability to lead projects, analyze business needs, and contribute to product development. Dedicated to delivering positive customer experiences within budget and timeline parameters.

**Experience**

*   **Business Analyst**
    *   *Current Role*
    *   Implementing new e-commerce functionality from concept to end-user delivery.
*   **Trade Marketing Manager**
    *   Managed performance of three trademarks across Ukraine, including retail and major chain accounts.
*   **Project Manager**
    *   Led projects in CRM, e-commerce, and mobile applications within an IT outsourcing company.
    *   Managed a team of five developers and up to five projects concurrently.
*   **Commercial System Analyst**
    *   Supported systems for field forces across three markets, serving over 500 users.
    *   Awarded the Recognition of Excellence.
*   **Administrator of Application for Retail Partners**
    *   *Previous Role*
    *   Supported applications for retail partners.

**Education**

*   Master of Management of International Business and English Translation

**IT-Related Courses**

*   Basic WEB design, Projector design school
*   Basic WEB UI Development, Lviv IT School
*   IT Business Fundamentals, Genesis IT School (3-month course)
*   Marketing for Mobile Apps, Wikr Group
*   Project Management Basics, Web Academy
*   Business Analysis Fundamentals, Web Academy
*   Product Management Internship, Tonti Laguna Mobile

**Skills**

*   Business Analysis
*   Project Management
*   Trade Marketing
*   E-commerce
*   CRM
*   Mobile Applications
*   WEB and UI Design

**Professional Interests**

Seeking a role within a digital/product/web agency.
"
12499,"**Summary**

Results-oriented IT Project Manager and Business Analyst with over six years of experience. Proven ability to drive project success and achieve company and client objectives. Expertise in analytical thinking, strategic planning, and leadership, fostering strong business partnerships. Focused on direct client engagement to identify needs and deliver optimal technical solutions. Skilled in interpersonal communication, facilitating clear communication across teams. Experienced in researching, analyzing, and improving business processes, and designing and implementing effective business solutions.
"
12500,"**[Your Name]**
[Your Phone Number] | [Your Email Address] | [Your LinkedIn Profile URL (Optional)]

**Summary**

Results-focused professional with experience in data analysis, stakeholder communication, and the construction industry. Proven ability to organize, meet deadlines, and apply business analysis and project management skills.

**Skills**

*   Project Management
*   Business Analysis
*   Data Analysis
*   Stakeholder Communication
*   Construction Industry Knowledge
*   Regulatory Compliance
*   Organization
*   Problem-Solving

**Experience**

**Registrar** | [Construction Company Name] | [City, State] | [Start Date] – [End Date]

*   Managed information and maintained records.
*   Met deadlines and ensured task completion.
*   Demonstrated knowledge of construction processes and regulatory requirements.

**Education**

**IT-cluster Academy** | [City, State]
Certificate in Project Management and Business Analysis

**Licenses & Certifications**

Attorney License
"
12501,"**[Your Name]**

**Summary**

Department Head | KB ""Yuzhnoe"", Dnipro (1995 - Present)

**Experience**

*   **Department Head** | KB ""Yuzhnoe"", Dnipro (1995 - Present)
    *   Economic Project Assessment and Management
    *   Quality Assurance Management (ISO 9001)
    *   Certification Processes
    *   Marketing Research Activities
    *   Business Management Responsibilities
    *   Human Resources Management
    *   Project Audit (NPV, IRR)
"
12502,"**[Your Name]**

**Summary**

Accomplished professional with a history of scientific publications exceeding 15. Skilled in project management, risk mitigation, and project scheduling. Experienced in business analysis and product ownership, with exposure to start-up environments. Demonstrates effective communication and leadership abilities, and familiarity with e-commerce, healthcare, and finance industries. Seeking opportunities to grow communication skills, engage in complex projects, and address unique challenges.
"
12503,"**[Your Name]**
[Your Contact Information]

**Summary**

Completed a business analysis in IT course, acquiring practical skills in project analysis and documentation.

**Skills**

*   Stakeholder Analysis (Stakeholder Mapping and Register)
*   Business Model Canvas
*   Requirements Elicitation, Presentation, and Documentation
*   Competitor Analysis
*   Minimum Viable Product (MVP) Development
*   Epics, User Stories, and Use Cases
*   UML Diagrams (Sequence and ERD)
*   BPMN Diagrams
"
12504,"**[Your Name]**

**Summary**

Seeking an IT-related project offering professional development, a supportive team, competitive compensation, and the use of modern technologies.

**Experience**

**Auditor/Business Analyst** | Roshen | (4 years)

*   Conducted retail outlet visits.
*   Managed product representation and equipment availability.
*   Delivered customer presentations, set goals, and facilitated meetings.
*   Collaborated with distributors on product assortment.
*   Performed competitor research and marketing analysis.
*   Ensured policy compliance.
*   Managed a team.
*   Researched and controlled premises.
*   Conducted sales analysis and worked with vendors.
*   Oversaw advertising initiatives.
*   Focused on attracting new customers.
"
12505,"**LIMS Specialist**

TerraLab IT, LTD, Khmeknytskyi, Ukraine
June 2014 – December 2021

**Project Implementation:**

*   Gathered and analyzed user requirements.
*   Contributed to LIMS implementation plan design.
*   Configured and maintained database management systems.
*   Input reference laboratory data.
*   Managed LIMS configurations and settings.
*   Connected and set up laboratory equipment.
*   Designed reports using FastReport software.
*   Trained end-users, developed user guides, and manuals.
*   Provided laboratory support.

**Project Support and Maintenance:**

*   Maintained laboratory information management systems.
*   Performed software configurations and system administration.
*   Provided software and database maintenance.
*   Conducted initial diagnostics of user technical issues.
*   Resolved user questions and issues.
*   Assisted the development team with software process improvement.
*   Designed printing forms and reports.
*   Provided onsite client consulting.

**Project Integration and Maintenance:**

*   Developed Integration Solutions.
*   Implemented new and existing Integration Solutions.
*   Configured, customized, and developed new solutions.
*   Participated in technical integration planning and presales discussions.
*   Gathered requirements for new solutions.
*   Troubleshooted code and configuration issues in all managed environments.
*   Communicated effectively across multiple channels with teams and stakeholders.
"
12506,"**Summary**

Results-driven professional with experience in financial services and platform development. Demonstrated ability to manage projects, analyze risk, and contribute to business growth. Seeking a Junior BA/Project Manager Assistant position to apply expertise and contribute to team success.

**Experience**

**Owner & Maintainer** | Trading Platform | 2015 – Present

*   Developed and maintained a trading platform using social networks and messengers.
*   Managed platform concept and monetization strategies.
*   Focused on business growth initiatives.
*   Implemented risk diversification strategies.
*   Defined and implemented new feature requirements.
*   Successfully cultivated a user base exceeding 85,000.

**Head of Corporate Business Credit Operations Administration Department** | Banking | [Start Date] – 2013

*   Led project creation and development to centralize credit administration functionality.
*   Managed requirements gathering, alignment, and implementation.
*   Oversaw process development, logistics, budget, and responsibility assignments.

**Head of Small and Medium Enterprises Credit Risks Analysis Department** | Banking | [Start Date] – [End Date]

*   Coordinated department operations (6 subordinates).
*   Analyzed document packages and borrowers’ financial states (legal entities and entrepreneurs with an annual turnover up to 30 million UAH).
*   Provided recommendations on lending operations, restructuring, and modification, minimizing risks, and presented to the Head Office Credit Committee.
*   Improved and contributed to the development of products, processes, and methods for credit operations related to retail and SME businesses.

**Credit Expert** | Small and Medium Business Services Department | Banking | 2007 – [End Date]

*   Identified and consulted with potential clients regarding loan eligibility.
*   Collected and analyzed documents for loan transactions.
*   Conducted borrower financial state analysis using the IPC method.
*   Participated in committees assessing borrower lending ability.
*   Prepared deal documents and agreements.

**Skills**

*   Platform Development
*   Business Growth
*   Risk Management
*   Financial Analysis
*   Credit Analysis
*   Project Management
*   Requirements Gathering
*   Process Improvement
*   Teamwork
"
12507,"**[Your Name]**
[Your Contact Information]

**Summary**

Recent IT graduate with a foundational understanding of technology resource management. Dedicated to continuous learning and contributing innovative ideas to an organization. Possesses strong problem-solving skills and a proactive approach to supporting IT strategies. Seeking an opportunity to leverage knowledge and contribute to IT Management.
"
12508,"**Summary**

Results-driven professional with experience in business analysis and project management, seeking to utilize skills to contribute to project success. Demonstrated ability to coordinate teams and stakeholders, building strong relationships through effective communication. Focused on delivering projects on schedule, within budget, and scope, while upholding quality standards.

**Experience**

*   Proficient in business analysis and project management principles, techniques, and tools.
*   Worked with business stakeholders to achieve a common understanding of solutions.
*   Identified and transformed business objectives into detailed requirements, supporting functionality development.
*   Oversaw the development of clinical outcome assessments, each managed as a project with defined objectives, stakeholders, timelines, and budgets.
*   Communicated effectively with internal and external parties, including external suppliers, to establish trust and collaboration.
*   Ensured accurate and high-quality project execution.
"
12509,"**WORK EXPERIENCE**

*   CRM System Administration
*   Bug Tracking and Reporting
*   CRM Implementation (Business Process Setup, Rules Configuration, System Testing)
*   Staff Training
*   Requirements Gathering
*   Test Case Creation
*   Technical Support Lead (Technical Specifications)
*   Manual Testing
*   System Operations Monitoring (Business Processes, Transactions, Mailings, Rules)
*   Feature Prototyping (MS Visio)
*   Discount, Bonus, and Coupon Management
*   Product Receipt Monitoring, Revision Checks, and Manual Verification
*   Customer Data Uploading
*   Reporting (Excel)
*   Postman
*   SQL (Basic)
*   Log Analysis (JSON)
*   Business Analysis Creation
"
12510,"**[Your Name]**

**Summary**

Professional with over five years of experience in project and business analysis roles. Demonstrated ability to contribute to diverse projects across banking, mobile applications, event-driven architecture, healthcare, and web development.

**Experience**

*   **BA/PM** | ValueTek - Banking / Mobile Application
*   **PM/BA** | Viseven - Event-Driven Architecture
*   **BA Implementation** | ISD - Healthcare/ Product
*   **IT Analyst** | PrivatBank - Web Development

**Skills**

Scrum, Kanban, Draw.io, UML, Hibob, Miro, Figma, Jira, Confluence, SQL, Photoshop
"
12511,"**OVR360** | May 2020 – Present
*   Projects: ""Schlep"" (app for real-estate photographers), Healthcare Digital Wallet, App for handmade suits creators
*   Responsibilities: Requirements Gathering, Technical Documentation

**JV “OptimaPharm LTD”** | December 2019 – May 2020
*   Projects: Employee Training for High-Risk Roles, 1C WMS Implementation, Weekend Driver Support
*   Software: DA Directum, 1C, Logistics Application
*   Processes: Training Program Development, Data Integration, Product Management, Data Management
*   Responsibilities: Requirements Gathering, Technical Documentation, Test Case Development, Process Testing, User Manual Creation

**CIT Global Consulting** | September 2019 – December 2019 (Freelance)
*   Project: Polycard Application
*   Software: Polycard, Poster, BP Automation Tool
*   Processes: Product Management, Data Integration
*   Responsibilities: Requirements Gathering, Test Case Development, Process Testing

**Freelance** | August 2019 – December 2019
*   Project: SmartVillage
*   Software: BP Automation Tool
*   Processes: Data Integration, Smart Home Management
*   Responsibilities: Requirements Gathering, Technical Documentation, Test Case Development, Process Testing

**Freelance** | July 2019
*   Project: Web-application for Online Children's Goods Store
*   Processes: E-commerce
*   Responsibilities: Requirements Gathering

**Freelance** | June 2019
*   Project: Web-application for Manual Therapy and Practitioner Services
*   Processes: E-commerce
*   Responsibilities: Requirements Gathering, Technical Documentation

**Freelance** | March 2018 – September 2018
*   Project: Expert Order Management
*   Software: BP Automation Tool
*   Responsibilities: Requirements Gathering, Technical Documentation, Process Testing
"
12512,"**Summary**

Local Coordinator, Kyiv Branch, 15x4 Science Communication Project (15x4.org)

**Experience**

*   **Producer / Line Producer / Production Manager / Assistant Director**
    *   Generator Productions / Kiev Design Works / Freelance
    *   2003—2006, 2019—Present
*   **Regional Marketing and Customer Relations Agent**
    *   World’s End Motorcycles (UK), Ukraine, Russia, Belarus, Moldova, Kazakhstan, Kyrgyzstan
    *   2012—Present
    *   Involved in IT operations and business development.
*   **Regional Manager**
    *   Infopulse Ukraine (a TietoEVRY subsidiary)
    *   2016—2019
    *   Reported to EVP Business Development.
    *   Expanded company presence in Ukraine and the EU.
*   **IT Specialist**
    *   Mindspeed Technologies UDC (now MACOM Technologies)
    *   2009—2014
    *   IT asset management and procurement, infrastructure project management and supervision.

**Additional Experience**

*   **Motorbike parts online dealership and trade sales (sole trader)**
    *   2007—2014
*   **Founder**
    *   Kiev Design Works
    *   2003—2014
*   **Founder and Editor-in-Chief**
    *   Motomania magazine (ISSN 1993-8306)
    *   2007—2008
*   **Freelance Web Developer (PHP/JS/MySQL/Apache stack)**
    *   2003—2006
*   **Project Manager**
    *   Web design studios
    *   2000—2003

**Education**

*   MSc Computer Sciences, National Technical University of Ukraine (applied math, system analysis, mathematical modelling, statistics)
    *   1994—2000

**Compensation Expectations**

*   Full time: $3000-4000
*   Part time: negotiable; largely depends on actual workload.
*   Happy to accept lower rates with more time flexibility.

**Desired Employment**

*   Part-time / Flexible Hours Preferred.
*   Seeking a company that embraces 21st-century workplace principles.
"
12513,"**[Your Name]**
[Your Contact Information]

**Summary**

Highly motivated and detail-oriented professional with experience in project management, compliance, and business analysis, seeking to leverage skills in process improvement, data analysis, and regulatory compliance within a dynamic environment.

**Experience**

**Project Management**

*   Contributed to the Project Management Office (PMO).
*   Analyzed project implementation processes.
*   Verified the accuracy and completeness of project manager reports.
*   Generated quarterly and annual project portfolio reports.
*   Performed configuration testing for Jira & Confluence.
*   Delivered project management courses via Jira & Confluence.

**Compliance Specialist**

*   Collaborated within the AML team.
*   Ensured adherence to AML and Compliance regulations through the creation and updating of internal banking documents and procedures.
*   Prepared and submitted statistical reports.
*   Initiated IT developments to streamline processes and reduce manual tasks, including preparing business requests, collaborating with analysts on functional specifications, and participating in user testing.
*   Participated in group initiatives and projects.

**Business Analyst**

*   Documented and consolidated stakeholder requirements.
*   Worked with FBL and Data Model.
*   Possessed foundational knowledge of JIRA & Confluence.
*   Demonstrated basic proficiency in Python and SQL.
*   Participated in user testing.
"
12514,"**Summary**

Results-oriented professional with experience in product management and business analysis within the blockchain and cryptocurrency industries. Proven ability to deliver projects in dynamic environments, including those experiencing significant market volatility. Adept at managing multiple projects simultaneously and facilitating cross-functional collaboration.

**Experience**

*Blockchain Startup* | Product Owner/Business Analyst | 1 year

*   Provided and managed storage solutions.
*   Conducted market research for competitive products.
*   Brainstormed innovative ideas.
*   Systematized existing concepts.
*   Created and maintained documentation.
*   Managed backlog and user stories.
*   Developed Business Requirement Documents (BRD).

*Crypto-Based Outsourcing Company* | Project Manager/Business Analyst/Product Owner | 1.5 years

*   Managed multiple crypto and blockchain projects.
*   Led product development and adaptation for an NFT SaaS product.
*   Conducted client idea discovery and development.
*   Created business requirements, user stories, backlogs, and acceptance criteria.
*   Provided preliminary development time and cost estimations.
*   Managed client communication.
*   Performed sprint planning, daily stand-ups, and other project management tasks.
*   Brainstormed fundraising opportunities.
*   Prepared GM reports.
*   Conducted pre-sales activities.
*   Delivered introductory courses on ""Blockchain for Project Managers.""

*Blockchain-Based Travel Industry Startup* | Project Manager | 10 months

*   Managed project timelines, sprint planning, and long-term planning.
*   Utilized Jira for workflow management.
*   Managed release processes.
*   Oversaw recruitment.
*   Conducted R&D and Proof of Concept (PoC) activities.

*Out-Stream Commercials Service* | Project Manager/Product Owner | 10 months

*   Developed and implemented project management processes.
*   Participated in product launch decision-making.
*   Conducted research on development feasibility.
*   Managed release processes.
*   Led a QA team of 2.
*   Managed delivery processes.

*Silicon Valley Based Blockchain Trading Platform and ICO Launcher* | Project Manager + Head of QA | 15 months

*   Managed project timelines and deliverables.
*   Managed release processes.
*   Led a QA team of 4.
*   Communicated with clients.

**Skills**

*   Product Management
*   Business Analysis
*   Project Management
*   Release Management
*   Blockchain Technology
*   Cryptocurrency
*   NFTs
*   Market Research
*   Client Communication
*   Team Leadership
*   Jira
*   Sprint Planning
*   Backlog Management
*   User Story Creation
*   BRD Development
"
12515,"**Summary**

Results-oriented professional with experience in business analysis, project management, and business development, contributing to increased team productivity, successful project outcomes, and client satisfaction on a global scale. Demonstrated ability to manage web projects and participate in all phases of the project lifecycle.

**Experience**

*   **Project Management & Business Analysis**

    *   Managed web projects.
    *   Collected and documented high-level business requirements.
    *   Performed risk mitigation and backlog grooming activities.
    *   Created Work Breakdown Structures (WBS) and Business Requirements Documents (BRD).
    *   Managed teams and implemented change management approaches.
    *   Handled and reduced risks, including crisis management.
    *   Supervised project execution and control, encompassing estimation and cost management.
    *   Communicated with stakeholders.
    *   Applied WDLC and SDLC methodologies.
*   **Business Development**

    *   Participated in pre-sale activities and negotiations.
    *   Conducted marketing research and R&D.

**Additional Information**

*   Exhibited career progression, skill acquisition, and identification of opportunities.
*   Participated in multiple projects.
*   Experience resulted in positive team and client experiences.
"
12516,"**[Your Name]**

**Summary**

Demonstrated ability to build effective teams and drive sales, consistently exceeding targets. Additional information available upon request.

**Experience**

*   **Managerial Position** | Largest Retail Company in Ukraine | 7 years

    *   Product management
    *   Development and utilization of growth opportunities
    *   Market analysis
    *   New product launches
    *   Staff development
    *   Knowledge of emerging technologies
    *   Technology roadmap creation and implementation with R&D

**Education**

*   **Master of Economics** | National Technical University of Ukraine 'Kyiv Polytechnic Institute'
*   **Bachelor of Metrology and Measurement Technologies** | National Technical University of Ukraine 'Kyiv Polytechnic Institute'

**Skills**

*   Retail Sales Management (with innovative strategies)
"
12518,"**[Your Name]**
[Your Phone Number] | [Your Email Address] | [Your LinkedIn Profile URL (Optional)]

**Summary**

Results-driven manager with five years of experience in business development and impactful project leadership. Entrepreneurial and tech-oriented, exhibiting intellectual curiosity. Aiming to utilize project management expertise and adopt innovative methodologies.

**Skills**

*   Product Development
*   Project Management
*   Business Development
*   Product Marketing
*   Blockchain
*   Google Analytics
*   Microsoft Office Suite
*   Jira
*   Azure
*   HTML5
*   CSS
*   Agile Methodologies
*   Excel
*   PowerPoint
"
12519,"**Summary**

Results-focused professional experienced in business analysis, project management, and risk & compliance. Demonstrated ability to implement complex projects within multinational teams, leading to significant business process changes and adoption. Seeking a Business Analyst or Project Manager role in the IT sector, leveraging a passion for fast-paced environments and collaborative, results-driven teamwork.

**Experience**

*   **Head of Sales Support** (2016 - Present)
*   **Business Analyst, Project Manager, Risk & Compliance** (2009 - 2016)

**Projects**

*   Managed a multinational team as Project Manager for the implementation of a new information system, resulting in business process change and adoption.
*   Project Manager for the implementation of a CRM system, leading to business process change and adoption within a multinational team.
*   Implemented multiple satellite applications for the company information system.

**Skills**

*   Project Management
*   Business Analysis
*   Risk & Compliance
*   Multinational Teamwork
*   Business Process Improvement
"
12520,"**Summary**

Results-driven Project Manager with 5+ years of experience in web and Android mobile development projects. Demonstrated ability to lead teams of 7-10 members and successfully deliver projects across diverse sectors, including e-commerce, B2B, corporate, and media platforms with integrated account programs.

**Experience**

*   **Project Management:** 5+ years of experience leading web and Android mobile development projects.
*   **Team Leadership:** Managed teams of 7-10 individuals.
*   **Project Portfolio:** Experience managing projects in e-commerce, B2B, corporate, and media sectors, incorporating account programs.

**Responsibilities**

*   Business Requirements Analysis
*   Project Planning and Management
*   Schedule Definition and Progress Tracking
*   Alignment of Project Objectives with Company Goals
*   Project Team Objective Clarity
*   Support of Design and Development
*   Issue Resolution Leadership
*   Risk Management
*   Scope Management
*   Resource Management and Schedule Adherence
*   Budget Management
*   Project Reporting
*   Simultaneous Project Management
*   Stakeholder Partnership

**Skills**

*   Detail-Oriented
*   Analytical and Organizational Skills
*   5+ Years Project Management Experience in IT
*   Collaborative
*   Effective Communication (Customer, Team, Stakeholders)
*   Business & IT Strategy
*   Customer-Focused
*   Jira, Teamwork, Trello, Photoshop, MS Office
"
12521,"**Summary**

Results-oriented project manager and business analyst with over 5 years of experience leading IT projects in telecommunications and banking. Experienced in all phases of project lifecycles. Proficient in project management methodologies, including waterfall, Scrum, and agile. Possesses additional education in project management.

**Skills**

*   Project Management
*   Business Analysis
*   Multitasking
*   Data Analysis
*   Systemic Thinking
*   Communication
*   Problem Solving
*   Organization

**Experience**

*   Project Manager and Business Analyst (5+ years)
    *   Managed IT project implementations within telecommunications and banking.
    *   Successfully managed multiple projects concurrently, demonstrating effective multitasking and deadline adherence.
    *   Applied analytical skills to task decomposition, prioritization, resource evaluation, and timeline creation for project completion.
    *   Collaborated effectively with varied teams and stakeholders to achieve project objectives and identify opportunities.

**Education**

*   Project Management Education
"
12523,"**Summary**

Results-driven professional with 17 years of experience in the banking sector, specializing in digital retail banking. Demonstrated ability to successfully implement complex IT projects, from inception to production, leveraging expertise as a Business Analyst (BA), Product Owner (PO), and Project Manager (PM). Proficient in managing in-house development, creating comprehensive documentation, and utilizing Agile methodologies.

**Experience**

*   **Project Implementation:** Successfully led the implementation of key projects as a PO/BA:
    *   Front-office system for retail banking, encompassing credit card sales, cash loans, refinancing, account opening (current and deposit), debit cards, and CRM elements.
    *   Tokenization system developed in partnership with Visa (Google Pay, Apple Pay, Garmin Pay) and MasterCard (Google Pay, Apple Pay), from initial concept to production launch.
    *   Internet banking platform for retail clients, featuring P2P transfers (including cross-board), account-to-account transfers (including SEP), card management, online currency exchange, and account/card opening capabilities.

*   **IT Project Leadership:** Held various roles within IT projects for the past 7 years, transitioning from BA to PM and PO, demonstrating a comprehensive understanding of the project lifecycle.
    *   Experience in the full lifecycle of system implementation, from initial design to production launch.
    *   Proficient in managing in-house development teams.
    *   Skilled in creating Business Requirements Documents (BRD) and Business Process Diagrams (BPMN 2.0).
    *   Experienced in project planning, managing project backlogs, and overseeing UX/UI teams.

**Skills**

*   Agile Methodology & Framework
*   SDLC (Software Development Life Cycle)
*   Jira
*   Confluence
*   Figma

**Industry Focus**

Digital banking and fintech. Open to diverse projects.
"
12525,"**Summary**

Results-driven professional experienced in leading teams to deliver customer-focused solutions. Skilled at cultivating a collaborative and positive work environment, adept at conflict resolution, and removing impediments. As a Product Owner, defined product goals and vision, utilizing technical proficiency to connect customer needs with team execution, transforming business concepts into successful product outcomes.

**Experience**

*   **Product Owner**
    *   Collected and interpreted client needs and vision from strategic Product Owners.
    *   Assisted in developing the global roadmap in coordination with strategic Product Owners.
    *   Managed the product backlog, including defining, prioritizing, and testing new features, enhancements, and bug fixes.
    *   Led product development discussions within the team.
    *   Coordinated product releases and communicated short-term roadmap information to the team.
    *   Partnered with strategic Product Owners to improve UX/UI.
    *   Provided product support.

**Skills**

*   Team Leadership & Facilitation
*   Conflict Resolution
*   Product Vision & Goal Setting
*   Technical Proficiency
*   Customer-Focused Solutions
*   Product Backlog Management
*   Prioritization
*   Release Management
*   UX/UI Collaboration

**Industry Experience**

*   Printing and Publishing
*   Retail
*   CRM / ERP
*   E-commerce
*   Healthcare
*   VR/AR Entertainment

**Desired Opportunity**

Seeking an environment that promotes professional development through mentorship, training, and challenging projects. Seeking a collaborative, creative, and innovation-focused team with opportunities for performance-based compensation reviews.
"
12526,"**Summary**

Results-driven professional experienced in project management, systems development, and business process improvement. Demonstrated ability to lead teams, manage project scope, and achieve successful outcomes.

**Experience**

*   **Core Systems Development:** Involved in the initial development of a core company system.
*   **Internet Marketing and Sales:** Experience with internet marketing and sales strategies.
*   **Supply Chain Management:** Knowledge of supply chain processes.

**Project Management & Coordination**

*   Managed project scope for multiple teams.
*   Facilitated sprint and quarterly planning sessions.
*   Performed Scrum Master duties.
*   Collected and interpreted requirements for team comprehension.
*   Designed solutions through assessment of workflow options.
*   Controlled solutions by defining specifications.
*   Collaborated with cross-functional teams for process integration.
*   Produced documentation for new and modified features.

**Skills**

*   JIRA
*   Rally
*   MS Office Suite
*   e-Commerce Platforms
*   CRM Software
*   SAP ERP Systems

**Personal Attributes**

*   Self-Starter
*   Analytical Thinker
*   Accountable
*   Proactive Approach
*   Innovative
*   Detail-Oriented
*   Interpersonal Skills
*   Fast Learner
*   Driven
*   Dedicated
*   Willing to Learn
"
12527,"**[Your Name]**

**Certifications**

*   PSM 1
*   SAFe 5 Agilist
*   SAFe Scrum Master
*   SAFe Product Owner & Product Manager

**Experience**

**Senior Business Analyst** | EPAM | December 2020 – Present

*   Led discovery phases and solutioned project scope for quarterly goals.
*   Utilized UX prototyping tools to validate requirements and provide UX recommendations.
*   Developed organized Confluence spaces for project requirements documentation.
*   Organized workshops with end-user focus groups for requirements elicitation and expectation alignment.
*   Conducted research on insurance products to enhance business value for clients.

**Middle Business Analyst** | GlobalLogic | November 2019 – Present

*   Developed detailed and clear requirements documentation.
*   Organized and facilitated Scrum ceremonies, including daily meetings, sprint planning, and estimation sessions.
*   Created UX prototypes for web interfaces using Wireframepro and Axure.
*   Managed requirements throughout the project lifecycle (elicitation, clarification, documentation, and maintenance).
*   Facilitated the removal of impediments to the Development Team's progress.

**Business Analyst** | Nix Solutions | May 2018 – November 2019

*   Translated stakeholder requirements into deliverables, including requirements specifications, user stories with acceptance criteria, and workflow diagrams.
*   Supported Product Owners in prioritizing development work and managing the product backlog.
*   Provided ongoing requirements support to the development team.
*   Offered sales and presales support, including gathering initial requirements for project estimations.
*   Conducted UX research on competitors and created UI prototypes for web and mobile interfaces using Axure.

**Sales Manager / Business Analyst** | Galaxy IT | December 2017 – May 2018

*   Developed business opportunities by identifying potential customers on Upwork, Freelancer.com, and LinkedIn.
*   Gathered business requirements and translated them into actionable tasks for the development team.
*   Managed projects and configured JIRA according to Agile methodologies (SCRUM / Kanban).
*   Conducted demo sessions to present sprint results to clients.
*   Facilitated sprint planning sessions with the development team.
"
12528,"**Jane Doe**
(123) 456-7890 | jane.doe@email.com | LinkedIn Profile URL (Optional)

**Summary**

Results-driven professional experienced in software implementation, configuration, and customer support. Demonstrated ability to configure systems, troubleshoot issues, and provide technical guidance. Skilled at translating client needs into technical specifications and working with development teams.

**Experience**

**HCM Configuration Specialist** | August 2019 – May 2021
*   Initialized customer data.
*   Provided support and troubleshooting for customer issues.
*   Customized systems to align with client requirements.
*   Developed specifications and collaborated with development teams.
*   Performed testing and managed requirements.

**Configuration Manager** | February 2013 – July 2019
*   Configured and managed the software build release process.
*   Established test and production environments.
*   Created technical design documentation.
*   Supported projects and customer databases.

**Software Implementation Specialist** | May 2010 – February 2013
*   Developed user instructions.
*   Documented manufacturing processes.
*   Imported data into Oracle.
*   Configured products, developed custom reports, and prepared for product revisions.
*   Administered systems.
*   Wrote automated QA tests.
*   Trained users on system functionalities.
*   Provided customer support.

**Software Implementation Specialist** | May 2008 – April 2010
*   Maintained accounting software.
*   Prepared the test environment.
*   Configured products, developed custom reports, and prepared for product revisions.
*   Trained users on system functionalities.
*   Provided customer support.
*   Utilized HTML, CSS, PHP, and VBasic coding.

**Interests**

*   Finance
*   Big Data
*   Artificial Intelligence
*   Blockchain
"
12529,"**Summary**

Results-focused professional experienced in both Business Analyst and Project Manager roles. Demonstrated ability to achieve project success through effective planning, stakeholder management, and team leadership. Committed to continuous improvement and delivering valuable solutions. Passionate about product strategy and customer-focused development.

**Experience**

*   Directed the analysis and documentation of requirements for a new system.
*   Partnered with development teams to ensure system alignment with business needs.
*   Oversaw successful system implementation and adoption.
*   Developed project MVP with one Agile team within 4 months.
*   Implemented Scrum practices, enhancing project planning and work organization.
*   Cultivated stakeholder relationships, building trust and collaboration.
*   Supported team member development, encouraging professional growth.
*   Managed project planning, prioritization, team management, budgeting, risk management, quality management, change management, and reporting.
*   Collected and analyzed requirements, developed solutions, and produced documentation.
*   Conveyed project goals, progress, and results to stakeholders.
*   Consistently assessed and refined processes and systems to improve efficiency, productivity, and profitability.
*   Prioritized the elimination of wasteful processes to maximize project and product value.

**Responsibilities (as Business Analyst)**

*   Identifying opportunities for improvement.
*   Developing solutions.
*   Facilitating communication between stakeholders and technical teams to meet business objectives and add value.

**Responsibilities (as Project Manager)**

*   Leading projects to successful completion, on time, within budget, and meeting client objectives.
*   Managing project teams, stakeholders, risks, and changes.
"
12530,"**[Your Name]**

**Summary**

*   Program Manager with experience in managing IT projects and teams within the telecommunications and banking industries. Expertise in systems administration, implementation, and maintenance of various platforms.

**Experience**

**Amdocs Israel**
Program Manager
2020 – Present

**Pasha Bank Georgia**
IT Section Manager
June 2018 – December 2019

*   Managed IT section units: IT Operations, Software Development, and Business Analysis and Service Quality.
*   Coordinated Department’s activities.

**Geocell – TeliaCompany – Telecommunications**
Technology Division, Services – Products and IT Section Manager
February 2015 – June 2018

*   Managed IT section units: Billing and Charging, Product and Services, Software Development, Enterprise IT, and Business Support and reporting.
*   Coordinated Department’s activities.

**Geocell – TeliaCompany – Telecommunications**
ICT Division, Service Network Department Manager
January 2006 – February 2015

*   Managed systems including: Prepaid Charging system, Ericsson Billing Gateway platform, and VAS platforms – SMSC, CRBT, WAP GW, Voice Mail.
*   Responsibilities included: Technical helpdesk, Systems administration and maintenance, and Implementation and deployment of new products.

**Geocell LLC - Telecommunications**
Service and Product Operations Team Coordinator (Technical Department)
March 2004 – January 2006

*   Managed systems including: Prepaid Charging system, Ericsson BGW(EMM) platform, and Value Added System– SMSC, CRBT, WAP GW, Voice Mail.
*   Responsibilities included: Technical helpdesk with 24x7 support of internal customers.

**Geocell LLC - Telecommunications**
Prepaid Charging System Engineer (Technical Department)
March 2000 – March 2004

*   Administered and maintained Ericsson (PPL) prepaid charging system.
*   Provided technical helpdesk, 24/7 support.
*   Configured and implemented new products and tariff plans.

**New Net Georgia LLC**
Digital PSTN Switching Center Technical Manager
February 1997 – March 2000

*   Administered and maintained PSTN switching center.
*   Planned and managed shift staff.
*   Provided technical helpdesk, 24/7 support.

**Projects**

*   **Retail Bank Launch (Cash-Loan and TopCard)**, August 2018 – August 2019
    *   Project involved: Processing Center swap and Core Banking integration, Existing Core Banking system release upgrade, Deployment CRM and Sales Force, Internet Banking and Mobile Banking, Contact Center PBX system swap, and Integration with Terminal Payment system.
*   **Prepaid Billing system swap from Amdocs/Comverse One to Peter-Service BSS**, August 2017 – December 2017
    *   Swapped Prepaid Billing System to Peter-Service BSS with on-line credit and balance control.
*   **Post-paid Billing and Interconnect systems swap from CBOSS to Peter Service BSS**, May 2016 – December 2016
    *   Swapped Post-paid and Interconnect Billing System from CBOSS to Peter-Service BSS with on-line credit and balance control.
*   **Geocell Deep Packet Inspection, Policy and Charging rules function platform swap**, January 2017 – December 2017
    *   Geocell performed PCRF/PCEF swap tender.
*   **Prepaid Billing System swap**, January 2014 – September 2014
    *   Swapped Prepaid Billing System from Orga OPSC Classic to Comverse ONE BSS.
"
12531,"**[Your Name]**

**Summary**

Results-oriented professional seeking an IT role. Proven ability to manage projects and drive B2B sales within the agribusiness sector, demonstrated by over 10 years of experience. Holds certifications in IT Project Management and IT Business Analysis.

**Skills**

*   Project Management
*   IT Business Analysis
*   Software Development Lifecycle (SDLC) Understanding
*   Knowledge of Software Development Methodologies
*   Risk Assessment and Mitigation
*   Project Planning and Execution
*   Analytical Problem-Solving
*   Strategic Planning
*   Organizational Proficiency
*   Effective Communication (Written & Verbal)
*   Documentation and Presentation Development

**Experience**

*   **Agribusiness Sector:** 10+ years of experience in Project Management and B2B Sales, including experience in project leadership and sales strategy.

**Education**

*   **IT Education Academy (ITEA)** - IT Project Management Certificate
*   **BA Space School** - IT Business Analysis Certificate Courses

**Career Objective**

Seeking a long-term position in the IT sector to apply existing skills and expand expertise, contributing to impactful projects and fostering professional development.
"
12532,"**Summary**

Results-oriented professional with experience in SAP ERP implementation and project management, seeking a Business Analyst or Project Manager role. Proven ability to deliver solutions, facilitate communication, and support team growth.

**Experience**

*   **Project Lead/Project Manager, SAP ERP Implementation**
    *   Successfully rolled out system refinements and solutions, meeting project deadlines.
    *   Improved communication and reduced misunderstandings between IT and business stakeholders by delivering project scope.
    *   Supported team member professional development.
    *   Managed project responsibilities encompassing Project Management, Business Analysis, Quality Assurance, and Customer Support.
    *   Organized team work and communicated with stakeholders, including top management, to ensure business needs were met.
    *   Prioritized the Product Backlog.
    *   Defined business needs and prepared requirements for Sales, Marketing, Finance, and Procurement departments.
    *   Tested IT solutions, refinements, system improvements, and bug fixes.
    *   Organized the migration process from 1C: Enterprise 8.2 to SAP ERP.
    *   Provided first-line user support.
    *   Prepared instructions, learning materials, and conducted training.
*   **Business Analyst** (Beauty Sphere)
    *   Customized software (YClients, now Altegio) and organized working processes.
*   **Civil International Experience**
    *   1.5 years of experience in administrative duties, contract management, and Human Resources.
*   **Sales and Marketing Experience**
    *   Over 1 year of experience.

**Skills**

*   **Project Management Methodologies:** SDLC, Agile, Scrum
*   **Tools:** MS Office (Word, Excel, Project, Outlook, Skype for Business), User stories, use cases, scenarios, Backlog, JIRA, Confluence, Miro, Basilique, BPMN, RACI matrix, Product Vision Boards, Story Mapping.
*   **SAP ERP:** Testing systems.

**Recognition**

*   Recommended to the Staff Roster (prospective employees of the company) based on staff assessments (2015-2017).
*   Contract extension based on high-performance evaluation.

**Career Goals**

Seeking a Business Analyst or Project Manager role (including junior positions) in a fast-paced organization where I can employ my knowledge and grow professionally.
"
12533,"**Summary**

A highly experienced project management professional seeking opportunities to leverage expertise in web platform and solution development, with a focus on the Telecom industry. Proven ability to deliver projects on time and within budget, emphasizing effective communication and stakeholder management. Proficient in Agile methodologies and dedicated to achieving results.

**Experience**

*   **Project Manager, NFT Project**
    *   Managed all aspects of an NFT project, demonstrating attention to detail and adherence to deadlines and budgets.
    *   Utilized project management best practices and frameworks for successful project delivery.

*   **Scrum Master**
    *   Currently serving as a Scrum Master, enhancing Agile proficiency and team leadership.

**Skills**

*   Project Management
*   Web Platform Development
*   Telecom Industry
*   Agile Methodologies
*   Budget Management
*   Deadline Management
*   Stakeholder Communication
*   Problem-Solving
*   Business Acumen
*   Project Management Software
*   Teamwork
*   Time Management
*   Latest Technologies (Interest & Knowledge)
"
12565,"**Summary**

Results-oriented professional with 4 years of experience in business analytics and 5 years in sales. Proven ability to manage teams, implement integrations, and launch projects. Experienced in startup environments and outsourcing projects. Committed to continuous learning and contributing to team success.

**Experience**

*   **Business Analytics/Scrum Master**

    *   Managed two Scrum teams:
        *   Team 1: 15 members (2 iOS devs, 2 Android devs, 4 FE, 5 BE, 2 QA)
        *   Team 2: 9 members (2 mobile devs, 2 FE, 3 BE, 2 QA)
    *   Successfully implemented at least 5 integrations.
    *   Successfully released MVP in the second project.
    *   Facilitated Scrum events: sprint planning, grooming, estimations, retrospectives, and backlog fulfillment.
    *   Managed development processes and collaborated with developers, QAs, UI/UX designers, and Business Owners.
    *   Enriched user stories, created detailed documentation in Confluence, and developed user stories, use cases, and wireframes.
    *   Planned and scheduled project timelines (including sprints) to ensure timely delivery.
    *   Maintained transparent and visible backlogs and dashboards for team members and clients.
    *   Monitored and improved team performance and provided visibility to clients.
    *   Produced regular progress reports for project status.
    *   Presented reports to Product Owners and stakeholders on progress, problems, and solutions.
    *   Managed changes to meet project outputs.
    *   Produced technical requirements, including UML (Use Cases, Functional & Non-Functional Specifications, Sequence diagrams).
    *   Analyzed change requests and updated changelogs.
    *   Proposed solutions and assisted customers with requirements.
    *   Managed project expenses, estimations, and risk management.
    *   Client communication with USA/EU clients.
    *   Identification, gathering, and analysis with businesses and PO.
    *   Working on 3 projects last year: 2 healthcare projects and 1 related to cryptocurrencies and crowdfunding.
    *   Experience in various projects, from fitness apps to finance systems.
*   **Sales Manager**

    *   Managed and coordinated the sales department (8 sales managers and pre-sales managers).
    *   Established and implemented an Affiliate Program and Sales Strategy.

**Skills**

*   Project Management
*   Scrum
*   Business Analytics
*   Sales
*   Client Communication
*   Requirements Gathering & Analysis
*   Documentation (Confluence)
*   UML
*   MS SQL, My SQL, HTML, CSS, and PHP (basic knowledge)

**Education**

*   IT Project Management Course, April 2019
*   Quantitative and Quality Market Research Course, November 2019
*   Private Courses: MS SQL, My SQL, HTML, CSS, PHP (March 2020 - July 2020)

**Additional Information**

*   Enjoys working in a team environment and is dedicated to achieving results.
*   Motivated to learn new skills and contribute to company growth.
*   Values a supportive and collaborative work environment.
*   Sales experience used to build relations, solve problems, find solutions and keep communication with clients and team.

**Availability**

*   Flexible start time, preferably after 11:00 AM.
"
12656,"**Summary**

Results-driven professional with experience in business analysis, web analysis, and project management. Demonstrated ability to drive growth, streamline processes, and achieve results across diverse projects. Seeking a challenging role that leverages expertise and fosters collaboration.

**Experience**

*   **Current: Web Analyst / Business Analyst** (Big National Retail Company)

*   **Position 1 (2021-2022): Business Analyst / Web Analyst**

    *   Reformatted company reporting across approximately 10 projects.
    *   Automated daily reporting.
    *   Enhanced interdepartmental interaction.
    *   Increased the number of projects analyzed.

*   **Position 2 (2020-2023): Lecturer** (Ukrainian university) (part-time)

    *   Authored publications indexed in scientific databases.
    *   Implemented concept for an educational YouTube channel.

*   **Position 3 (2017-2021): Chief Executive Officer** (Own online IT project)

    *   Developed and implemented a successful business model.
    *   Achieved significant average monthly profitability.
    *   Fully automated processes.
    *   Transitioned project support.

*   **Position 4 (2016-2021): Project Manager** (Remote)

    *   Increased monthly site traffic.
    *   Increased the number of advertising partners.
    *   Transferred project maintenance.

**Skills**

*   Business Analysis
*   Web Analysis
*   Project Management
*   Reporting & Analytics
*   Process Automation
*   Strategic Planning
*   Content Creation
*   Leadership

**Objective**

To contribute expertise and drive results within a collaborative professional environment.
"
12674,"**Summary**

Results-driven IT professional with over 10 years of experience. Demonstrated ability to define, comprehend, articulate, and automate software sales and support processes within a large, global organization. Proficient in Agile methodologies, including Scrum, with experience establishing Scrum processes.

**Experience**

*   **Scrum Master/Proxy Product Owner/Analyst/Project Manager** (Various Projects)

    *   Established and managed Scrum team processes.
    *   Served as Scrum Master.
    *   Acted as Proxy Product Owner.
    *   Developed project documentation.
    *   Created software requirements, including use case diagrams (Visio, Star UML), use cases, user stories, and cascaded requirements.
    *   Managed requirements validation and change processes.
    *   Participated in software testing (training completed).
    *   Facilitated trainings, brainstorms, debates, and meetings.
    *   Managed mobile and desktop application development projects.

**Skills**

*   Agile, Scrum, Kanban
*   Requirements Elicitation and Management
*   Project Documentation
*   Use Case Diagrams (Visio, Star UML)
*   Software Testing (Training)
*   Development Process Understanding (Waterfall, Agile, Kanban)
*   Multitasking and ability to work under pressure
*   Coach training
*   10+ years in IT
*   8+ years as Analyst and Proxy Product Owner
*   4+ years as Project Manager
"
12687,"**Andrii**

**Summary**

*   Visionary Engineer
*   Top Rated Plus Upwork Freelancer
*   Automation Development since 2010
*   Deep engagement into modern IT tech
*   Low-Code/No-Code Enthusiast
*   Fast typing (top 1%, >100 WPM)
*   100% Googling skills
*   Professional Negotiator
*   Confident Public Speaker

**Skills**

*   Professional Microsoft Excel & Google Sheets Development
    *   Formula Nativity
    *   Advanced VBA / Google Apps Script (JavaScript)
    *   Full Automation
    *   Workflow Optimization
    *   Digital Integrations
    *   Complex Calculations, Dynamic Conditional Formatting, Pivot Tables & Pivot Charts
    *   Instant Actions, Macros, User-defined Functions, UI Forms, Data Scrappers, Web-connections, Data Backups, Emailing — any custom functionality
    *   Automated Reporting and Data Analysis, Processing of Complex Datasets, Data Transformation, File Generation, Database Management, External Controlling
    *   Data Summary & Data Visualization | Dashboards, Charts & Graphs, KPIs — professional, beautiful, clean & dynamic
    *   Financial Modeling, Data Analytics Planning, Forecasting
    *   Advanced Graphical User Interface (GUI) | Architecture Design | Elegant Workflows
    *   Intuitive Designs | Best UX | Effortless Maintenance | Instant Results
    *   Smart Decision-Making Tools, Solvers, Schedulers, Triggers, Alerts & Notifications
    *   Business Tools, Trackers, File Processors, Bar/QR Code Generators
    *   Custom Calculators of any type: Business, Financial, Insurance, Fitness, etc.
    *   Workflow & Data Integration between Microsoft Office Products – Word, PowerPoint, Outlook, SharePoint, InfoPath, OneNote
    *   Interaction with WinApi | FileSystemObject (FSO) | ADODB (MS Access, MS SQL) | Web APIs
    *   Workflow & Data Integration between Google Workspace (G Suite) Components – Admin Console, Drive, Gmail, Docs, Slides, Calendar, Forms, Sites, Keep
*   Additional Digital Skills:
    *   Airtable
    *   Google Data Studio
    *   Power BI
    *   Databox
    *   Power Query
    *   Power Pivot
    *   Microsoft Flow
    *   Zapier
    *   IFTTT
    *   Integromat
    *   Automate.io
    *   Power Automate
    *   Automatic Mouse & Keyboard
    *   FileMaker Pro
    *   Power Apps
    *   App Sheet
    *   bubble.io
    *   Webflow
    *   Telegram Bots
    *   WordPress
    *   HTML
    *   CSS
    *   JavaScript
    *   PHP
    *   SQL
    *   Hostings
    *   Domains
    *   Trello
    *   Jira
    *   Confluence
    *   Microsoft To-Do
    *   ServiceNow
    *   Canva
    *   diagrams.net (draw.io)
    *   Paint.net
    *   Photoshop
    *   Sony Vegas
    *   DaVinci Resolve
    *   Java
    *   Python

**Experience**

*   **Top Rated Plus Upwork Freelancer**
    *   Analysis, optimization, and automation of business processes, creating workflows unifying digital environments
    *   Data processing and transformation, interaction with external APIs, automatic reports
    *   Creating dashboards, visualization, interfaces, software architecture, and user experience
    *   Sophisticated calculations, clever mechanics, full automation with smart buttons and scripts
    *   More than 50 successful long-term projects
    *   Over 2500 clients (US, Canada, UK, Australia)
    *   Worked with:
        *   Crypto Traders
        *   Investors
        *   Stockbrokers
        *   CEOs
        *   CFOs
        *   Senior Management
        *   Startups
    *   Worked with the majority of industries:
        *   Finance
        *   Marketing
        *   Sales
        *   Insurance
        *   Manufacturing
        *   Construction
        *   Real Estate
        *   Government
        *   Healthcare
        *   Education
        *   Agriculture
        *   Media
        *   ...
        *   And many more
    *   *IT Project Manager of ThinkWider App*
        *   Application for submitting ideas for factory workers to improve the manufacturing process. Ideas full processing from reviewing and discussing till staging, implementation and rewarding
    *   *Manager and Developer of IShare Educational Platform*
        *   Digital educational platform with training materials and online live training

**Projects**

*   Creating custom automation tools and solutions since 2010.
*   Every sphere and activity of my life has its separate Excel or Google Sheets projects.
*   I created documentation, flowchart, business case, project charter, SLA, test scenarios, technical requirements, etc.

**Testimonials**

*   ""Andrii has exceptional knowledge in business and technology. We were able to successfully work towards our end goal. Our solution now works flawlessly!""
*   ""Exceptional Work! In my honest opinion, during my time working with Andrii, his strategic thinking and problem solving skills undeniably far outreaches anyone in business / IT logic""
*   ""Andrii has completed several projects for me and each one has been done with the type of care I would do if I had his skills. His attention to getting the project done right is a huge benefit. He can see the big picture of what needs to be done, work through the details rigorously, and his interpersonal style and skills make the process go smoothly. Thank you, Andrii!!""
*   ""Andrii was amazing. He really took the time to understand the scope of the project, asked great questions, took initiative and even improved our vision. We worked with him for two jobs already and will certainly be using him again. I highly recommend him. Professional, skilled, a great communicator and able to meet deadlines.""

**Education**

*   Erasmus+ MA Student (Krakow, Poland)
*   MA with Honors – Financial Management
*   BA – Corporate Finance
*   BA – English Translation

**Languages**

*   Fluent English | IELTS C1
*   Native Ukrainian & Russian
"
12736,"**[Your Name]**

**Summary**

Launched a new company and entered the foreign market, generating a $20,000 turnover in the first year.

**Experience**

*   **Co-founder and Business Manager, Whales of Design**

    *   Managed a design agency.
    *   Led project teams (4-12 members).
    *   Oversaw business management and partner acquisition at industry conferences.
    *   Cultivated relationships with external contractors and designers.
    *   Managed client relations and order fulfillment.

*   **Recruiter and Manager**

    *   Conducted staff recruitment.
    *   Performed quality control.
    *   Contributed to event organization, including ""Ocean Elzy,"" ""Atlas Weekend,"" and ""Imagine Dragons"" concerts.

**Objective**

Seeking a position in a large company with opportunities for intellectual and professional development.
"
13078,"Yelyzaveta

Summary

Accomplished IT professional with a diverse skill set, excelling in project management and financial expertise. Dedicated to contributing to a team and achieving success. Eager to learn, work, and deliver results. Focused on professional growth.

Professional Experience

Project Manager

*   Developed understanding of technical aspects within project development.
*   Skilled at resolving complex issues.

Business Development Manager

*   Issue Resolution and Technical Expertise: Resolves complex issues by applying knowledge of technical project development.
*   Financial Management and Client Relations: Manages client interactions, provides additional services, upsells supplementary solutions, and handles invoicing and time tracking inquiries.
*   Collaboration with Delivery Manager and Client-side Process Configuration: Improves client-side project management processes, ensuring effective coordination, documentation, and data exchange.
*   Project Resource Cost Calculation: Determines the cost of specialized resources for each project.
*   Overall Company Project Margins Calculation: Analyzes and calculates overall project margins.

Additional Information

Dedicated to excellence in IT project management and financial solutions. Seeks opportunities to contribute value and drive success.
"
13080,"**[Your Name]**

**Summary**

7 years of IT experience.

**Experience**

**Business Development Manager**

*   Managed full cycle sales process including lead generation, prospect qualification, opportunity development, and deal closure.
*   Prepared contract documentation including Estimates, Proposals, MSA, and SOW.
*   Utilized CRM systems: Salesforce, Zoho, Dynamics, and Act!.
*   Utilized email marketing tools: SendGrid, Reply, and Outreach.
*   Utilized tracking systems: Jira and Trello.
*   Collaborated with various departments during the pre-sale stage, including recruiters, PMs, and company executives.
*   Elicited client requirements during sales calls.
*   Coordinated with Project Managers and clients to ensure project success.
*   Served as the primary point of contact for prospects during the pre-sale stage (tech interviews, feedback gathering, and objection handling).
*   Managed full-cycle email campaigns.
*   Created marketing materials, including case studies, press releases, and website content.
*   Participated in screening and interviewing of Sales & Marketing team members.
*   Mentored and trained junior team members, including remote teams.

**Business Analyst**

*   Elicited and evaluated client requirements.
*   Created Software Requirements Specifications.
*   Maintained and updated project documentation.
*   Communicated with customer representatives and developers.
*   Prepared User Guides.
*   Created UI Wireframes.
"
13146,"**Dean's List** | American University in Dubai

**Certifications:** ISO 22000 - Certified Internal Auditor

**Experience:**

*   Seven years of managerial experience within international companies in Ukraine, Qatar, UAE, and Lebanon, including roles as Assistant, Project Manager, and Director of Business Development & Production.
*   Fluent in English; skilled in complex report writing and product presentations.
*   Experienced with international documentation, including supply contracts, logistics, and NDAs.
*   Supervised teams of up to 15 direct reports (engineers, designers, sales managers) and managed collaborations with approximately 10 third-party service providers.
*   Employs planning, organizing, leading, and controlling principles in managerial roles.
*   Proficient in project management and communication tools, including Trello and Google Documents.
*   Demonstrated long-term commitment, with over five years of service at one company.
*   Experience with personal projects in eCommerce and online news publications.
"
13147,"**[Your Name]**

**Summary**

Results-oriented professional with 3+ years of project management experience and approximately 2 years of IT business development experience. Demonstrated ability to build partnerships and oversee projects. Strong communication skills and a proactive approach to challenges. Seeking a collaborative environment for career advancement.

**Experience**

*   **Partnership Manager** | Outsourcing/Outstaffing Agency

    *   Managed client and supplier meetings to define objectives and drive mutual growth.
    *   Managed client communication and onboarding.
    *   Oversaw a team of developers and designers.
*   **[Previous Roles - Specify based on original resume information. If not specified, omit this section]**

    *   Successfully managed multiple projects and support tasks.
    *   Developed a partnership network with IT companies in multiple regions.

**Skills**

*   Project Management
*   Business Development
*   Client Communication & Onboarding
*   Team Leadership
*   Agile Methodologies
*   CRM Software
*   Trello
*   Notion
*   Slack
*   Jira
*   ActiveCampaign
"
13148,"**[Your Name]**

**Summary**

Business Development Manager and Fundraiser with 5 years of experience. Successfully established and maintained stakeholder relationships, contributing to a $30,000 fundraising achievement within a week for a startup. Proven ability to identify opportunities, develop strategies, and manage projects.

**Experience**

**Business Development Manager and Fundraiser** | [Startup Name] | [Dates of Employment]

*   Cultivated and sustained relationships with stakeholders, resulting in a successful fundraising initiative.
*   Raised $30,000 in one week.

**Business Development Manager** | [Previous Company/Companies] | [Dates of Employment]

*   Communicated new product developments to prospective clients.
*   Contacted potential clients to establish rapport and arrange meetings.
*   Identified new business opportunities.
*   Attended conferences, meetings, and industry events.
*   Developed and ensured the achievement of goals for the development team and business growth.
*   Researched organizations and individuals to find new opportunities.
*   Set goals for the business development team and developed strategies to meet those goals.
*   Met with stakeholders.
*   Trained business development staff.
*   Researched prospective accounts in target markets.

**Project Manager** | [State Enterprise Name] | [Dates of Employment]

*   Determined and defined project scope and objectives.
*   Tracked project costs to meet budget.
*   Monitored progress and made adjustments as needed.
*   Measured project performance to identify areas for improvement.

**Skills**

*   Business Development
*   Fundraising
*   Stakeholder Management
*   Project Management
*   Goal Setting
*   Strategic Planning
*   Team Leadership
"
13149,"**[Your Name]**

**Summary**

Highly motivated professional with a proven track record of successful project management and international collaboration. Skilled at navigating complex processes, building strong relationships with global partners, and driving results in a fast-paced environment. Passionate about communication, customer service, and contributing to a collaborative team.

**Experience**

*   **[Company Name]** | **[Your Job Title]** | [Dates of Employment]

    *   Established 48 new interconnections with companies across Europe, CIS, America, and Asia within a six-month period.
    *   Identified and mitigated fraudulent activities, protecting company interests.

*   **[Previous Company Name]** | **[Your Job Title]** | [Dates of Employment]

    *   Managed international projects with global partners (Europe, Asia, America, CIS, Africa) for two years.
    *   Collaborated with B2C clients and B2B companies worldwide.
    *   Specialized in telecommunications for 1.5 years, overseeing interconnection processes and expanding the partnership network.
    *   Responsibilities included:
        *   Proactive partner acquisition and negotiation.
        *   Business case analysis and financial modeling.
        *   Fraud detection and prevention.
        *   Contract development and execution.
        *   Technical, commercial, and legal communication with new partners.
        *   Facilitating cross-departmental integration of new partners.
    *   Utilized Pipedrive CRM, Odoo, Confluence, Jira, and Mattermost.
    *   Communicated directly with customers via phone, email, Skype, and LinkedIn, including both cold and warm outreach.

**Skills**

*   Exceptional communication and collaboration.
*   Strong analytical and problem-solving skills.
*   Proven ability to multitask and thrive in a demanding environment.
*   Self-motivated and results-oriented.
*   Adaptable and eager to learn new technologies and methodologies.
*   Stress-resistant.

**Desired Career Aspects**

*   A challenging and stimulating role.
*   Opportunities for international collaboration and multilingual communication.
*   Project management responsibilities.
*   A customer-centric work environment.
*   Training and professional development programs.
*   A team-oriented culture with a focus on communication and expertise.
"
13150,"**[Your Name]**

**Summary**

Accomplished Enterprise Sales Professional, Project Manager, and Business Development professional with a proven track record of exceeding goals, building profitable partnerships, and maximizing customer lifetime value. Possessing 9 years of experience in sales, project management, and business development (Enterprise, B2B, and B2C) in team lead and manager positions. Known for a persuasive personality, creative approach, reliability, and independent work ethic. A team-oriented and enthusiastic individual with strong interpersonal and communication skills. Adaptable and solution-oriented, thriving in fast-paced environments.

**Experience**

**Business Development, Sales, and Project Manager**

*   **Product Development:** Spearheaded CRM product creation, encompassing business concept development, Terms of Reference (ToR), roadmap creation, UX/UI design, resource management (RM), and commercial and social marketing strategies.
*   **Strategic Development:** Developed commercial and marketing strategies for all company products, creating value propositions for new clients.
*   **Marketing Strategy:** Contributed to the development of marketing strategies focused on brand promotion, loyalty programs, lead generation, and media outreach (social media, press).
*   **Humanitarian Project Management:** Managed the implementation of IT solutions, including value conception design, CRM, website development, and fundraising.
*   **Process Improvement:** Implemented Project Management (PM) and Business Analysis (BA) standards and methodologies into strategic corporate sales processes.
*   **Client Management:** Managed 10 active customers and 40+ prospects, contributing to a total Annual Recurring Revenue (ARR) of $1M (FMCG, Agro, Manufacturing).
*   **Sales Performance:** Closed 15 deals in 1.5 years, exceeding targets.
*   **Account Strategy:** Developed account strategies for top clients in the FMCG sector, resulting in increased sales conversion rates.
*   **Client Engagement:** Annually involved 10+ clients, contributing to an annual sales turnover of €300,000.
*   **Partner Management:** Created and managed partner relationships, involving 5+ partners annually, generating a sales turnover of €220,000 within the partner network.
*   **Leadership:** Led teams and projects concerning sales strategies, product development, IT solutions implementation, trade marketing activities, and marketing and business plans in the Renewable industry, Enterprise Tech, and AgTech dynamic environments.
*   **Current Role:** As Business Development Manager (BDM) at the current job, responsible for the value creation of IT solutions for customers in the Agro industry.
*   **Expertise:** Possesses deep knowledge of business processes and development, cloud computing solutions (SaaS, API, Cloud Services), and agile and waterfall methodologies.
*   **Skills:** Demonstrated strong entrepreneurial spirit and change management skills, with innovative thinking for digital transformation and high-value selling.
*   **Negotiation:** Proven ability to successfully negotiate the development and implementation of ideas, needs, and cases for both the company and clients.
*   **Results-Oriented:** Achieved consistent project and sales goals, expanding market share and increasing revenues.
*   **Relationship Building:** Skilled at building strong relationships with colleagues, partners, and C-level customers.

**Skills**

*   Sales Strategy
*   Project Management
*   Account Management
*   Business Development
*   CRM
*   Marketing Strategy
*   IT Solutions Implementation
*   Cloud Computing (SaaS, API, Cloud Services)
*   Agile & Waterfall Methodologies
*   Negotiation
*   Communication
*   Interpersonal Skills
*   Team Leadership
*   Entrepreneurial Spirit
*   Change Management
*   Value Proposition Development
"
13196,"**Summary**

Results-driven professional with a proven record of success in business development and team leadership. Demonstrated ability to manage multiple clients concurrently, improve sales performance, and cultivate high-performing teams. Passionate about business development and seeking a client-facing role.

**Experience**

**Operations Manager** | [Previous Company Name] | 2022 - Present

*   Managed a team of 4 Team Leads and 42 Sales Development Representatives (SDRs) across Mexico and Ukraine.
*   Consistently recognized as ""The Best Manager"" within the company.
*   Managed personalized responses for 10 active clients.
*   Participated in the testing of an internal tool.

**Team Lead** | [Previous Company Name] | 2021 - 2022

*   [Previous responsibilities as Team Lead, if any]

**Sales Development Representative (SDR)** | [Previous Company Name] | 2019 - 2021

*   Provided business development services to an average of 3-4 clients concurrently.
*   Conducted cold outreach via email, LinkedIn, and calls for diverse client types.

**Skills**

*   Business Development
*   Team Leadership
*   Client Management
*   Cold Outreach (Email, LinkedIn, Calls)
*   [Other relevant skills from the original resume]

**Career Progression**

*   Operations Manager (2022)
*   Team Lead (2021)
*   Sales Development Representative (2019)
"
13382,"**[Your Name]**
[Your Contact Information]

**Summary**

Results-oriented Business Process Architect/ Project Manager with 10+ years of experience delivering projects within scope, budget, and timelines. Demonstrated ability to adapt to complex and evolving business needs. Possesses strong communication, stakeholder management, and problem-solving skills. Experienced in Agile, Waterfall, and hybrid methodologies to ensure project success and customer satisfaction.

**Skills**

*   BPMN 2.0 (Certified)
*   Microsoft Project (Certified)
*   Jira
*   Confluence (Certified)
*   Agile
*   Scrum
*   Waterfall (Certified)
*   SDLC
*   ERP
*   CRM
*   Microsoft Office Suite (PowerPoint, Excel, Power BI, Visio, Access, etc.)
*   WordPress
*   WooCommerce

**Experience**

*   **ERP Implementation:** Successfully implemented an ERP system, achieving project goals on time and within budget, while effectively adapting to numerous unknown and rapidly changing business requirements. This implementation resulted in:
    *   Consolidation of databases from 13 to 3.
    *   Reduction of data exchange time from 40 minutes to 2 minutes.
    *   Full cycle time reduction from 3 hours to 15 minutes.
    *   Increased the number of concurrent sessions to 2500 users in one database.
    *   Development of comprehensive productivity metrics with support threshold alerts.
    *   Enabled real-time data availability on balances for all stores in one database.

*   **CRM Implementation:** Implemented Microsoft Dynamics within a 6-month timeframe.

*   **Service Desk Implementation:** Implemented Manage Engine Service Desk Plus for support level I and II, and project management.

**Professional Development**

*   Member of the PMI chapter.
*   Actively pursuing Project Management Professional (PMP) certification.

**Goals**

Seeking complex and innovative projects leveraging modern technology.
"
13461,"**[Your Name]**

**Summary**

Banking professional with over 10 years of experience, including project leadership, software implementation, and team management. Demonstrated ability to automate processes and improve operational efficiency. Seeking new opportunities for professional growth and international company experience.

**Experience**

*   **Director of the Bank**
    *   Chief Accountant of the Bank
    *   Led the implementation of treasury software.
    *   Oversaw the implementation of processing software.
    *   Managed the realization of agency sales software.
    *   Directed a development team of up to 10 people.
    *   Created and maintained automated banking activity products.
    *   Managed project assignments, development tasks, testing, and implementation.
    *   Focused on further development, new projects, and strategic initiatives.
"
13475,"**Summary**

Results-oriented IT Project Manager with 2.5 years of experience, including 8 months as Head of PM and 1 year as a Business Transformation Manager. Proven ability to drive efficiency, improve profitability, and lead teams to successful project delivery. Seeking opportunities in product development and game development.

**Experience**

**Business Transformation Manager** | Digital Studio | [Dates of Employment]

*   Scaled the team from 12 to 36 members within one year.
*   Improved delivery quality, resulting in an 80% decrease in client report issues.
*   Increased project margins by 27%.
*   Implemented parallel processes, decreasing project delivery timelines.
*   Increased the number of successfully delivered projects.
*   Analyzed business processes and workflows, identifying areas for improvement.
*   Prioritized and implemented business process transformation plans.
*   Prepared and controlled general company documentation.

**Head of PM** | [Company Name] | [Dates of Employment]

*   Improved developer workload by 20%, minimizing downtime and increasing revenue.
*   Increased company profit by 40%.
*   Trained managers.
*   Reviewed complex project issues with Project Managers.
*   Managed hiring and interviewing for QA and management roles.
*   Conducted performance reviews and developed personal growth plans with HR and team leads.
*   Managed a team of 35 (PMs, front-end/back-end developers, QA, designers, sales managers).

**PM** | [Company Name] | [Dates of Employment]

*   Developed and implemented a standardized time-tracking system, improving developer estimates and reducing project overruns.

**IT Project Manager** | [Company Name] | [Dates of Employment]

*   Managed a team of 17 (2 managers, 15 developers).
*   Successfully launched over 40 websites.
*   Trained project managers.
*   Implemented OKR methodology at the management level.
*   Extensive experience with front-end technologies and CMS platforms (WordPress, Kirby).
*   Demonstrated understanding of the web development lifecycle.
*   Experience in manual testing.
*   Experience in web design (3 personal projects, 1 commercial project).

**Skills**

*   Project Management
*   Business Process Improvement
*   Team Leadership
*   Web Development Lifecycle
*   Front-End Technologies
*   CMS (WordPress, Kirby)
*   Time Tracking
*   OKR Methodology
*   Manual Testing
*   Web Design
"
13477,"**[Your Name]**
[Your Phone Number] | [Your Email Address] | [Your LinkedIn Profile URL (Optional)]

**Summary**

Results-oriented Head of Business Analysis with 4 years of experience leading projects within an IT company. Proven ability to manage projects, optimize processes, and drive efficiency. Previously served as a Project Manager in a financial company for 4 years.

**Experience**

**Head of Business Analysis** | [IT Company Name] | [Dates of Employment]

*   Led the implementation of over 20 projects.
*   Developed and refined project management processes.
*   Successfully collaborated with key clients in the Ukrainian banking sector, including Alfa Bank, Ukrsotsbank, Aval Bank, Bank Credit Dnipro, and Idea Bank.
*   Developed and implemented loan portfolio segmentation, resulting in an 8-10% increase in work efficiency.
*   Developed and implemented a scoring model based on 50+ indicators, leading to a 15% reduction in costs and a 20% increase in efficiency.
*   Successfully integrated a call center and legal teams.

**Project Manager** | [Financial Company Name] | [Dates of Employment]

*   [Include any relevant responsibilities or achievements from your original resume, if applicable. If not, omit this section.]

**Skills**

*   Systemic Thinking
*   Critical Thinking
*   Communication
*   Adaptability
*   Strategic Planning
*   Leadership
*   Teamwork

**Responsibilities**

*   Task assignment and monitoring for the Business Analysis team and developers.
*   Sprint planning and workload allocation.
*   Process optimization and control.
*   Requirements gathering and documentation in Software Requirements Specifications (SRS).
*   Labor cost estimation and resource planning for project implementation.
*   Creation of user and software administrator documentation.

**Objective**

Seeking a company with engaging projects and modern project implementation methodologies. Desiring to join a collaborative team of results-oriented professionals.
"
13537,"**Summary**

Results-driven professional with experience in training, team leadership, and customer service. Demonstrated ability to coordinate projects, analyze data, and offer solutions. Skilled in client communication and CRM system utilization.

**Experience**

*   **Training & Onboarding:** Trained and onboarded new staff.
*   **Project Coordination:** Coordinated tasks to support project development.
*   **Team Leadership:** Led a team of junior customer service representatives.
*   **Performance Management:** Established team goals, met deadlines, and provided product knowledge.
*   **Reporting & Analysis:** Prepared monthly performance reports (KPIs) and analytical data for process improvement.
*   **Problem Resolution:** Analyzed product/service issues and developed resolution recommendations.
*   **Cross-Functional Communication:** Facilitated communication between departments for timely and effective solutions.
*   **Customer Support:** Provided online customer support and consultation via various channels (chats, tickets, messengers, and social networks).
*   **Customer Service Delivery:** Provided exceptional customer service by responding to inquiries and demonstrating accountability.
*   **International Customer Service:** Communicated with clients from English-speaking regions (India, Australia, Canada, Nigeria, Pakistan) to resolve complex issues.
*   **CRM Systems:** Utilized CRM systems.
*   **Adaptability:** Quickly adapted to new programs (CRM) and workplace changes.
"
13893,"**Summary**

Results-focused professional with a demonstrated history of revenue generation and team development. Experienced in implementing performance frameworks and managing the B2B sales and business development lifecycle.

**Key Accomplishments**

*   Achieved $1,000,000 in revenue within a 9-month timeframe.
*   Established a lead generation and sales team within 4 months.
*   Introduced OKR and KPI frameworks for performance tracking and measurement.

**Skills & Experience**

*   B2B Sales & Business Development Leadership (Lead Generation through Customer Support)
*   Team Management (Sales, Business Development, Account Management)
*   Negotiation and Deal Closure
*   Planning and Budgeting
*   Partnership Program Development
*   Product Promotion

**Availability**

Available for personal meetings to discuss opportunities.
"
13897,"**Commercial Director**

*   Spearheaded commercial activities and strategic initiatives for an international trading company for four years.
*   Provided leadership to a team.
*   Oversaw key account management.
*   Conducted contract negotiations with suppliers and buyers.
*   Cultivated relationships with international partners.
*   Coordinated efforts with sales, marketing, finance, and logistics teams.
*   Played a role in company expansion and achievement.
"
14744,"**Summary**

Results-oriented professional with experience managing change in large trading and manufacturing companies. Proven ability to lead projects at the intersection of business and system analysis, acting as project manager or process owner across various functions. Expertise in designing and implementing complex systems, including MRP II, ERP, WMS, CRM, and BI. Skilled in building and leading teams of programmers and analysts, with experience managing IT projects remotely across multiple countries.

**Experience**

*   **Production:** Built management resource system aligned with MRP II principles, resulting in elimination of out-of-stock raw materials, improved production planning efficiency, and minimized force majeure occurrences.
*   **Grocery and Electronic Supermarkets:** Oversaw and automated all operational activities, encompassing corporate directory administration, marketing promotions, and loyalty program management.
*   **Logistics Centers:** Implemented address storage, goods consignment accounting, and WMS, which minimized warehouse errors in selection/placement and order picking, while enhancing service levels.
*   **Distribution Companies:** Developed and implemented S&OP, WMS, SCM, and BI systems, leading to increased business efficiency.
*   **Project Management & Leadership:** Managed projects at the intersection of business analysis and system analysis, acting as project manager or process owner (warehouse logistics, supply chain management, production management, sales/shipping/production/supply planning, budgeting, etc.). Designed CIS, consolidated accounting. Led teams of programmers and analysts. Managed IT projects in four countries remotely during the last year.

**Skills**

*   MRP II
*   ERP
*   WMS
*   CRM
*   BI
*   S&OP
*   SCM
*   CIS
*   Consolidated Accounting
*   Project Management
*   Business Analysis
*   System Analysis
*   Process Ownership
*   Team Leadership
"
14862,"**Summary**

Results-driven business and project management professional with 11+ years of experience, including 3+ years in Innovative Technologies and Entertainment and 8+ years in Media and Fashion. Demonstrated ability to build and lead teams, drive revenue growth, and optimize business operations. Expertise in international project management and people management.

**Experience**

*   **Company Founder**
    *   Established company from its initial stage.
    *   Directed and cultivated a high-performing team, accomplishing annual plan objectives within 7 months.
    *   Generated a 102% revenue increase and a 58% net profit increase compared to planned targets.
    *   Formulated and executed a rebranding strategy, resulting in a new organizational structure and operational regulations.
    *   Streamlined business processes, leading to a 30% cost reduction.

**Skills**

*   People Management (10+ years experience, teams of 5-500+ individuals)
*   Operational Process Development and Management
*   Business Process Systematization and Automation
*   Document Digitization
*   Planning and Financial Performance Management
*   International Project Management (France, Italy, Great Britain, UAE, USA, Germany, Saudi Arabia, Spain)
"
14882,"**Summary**

Results-oriented entrepreneur with 7+ years of IT experience, including founding and leading two software startups as CEO. Proven ability to launch web and mobile products from concept to marketing, managing all aspects of business operations (HR, finance, tech development, legal, marketing, fundraising, business partnerships, etc.). Expertise in product-tailored marketing strategies.

**Experience**

*   **Founder & CEO** | Software Startups
    *   Led two software startups, overseeing all business functions.
    *   Launched multiple web and mobile products.
    *   Developed and executed product-tailored marketing strategies, including referral programs, cash back campaigns, and offline partnerships.
*   **Project & Product Manager** | IT Companies (Local & International)
    *   7+ years of experience in project and product management.
    *   Managed key roles in 10+ IT projects (web + mobile), coordinating internal and external stakeholders.
    *   Led technical teams through successful roadmap implementation.
    *   Experience in fast-paced, dynamic, and agile environments, managing cross-functional local and remote teams.

**Skills & Interests**

*   Blockchain & Exponential Technologies Enthusiast
*   Innovation, Optimization, and Automatization Activist
*   Marketer & Growth-Focused
*   Results-Driven and Deadline-Oriented
*   Open to opportunities for personal and career development.
*   Interested in projects with beneficial social impact and products that disrupt inefficient practices.
*   Values career development, working environment, and social corporate culture.
"
14890,"**Business Analyst**

**Summary**

Results-oriented Business Analyst with demonstrated expertise in requirements gathering, analysis, and documentation. Proven ability to effectively communicate with diverse stakeholders and streamline business processes. Proficient in 1C Enterprise and CRM systems, marketing strategy development, and project management contributions.

**Experience**

**CEO | Business Analyst | Project Manager**

*   Gathered, consolidated, analyzed, and documented client requirements.
*   Communicated effectively, both verbally and in writing, with local and global development teams.
*   Contributed to project management activities, including coordination and interaction with other teams.
*   Developed analytical methods for marketing cost analysis and effectiveness measurement.
*   Created technical tasks and defined functional responsibilities throughout the entire project development lifecycle.
*   Researched and implemented new approaches to optimize existing processes.
*   Utilized CRM systems for data collection and analysis.
*   Launched a charitable NFT project.
*   Conducted market research, developed SEO structure, performed UX prototyping, and managed teams.

**Project Manager | Business Analyst**

*   Collected, consolidated, analyzed, and documented client requirements.
*   Developed SEO structure and enhanced website usability.
*   Coordinated and interacted with other teams.
*   Developed a comprehensive marketing strategy.
*   Identified and implemented new approaches to optimize existing processes.
*   Developed a CRM system for data collection and analysis.

**Owner | CEO | Business Analyst**

*   Disseminated information regarding internet opportunities.
*   Developed comprehensive business models.
*   Developed SEO structure and improved website usability.
*   Organized company operations, including documentation, hiring, and the distribution of functional responsibilities.
*   Developed and executed effective marketing strategies and campaigns.
*   Identified and implemented new approaches to optimize existing processes.
*   Developed a CRM system for data collection and analysis.

**Business Analyst**

*   Collected, consolidated, analyzed, and documented requirements for 1C Enterprise.
*   Communicated effectively, both orally and in writing, with company employees.
*   Analyzed and documented business processes.
*   Optimized the functionality of 1C Enterprise.
*   Collaborated effectively with 1C developers.
"
14906,"**Summary**

Results-driven professional with 6 years of experience in various roles, encompassing development direction within the restaurant sector, political engagement, project management, and business ownership. Demonstrated ability to enhance revenue, optimize operations, and establish effective performance metrics.

**Experience**

*   Business Owner
*   Development Director (Restaurant Business)
*   Political Worker
*   Project Manager, Organizer, Head of Partnership Department, PR Specialist

**Key Achievements**

*   Achieved over UAH 10,000,000 in revenue for the company within one month via partnership initiatives.
*   Spearheaded a team that realized a tenfold increase in company revenue within one year, from UAH 100,000 to UAH 1,000,000.
*   Successfully systematized and automated company processes, implementing 45 staff efficiency indicators and task management systems for project work, contributing to increased revenue and project completion rates.

**Languages**

*   Ukrainian: Fluent
*   Russian: Fluent
*   English: B2 / C1
*   German: Beginner
*   Spanish: Beginner

**Education**

*   Bachelor of International Relations
"
14907,"**[Your Name]**

**Summary**

Results-oriented professional with a proven track record in financial markets and product management, driving growth and profitability. Expertise in cryptocurrency, algorithmic trading, and business transformation. Adept at leading teams and delivering innovative solutions.

**Experience**

*   **[Well-known Crypto Exchange]** | *Business Analyst - Product Manager - Head of Liquidity* | *[Dates of Employment]*
    *   Led product development, contributing to listings and liquidity initiatives.
    *   Managed products that grew the user base.
    *   Transformed business units into systematic forms.
*   **[Your Own Hedge Fund]** | *Founder* | *2013 - [Date]*
    *   Managed crypto portfolios employing market-neutral strategies, achieving monthly profitability.
    *   Developed and implemented algorithmic trading bots for Bitcoin and USD allocation, aiming for annual profits with a maximum equity drawdown.
    *   Raised funds.
*   **[Classical Bank]** | *BD* | *[Dates of Employment]*
    *   B2B sales experience.
*   **[Investment Bank]** | *Analyst - Portfolio Manager* | *2008 - [Date]*

**Skills**

*   **Financial Markets:** Crypto Portfolio Management, Market-Neutral Strategies, Fixed Income, Directional Trading, Algorithmic Trading, Forecasting
*   **Product Management:** Product Ownership, Listings, Liquidity, User Growth
*   **Business Transformation:** Systematization of Businesses and Departments
*   **Technologies:** WebSockets, REST, API, Python, Excel Macros, VPN
*   **Software:** ClickUp, Coda, Jira, Confluence, Slack, Miro, Teams, Discord, Zoom, Bloomberg, CTrader, MetaTrader, TradingView

**Education**

*   MBA Coursework (Multiple Courses Attended)

**Career Goals**

Seeking opportunities as CEO / Head of Product / CTO / Head of Sales with increasing responsibility and growth potential, prioritizing organizations with effective solutions to the Principal-Agent problem.

**Personal Attributes**

Capable, Respectful, Friendly, Meticulous, Responsible, Persistent, Dedicated, Energetic, Comradely, Results-Oriented, Sharp
"
14914,"**John Doe**
(Phone Number) | (Email Address) | (LinkedIn Profile URL - Optional)

**Summary**

Results-oriented professional with experience in project management, team leadership, and business operations within the construction industry. Demonstrated ability to manage projects through the entire lifecycle, negotiate effectively, and optimize processes for cost reduction and profit maximization.

**Experience**

**CEO / Project Manager** | LLC «ДБК-7» | 2017 – 2022

*   Led team building and coordination.
*   Managed projects through their entire lifecycle.
*   Conducted negotiations.
*   Oversaw contractual processes.
*   Managed permitting documentation.
*   Participated in and conducted tenders.
*   Handled planning and budgeting.
*   Performed risk analysis and mitigation.
*   Organized and facilitated meetings.
*   Managed marketing initiatives.
*   Prepared reports.
*   Managed commissioning processes.

**Deputy Head of the Own Forces Department** | LLC «KAN BUD» | 2012 – 2017

*   Planned and coordinated departmental and construction site activities.
*   Implemented strategies for cost and profit optimization.
*   Optimized work processes.
*   Analyzed financial activities.
*   Managed budgeting, tenders, contracts, and estimates.
*   Verified and approved ""КБ-2"" documentation.
*   Managed procurement processes.
*   Collaborated with contractors and project organizations.
*   Planned and controlled deadlines.
*   Checked and adjusted pricing policy.
"
14916,"**[Your Name]**

**Summary**

*   Recognized as one of Ukraine's top young media managers.

**Experience**

**CEO, CitySites** | *citysitesglobal.com* | [Dates of Employment]

*   Led a company with over 200 employees and 115 branches across seven countries (e.g., 057.ua, inalmaty.kz, comoros24.com, vilniuje.info).
*   Demonstrated leadership and management skills.
*   Managed teams of up to 200 people.
*   Drove companies to new markets.
*   Managed all aspects of business operations, including active sales, staff recruitment and training, project management, and SEO/Internet Marketing/PPC/SMM.
*   Developed major projects.
*   Prepared and wrote all necessary documentation.
*   Performed business process analysis and modeling for company development.

**Skills**

*   Leadership
*   Management
*   Team Management
*   Self-Motivation
*   Teamwork
*   Results-Oriented
*   Proactive
*   Active Sales Management
*   Staff Recruitment & Training
*   Project Management
*   SEO
*   Internet Marketing
*   PPC
*   SMM
"
14930,"**Summary**

Certified Project Manager, Scrum Master, and Team Leader with 3+ years of experience. Proven ability to deliver successful projects on time and within budget, with high-quality results, particularly for demanding clients like Siemens. Skilled in managing project timelines, resources, and budgets. Experienced in creating project plans, setting team goals, and delegating tasks. Adept at monitoring team performance, identifying issues, and implementing corrective actions. Proficient in managing stakeholder expectations and providing regular updates.

**Experience**

*   **Achievement 1: Client Satisfaction & Portfolio Expansion**

    *   Successfully reversed client dissatisfaction and expanded the project portfolio.
    *   Inherited two projects with Siemens, initially facing significant dissatisfaction.
    *   Addressed concerns, managed timelines, resources, and budgets effectively.
    *   Exceeded Siemens' expectations, delivering projects on time and within budget.
    *   Reinstated Siemens' confidence, leading to recognition of the team's professionalism.
    *   Secured continued cooperation and additional projects, expanding the company's portfolio.
    *   Demonstrated ability to navigate challenging situations and foster long-term partnerships.
    *   Consistently delivered successful projects with high standards of quality, on time, and within budget.

*   **Achievement 2: Junior Team Development**

    *   Successfully grew junior teams into skilled mid-level professionals.
    *   Developed and implemented a comprehensive training program for two teams of junior members.
    *   Provided guidance and managed the program, including task management, simulated projects, and case studies over six months.
    *   Teams successfully transitioned from junior to mid-level professionals.
    *   Training program focused on .Net and NodeJS skills.
    *   Team members delivered results comparable to those with two to three years of experience.
    *   Demonstrated ability to mentor and develop junior teams for successful integration into commercial projects.

*   **Business Analyst (Approximately 2 years)**

    *   Gathered and translated client business requirements into user stories and process diagrams.
    *   Communicated requirements to the development team.
    *   Collaborated with UX teams to ensure design compatibility with client requirements.
    *   Moderated and facilitated client meetings and workshops.
    *   Identified challenges and recommended project improvements.

*   **Quality Assurance Engineer (Approximately 2 years)**

    *   Worked on two projects: Medical Project and License Project.
    *   Contributed to the development of a clinical communication tool and a licensing identification product.
    *   Ensured products met quality standards and specifications.

**Certifications**

*   Project Manager
*   Scrum Master
*   Team Leader
"
14932,"**[Your Name]**

**Summary**

Results-oriented RPA Developer with 5 years of experience architecting, developing, and deploying robust RPA solutions, including complex international projects. Skilled in end-to-end development, production support, and detailed documentation. Experienced in project management, leading teams to deliver successful automation outcomes.

**Skills**

*   RPA Development
*   Process Scope Identification
*   Architecture Design
*   End-to-End Development
*   Production Maintenance
*   Technical Support
*   Documentation
*   Node.js
*   Express.js
*   MS SQL
*   Sequelize ORM

**Experience**

**RPA Developer**

*   5 years of experience developing and implementing RPA solutions, adhering to industry best practices.
*   Provided technical support and maintained processes in production.
*   Produced detailed documentation for implemented solutions.
*   Developed a complex RPA/data processing solution for an international client, with successful regional rollouts (Europe, Asia, Australia).
*   Led an RPA team as a Project Manager, delivering automation solutions for a global EU client.

**Back-End Developer**

*   Utilized Node.js, Express.js, MS SQL, and Sequelize ORM to automate the monitoring of Blue Prism processes for a web solution.

**Certifications**

*   Blue Prism Professional Developer
"
14939,"**Summary**

Results-oriented Scrum Master with 8+ years of experience at a leading IT company, specializing in Agile methodologies and Kanban. Proven ability to lead, coach, and mentor teams, driving project success through the implementation of Scrum frameworks. Expertise in Agile metrics analysis using tools like PERF, Azure DevOps, Jira, and XLS. Possesses a comprehensive understanding of project management activities.

**Experience**

*   **Scrum Master/Resource Manager**

    *   Successfully guided a challenged project within a large program as Scrum Master, ensuring on-time delivery and program adherence.
    *   Excelled as both Scrum Master and Resource Manager for a team of 34 members, achieving outstanding results.
    *   Identified and addressed issues and bottlenecks, implementing process improvements and resolving resource constraints.
    *   Proficient in project timelines, resource planning, roadmap creation, risk management, and status reporting.
    *   Managed stakeholders, scope, and prioritization, ensuring team performance.
    *   Implemented Scrum frameworks.
    *   Leveraged Agile/Scrum/Kanban practices to drive project success.

**Skills**

*   Agile Methodologies (Scrum, Kanban)
*   Agile Metrics Analysis (PERF, Azure DevOps, Jira, XLS)
*   Project Management
*   Resource Planning
*   Risk Management
*   Stakeholder Management
*   Team Leadership
*   Coaching and Mentoring
*   Process Improvement

**Certifications**

*   Professional Scrum Master II (PSM II)
*   Professional Scrum with Kanban I (PSK I)
*   Kanban System Design (KSD)

**Community Involvement**

*   Actively contributed to Agile community events, sharing expertise on Agile metrics analysis, Scrum-Kanban integration, effective Retrospectives, and Agile certification preparation.

**Objective**

Seeking a challenging role as a Scrum Master or Project Manager, leveraging expertise in Agile methodologies to drive project success within a collaborative and innovative environment.
"
14947,"**Summary**

Results-oriented Program Manager (PMP, PMI-ACP) and Professional Scrum Master I (PSM I) with 8 years of experience leading development teams. Demonstrated ability to deliver web, mobile, and API projects for clients in the USA, Great Britain, and Western Europe. Experienced in managing delivery cycles for small, mid-sized, and enterprise-level companies.

**Skills**

*   Process Development
*   People Management
*   Problem Solving
*   Collaboration
*   Stakeholder Management
*   Client Relationship Management
*   Communication

**Certifications**

*   PMP
*   PMI-ACP
*   PSM I

**Desired Work Environment**

*   Reduced bureaucracy
*   Work-life balance
*   Professional development
*   Competitive salary
"
15180,"**Summary**

Results-oriented professional with experience in project management, IT development, and system implementation, specializing in Cloud Jira and Service Desk solutions. Skilled in employee training, system building, and project oversight. Demonstrated expertise in quality assurance and process improvement.

**Experience**

*   Oversaw a team of project managers and IT developers.
*   Led the implementation of Cloud Jira, encompassing project setup and employee training.
*   Developed and implemented controls to ensure accurate working time records.
*   Established a support project for apartment participants using Cloud Jira.
*   Engineered a Service Desk system from inception.
*   Directed teams of 10 or more individuals.
*   Contributed to the testing of a mobile food ordering application.
*   Conducted testing and identified bugs within the Service Desk system.
*   Performed website testing for a training company.
*   Managed the implementation project for the Service Desk system.
*   Developed business processes.
*   Contributed to audits for ISO 9001, ISO 27001, and CISCO Golden Partnership compliance.
*   Managed the modernization project for the Pearson VUE certification center.
"
15240,"**Summary**

Results-oriented executive with over 15 years of IT experience, encompassing C-level leadership and S-level expertise in project management, business analysis, and data science. Proven ability to lead and manage diverse, international teams. Expertise in SAP ERP R/3 (SD, MM, PP, FI, CO), BI (BO), and AI (ML+DL) implementations.

**Experience**

*   **C-Level:** Chief Operating Officer, Chief Financial Officer, Chief Strategy Officer, Chief Performance Officer.
*   **S-Level:** Senior Project Manager, Senior Business Analyst, Senior (Lead) Data Scientist.

**Projects**

*   Antonov, MoSi GT Engines, ERP (SAP ERP R/3, MS Axapta, MS Navision, QuickBooks EE, Sage Line 50, all 1C), BI (SAP BO, Dundas, PowerBI, BIStudio, IBM Cognos BI, Tableau, Qlick), CRM Software, AI & Data Science (Business Statistics, DS & ML for Business (Management, Marketing, Sales, Distribution), Text Mining, NLP, Recommendations Systems, Fraud Detection, Clinical Trials and Diagnostics, Drugs Development, Games Analytics, Computer Vision, Deep Learning, Object Detection, Text Recognition from Images in CV, SparQL, Geolocations from main Geocoders, 3D Modelling, R, Python, SPSS, MiniTAB, SAS, JMP, OriginPro, Statsgraphics), Digital (On-line) Marketing, Web Development, Developers and Teams Performance Management and Code Metrics.

**Key Skills**

*   SAP ERP R/3 (SD, MM, PP, FI, CO) + BI (BO) + AI (ML+DL) Implementation.
*   Data Science & AI: Business Statistics, DS & ML for Business (Management, Marketing, Sales, Distribution), Text Mining, NLP, Recommendations Systems, Fraud Detection, Clinical Trials and Diagnostics, Drugs Development, Games Analytics, Computer Vision, Deep Learning, Object Detection, Text Recognition from Images in CV, SparQL, Geolocations from main Geocoders, 3D Modelling.
*   Project Management: PMI (PMBOK 6) methodologies.
*   Data Analysis Tools: R, Python, SPSS, MiniTAB, SAS, JMP, OriginPro, Statsgraphics.
*   Team Leadership: Managed Data Science Teams Members with PhD.
*   International Team Management: Experience working with teams from Ukraine, Russia, USA, UK, Germany, Turkey, India, China, and Belarussia.

**Education**

*   Ph. D.
*   Twice Post-Graduate (Engineer & Economics).
*   Higher Technical and double Higher Economical.

**Scientific Interests**

Management, modern inductive logic, causality, evidence, philosophy of science, control systems, system analysis.

**Additional Information**

*   Ready to utilize project management forms from PMI (PMBOK 6).
*   Ready to establish IT Development Department in Ukraine (Kharkov) for foreign companies and developers teams.
*   Experienced in raising businesses to a higher level through Data Science (AI) for Business and Modern Business Management (AI + Strategy + Business Model + Business Processes + Orgstructure-Teams + Business Metrics).

**Target Roles**

CFO, COO, CPO, CMO, SPM, SBA, SDS.
"
15339,"**Summary**

Digital advertising professional with six years of experience managing Facebook Ads campaigns, two years of experience with Google Ads, one and a half years with Yandex.Direct, and one year with myTarget and VK ads. Demonstrated ability to achieve diverse campaign objectives across multiple platforms.

**Experience**

*   **Digital Advertising Campaign Management** (6+ years)
    *   Facebook Ads (6 years)
    *   Google Ads (2 years)
    *   Yandex.Direct (1.5 years)
    *   myTarget and VK ads (1 year)

**Campaign Objectives Achieved:**

*   Page Growth (Facebook, Instagram, VKontakte)
*   Channel Growth (Telegram, Viber, YouTube)
*   Website Traffic Generation
*   Online Grocery Sales Enhancement
*   App Installs (Google Play, App Store)
*   Traffic Arbitrage Revenue Maximization
*   Social Casino Player Retention

**Management Experience**

*   Team Lead (3 years): Led a team focused on community growth and monetization across social networks and messaging platforms.
"
15419,"**[Your Name]**

**Summary**

Manager with eight years of experience in the telecom sector, specializing in enterprise large systems, with demonstrated ability to develop and implement new solutions.

**Experience**

+NDA, Chief Operating Officer, Ukraine (Sept. 2020 – Present)

*   Managed and controlled the operational activities of the company and its divisions.
*   Formulated strategic goals, developed and implemented business plans, assessed risks, and optimized business processes.
*   Focused on achieving strategic goals.
*   Managed teams and built processes.
*   Promoted products.

---------------------------------------------------------

+NDA, Project Manager, Scrum Master, Ukraine (Mar. 2020 – Sept. 2020)

*   Managed the company's financial results.
*   Monitored budget execution and cost optimization.
*   Ensured smooth operation across telemarketing, order processing, design, IT, and accounting/finance departments.
*   Controlled the quality of work performed under service contracts.
*   Acquired new clients and projects, and launched them.
*   Communicated effectively with customers.
*   Coordinated daily employee activities, set tasks, deadlines, and monitored their completion.
*   Developed and controlled the application of regulatory documents (instructions, rules, standards, contracts).
*   Maintained records and prepared internal reports.
*   Managed teams and built processes.
*   Promoted products.

---------------------------------------------------------

Head of Sales Department, Ukraine (Sept. 2018 – Mar. 2020)

---------------------------------------------------------

Team Lead, Dealer Department, Kharkiv, Ukraine (Apr. 2016 – Sept. 2018)

---------------------------------------------------------

Head of Corporate Sales, Eastern Region, Ukraine (Nov. 2009 – Apr. 2016)

**Additional Information**

Values working collaboratively with positive and goal-oriented individuals to achieve shared success.
"
15425,"**Summary**

Results-oriented executive manager with 10+ years of experience leading operations, business development, and employee relations. Demonstrated ability to deliver results across diverse industries including IT, Consulting, IoT Products, Horeca, Manufacturing, Parcel Locker Chains, and Logistics. Proven expertise in leading teams, implementing strategic initiatives, and achieving significant business outcomes.

**Experience**

*   Developed and implemented a comprehensive system for achieving company goals, incorporating strategic planning, financial forecasting, and daily task management.
*   Cultivated a gamified corporate culture, fostering team member engagement and driving goal attainment, resulting in the successful parallel implementation of three B2B projects across two countries and the launch of four new products within six months.
*   Established a culture of continuous learning within the organization.
*   Automated various processes across HR, procurement, production, project implementation, customer service, finance, and sales using tools such as 1C, CRM, bots, Jira, and Slack.
*   Implemented Scrum methodology for a team of 200 individuals across multiple countries, utilizing Atlassian products including Jira, Confluence, and Slack.
*   Launched a Key Performance Indicator (KPI) system to track individual and team performance, directly impacting financial incentives.
*   Oversaw the successful implementation of three major B2B projects, from product development to client launch and ongoing support.
*   Managed the acquisition of short-term loans for a complex product.
*   Resolved long-term overdue receivables with multiple clients, totaling $200,000.
*   Managed the launch of a production line, including contractor negotiations, contract execution, and launch process management.
*   Created a system for launching new projects, encompassing budget calculation, risk assessment, strategic planning, and informed decision-making.

**Skills**

*   **Planning:** OKRs, SMART goals, task decomposition.
*   **Project Management:** Agile, Scrum, Kanban, Less, Waterfall, Safe methodologies.
*   **Project Delivery:** Negotiation, financial reporting (plan/fact analysis), execution, risk management, problem-solving, legal support, B2B sales.
*   **Executive Team Management:** Coaching, leadership, cross-functional team leadership.
*   **Finance Management:** Profit & Loss (P&L) management, cash flow management, forecasting, unit economics, accounting principles.
*   **Team Building:** Recruitment, HR management, talent development, compensation and benefits.
*   **Operations Management:** Team culture development, KPI implementation, motivational systems.
*   **Business Development and Scaling**
*   **Automation:** Peopleforce, Pipedrive, Jira, Confluence, Slack

**Areas of Expertise**

*   Launching new businesses or scaling existing businesses into new markets.
*   Introducing and establishing new business units, driving them to efficiency.
*   Transitioning from manual team management to automated processes.
*   Structuring business processes and implementing automation solutions.
*   Managing complex, cross-functional projects.
*   Cultivating a high-performance, results-oriented company culture.
*   Developing stable and effective planning systems using strategic sessions, OKRs, SMART goals, and daily activities.
*   Implementing and managing KPI, metrics, and motivation systems.
*   Providing training and guidance on all of the above areas.
"
15426,"**Summary**

IT professional with 15+ years of experience. Demonstrated ability in project development within finance-related areas, including binary options, Forex, and cryptocurrencies. Proven ability to remotely manage teams and oversee multiple projects. Experienced in establishing and maintaining operational processes.

**Experience**

*   Remote Project Management: Almost 10 years
*   Remote Chief Operating Officer: 4 years
*   Advertising and Marketing Manager: 1.5 years
*   Software Tester and Reviewer: 4 years
*   Support Service Representative: 2.5 years

**Projects**

Contributed to projects involving websites, Forex, binary options, and cryptocurrencies.

**Clients**

Served clients in the UK, Canada, USA, and Europe.
"
15474,"**Summary**

Results-oriented professional with a demonstrated ability to learn and adapt to new challenges. Proven success in project management, achieving improvements in sprint completion rates and navigating complex technical and regulatory landscapes. Experienced in product development, team leadership, and budget management.

**Experience**

*   **Project Manager**

    *   Improved sprint completion rate, achieving an average of 101.5% and reaching up to 117%.
    *   Sole PM capable of answering technical questions on tokenization.
    *   Successfully registered and serviced a company in the Eurozone amidst strict regulatory controls.
    *   Managed budget reductions and team retention during the COVID-19 pandemic, enabling continued fundraising and client acquisition.
    *   2 years of experience with Visa and Mastercard tokenization.
    *   Expanded knowledge in cryptography.
    *   Managed a team, defining priorities and planning.
*   **Led High-Load Project**

    *   Led a high-load project utilizing AWS-based serverless architecture.
    *   Utilized Node.js, Vue.js, React.js, and React Native.js.
    *   Managed all organizational activities, including team management (up to 6 people), product building, company registration in the Eurozone, account opening coordination, legal document review, and client acquisition.
    *   Utilized Agile methodologies.
    *   Developed a product with B2B and B2C components, exceeding the breakeven point.
    *   Worked with MAU, ARPU, CAC, Churn/Conversion, and retention rates.
*   **Built Social Platform**

    *   Built a social platform for fans.

**Skills**

*   Agile Methodologies
*   Budget Management
*   Client Acquisition
*   Cryptography
*   Team Management
*   Product Development
*   Tokenization
*   AWS
*   Node.js
*   Vue.js
*   React.js
*   React Native.js

**Interests**

*   Sports
*   Lifestyle
*   Healthcare
"
15519,"**Summary**

Results-driven professional with 12 years of experience in Internet technologies and 5+ years in management, skilled in leading teams and executing complex projects. Demonstrated ability to build technical infrastructure, manage budgets, and create strategic plans. Experienced in diverse markets, seeking new challenges in fast-growing environments.

**Experience**

*   Led project initiatives and established technical infrastructure from inception.
*   Built and led development teams of over 20 professionals, comprising programmers, administrators, and QA specialists.
*   Managed budgeting, strategic planning, and office infrastructure architecture.
*   Resolved and developed solutions for security issues.
*   Successfully delivered numerous projects of varying complexity, including those with high traffic loads.
*   Acquired software development experience working with diverse clients and markets, including the USA, Ukraine, Russia, Kazakhstan, Azerbaijan, and Georgia.

**Desired Opportunity**

Seeking opportunities in fast-growing markets or environments that offer new professional challenges, with a preference for startups and relocation to enhance experience.
"
15524,"**Summary**

Led enterprise application and monitoring architecture planning and execution. Managed distributed teams across different time zones and countries. Built and optimized DevOps, Backend, QA, and Frontend teams. Possessing 17 years of experience in enterprise projects, including 11 years in engineering leadership. Focused experience in banking, healthcare, robotics, and automotive sectors over 8 years. Skilled in software development, architecture, API integration, project planning, and team building. Experienced in database and data design, and data warehousing planning. Able to communicate complex concepts to varied audiences, including stakeholders, business teams, and technical teams.

**Skills**

*   **Technical:**
    *   Development: Java, NodeJS, PHP, Bash, Python, Angular
    *   Databases: SQL, NoSQL, DWH, PLSQL
    *   Software Architecture: Microservice, Messaging, Legacy Wrappers
    *   DevOps Practices: Docker, GitLab, GitHub, Jenkins, Bitbucket
    *   Cloud: AWS, Azure, GCP, DigitalOcean
    *   Monitoring: Splunk, ELK, Grafana, Prometheus, Nagios, Zabbix
    *   Web: Apache, nginx, tomcat, grassfish
    *   OS: Linux (deb, rpm, apt), Windows, MacOS
*   **Management:**
    *   Frameworks: Waterfall, Agile (Scrum, Kanban), SAFe, XP
    *   Risk Management, Project Estimation and Planning, Presales
    *   Team Building, Hiring, Managing
    *   Documentation: MD, Wiki, Confluence
    *   Ticketing: ServiceNow, Jira, Trello, Redmine

**Objective**

To contribute to product development and user experience, concentrating on simplification and improvement to meet changing consumer needs. Seeking a role to utilize project management and data analysis skills to optimize processes, enhance products, improve user satisfaction, and increase business profitability.
"
15589,"**Summary**

Accomplished IT professional with a history of success in developing and managing IT services for large organizations. Experienced in all phases of project lifecycles, with a focus on delivering successful outcomes. Expertise in managing complex projects, leading diverse teams, and collaborating with stakeholders across various industries.

**Experience**

*   Built and implemented an IT service from inception, supporting a modern holding company and thousands of corporate users.
*   Consistently delivered successful projects, including a large-scale implementation project encompassing 34 companies and branches, with approximately 20,000 staff within a 250 km radius, completed in 8 months.
*   Served in roles including CIO, PM, and Business Analyst on various projects.
*   Proficient in SAP ERP, OEBS, Hyperion, Parus, 1C, and custom software.
*   Utilized project management tools including MS Project, Jira, AzDo, Clarity PPM, and ConnectWise Manage, employing Agile, Waterfall, and Hybrid methodologies.
*   Experience working with large Ukrainian and international companies in IT, consulting, oil production/refinery, fertilizers, mining, insurance, and NGO sectors.
*   Directly supervised up to 65 employees simultaneously.
*   Managed project teams of up to 250 FTEs.
*   Demonstrated strong stakeholder management skills.
*   Successfully led business transformations, personnel optimizations, cost reduction initiatives, and the protection of information assets.

**Objective**

To contribute to your team's success.
"
15679,"**Daria Malinina**

**Summary**

Results-oriented professional with a strong foundation in international relations and a proven capacity for global collaboration. Seven years of international residency in China and Italy. Expertise in epistolary art, creative project execution, and intercultural discourse. Seeking a challenging and impactful career.

**Skills**

*   Multilingual (English, Chinese, Italian, and two other languages)
*   International Communication
*   Project Management
*   Epistolary Art
*   Art Management
*   Journalism
*   Teaching and Leadership
*   Interpersonal Communication
*   Aesthetic Sensitivity
*   Intuition

**Experience**

*   Theater Critic
*   Art Manager
*   Journalist

**Education**

*(Provide the education details for each of the three degrees)*

**Travel**

*   International Traveler (23 countries)

**Additional Information**

*   Dedicated and diligent.
*   Available for immediate employment.
*   Committed to knowledge transfer and seeking a position of responsibility.
"
15743,"**Summary**

Results-driven Cloud Architect experienced in designing and implementing cloud environments for enterprise clients across diverse sectors, including FinTech, Oil & Gas, Retail, and Public sectors. Demonstrated ability to lead cloud initiatives, provide technical guidance, and manage complex projects.

**Experience**

**Lead Cloud Architect, Cloud Centre of Excellence**

*   Directed the design and implementation of cloud environments for enterprise clients.
*   Focused on Financial Services, Oil & Gas, Large Retail, and Public sector clients.
*   Functioned as a key point of contact for cloud-related activities, offering solutions, presentations, and support.
*   Collaborated with customers to understand their requirements and provide technical guidance.
*   Oversaw and supported CloudOps, DevOps, Infrastructure, and Security teams.
*   Managed large-scale projects, including intricate designs and migrations.
"
16036,"**[Your Name]**

**Summary**

Results-oriented professional with 14+ years of experience in FCMG, chemical, hospitality, and blockchain industries. Proven ability to lead brand initiatives, manage projects, and onboard clients across diverse markets. Expertise in brand marketing, trade marketing, innovation project management, NRM, strategic marketing, and strategic supply chain.

**Experience**

*   **Global Brand Relaunch:** Led the relaunch of a global brand across 50 markets with a budget of $20 million.
*   **Incubation:** Developed and launched 4 new e-commerce and D2C brands within a 6-month timeframe.
*   **Global Category Vision:** Developed a global category vision, leading to the onboarding of 20 global clients.
*   **Team Leadership:** Managed teams ranging from 5 to 40 people in DE, PL, RU, UA, CZ, and HR, including in-house, remote, and contractor teams.

**Skills**

*   Brand Marketing
*   Trade Marketing
*   Innovation Project Management
*   NRM
*   Strategic Marketing
*   Strategic Supply Chain

**Additional Information**

*   Experience with interesting and challenging projects.
*   Preference for new and unknown categories.
"
16039,"**Team Lead - Email Marketing**
Digital Connect Ukraine (IT-consulting / Services)
October 2017 – Present
*   Spearheaded and refined email marketing and lead generation processes, encompassing workflow within the US-affiliate in Ukraine.

**Project Manager - Web Front End Applications Development**
Viseven Group (IT-consulting / Services)
July 2016 – August 2017
*   Directed a team of front-end developers (12-17 members) focused on web front-end applications development (e-detailing).
*   Investigated and assessed technical issues reported by clients, business units, and technical teams.
*   Oversaw deployment releases, bug resolutions, and business requirements for web front-end applications.

**Channel Development Executive**
Viseven Group (IT-consulting / Services)
August 2017 – November 2017

**CMO**
Bars & Restaurants - Pub Club and Natsionalna Restoratsiya Groups (Hotels / Restaurants / Entertainment)
February 2012 – July 2016
*   Revitalized the marketing department and implemented a new marketing strategy, resulting in an approximate 15%-20% increase in Return on Sales (ROS) across 3 restaurants and 3 pubs.
"
16064,"**Summary**

Results-driven professional with experience in e-commerce, content creation, and marketing. Demonstrated ability to establish and grow e-commerce products, achieving bestseller status and trending positions on leading marketplaces. Skilled in developing brand identity, implementing marketing strategies, and driving digital initiatives. Experienced in leading teams, analyzing data, and fostering collaboration to achieve business objectives.

**Experience**

*   **E-commerce Product Development & Management**

    *   Developed and launched over 20 e-commerce products on leading marketplaces.
    *   Achieved bestseller status and trending positions for multiple products.
    *   Oversaw all aspects of e-commerce product creation, from inception to launch.
    *   Established and maintained brand identity and reputation.
    *   Created and implemented marketing strategies.
    *   Directed digital initiatives including social media, SEO, content creation, and online advertising.
    *   Analyzed marketing performance to identify opportunities for enhancement.
    *   Forged strategic partnerships and collaborations.
    *   Collaborated on product launches and refined product positioning.
*   **Chief Marketing Officer & Release Manager**

    *   Led a team of over 30 professionals.
    *   Managed a team of over 5 members, including writers, designers, and developers.
    *   Spearheaded product branding initiatives.
    *   Contributed to content strategy improvements through team collaboration.

**Skills**

*   SEO
*   Content Creation
*   Market Analysis
*   Product Improvement
*   Partnership Development
*   Advertising
*   Social Media Management
*   WordPress
*   Shopify
*   PrestaShop
*   Google Analytics
*   Google Search Console
*   SimilarWeb
*   Ahrefs
*   Ubersuggest
*   Mailchimp
*   Jira
*   Trello

**Additional Information**

*   Experienced in technical documentation and content creation.
*   Strong English communication skills.
*   Detail-oriented with a passion for driving results.
"
