,Modified_claude-opus-4-5_of_Modified_claude-sonnet-4-5_of_CV_Modelclaude-sonnet-4-5_Modelclaude-opus-4-5
6018,"# Web & UX/UI Designer

## Professional Experience

**Web Designer | Children's Music School Website Redesign**

Redesigned educational institution website, conducting comprehensive analysis to identify opportunities for improvement. Created detailed wireframes featuring integrated news functionality and strategic call-to-action placement. Delivered cohesive visual design system with intentional color and typography choices aligned to brand identity. Developed intuitive navigation architecture prioritizing information accessibility. Applied responsive design principles for optimal cross-device performance.

**UX/UI Designer | Pet-Saver-Hub**

Designed end-to-end user experience for animal rescue web service connecting lost pets with owners. Conducted user research identifying critical pain points in lost-and-found pet searches. Created comprehensive user flows and wireframes emphasizing intuitive navigation. Integrated interactive map functionality enabling location-based search capabilities. Delivered streamlined interface supporting seamless search and discovery.

## Core Competencies

Wireframing & Prototyping | Visual Design | User Research & Analysis | Responsive Design | User Experience Design | User Interface Design | Brand Identity Integration | Interactive Design Elements

## Professional Objectives

Seeking opportunities to advance UI/UX design expertise while contributing to meaningful, user-centered projects. Eager to collaborate with experienced professionals in environments that foster creative growth and exposure to emerging design technologies. Committed to continuous improvement through active user engagement and feedback integration. Dedicated to delivering high-quality work through strong communication, teamwork, and meticulous attention to detail."
6021,"OVER 50 WEBSITES
MORE THAN 30 LOGOTYPES
4 MOBILE APPS
3 GAMES
1 SOCIAL NETWORK

---

**EXPERIENCE**

**HEAD OF DESIGN DEPARTMENT**
Facility, Kiev
March 2018 – Present

Lead design team operations and optimize workflows across multiple project types. Develop concepts for websites, brands, and digital products. Create UI/UX, animations, logo books, brand guidelines, and brandbooks. Lead tender presentations and company offline initiatives.

**Publications & Recognition**
- Published on medium.com, mmr.ua, cases.media, vc.ru
- Judge for CSSDA and Ukraine Creative Week
- Educational lecturer at Underhub co-working space

---

**SELECT PROJECTS**

**Kiev Smart City** | Kiev
Developed concept and final product visualization for Kiev Smart Card. Created multiple dynamic city advertising concepts.

**Mastercard** | Kiev
Designed illustrations and limited edition products for 2018 UEFA Champions League Final in Kiev. Developed brand activation program concept for Ukraine Independence Day 2018.

**Stampede Games** | Kiev
Developed mobile game visual concepts and UI design. Created concept art for game sequels. Contributed to featured games that reached top-chart positions:
- Evo Explores
- .projekt."
6026,"# PROFESSIONAL SUMMARY

Design leader with 12+ years of experience delivering innovative solutions across 25+ industries. Portfolio encompasses 300+ projects including 30+ products built from scratch, 30+ mobile applications, 80+ websites, and 100+ brand identities. Founded and scaled a design studio to 20 employees. Educated 150+ students in UI/UX and brand design. Speaker at Dribbble and industry conferences. Master's degree in Engineering Design; MBA candidate.

# PROFESSIONAL EXPERIENCE

**2022 — NDA**

**2021 — UX Designer, Bank BVR**

**2020 — Lead Product Designer, Innovation Box**

**2020 — UI/UX Design Teacher, Hillel IT School**
- Trained 150+ students in UI/UX and brand design principles

**2019 — UI/UX & Brand Designer, Ardas**

**2017 — UI/UX & Brand Designer, M2E Pro**

**2016 — UI/UX & Brand Designer, Forforce**

**2015 — UI/UX & Brand Designer, Art. Lebedev Studio**

**2014 — CEO & Designer, Own Design Studio**
- Founded and managed design studio of 20 employees
- Built end-to-end processes for sales, hiring, project management, and delivery

**2013 — UI/UX & Brand Designer, Poster**

**2012 — UI/UX & Brand Designer, le Weekend**

**2011 — UI/UX & Brand Designer, November Design Bureau**

**2006 — Graphic Designer, Freelance**

# EDUCATION

**MBA** — In Progress

**Master's Degree, Engineering Design**

**Technical Skills**
- Frontend: HTML5, CSS3, TypeScript, Vue.js
- Backend: Python, Swift

# INDUSTRIES

eCommerce | Finance | Banking | Investments | Marketing | Social Media | Law | Education | Development | NFT | Art | Automotive | Gaming | Construction | Agriculture | Food & Beverage | Fashion | Beauty | Service | Music | Entertainment | Sports | Technology | Medicine | Insurance

# INTERNATIONAL CLIENTS

USA | United Kingdom | Germany | Netherlands | Italy | France | Greece | Estonia | Australia | China | Ukraine"
9479,"**GRAPHIC DESIGNER & UI/UX DESIGNER**

---

**PROFESSIONAL SUMMARY**

Graphic Designer and UI/UX Designer with extensive experience delivering comprehensive design solutions across digital and print platforms. Demonstrated expertise in brand identity development, key visual creation, and social media marketing design. Skilled in 3D design integration with proven ability to lead teams and manage junior designers through complex projects.

---

**CORE COMPETENCIES**

Brand Identity & Logo Design | Key Visual Development | Social Media Marketing Design
Print & Prepress Production | UI/UX Design | 3D Design Integration
Team Leadership | Custom Illustration

---

**TECHNICAL SKILLS**

**Expert:** Adobe Photoshop, Adobe Illustrator
**Proficient:** Adobe InDesign, Figma
**Working Knowledge:** Blender, After Effects

---

**PROFESSIONAL EXPERIENCE**

**Graphic Designer & UI/UX Designer**
QA Madness | November 2022 – Present

- Contributed significantly to company-wide global redesign initiative, aligning website with new brand vision and visual style
- Introduced and implemented fresh visual style for corporate presentations
- Completely redesigned social media materials for LinkedIn and Instagram
- Designed company page for DOU
- Integrated custom 3D design elements into visual materials

**Graphic Designer**
Kronas | August 2020 – February 2022

- Designed logos, brand identities, and related print materials for new company brands
- Developed 3–6 advertising key visuals monthly for web, social media, and print campaigns
- Introduced and implemented new visual style for Instagram profile
- Created multi-page product catalogs and brochures in InDesign
- Updated YouTube channel branding and designed video covers
- Designed custom sticker pack for Telegram and Viber
- Developed trade hall design including branded stands and navigation systems

**Graphic Designer**
Design Studio ToTop | October 2019 – August 2020

- Developed design solutions for clients across multiple industries
- Created logos, brand identities, and outdoor advertising including billboards, citylights, and vehicle branding
- Produced realistic product visualizations in Photoshop
- Designed extensive print materials including calendars, business cards, postcards, and stickers
- Created multi-page catalogs and brochures
- Conceptualized, designed, approved, and delivered 16-page brochure in one working day

---

**ADDITIONAL EXPERIENCE**

**Lead Graphic Designer / Prepress Operator / DTP Designer**
Managed team of two junior designers

---

**EDUCATION & PROFESSIONAL DEVELOPMENT**

**UI/UX Design Course**
Beetroot Academy"
16980,"**Content Researcher**
Depositphotos

• Researched and curated content collections and PowerPoint presentations for client advertisements, email distribution, and direct publication on the official Depositphotos website

• Partnered with content managers to analyze performance metrics and inform development strategy

• Coordinated advertising initiatives for influencers and major clients including Coca Cola, H&M, Colgate, Vogue Ukraine, and Marie Claire Maison Italy

• Leveraged Jira and CRM systems to streamline workflow and strengthen client relationships

• Managed localized content ensuring alignment with brand tone of voice and product style guidelines


**Contributor Relations Manager**
Depositphotos

• Identified and recruited prominent photographers across EMEA and North America regions

• Collaborated with contributors to develop and optimize portfolios on cloud services

• Designed and led training seminars for new employees


**Teacher of English Language**

• Mentored special needs students navigating physical and psychological challenges

• Developed personalized teaching techniques and lesson plans tailored to individual student needs

• Adapted educational processes to accommodate each student's unique capabilities and learning requirements

• Cultivated strong rapport with students, facilitating knowledge acquisition and meaningful curriculum advancement


**Door-to-Door Sales Agent**
Liberty Power

• Canvassed diverse neighborhoods to promote products and services to prospective customers

• Communicated product features and competitive advantages to drive customer interest

• Negotiated and closed agreements between clients and Liberty Power"
17014,"**RESUME**

**SUMMARY**

English Philology student with four years of academic experience in text editing, writing, and translation. Passionate about social media with demonstrated commitment to exploring and analyzing multiple platforms to extract insights and inspiration. Highly motivated professional eager to build a career in the IT sector, bringing dedication, adaptability, and a commitment to continuous learning.

**SKILLS**

- Text Editing
- Writing
- Translation
- Social Media Analysis
- Platform Research
- Adaptability
- Continuous Learning

**EDUCATION**

English Philology
*Four years of academic experience*"
18230,"# Creative/Art Director | Graphic & UI/UX Designer

**10+ Years of Experience in Branding, Marketing, Advertising & Digital Design**

## Professional Summary

Creative/Art Director and Graphic & UI/UX Designer with over 10 years of experience delivering comprehensive branding, marketing, advertising, and digital design solutions for clients across six countries. Proven track record of building brands from concept to execution while maintaining collaborative partnerships with international stakeholders.

## Core Competencies

- Branding & Identity Development
- Marketing & Advertising Campaigns
- Graphic Design
- Web Design
- Mobile App Design
- UI/UX Design

## Key Achievements

- Developed and launched 20+ brands in Ukraine, guiding projects from initial concept through final implementation
- Built a global client portfolio spanning the USA, Canada, Australia, New Zealand, Austria, and Finland
- Conceived and executed innovative design solutions that drive measurable business growth

## Professional Values

Committed to mutual respect, honesty, integrity, and punctuality in all client and team relationships."
18348,"# PROFESSIONAL SUMMARY

Website, mobile, and graphic designer with over 6 years of commercial experience across multiple agencies. Contributed to the creation of more than 100 website designs, brand identities, and advertising projects. Extensive expertise in UX prototyping, UI design, and motion design for desktop and mobile applications.

# SKILLS

**Design Disciplines**
• Graphic Design: Printed Products, Banners, Illustrations, Icons
• Web Design: Responsive, Adaptive
• Mobile Design: iOS, Android
• Wireframes and Interactive Prototypes
• Atomic Design Principles
• User Personas and User Flows
• HTML and CSS Fundamentals

**Tools & Software**
• Figma: Team Libraries, Auto Layout, Component Properties, Branches
• Adobe Photoshop: Excellent Proficiency
• Adobe Illustrator: Excellent Proficiency
• Adobe After Effects: Confident Proficiency

# PROFESSIONAL OBJECTIVE

Seeking to join a strong team where I can realize my potential through engaging projects and contribute artistic vision to contemporary design."
26715,"# Professional Summary

Accomplished technology leader with 20 years of experience spanning web design, UI/UX, 3D graphics, animation, and product development. Proven track record building and scaling technical teams from the ground up, directing creative output, and delivering full-cycle game development.

# Professional Experience

## Co-Founder & CTO | Outsource Studio

- Founded and scaled studio from inception to 45+ contributors, including 25+ office-based developers and 20+ freelance professionals
- Drove technical strategy and team growth as Chief Technology Officer and Technical Lead
- Directed art and design teams, establishing and maintaining creative quality standards

## Co-Owner | Mobile Game Studio

- Co-founded mobile game development studio with full ownership stake
- Led end-to-end game development: concept development, UI/UX design, visual design, animation, Unity VFX implementation, sound editing, and stakeholder communication

# Core Competencies

**Technical:** Web Design | UI/UX Design | 3D Graphics | Animation | Unity VFX | Sound Editing

**Leadership:** Technical Strategy | Team Building & Scaling | Art Direction | Cross-Functional Team Management

**Product Development:** Full-Cycle Game Development | Concept-to-Launch Delivery | Stakeholder Communication

# Career Objectives

Seeking leadership opportunities that leverage two decades of experience building teams, directing creative vision, and delivering technology products."
26747,"**PROFESSIONAL SUMMARY**

Product Designer with 6+ years of commercial experience spanning startups, fintech, organizational management, crypto, insurance, and healthcare. Expertise in web, mobile, and dashboard applications with end-to-end design capabilities—from hypothesis generation and user research through wireframing, prototyping, and usability testing. Skilled at building design systems from scratch and leading design teams while aligning solutions with business objectives.

**ACHIEVEMENTS**

• 8 Design Awards on Behance
• Honorable Mention, San Francisco Design Week
• Ukrainian Design The Very Best Of recognition
• Led digital home loan product from concept to MVP over 12 months (Australia-based)
• Built comprehensive design system from scratch within 3-person team

**CORE COMPETENCIES**

User Research & Testing | Wireframing & Prototyping | Design System Development | Stakeholder Communication | Team Leadership & Mentorship | Process Flow Design | Low & High Fidelity Design | UI Research & Design | Cross-functional Collaboration

**PROJECT WORKFLOW**

• Partner with stakeholders and product managers to define requirements and priorities
• Conduct user and market research to inform design decisions
• Create functionality maps and process flows
• Develop low and high fidelity wireframes and prototypes
• Execute UI research and design
• Lead team of 8 designers

**LEADERSHIP & COLLABORATION**

• Mentor junior designers through structured guidance and skill development
• Conduct 1-on-1 meetings to identify challenges and growth opportunities
• Provide constructive feedback and ongoing support to team members
• Foster collaborative team environments while enabling independent work"
29788,"**PROFESSIONAL SUMMARY**

Digital 2D Artist & UI/UX Designer based in Kyiv with advanced proficiency in Adobe Photoshop, Adobe Illustrator, Figma, and Procreate. Red Dot Award recipient with comprehensive expertise spanning UI/UX design, illustration, and graphic design. Combines strong technical acumen with current design and technology trends, backed by effective communication and project management capabilities.

**EXPERIENCE**

**UI/UX Designer | Illustrator | Graphic Designer**
April 2021 - Present

**UI/UX Designer | Illustrator**
November 2019 - August 2021

**Freelance Web Designer**
December 2018 - November 2019

**AWARDS**

Red Dot Award – Brands & Communication Design | August 2022

**SKILLS**

- UI/UX Design
- Adaptive & Responsive Design
- Raster & Vector Illustration
- Banner Design
- Logo Design
- Verbal & Written Communication
- Time & Self-Management

**TOOLS**

- Figma
- Adobe Photoshop
- Adobe Illustrator
- Procreate
- Midjourney

**LANGUAGE**

English – Upper-Intermediate"
29835,"# Digital Designer

## Professional Summary
Digital designer specializing in marketing-driven visual design that helps brands grow. Proven track record as both freelance designer and in-house manager, collaborating with cross-functional teams across international companies. Advanced proficiency in Figma, Photoshop, Illustrator, and Webflow.

## Skills

**Design**
- UI/UX Design
- Branding & Advertising
- Illustration
- Color Theory & Composition
- Digital Imagery

**Digital Marketing**
- Web & Social Media Advertising
- E-blast Campaigns
- Digital Analytics

**Technical**
- Figma (Advanced)
- Photoshop (Advanced)
- Illustrator (Advanced)
- Webflow (Animation, CMS)
- HTML/CSS

## Professional Experience

**Freelance Designer**
- Designed websites and e-blast campaigns for American company
- Collaborated directly with clients to develop engaging visual solutions
- Delivered end-to-end design work independently

**In-House Manager**
- Managed design projects from concept to completion
- Led collaboration with cross-functional teams
- Partnered with 5+ companies across multiple countries

## Education & Training

**Product Design** — DARE IT

**Basic Web Design** — HILLEL IT School

**Figma** — CASES MEDIA (Score: 90)

**Graphic Design: Composition** — CASES MEDIA (Score: 91)

## Career Objectives
Seeking long-term partnership in a product-focused environment where design expertise can enhance customer experience and drive business results."
30606,"# Professional Summary

UX/UI Designer with hands-on experience in design systems, prototyping, and user research through Beetroot Academy mentorship projects. Skilled at delivering comprehensive design solutions from initial research through final presentation.

## Skills

**Design Tools & Systems**
- Figma (UI kit development, Auto Layout, interactive components, prototypes, plugins)
- Design system creation and implementation
- Sketching and prototyping

**UX & Research**
- UX research methodologies
- Competitor research and analysis
- User-centered design approach

**Design Principles**
- Composition, typography, and color theory
- Current design principles and trends
- Design system standards

**Collaboration & Documentation**
- Cross-functional team collaboration
- Project presentation and stakeholder communication
- Documentation (Google Documents, Google Forms)

## Experience

**UX/UI Designer — Beetroot Academy Mentorship Projects**

- Conducted UX research and competitor analysis to inform design decisions
- Developed sketches and interactive prototypes to visualize project solutions
- Applied composition, typography, and color principles to create cohesive designs
- Collaborated with team members on group design projects
- Presented project outcomes and articulated design rationale to stakeholders
- Created project documentation using Google Documents and Forms"
30845,"# UI/UX DESIGNER

**PROFESSIONAL SUMMARY**

Junior UI/UX designer with expertise in creating seamless, visually engaging user experiences. Proficient in Figma, Adobe Photoshop, and Adobe Illustrator, with a strong foundation in user-centered design methodologies. Experienced in producing interactive prototypes, wireframes, and mockups that enhance user engagement and product usability. Collaborative team player committed to continuous learning and evolving design strategies to meet user needs.

---

**TECHNICAL SKILLS**

**Design Tools:** Figma, Adobe Photoshop, Adobe Illustrator  
**Web Technologies:** HTML, CSS  
**UX Methods:** User Research, Persona Development, Customer Journey Mapping, Jobs-to-be-Done Framework, User Flows, Wireframing, Prototyping  
**UI Development:** UI Kits, Responsive Design, Adaptive Design

---

**PROJECTS**

**Travel Booking Web Service**  
Developed comprehensive web platform enabling users to discover and book excursions, tours, entrance tickets, and entertainment worldwide, while allowing guides and travel companies to post offerings.

- Analyzed competitive market landscape to inform design strategy
- Created Jobs-to-be-Done framework and customer journey map
- Designed user flows, wireframes, and complete UI kit
- Delivered responsive, adaptive design across devices
- Implemented search functionality with customizable filters and category-based browsing
- Designed user registration system supporting email, Google, and Facebook authentication
- Built integrated booking system with card payment capability and excursion listing forms

**Real Estate Website Redesign**  
Redesigned website for a real estate company in Destin, Florida to modernize the interface and improve user experience.

- Conducted competitor research and analysis to identify successful design solutions
- Analyzed social media and customer feedback to inform design decisions
- Developed 3 user personas and customer journey map
- Created streamlined feedback functionality and property valuation features
- Improved photo quality and overall site usability

**Mobile Application for Restaurant Table Booking**  
Designed mobile application streamlining restaurant table reservation process.

---

**EDUCATION & TRAINING**

**UI/UX Design Course** | 6-Month Program  
Additional studies in HTML/CSS

---

**CAREER OBJECTIVE**

Seeking full-time UI/UX Designer position in a product company focused on creating digital products for everyday life and business."
32072,"**UI/UX Designer**

**Current Role**

• Led a team of 4 designers in creating visually appealing, functional products that resonate with users and meet business objectives

• Improved financial institution app onboarding process by 35%

• Developed wireframes, mockups, and prototypes to establish user interface design and architecture

• Applied Agile planning principles to deliver tailored solutions aligned with customer requirements

**Previous Role**

• Improved SaaS audience management system by 25%, delivering aesthetically pleasing solutions that drive business results"
46443,"# PRODUCT DESIGNER

Design professional with over 10 years of commercial experience in web solution design and development.

## EXPERTISE

Design of large-scale CRM and SaaS projects, mobile and desktop applications. Specialized in creating and maintaining Design Systems that simplify and accelerate product development processes.

## KEY ACHIEVEMENTS

- Built comprehensive design systems from concept through implementation in React and Storybook
- Led product creation from initial concept to release version within 3-4 weeks
- Designed and developed over 50 landing pages and promotional pages
- Designed more than 10 user dashboards and account interfaces
- Implemented complex functionalities including analytics dashboards, smart timer systems, and photo editors

## CAREER PROGRESSION

Advanced from Graphic Designer to Product Designer

## TECHNICAL SKILLS

**Design:** Figma, Sketch, Adobe Creative Cloud

**Development:** HTML, CSS, JavaScript, React, Next.js, WordPress, Storybook

## SEEKING

A team committed to meaningful impact, with high standards for quality and a focus on improving user experience.

## IDEAL OPPORTUNITY

- Products that deliver genuine value to users
- Highly engaged, professional team environment
- Influence over product development and direction
- Ownership of product areas or initiatives

## VALUE PROPOSITION

Comprehensive capabilities spanning UI/UX, branding, corporate identity, and design system creation and maintenance."
46506,"**PROFESSIONAL EXPERIENCE**

**Software Developer**
Small IT Company

- Developed web applications utilizing JavaScript and React framework
- Created responsive web pages using JSX, HTML, and CSS
- Implemented animations with Framer Motion to enhance user experience
- Integrated Material-UI components for consistent, polished interfaces
- Built layouts using Bootstrap and Materialize frameworks
- Collaborated on design elements using Figma and Adobe Photoshop

**TECHNICAL SKILLS**

**Languages & Frameworks:** JavaScript, React, JSX, HTML, CSS

**Libraries & Tools:** Framer Motion, Material-UI, Bootstrap, Materialize

**Design Software:** Figma, Adobe Photoshop"
50300,"# PROFESSIONAL SUMMARY

Results-driven software developer with proven expertise in frontend development and full-stack technologies. Designed and deployed a groundbreaking customer engagement suite for a major e-commerce business, delivering on time and under budget to exceptional user and client reviews. Skilled in creating solutions that maximize customer acquisition, satisfaction, and retention to drive revenue growth.

# TECHNICAL SKILLS

**Frontend Development:** React, Vue, Flutter  
**Backend Development:** Node.js  
**Core Competencies:** Interface design, API integration, custom plugin development, website and application development, code optimization, performance analysis, debugging

# PROFESSIONAL EXPERIENCE

**Frontend Developer**

- Design and develop frontend interfaces to client specifications, prioritizing system usability
- Create seamless user experiences aligned with industry standards
- Debug issues, conduct performance analysis, and optimize code for efficiency
- Architect information flows between backend databases and user interface components
- Collaborate with development teams while managing independent workstreams
- Build interfaces, integrate APIs, and develop custom plugins using React, Vue, and Flutter
- Develop websites and applications leveraging Node.js for backend functionality

# KEY ACHIEVEMENTS

- Designed and deployed a groundbreaking customer engagement suite for a major e-commerce business from the ground up
- Leveraged innovative technologies and processes to maximize customer acquisition, satisfaction, and retention
- Delivered project on time and under budget
- Earned exceptional reviews from users and clients

# PROFESSIONAL DEVELOPMENT

- Continuously expanding technical knowledge of emerging technologies and frameworks
- Advancing understanding of software architecture through collaboration with experienced engineers
- Committed to ongoing professional growth in the software industry"
51419,"# UI/UX Designer

## Professional Summary
UI/UX designer with a programming background, bringing technical expertise to user-centered design solutions. Currently delivering UI/UX development on an out-staff basis for an IT company. Transitioned from programming to design, combining both disciplines to bridge the gap between creative vision and technical implementation. Seeking full-time remote opportunities with challenging, complex problems.

## Experience

**UI/UX Designer**  
IT Company (Out-staff basis)  
*1 year*
- Deliver UI/UX development and design implementation for client projects
- Leverage programming background to collaborate effectively with development teams
- Bridge communication between design vision and technical execution

**Freelance Designer**  
*Several years*
- Completed diverse design projects as an independent contractor
- Managed full project lifecycle from client consultation through delivery

## Skills
- UI/UX Design
- UI/UX Development
- Programming
- Problem-Solving for Complex Design Challenges
- Cross-Functional Team Collaboration

## Work Preferences
- Full-time remote position
- Complex problems requiring unique technical and design expertise"
53971,"# PROFESSIONAL SUMMARY

Game UI/UX Designer with 3 years of specialized experience complemented by 5 years as a Senior Graphic Designer. Currently contributing to a major game development company, applying comprehensive visual design expertise to game interface development. Proficient in 3D modeling, texturing, and 3D animation through extensive indie game development experience since 2019.

---

# PROFESSIONAL EXPERIENCE

**Game UI/UX Designer**
Large Game Development Company | 1.5 years | Present

**Game UI/UX Designer**
Various Indie Teams | Since 2019
- Designed and implemented game interfaces
- Created 3D models and textures
- Developed 3D animations

**Senior Graphic Designer**
5 years

---

# CORE COMPETENCIES

Game UI/UX Design | Graphic Design | 3D Modeling | Texturing | 3D Animation | Game Interface Development

---

# CAREER FOCUS

Seeking opportunities exclusively within game development."
53972,"**GRAPHIC DESIGNER**

**PROFESSIONAL EXPERIENCE**

**Graphic Designer | GameDev Industry**
1 year

- Designed promotional offers, decorations, and banners optimized for mobile gaming platforms
- Created engaging visual assets that enhanced player experience across mobile game titles

**Graphic Designer | Digital Marketing**
2+ years

- Designed and delivered websites, promotional banners, and email campaigns across multiple digital channels
- Developed cohesive visual content strategies for diverse client needs

**SKILLS & EXPERTISE**

**Design Tools:**
Adobe Photoshop | Figma | Adobe After Effects

**Core Competencies:**
- Layout design and implementation
- UI navigation elements and decorative graphics
- Animation creation
- Original asset creation and adaptation from artist-provided graphics

**CAREER OBJECTIVES**

Seeking long-term partnership with a GameDev company, with particular focus on mobile game development. Committed to professional growth and contributing to innovative, player-centered projects."
53973,"# Game UI/UX Designer

## Professional Summary

Game UI/UX Designer with expertise in UI art and animation since 2019, building on a foundation in web design established in 2015. Skilled across the full project lifecycle with working knowledge of HTML, CSS, and JavaScript. Proficient in Figma, Adobe Photoshop, Unreal Engine 4, and Unity.

## Professional Experience

**Key Achievements**
- Established and implemented design processes to streamline project workflows
- Developed and led mentoring programs for staff skill development
- Independently acquired and managed client relationships
- Contributed to official website updates and logo redesigns for sites and applications

**Core Responsibilities**
- Develop intuitive UX flows aligned with overall game design vision
- Design UI screens and elements while preparing production-ready assets for programmers
- Communicate UX vision and design rationale to team members
- Collaborate with cross-functional teams to implement designs in-game
- Support game development by contributing additional skills as needed

## Technical Skills

**Design Tools:** Figma, Adobe Photoshop
**Game Engines:** Unreal Engine 4, Unity
**Development:** HTML, CSS, JavaScript

## Teaching Experience

Design Instructor, IT Academy, Lviv

## Personal Interests

Committed to continuous learning and professional development, including language study. Maintains an active lifestyle through basketball, Brazilian jiu-jitsu, and yoga.

## Work Style

Thrive in collaborative team environments focused on delivering meaningful product results, with flexible approaches that value each team member's contributions."
53974,"# UI/UX Designer & Artist

## Professional Experience

**UI/UX Designer/Artist**
Ukrainian Game Company

- Design and create UI visuals for casual mobile games from concept to final render
- Develop visually distinctive, user-friendly interfaces including logos, icons, buttons, pop-ups, and custom mechanics
- Prepare production-ready sprites for Unity implementation
- Monitor interface integration within game engines to ensure design fidelity
- Research competitive game interfaces and functional solutions to inform design strategy
- Collaborate with cross-functional teams spanning design, production, 2D/3D art, and development
- Contributed to successful launch of released mobile casual game
- Maintain expertise in current UI/UX design trends and techniques

## Education

**Bachelor's Degree in Artist-Performer**
Kyiv National University of Construction and Architecture

## Professional Objectives

Seeking opportunities to contribute to diverse, engaging projects within a collaborative team environment focused on mutual professional growth and knowledge exchange."
53975,"**UI/UX Game Designer**

4 Years Commercial Design Experience | 2 Years Commercial GameDev Experience

**Professional Summary**

UI/UX game designer with expertise across multiple game genres including mobile shooters, educational games for children, tactical MOBAs, and multiplayer casual games. Skilled in managing the complete UI/UX creation cycle from information architecture and player flows through prototyping and resource implementation in Unity3D.

**Experience & Achievements**

- Completed 248+ projects across diverse game genres
- Led full UI development for an educational mobile game achieving over 100,000 downloads
- Contributed to AAA PC MOBA development
- Redesigned and migrated a PC esports simulator to mobile platform, delivering on schedule
- Coordinated simultaneous print material production for two exhibitions across different cities
- Designed employee welcome-box initiative

**Core Competencies**

- Information Architecture
- Player Flows & UI Research
- Wireframing & Prototyping
- Visual Style Development
- Unity3D Resource Implementation
- Game Testing & QA Participation
- Digital Illustration (Graphics Tablet)

**Technical Skills**

Figma (UI, Vector Graphics, Animation) | Photoshop | Unity3D | Jira | Confluence | Plastic SCM

**Education & Training**

- Web Design Certification (Graduated with Honors; Supervised Final Group Project)
- English Language Certification (2022, Honors)

**Professional Approach**

Dedicated to staying current with industry developments through regular engagement with shipped titles. Seeking opportunities to contribute to innovative projects within collaborative team environments."
53976,"# PROFESSIONAL SUMMARY

Versatile artist and designer with expertise in game UI, character design, and concept art. Demonstrated leadership capabilities combined with strong collaborative skills and a proven ability to quickly master new techniques and tools.

# SKILLS

**Art & Design**
- Game UI Art & Design
- Character Design & Concept Art
- Environment Concept Art
- Creative Illustration

**3D & Technical**
- 3D Modeling & Sculpting
- Texturing

**Language**
- English (Fluent)

# SOFTWARE

- Adobe Photoshop
- Blender
- ZBrush
- Daz Studio
- Substance Painter
- Substance Designer"
53977,"# PROFESSIONAL SUMMARY

Results-driven motion design leader with proven expertise in worldwide poker and casino products. Managed team of 7+ onboard and outsourced professionals across design, graphics, motion, animation, sound, and development. Streamlined design and animation export pipeline across multiple projects.

# EXPERIENCE

- Led rebranding initiatives for poker brands
- Designed UX/UI for poker application
- Developed and maintained project style guides, design systems, and asset libraries
- Produced gaming motion and animations for poker and casino games including Slots, Betting, and BlackJack
- Architected clean and scalable After Effects project structures
- Delivered motion graphics for live online events
- Established and organized gaming design team
- Optimized design-to-development workflow by aligning animations with application requirements and implementing new technologies
- Elevated visual and gaming experience across products
- Authored comprehensive briefs and specifications while guiding design, graphic, motion, sound artists, and developers through project completion
- Developed design concepts and storyboards for promotional videos

# STRENGTHS

- Committed to delivering highest quality products
- Skilled at breaking down complex tasks and taking ownership of outcomes
- Proven ability to motivate teams and inspire excellence
- Deep expertise in the gaming industry"
53978,"# UI/UX Designer

Results-driven UI/UX Designer with proven prototyping expertise focused on enhancing user interfaces and game experiences. Track record of implementing features that improve performance, accelerate development processes, and simplify UI layouts while consistently delivering projects ahead of schedule with high customer satisfaction.

## Core Competencies

User Flow Development • Wireframing • Interactive Prototyping • 9-Slice Scaling • Cross-Platform Design (PC, Console, Mobile) • Figma to Unity Integration • UI Systems Development • Typography Selection • Performance Optimization

## Professional Experience

**UI/UX Designer**

• Designed and built complete UI systems from concept to implementation, ensuring cohesive visual design and functionality across projects

• Developed comprehensive user flows and wireframes to guide design decisions and align stakeholder expectations

• Prototyped interactive interfaces to validate design concepts and user interactions before development

• Streamlined production workflow by integrating finished interfaces directly from Figma into Unity

• Implemented 9-Slice Scaling techniques to optimize asset performance and maintain visual consistency at varying resolutions

• Designed responsive interfaces for multi-platform environments including PC, consoles, and mobile devices

• Selected and curated typography to enhance readability and reinforce brand consistency

• Collaborated with cross-functional teams including UI/UX developers, game designers, artists, and programmers to deliver integrated solutions"
53979,"# UX/UI Designer (2020–2022)

- Developed indie game interface informed by self-conducted UX research
- Created low-fidelity and high-fidelity wireframes, progressing concepts to interactive visual designs and prototypes
- Designed and conducted user testing surveys and exercises
- Built site maps, information architecture, and customer journey maps to support product vision
- Illustrated design ideas using storyboards and process flows
- Developed adaptive and responsive wireframes for web-based applications
- Ensured designs addressed full customer loops, including negative paths
- Collaborated with developers and game designers to implement user-centered solutions

---

# Visual and Graphic Designer (2019–2022)

- Created logos, brand identities, banners, posters, and advertisements
- Generated style concepts while monitoring current design trends
- Presented and defended design ideas to clients
- Collaborated with team members to implement design solutions
- Delivered work with strong attention to detail"
53981,"# UI/UX Designer | UI Artist

## Professional Experience

UI/UX Designer and UI Artist specializing in game development since 2020

## Companies

Game Insight | 101XP | Playrix | WhaleApp

## Skills & Expertise

- Graphic design and redesign from concept to completion
- Website and application design
- Branding and print design
- 2D animation
- Full graphic development lifecycle management
- Layout preparation for websites and applications
- Technical specifications for printed materials

## Core Strengths

- Deep analytical understanding
- Critical thinking

## Professional Values

- Engaging, challenging projects
- Strong organizational leadership
- Collaborative creative environments"
54796,"# PROFESSIONAL SUMMARY

Kharkiv-based designer with over 10 years of experience in graphic design and UI/UX. Extensive background in advertising agencies, marketing agencies, and printing houses. Proven track record creating brand identities for leading Ukrainian real estate companies and European clients. Logos, brand styles, and outdoor advertising displayed throughout Kyiv, Kharkiv, and cities across Ukraine and Europe.

# EXPERIENCE

**Graphic & UI/UX Designer | Freelance**
- Developed comprehensive brand identities for leading Ukrainian real estate companies
- Delivered design projects for European clients
- Created logos and brand styles displayed across Kyiv, Kharkiv, and cities throughout Ukraine and Europe
- Designed outdoor advertising campaigns
- Built websites using Tilda constructor
- Provided full-service design solutions

**Advertising & Marketing Agencies**
- Delivered graphic design work across multiple agency environments
- Executed print production projects in printing house settings

# SERVICES

- Landing pages and website creation
- UX research
- Logo design
- Social media design
- Print layout design
- Presentation design
- Outdoor advertising
- Transport branding

# SKILLS

**Design:** Graphic Design | UI/UX Design | Brand Identity Creation | User-Focused Design

**Technical:** Website Development (Tilda Constructor)

**Professional:** Organizational Planning | Team Collaboration | Commitment to Professional Growth in UX/UI Design"
54797,"**GRAPHIC & UI/UX DESIGNER**

Remote Designer from Ukraine with 4+ years of experience creating user-centric designs for complex, specialized software products including SaaS services, web applications, and mobile applications.

---

**PROFESSIONAL EXPERIENCE**

**UX/UI Designer** | ManyRequests
Aug 2020 – Nov 2020

- Redesigned UX and UI of existing product to enhance user-friendliness and overall experience
- Delivered rapid design iterations informed by feedback, user testing, and feature performance
- Developed on-brand design solutions aligned with measurable business goals and requirements
- Integrated new platform features driven by user needs

**Product Designer** | Stress Point Health Ltd
Apr 2018 – Jun 2020

- Led end-to-end design of mobile application enabling patients to access treatment for stress, anxiety, and trauma
- Guided product from initial concept through problem-solving to complete UI execution
- Synthesized multiple data types into clear, accessible visualizations
- Produced wireframes, user journey flows, and prototypes to support testing initiatives
- Conducted usability testing sessions with 22 volunteers during first pilot study, identifying and resolving key usability issues

**UI/UX and Web Designer** | Propeller Digital Company
May 2016 – Dec 2019

- Served as sole designer, taking leadership role in all design decisions
- Created websites, print materials, and infographics
- Analyzed client briefs to scope and define user experience approach, activities, and workflows
- Translated concepts into wireframes, designs, and mockups for B2B and B2C markets, adapting design language and messaging accordingly
- Redesigned business presentations, logo, brand identity, and visual design for existing websites"
54798,"# Professional Experience

## Creative Intern
**Phiture** | 6 months
Mobile Growth Consultancy and Agency

- Designed illustrations and marketing assets for clients including Ad Hoc Labs and Tipp24
- Executed print design projects and adapted creative work to brand guidelines
- Performed photo retouching for client deliverables
- Contributed to A/B testing initiatives for Adobe
- Supported Quality Assurance processes

## Graphic and UI/UX Designer
**Charitable Organization** | 3 years (concurrent with education)

- Delivered graphic design and UI/UX projects for non-profit initiatives

# Education

**Master's Degree in Design and Journalism** | 3 years

# Skills

**Design**
Vector Graphics · Icon and Logo Design · Illustration · Branding · Application Prototyping · UI/UX Design · Print Design · Photo Retouching · Video Editing · Motion Graphics

**Additional Competencies**
Multimedia Journalism · Information Management · Text Processing"
54799,"**PROFESSIONAL SUMMARY**

Design professional with three years of teaching experience and extensive background in freelance and corporate design projects. Skilled in developing comprehensive branding solutions and multi-page websites for technology and energy sector clients. Combines technical expertise across industry-standard design tools with proven ability to educate and collaborate effectively.

**PROFESSIONAL EXPERIENCE**

**Design Teacher**
Itstep Academy | Current Position
- Instruct students in design principles and practical applications
- Translate complex design concepts into accessible learning experiences

**Freelance Designer**
2 Years
- Developed complete corporate identity and website for Ugtransresurs, a coal company
- Designed and built multi-page website for Softkit, an IT company
- Delivered design solutions for Hipinspire.com, SmartJ, and Softkit across multiple projects

**Design Intern**
Peace IT | 2 Months
- Gained foundational experience in professional design workflows

**TECHNICAL SKILLS**

**Design Software:** Adobe Illustrator, Photoshop, InDesign, Premiere Pro, After Effects, 3D Max, Maya, 3D Coat, Figma

**Web Development:** HTML, CSS

**LANGUAGES**

English: Intermediate

**WORK PREFERENCES**

Available for office-based or remote positions. Seeking challenging projects with opportunities for creative development within collaborative teams."
54800,"# MARY

**Graphic Designer**

## PROFESSIONAL SUMMARY

Creative graphic designer with over 3 years of experience delivering strategic visual solutions across diverse industries. Expert in Adobe Creative Suite—Photoshop, Illustrator, and XD—with specialized focus on brand identity development, digital design, and print production. Committed to exploring innovative design challenges and translating client visions into compelling visual narratives.

## CORE COMPETENCIES

• Brand Identity Development
• Logo Design & Visual Standards
• Digital Design (Landing Pages, Banners)
• Outdoor Advertising
• Print Production & File Preparation
• Layout Design
• Client Collaboration
• Adobe Photoshop
• Adobe Illustrator
• Adobe XD

## PROFESSIONAL EXPERIENCE

**Graphic Designer** | 3+ Years of Experience

- Design and execute strategic layouts for client projects spanning multiple industries
- Develop comprehensive brand identity systems, including logo design and visual standards documentation
- Create high-impact banner designs and outdoor advertising materials that align with client objectives
- Design personal and corporate landing pages optimized for visual engagement
- Prepare production-ready print files ensuring quality and accuracy
- Partner with clients throughout the creative process to deliver solutions that meet project requirements and business goals

## TECHNICAL SKILLS

Adobe Photoshop | Adobe Illustrator | Adobe XD"
56453,"**PROFESSIONAL SUMMARY**

Design and computer graphics professional with twelve years of industry experience spanning multiple disciplines.

**CORE COMPETENCIES**

• Design & Computer Graphics
• Creative Problem-Solving
• Technical Proficiency
• Project Management
• Team Collaboration

**PROFESSIONAL EXPERIENCE**

12+ years of experience in design and computer graphics, including creative development, technical execution, and project coordination."
56528,"**PROFESSIONAL EXPERIENCE**

**Illustrator** | 100Roads | USA, Remote | 2021–2023
- Developed conceptual designs and sketches for EdTech platform
- Created 2D digitalized onboarding backgrounds

**Art Director** | Kukuruza Video Production | Ukraine | 2022–2023
- Developed concept ideas and style mood boards for video productions
- Managed creative department
- Collaborated with top retailer companies, IT companies, government agencies, and international businesses

**Stage Designer** | Kukuruza Video Production | Ukraine | 2021–2022
- Created storyboards and provided location art direction
- Designed and produced props for video productions
- Partnered with leading retail companies

**Freelance Design Contractor** | Ukraine, Europe, USA | 2014–Present
- Provide web design, UI/UX, illustrations, and brand identity services
- Execute prepress and social media design for clients including Vogue Ukraine and Elle magazine
- Serve diverse clients including FMCG, fashion brands, startups, galleries, and SMEs

**Printing Designer** | Picasso Art Wedding | Ukraine | 2017–2020
- Produced custom watercolor illustrations and calligraphy
- Managed prepress and printing for invitations, menus, name cards, and envelopes

**Graphic Designer** | SSN Design Bureau | Ukraine | 2019
- Delivered branding, logo design, illustrations, and packaging design
- Managed prepress for FMCG, restaurants, and coffeeshops

**RECOGNITION**

- Finalist, Hublot Design Prize | 2022
- Personal illustration exhibitions in Ukraine, Germany, and France

**PROFESSIONAL ATTRIBUTES**

Team-oriented professional with strong results focus and enthusiasm for new challenges and diverse project opportunities."
56542,"# ANN
Graphic Designer

## PROFESSIONAL SUMMARY

Results-driven graphic designer with more than 4 years of professional experience creating effective designs for brands of all sizes. Proven expertise in brand communication spanning in-house, agency, and freelance environments. Strong ability to generate innovative ideas quickly and deliver functional design solutions that resonate with brands and their audiences.

## SKILLS

**Brand & Identity Design**
Brand identity development · Logo design · Brand communication strategies

**Print & Marketing Materials**
Menus · Business cards · Flyers · Brochures · Stickers · Postcards · Press media kits · Presentations · Infographics · Layouts

**Digital & Web Design**
Landing pages · Multi-page websites · Product sites · Email newsletters · UI/UX design · Web marketing materials

## PROFESSIONAL EXPERIENCE

**In-House Graphic Designer**
- Delivered comprehensive design solutions focused on brand communication
- Generated innovative ideas efficiently while maintaining attention to detail
- Created functional designs based on user needs and brand requirements

**Agency Designer**
- Developed designs for diverse client portfolios
- Collaborated with teams and clients on brand development projects
- Produced marketing materials across multiple platforms

**Freelance Designer**
- Created press media kits for bloggers
- Designed logos and song covers for singers
- Built websites for creative agencies
- Developed presentations for branding and marketing courses
- Produced stickers and postcards for brand touchpoints

## EDUCATION

**Web Design** – Projector

## APPROACH

Detail-oriented designer with an empathetic approach to understanding client and user needs. Committed to creating original, engaging, and functional design solutions through effective collaboration."
56543,"**GRAPHIC DESIGNER**

**SKILLS & EXPERTISE**

3+ years of professional graphic design experience specializing in marketing and corporate design, visual identity creation and maintenance, graphics for media and communications, infographics, illustration, animation, and UX/UI design. Skilled in applying design thinking processes to creative challenges.

**TECHNICAL PROFICIENCIES**

Figma | After Effects | Photoshop | Illustrator

**PROFESSIONAL EXPERIENCE**

**Graphic Designer** – Ukrainian Channel, Poland

- Collaborated with cross-functional team on broadcast animation project
- Developed extensive knowledge and expertise in broadcast design
- Applied animation and motion graphics skills to support channel visual content"
56544,"# GRAPHIC & UI/UX DESIGNER

## PROFESSIONAL SUMMARY

Graphic and UI/UX designer specializing in digital experiences, branding, and advertising. Expert in layouts, typography, illustration, and animation with mastery of color, shape, and composition. Committed to research-driven solutions, deadline excellence, and continuous professional development.

## PROFESSIONAL EXPERIENCE

**Freelance Designer**
*Maternity period – Present*
- Create social media content, advertisements, and print materials for diverse clientele
- Deliver multiple concurrent projects while maintaining quality standards and meeting deadlines

**Grls Gang (Nail Company)**
*Prior to maternity leave*
- Developed comprehensive branding identity and advertisement campaigns
- Built user engagement strategies and materials to strengthen brand-customer relationships
- Produced social media content and promotional materials

**Plarium (Game Company)**
- Created competitive advertising designs for company products
- Produced 2D banners and animations for social media platforms
- Contributed to visual marketing strategy for game products

**Independent Designer**
*2012–2013*
- Designed Lomogram app, ranked top 5 photography app on Windows Phone Store
- Achieved 20M downloads

## SKILLS

UI/UX Design · Graphic Design · Branding & Identity · Typography & Layouts · 2D Animation · Social Media Design · Advertisement Design · Print Design · Illustration · Color Theory & Composition"
56545,"**PROFESSIONAL EXPERIENCE**

**Advertising Agency**
Developed visual communications and brand identity solutions, crafting cohesive design elements that strengthened client brand recognition.

**Digital Agency**
Managed and curated social media presence for brands and influencers, creating engaging visual content to drive audience growth and engagement.

**DESIGN PORTFOLIO**

• Print Design
• Poster Design
• Social Media Design
• Advertising Banners
• Web Design
• Animation

**CORE COMPETENCIES**

• Brand Identity Development
• Visual Communications
• Social Media Management
• Digital & Print Media Design
• Multi-Platform Content Creation"
56618,"# PROFESSIONAL SUMMARY

Graphic Designer with 7 years of experience specializing in print and digital design. Developed diverse design solutions including outdoor advertising, web banners, and social media content over 5 years at a manufacturing company. Expanded into UI/UX design during the past 2 years, providing guidance and enhancing the user experience and interface of the company's main e-commerce website.

# PROFESSIONAL EXPERIENCE

**Graphic Designer**
Manufacturing Company | 5 years

- Delivered comprehensive design solutions across print and digital channels
- Designed outdoor advertisements, web banners, and social media content
- Provided UI/UX guidance for main e-commerce website
- Enhanced user experience and interface design of e-commerce platform

**Graphic Designer**
2 years prior experience

- Created print and digital design solutions

# SKILLS

- Graphic Design (Print & Digital)
- UI/UX Design
- E-commerce Website Design
- Outdoor Advertising
- Web Banners
- Social Media Content
- 3D Modeling
- Game Development

# CAREER OBJECTIVES

Seeking a UI/UX Designer position with opportunities for professional growth and specialization. Eager to expand expertise in game development and 3D modeling."
56619,"# LIUDMILA
## Graphic Designer

**PROFESSIONAL SUMMARY**

Graphic designer with over 10 years of experience specializing in logo design, corporate identity, social media design, and web design. Expert in creating and preparing graphics for digital and print formats. Developed more than 100 logotypes and brand style guides across diverse business sectors.

**PROFESSIONAL SKILLS**

• Adobe Illustrator, Adobe Photoshop, InDesign, CorelDRAW, Google Slides, Canva, Figma
• Logo and corporate identity design
• Social media design
• Website and user interface design
• Packaging and print design
• Presentation design"
56629,"# UI/UX Designer

## Professional Summary
UI/UX designer with six months of practice experience in landing page creation, redesign projects, and collaborative web service and mobile app development. Six years of graphic design expertise (2016–2022) specializing in logos, corporate identities, and advertising materials. Seeking first professional UI/UX designer position.

## Professional Experience

**UI/UX Designer (Practice)** | 6 months
- Designed landing pages, web service interfaces, and mobile applications
- Conducted user research and behavioral analysis to inform design improvements
- Developed design systems for team projects
- Created intuitive, visually appealing interfaces focused on user experience

**Graphic Designer** | 2016–2022
- Created logos, corporate identities, and advertising materials
- Developed and executed visual design solutions

## Projects

**LifeLandscape – Web Service for Landscape Design**
- Designed service interface as part of collaborative team project
- Conducted user research and iterated on designs based on feedback
- Implemented responsive design principles across devices and platforms
- Collaborated with UX designers to ensure seamless integration of design elements

**Tattoo Studio Website Redesign – Destin, Florida**
- Redesigned website to showcase studio work and improve user experience
- Researched target audience preferences to inform design decisions
- Created modern, intuitive interface with streamlined navigation

## Career Objectives
- Apply UI/UX skills to diverse, creative projects
- Collaborate within supportive teams while contributing to product quality
- Continue developing design expertise with modern tools and technologies"
56630,"# PROFESSIONAL SUMMARY

Web and Graphic Designer with over 7 years of experience delivering compelling visual solutions for IT companies, remote clients, and independent projects. Traditional drawing background strengthens color theory expertise and compositional precision.

# CORE COMPETENCIES

**Design Tools:** Figma | Adobe Illustrator | Adobe Photoshop | Sketch

**Services:**
- Logo Design & Brand Identity Development
- Print & Digital Marketing Materials (Banners, Flyers, Posters)
- Social Media Content Design
- Custom Icon & Illustration Creation
- UX/UI Website Design, Redesign & Responsive Design

# PROFESSIONAL EXPERIENCE

**Freelance Web & Graphic Designer**
- Collaborate with diverse clients remotely, managing web and graphic design projects from concept to completion
- Develop independent design projects encompassing brand identity, digital assets, and responsive web solutions

**Graphic Designer | IT Companies**
- Delivered web and graphic design solutions for corporate clients across two IT organizations
- Created visual assets supporting business objectives and client communications

# SKILLS & STRENGTHS

- Advanced drawing ability with refined sense of color and composition
- Brand identity development and visual communication expertise
- Responsive, user-centered design principles"
56631,"**PROFESSIONAL SUMMARY**

Designer specializing in mobile applications, web design, and visual communications. Proven experience across product and outsourcing environments. Open to relocation and remote work opportunities.

**CORE COMPETENCIES**

• iOS and Android App Design
• UX Design
• Responsive Web Design
• Landing Page Design
• Promotional Design (Banners, POSM)
• Logo Design
• Animation
• GUI Design

**TECHNICAL SKILLS**

**Design Tools:** Figma, Adobe Photoshop, Adobe Illustrator, Adobe After Effects, Lottie, Sketch, Affinity, Procreate, Freehand Drawing

**Project Management:** Slack, Jira, Confluence, Keybase, Trello, Redmine

**Web & Prototyping:** InVision, Hotjar, WordPress

**Development:** HTML, CSS, JavaScript, Python Core

**ADDITIONAL EXPERTISE**

• Marketing Knowledge
• Visual Communications

**EXPERIENCE**

Product and Outsourcing Companies"
56632,"**GRAPHIC DESIGNER & UI/UX DESIGNER**

**PROFESSIONAL SUMMARY**

Graphic Designer and UI/UX Designer with 4 years of experience creating compelling visual solutions across digital and print mediums. Demonstrated expertise in brand identity development, web design, and user-centered design processes. Passionate about designing brand identities and websites that represent the emotional and philosophical concepts of businesses through engaging visual components.

**CORE COMPETENCIES**

Graphic Design & Visual Communication • UI/UX Design & Web Design Principles • Brand Identity & Strategy Development • Typography, Color Theory & Page Layouts • User Research & User Story Development • Application Performance Analysis & Optimization • Adobe Photoshop, Illustrator, Adobe XD, Figma • Print Production & Merchandising Design • Requirements Gathering & Documentation • Client & Stakeholder Presentations • Agile Development Processes

**PROFESSIONAL EXPERIENCE**

**Brand Identity Designer | onO Branding Agency**

Developed brand identities and strategies as part of a collaborative team, executing the full design process from requirements gathering through final visual designs. Created comprehensive brand identity for Nova Market furniture store.

**Freelance Graphic Designer & UI/UX Designer**

Designed logos, social media content, and landing pages with focus on user engagement and intuitive design. Developed visual designs based on user stories and research. Delivered polished presentations to customers and internal teams.

**Typography Designer**

Prepared designs for print production and created merchandise for brands. Maintained strong attention to detail across all print materials.

**DESIGN PHILOSOPHY**

Committed to a user-centered process that includes requirements gathering, user story creation, research, and development of intuitive, engaging visual designs. Focused on delivering creative solutions within dynamic, consultative environments while meeting project deadlines."
56633,"# Professional Summary

Design graduate with hands-on project experience seeking an entry-level position with a collaborative team. Committed to professional growth, continuous learning, and contributing to team success.

# Education

Design Education — Completed

# Projects

- Non-Commercial Design Project
- Non-Commercial Design Project

# Professional Attributes

- High productivity and diligence
- Strong motivation for professional development
- Collaborative mindset with eagerness to contribute to team goals"
56634,"**PROFESSIONAL EXPERIENCE**

**Graphic Designer & UI/UX Designer**

**Core Responsibilities:**

- Design and develop website interfaces and interactive prototypes that enhance user engagement
- Create compelling visual assets including banners, social media content, and cohesive brand identity materials
- Produce print-ready designs and oversee end-to-end print production workflows
- Execute advanced photo manipulation and digital retouching projects
- Develop custom illustrations and 2D character designs that bring concepts to life
- Create dynamic animations and motion graphics for digital platforms

**Technical Proficiencies:**

Figma | Adobe Photoshop | Adobe Illustrator | Adobe After Effects"
56635,"# Designer

## Professional Summary

Graphic designer with extensive experience across multiple projects, specializing in visual communication and digital design solutions.

## Areas of Expertise

- Graphic Design
- UI/UX Design for Mobile Applications

## Career Objectives

Seeking opportunities in UI/UX design for mobile applications with a commitment to continued professional development. Open to graphic design positions.

## Portfolio

Work samples available upon request."
56637,"# SVITLANA
Graphic & Web Designer

## PROFESSIONAL SUMMARY

Graphic and web designer with 8+ years of experience, including 2+ years specializing in UI/UX design. Currently designing for Libertex Group, an international financial services group specializing in online trading and investment. Deadline-driven creative combining strong self-management skills with an analytical mindset and deep understanding of user needs and client goals. Proven ability to deliver results both independently and within collaborative teams.

## CORE COMPETENCIES

**Graphic Design**
Advertising materials (web banners, social media creatives) • Presentation design (digital and print) • Brand books and pitch decks • Infographic design • Print design • Logo design • Educational materials • Illustrations • Offline exhibition design

**UI/UX Design**
UI interface creation (elements, layouts, style guides) • Icon design • Design drafts and mock-ups

## TECHNICAL PROFICIENCIES

**Design Tools:** Figma, Adobe Photoshop, Adobe Illustrator, Adobe XD, Adobe InDesign, Sketch, Principle

**Project Management:** Jira, Trello, Asana

## INDUSTRY EXPERTISE

FinTech • Trading • Investing • Marketing • Cryptocurrencies • Blockchain

## EXPERIENCE

**Graphic & Web Designer**
Libertex Group | Current Position

Deliver graphic and UI/UX design solutions for an international financial services group specializing in online trading and investment.

## PROFESSIONAL ATTRIBUTES

Strong brief interpretation and implementation • Excellent collaboration skills • User-centered design approach • Client-focused mindset • Analytical thinking • Committed to professional growth

## SEEKING

Full-time remote position"
56638,"**PROFESSIONAL SUMMARY**

Results-oriented graphic designer and UI/UX designer with 8 years of experience delivering high-quality design solutions. Proven track record of completing dozens of projects through efficient workflows, clear communication, and innovative design approaches. Recognized by management for strong communication skills and ability to perform effectively under diverse conditions. Eager to collaborate with dynamic teams on engaging projects while leveraging expertise and expanding skill sets."
56639,"**UI/UX DESIGNER**

**PROFESSIONAL SUMMARY**

Design professional with strong communication skills and expertise in composition fundamentals, seeking opportunities to gain hands-on experience while contributing to innovative projects and expanding design knowledge.

**SKILLS**

**Design**
• UI/UX Design
• Composition Fundamentals
• Visual Communication

**Tools & Software**

*Advanced*
• Figma
• Adobe Illustrator
• Adobe Photoshop

*Intermediate*
• InVision
• Adobe After Effects
• Adobe Lightroom"
56641,"**PROFESSIONAL EXPERIENCE**

**Designer**
Photo Center

• Designed patterns, prints, and templates aligned with company branding standards
• Produced portrait art across multiple styles while executing photo editing projects
• Leveraged Adobe Photoshop and Illustrator to deliver design solutions

**Illustrator**
NFT Project

• Created diverse illustrations spanning multiple artistic styles for NFT collection

**Illustrator**
YouTube Channel

• Developed custom illustrations translating specified narratives and stories into visual content

**SKILLS**

**Technical Proficiencies**
Figma | Adobe Photoshop | Adobe Illustrator | Procreate | Microsoft Word | Microsoft Excel

**Design Capabilities**
• Graphic design and visual communication
• Hand drawing and digital illustration using graphic tablet
• Pattern and print design
• Portrait art
• Photo editing and retouching

**Language**
English – B2 (Upper Intermediate)

**Core Competencies**
Creative thinking | Attention to detail | Time management | Innovative problem-solving | Responsibility | Persistence | Continuous learning and professional development"
56642,"**GRAPHIC DESIGNER | MOTION DESIGNER | ILLUSTRATOR**

**PROFESSIONAL PROFILE**

Graphic designer with 5 years of professional experience in freelance and marketing agency environments. Skilled in motion design and illustration with emerging UI/UX design capabilities. Proven ability to collaborate with international organizations and lead creative projects from concept to completion.

**EXPERIENCE HIGHLIGHTS**

- Collaborated with international organizations including WADA and POLADA
- Led creative direction as art director on animation projects
- Developed specialized expertise in illustration and drawing
- Proficient in Figma and Adobe Creative Suite
- Fluent in English

**CORE COMPETENCIES**

- Motion Design
- Illustration & Character Design
- Art Direction
- UI/UX Design
- Digital Marketing Collateral

**AREAS OF INTEREST**

- Custom interface design
- Character design and illustration sets for apps, websites, and marketing campaigns
- Edutainment project design
- Casual game design"
56643,"# GRAPHIC DESIGN SPECIALIST | SMM MANAGER

**LG Electronics**

**Most Innovative Employee of the Year (2019)**

---

## ADVERTISING CAMPAIGNS

- Developed visual concepts for multi-platform advertising campaigns spanning partner websites, Mobile Search, and Social platforms
- Partnered with sales and product marketing teams to ensure strategic alignment of campaign objectives
- Produced advertising visuals and executed 170+ format adaptations for diverse placements

## PRINT PRODUCTION

- Designed and adapted printed materials across all product categories: OOH, catalogues, leaflets, business cards, postcards, stickers, banners, and rollups
- Created point-of-sale materials including toppers, stickers, banners, and posters
- Delivered production-ready files optimized for print

## DIGITAL ASSETS | LG WEBSITE

- Produced and adapted banners spanning all product categories
- Contributed to website visual concept transition (2020)
- Designed and adapted product card materials

## SOCIAL MEDIA MANAGEMENT

- Developed and maintained annual social media strategy with structured approval workflows
- Created monthly content plans with real-time situational adjustments
- Produced approximately 50% of publication materials in-house
- Managed digital agency partnership, overseeing deliverables and facilitating cross-functional communication between agency and product managers
- Approved all social content visuals and copy
- Delivered weekly performance reports featuring KPIs, competitor analysis, activity results, and content previews
- Designed social network assets: profile headers, thumbnails, covers, Instagram guides, and Facebook shop elements
- Administered social platform competitions"
56644,"# Professional Profile

Versatile freelance designer with expertise in graphic design, brand identity development, logo creation, and 2D artistry. Available for remote and part-time opportunities in non-gaming industries.

## Core Competencies

- Graphic Design
- Brand Identity & Brand Book Development
- Logo Design
- 2D Art & Illustration

## Professional Experience

**Freelance Designer**

- Deliver tailored graphic design solutions for a diverse client base
- Develop comprehensive brand books and cohesive visual identity systems
- Design custom logos that communicate brand values
- Create original 2D artwork aligned with client objectives
- Manage full project lifecycle independently, from initial concept through final delivery

## Work Preferences

- Remote positions
- Part-time engagements
- Non-gaming industries"
56645,"# Graphic & UI/UX Designer

Ukraine-based graphic and UI/UX designer with a proven track record of delivering commercial projects across multiple companies. Passionate about contributing to meaningful projects within collaborative team environments.

## Services & Expertise

**Digital Product Design**
Website and landing page design and redesign | Mobile application interfaces | Information panels | Adaptive design implementation

**Brand & Identity**
Corporate style and identity development | POS materials design and print preparation | Souvenir product development

**Marketing & Visual Communication**
Digital marketing design | Web banners and social media graphics | Infographics and presentations | Illustration"
56646,"# SERHII
**Graphic Designer** | Kyiv, Ukraine

## PROFESSIONAL SUMMARY
Accomplished graphic designer with 14 years of experience delivering compelling packaging design, brand identity systems, and digital media solutions. Deep expertise in typography, color theory, composition, and pre-press production ensures print-ready, visually impactful results. Seeking remote part-time or project-based opportunities.

## CORE COMPETENCIES
**Packaging & Print**
- Gift boxes and carton-transport packaging
- Posters, flyers, and catalogs

**Branding & Identity**
- Logo development and corporate identity systems

**Digital Design**
- Social media banners and digital collages
- Infographic design
- UX/UI design

**Technical Foundations**
- Typography and composition
- Color theory
- Pre-press production

## TECHNICAL SKILLS
| Software | Proficiency |
|----------|-------------|
| Adobe Photoshop | Advanced |
| Adobe Illustrator | Advanced |
| Adobe InDesign | Advanced |
| Figma | Intermediate |

## ADDITIONAL INFORMATION
- **English:** B1/B2
- **Work Status:** Registered private entrepreneur
- **Availability:** Remote part-time or project-based"
56647,"**PROFESSIONAL SUMMARY**

Brand designer with 9 years of experience developing visual solutions that help clients differentiate from competitors and create memorable customer experiences. Combines studio-level design execution with hands-on print production expertise to deliver polished, production-ready work on deadline.

**CORE COMPETENCIES**

Logo Design • Corporate Identity • Brand Books & Guidelines • Website Design • Print Production & Requirements • Adobe Illustrator • Adobe Photoshop • Figma

**PROFESSIONAL EXPERIENCE**

**Brand Designer | 9 Years**

• Develop comprehensive branding solutions including logos, corporate identities, brand books, and guidelines that differentiate clients from competitors
• Design websites aligned with brand strategy to create cohesive customer experiences
• Manage end-to-end client relationships, delivering personalized design services from concept through final production
• Maintain consistent on-time delivery while responding promptly to feedback and revision requests
• Produce studio-quality visual solutions across digital and print applications

**Printing House Owner**

• Applied extensive knowledge of print production rules and technical requirements to ensure quality output
• Gained hands-on expertise in translating digital designs to print-ready specifications

**PROFESSIONAL INTERESTS**

Expanding expertise into UX/UI design"
56648,"# Anastasia
**Graphic Designer | Branding & Web Development Specialist**

## Professional Summary

Graphic designer specializing in branding and web development. Co-founded Studio Otrazhenie, building a sustainable business driven entirely by client referrals and repeat customers over five years in the Ukrainian market.

**Portfolio:** behance.net/besdna

## Professional Experience

**Co-Founder & Graphic Designer**
Studio Otrazhenie | 5 Years

### Branding & Visual Identity
- Developed comprehensive branding for clients across fashion, architecture, education, HoReCa, financial, and industrial sectors
- Created visual identity systems for personal, product, and corporate brands
- Integrated logo design, typography, color palettes, illustration, and photography into cohesive brand strategies that differentiate clients from competitors

### Web Design & Development
- Designed user-centered interfaces aligned with client business objectives
- Created responsive layouts in Figma and managed developer handoff and workflow

### Marketing & Communications
- Produced full-spectrum marketing collateral: print materials, digital advertising, email templates, social media content, infographics, vehicle wraps, and environmental graphics
- Strengthened client promotional efforts through strategic visual communication

### Project Leadership
- Directed design, production, and implementation of communication materials from concept through delivery
- Led and mentored a three-member design team across all project phases
- Oversaw print production workflow and quality control
- Consulted with clients to align design solutions with marketing objectives

### Additional Services
- Developed presentations designed to engage audiences and communicate key messages
- Delivered photo and video production for custom business illustrations

## Approach

Committed to creative, non-standard solutions. Seeking opportunities to collaborate with open-minded teams on meaningful projects."
56649,"# Professional Summary

Award-winning graphic designer with over four years of experience in visual communication and brand development. Recognized for ""Invisible Orchid"" at IEEE NAP-2021's ""Nanoscience as Art"" contest. Demonstrated success managing large-scale institutional campaigns and delivering impactful designs across digital and print media.

# Professional Experience

**Graphic Designer | University**
*4+ years*

- Directed graphic support for all institutional information campaigns, delivering hundreds of banners, flyers, advertising materials, greeting cards, presentations, posters, and infographics for electronic and print distribution
- Spearheaded visual identity for university's centennial celebration at national level, including logo adaptation, branded product design, rector's presentation, and commemorative postage stamps
- Developed and executed annual admissions campaign encompassing media planning, printed materials, website banners, social media graphics, and billboards—73% of surveyed applicants discovered the university through social networks and official website
- Designed rector's presentation for international conference in Budapest, contributing to establishment of new international partnership

**Freelance Graphic Designer | International Beauty School**

- Produced social media content and marketing materials
- Designed product packaging
- Developed educational materials with diagrams and step-by-step instructions

# Skills

Logo & Brand Design | Presentation Design | Print Materials | Graphics Preparation | Mockup Creation | Technical Design | Photo Editing & Manipulation

# Awards & Recognition

**""Nanoscience as Art"" Contest Winner** | IEEE NAP-2021 Conference
""Invisible Orchid"" – scanning electron microscope image of calcium carbonate powder
*SEM investigations conducted during PROM Program ""International Scholarship Exchange of PhD Candidates and Academic Staff"" at Lodz University of Technology*"
56650,"# GRAPHIC DESIGNER

## PROFESSIONAL SUMMARY

Graphic Designer with 2 years of professional experience in branding, marketing materials, digital illustration, and layout design. Proficient in Adobe Photoshop, Illustrator, InDesign, Premiere Pro, After Effects, and Figma. Known for attention to detail, creativity, and translating client concepts into effective visual solutions.

## TECHNICAL SKILLS

**Design Software:** Adobe Photoshop | Adobe Illustrator | Adobe InDesign | Adobe Premiere Pro | Adobe After Effects | Figma

**Core Competencies:** Brand Identity Development | Marketing Campaign Design | Digital Illustration | Layout Design | Project Management | Client Relations

## PROFESSIONAL EXPERIENCE

**Graphic Designer** | 2 Years

- Created brand identity for a startup company
- Designed visuals for marketing campaigns
- Managed multiple concurrent projects while meeting deadlines
- Delivered designs across branding, marketing, digital illustration, and layout projects
- Translated client requirements into visual solutions

## CAREER OBJECTIVES

Seeking a collaborative environment with diverse projects that leverage my design expertise and support continued growth in emerging design trends."
56651,"# UI/UX Designer

**Professional Summary**

UI/UX Designer with 4 years of experience crafting user-centered designs for enterprise startups and projects. Skilled in leveraging industry-standard design and prototyping tools to deliver compelling user experiences.

**Core Competencies**

• Figma • Sketch • Adobe Photoshop • Adobe Illustrator • Axure • Principle

**Experience**

**UI/UX Designer** | 4 Years

• Created intuitive user interfaces and seamless user experiences for enterprise startup projects
• Applied a comprehensive design toolkit—including Figma, Sketch, Photoshop, Illustrator, Axure, and Principle—to execute designs from concept through prototype"
56652,"**PROFESSIONAL SUMMARY**

Designer with 9 years of experience across digital and print mediums, combining 6 years of in-house product development with 3 years of freelance work. Specialized in prototyping, UI design, advertising creatives, print production, and landing pages. Dedicated to continuous learning and mutual growth.

**EXPERIENCE**

**In-House Designer** | 6 Years

- Developed prototypes and user interfaces for company products
- Created banners and advertising creatives for campaigns and promotions
- Produced designs for print production
- Built landing pages and product-related materials

**Freelance Designer** | 3 Years

- Delivered design solutions spanning digital and print mediums
- Contributed to product development through UI design and prototyping

**SKILLS**

Figma · Adobe Creative Cloud · 3ds Max

**PROFESSIONAL GOALS**

Seeking a position with a growth-oriented company that offers opportunities for organizational expansion and professional development."
56653,"**GRAPHIC DESIGNER & MARKETING SPECIALIST**

---

**PROFESSIONAL EXPERIENCE**

**Graphic Designer-Marketing Specialist** | Current Role
• Leverage design expertise to drive strategic marketing initiatives
• Deliver creative solutions across digital and print media channels

**Graphic Designer** | 3 Years
• Designed targeted social media content to maximize audience engagement
• Created sticker pack designs for diverse applications
• Developed conversion-focused landing pages
• Produced compelling marketing materials for brand campaigns

---

**TECHNICAL SKILLS**

Figma | Adobe Photoshop | Adobe Illustrator

---

**CORE COMPETENCIES**

Social Media Design | Landing Page Development | Digital Marketing Materials | Brand Collateral Development | Visual Communication"
56654,"# Professional Summary

Accomplished designer specializing in branding, web design, and print media. Proven track record of delivering visually captivating, effective design solutions for diverse clients across multiple industries. Combines technical proficiency with deep understanding of visual aesthetics to adapt design approaches that meet unique client needs and objectives.

# Key Strengths

- Manage multiple design projects from concept to completion
- Collaborate with clients and cross-functional teams to deliver high-quality designs within strict deadlines
- Communicate and present design concepts effectively
- Build strong client relationships, generating repeat business and positive feedback
- Proficient in Adobe Creative Suite, Blender, and Figma
- Stay current with emerging design trends and techniques to continuously enhance work"
56656,"**EXPERIENCE**

**UMO Global Innovation Challenge 2022 – Finalist**
- Competed as finalist in worldwide innovation competition themed ""Designing for Crisis""
- Led design direction and managed ideation phase for team project
- Conducted primary and secondary research to inform design solutions

**One Heart – Volunteer Graphic Designer**
- Created posters and illustrations for volunteer organization

**Creative Sich – Volunteer Graphic Designer**
- Designed posters and illustrations for volunteer organization

**SKILLS**

**Design Tools**
Adobe Illustrator, Adobe Photoshop, Adobe After Effects (currently learning), Figma, InVision, Canva, Trello

**Core Competencies**
Graphic Design, UI/UX Design, Research, Ideation"
56657,"**UI/UX Designer | 2D Graphic Designer**

---

**Professional Summary**

Versatile UI/UX and 2D Graphic Designer with 4 years of experience delivering comprehensive digital design solutions across web, mobile, and marketing platforms. Skilled in creating intuitive user interfaces, compelling visual assets, and polished marketing collateral for international clients.

---

**Professional Experience**

**UI/UX Designer & 2D Graphic Designer**
*4 Years of Experience*

- Design and develop UI/UX solutions for websites and mobile applications across iOS and Android platforms
- Create icons, logos, and layouts ranging from simple to highly complex specifications
- Produce marketing materials including press-wall illustrations, banners, notebooks, and social media content
- Develop workflow diagrams to streamline project processes and team collaboration
- Build templates for presentations, portfolios, and mobile game backgrounds
- Collaborate with international clients through effective written and verbal communication

---

**Technical Proficiencies**

**Design Software:** Adobe Photoshop, Adobe Illustrator, Figma, Sketch, inVision, Abstract, Craft Plugin

**Hardware:** Wacom Intuos 4 Digital Tablet for hand-drawn digital illustration

---

**Core Competencies**

- Fundamental drawing and painting principles in computer graphics
- Light, shadow, tone, color theory, perspective, and anatomy
- Cross-platform mobile and web design
- International client communication and collaboration

---

**Education & Professional Development**

**ArtCraft Education LLP** – Game Graphics | 2021

**ArtCraft Education LLP** – Anatomy | 2020

**ArtCraft Education LLP** – Digital Drawing | 2019

**IT School** – Advanced Graphic Design: Adobe Photoshop & Adobe Illustrator | 2017"
56661,"**GRAPHIC AND WEB DESIGNER**

Highly skilled graphic and web designer with over ten years of industry experience creating modern, visually appealing designs. Specialized expertise in web and mobile application design, logo design, and corporate identity. Combines deep industry knowledge with current design trends and technologies to deliver high-quality, impactful solutions.

---

**PROFESSIONAL EXPERIENCE**

**UI/UX Designer | May 2019 – October 2022**
Collaborated remotely as part of a cross-functional team on the design process for various B2B projects. Designed and optimized corporate websites, dashboards, and mobile applications using Figma as the primary design tool.

**UI/UX and Graphic Designer | November 2015 – June 2019**
Played a pivotal role at a Canadian real estate startup, spearheading the design of websites and mobile interfaces. Leveraged Photoshop and Figma to create captivating visuals and seamless user interactions. Managed brand support initiatives, developing printed promotional materials for presentations and international trade shows.

**Web Designer | February 2012 – March 2019**
Contributed to an Israeli digital agency on internal projects and client deliverables. Collaborated within a team of three designers, notably contributing to website design for cutting-edge fashion design software. Employed Sketch, Figma, and Photoshop to execute projects.

---

**SKILLS**

Figma · Photoshop · Sketch · UI/UX Design · Web Design · Mobile Application Design · Logo Design · Corporate Identity · Brand Development · Print Design

---

**CAREER OBJECTIVES**

Seeking remote positions offering challenging projects and skill development opportunities. Thrives in team-oriented environments, contributing expertise and collaborating to achieve exceptional results."
56662,"# Professional Summary

Web/UI/UX/Graphics Designer and HTML/CSS Developer with over 5 years of experience delivering digital and print solutions. Expertise in brand design, web development, and print materials including booklets, flyers, and brochures. Track record of success in both large-scale team environments and independent project delivery. Skilled in client collaboration with English-speaking stakeholders through meetings, calls, and written correspondence.

# Core Competencies

- Web Design & Development
- UI/UX Design
- Graphic Design
- HTML/CSS Development
- Brand Identity Design
- Print Production
- Project Management
- Client Communication
- Cross-Cultural Collaboration

# Professional Experience

**Web/UI/UX/Graphics Designer & HTML/CSS Developer**
*5+ Years of Progressive Experience*

- Design and develop user-centered web interfaces using HTML and CSS
- Create UI/UX solutions that optimize user experience and interface functionality
- Produce print materials including booklets, flyers, and brochures for publication
- Develop brand strategies and visual identity systems
- Collaborate within team environments on large-scale projects
- Manage small-scale projects independently from concept to completion
- Communicate with English-speaking clients through virtual meetings, phone calls, and email correspondence"
56725,"**PROFESSIONAL SUMMARY**

Brand identity designer specializing in logo design, web design, and UX/UI. I create meaningful, purposeful designs by combining technical expertise with conceptual thinking, transforming ideas into clear, impactful visual solutions that balance client objectives with principles of composition, typography, visual hierarchy, and user experience.

**CORE COMPETENCIES**

• Brand Identity & Logo Design
• Web Design
• UX/UI Design
• Typography & Composition
• Visual Hierarchy
• Concept Development"
56795,"# Alina
## Web Designer

**Professional Summary**

Versatile Web Designer committed to delivering exceptional results on every project. Graphic design background provides an expanded skill set that enhances web design capabilities. Dedicated to continuous learning and professional development, with a focus on mastering emerging tools and staying current with industry advancements.

**Skills**

- Web Design
- Graphic Design
- Multidisciplinary Design Expertise
- Adaptability to Emerging Tools & Technologies

**Experience**

**Web Designer**
- Deliver high-quality design solutions for web projects
- Apply multidisciplinary design expertise to achieve optimal results

**Graphic Designer**
- Applied graphic design principles and techniques
- Developed foundational skills that support current web design work"
56796,"# Ann
## Graphic Designer | UI/UX Designer

Creative graphic designer with five years of IT industry experience and specialized focus in UI/UX design. Passionate about contributing to innovative projects and advancing design excellence.

---

## Skills

**User Experience & Interface Design**
- User Research
- User Interface (UI) Design
- User Experience (UX) Design
- Wireframing & Prototyping
- Usability Testing
- Interaction Design
- Ideation

**Graphic & Visual Design**
- Graphic Design
- Typography
- Digital Illustration
- Print Design
- Advertising Design"
56797,"# Graphic and UI/UX Designer

## Professional Summary
Creative Graphic and UI/UX Designer with 1 year of professional experience crafting compelling visual content across print and digital platforms. Skilled at translating project requirements into polished banners, flyers, posters, and social media assets. Known for reliable deadline performance and seamless collaboration within creative teams.

## Skills
- Graphic Design
- UI/UX Design
- Print & Digital Media Design
- Social Media Content Creation
- Marketing Collateral Development
- Project Deadline Management
- Cross-Functional Team Collaboration

## Professional Experience

**Graphic and UI/UX Designer**
*1 Year of Experience*

- Conceptualized and produced banners, flyers, and posters optimized for both print and digital distribution
- Developed engaging visual content tailored for social media platforms to support brand presence
- Maintained a consistent record of on-time project delivery across multiple concurrent assignments
- Partnered with creative teams to align design solutions with project objectives and stakeholder expectations"
56798,"# GRAPHIC DESIGNER

## PROFESSIONAL SUMMARY

Creative Graphic Designer specializing in brand identity development and visual communication. Skilled at translating client needs into effective design solutions through attentive listening and a detail-oriented approach. Known for delivering reliable, high-quality work in collaborative team environments.

## CORE COMPETENCIES

**Design Specializations**
- Brand Identity Creation
- Logo Design
- Business Presentations

**Technical Skills**
- Adobe Illustrator
- Adobe Photoshop
- Adobe InDesign
- Microsoft PowerPoint
- Microsoft Word

## PROFESSIONAL STRENGTHS

- Detail-oriented with strong accountability
- Responsive to stakeholder needs
- Client-focused communication style
- Calm, collaborative approach under pressure
- Empathetic listener who delivers reliable results"
56799,"# RAFAEL ABASOV

**Graphic Designer**

www.rafaelabasov.com

---

## PROFESSIONAL SUMMARY

Creative graphic designer with experience across multiple design disciplines including branding, UI/UX, packaging, and digital content creation. Specializing in minimalistic, functional design that transforms client vision into impactful visual communication. Based in Azerbaijan, relocating to Prague in September 2023 for Master's studies in Design. Available for remote work opportunities.

---

## PROFESSIONAL EXPERIENCE

**Freelance Graphic Designer**

- Create visual content including logos, marketing materials, web graphics, album covers, packaging, clothing designs, and posters
- Collaborate with clients to understand objectives and develop designs that effectively communicate their messages
- Deliver branding solutions and content across multiple platforms
- Produce video content using industry-standard editing software

---

## EDUCATION

**Master's in Design** | Prague | Starting September 2023

**Google UX Design Professional Certificate** | In Progress

---

## TECHNICAL SKILLS

**Design:** Adobe Illustrator, Adobe Photoshop, Figma, Adobe XD, Sketch

**Video:** Adobe Premiere Pro, Final Cut

**Core Competencies:** Design Thinking, Branding, Typography, Prototyping, Wireframing, User Flows, Mock-ups, Visual Design, User Research

---

## DESIGN APPROACH

Focused on minimalistic and effective design methodology that combines original perspectives with functional execution. Committed to continuous skill development and staying current with evolving design trends."
56800,"# GRAPHIC AND BRAND IDENTITY DESIGNER

**Upwork** | Graphic and Brand Identity Designer | June 2022 – Present

• Execute end-to-end brand formation, development, and marketing material creation for web and print
• Design logos, banners, and watermarks for YouTube content creators
• Develop comprehensive packaging and label designs for craft beer clients in the Netherlands
• Create brand identity systems and logo designs for USA-based clients

**Citrus, Odessa** | Graphic Designer | September 2021 – February 2022

• Designed promotional layouts for household and computer equipment across website and outdoor advertising channels
• Adapted global brand assets from Samsung, BOSCH, Philips, JBL, XIAOMI, OPPO, and HUAWEI to align with Citrus corporate identity
• Created cohesive banner campaigns for social networks, Google advertising, and mass media
• Produced printed materials supporting corporate style guidelines using Corel Draw

**Upwork** | Graphic Designer | February 2021 – September 2021

• Developed complete brand book for private healthcare clinic in Gayvoron, Ukraine
• Designed product labels for craft beer brands in Folsgare, Netherlands
• Created logo identity for music equipment supplier in Lozova, Ukraine
• Produced digital advertising banners optimized for Instagram, Facebook, and Google platforms
• Designed custom Telegram stickers with print-ready preparation in Adobe Illustrator and Corel Draw"
56801,"**GRAPHIC & UI/UX DESIGNER**

Experienced visual designer with 10+ years creating illustrations, advertising banners, social media materials, logotypes, animations, and presentations across multiple graphic design roles.

---

**EXPERIENCE**

**User Interface Designer**

Prototyped a SaaS Design System in Figma, applying UI and UX design principles to support product development.

---

**CORE COMPETENCIES**

Graphic Design · Illustration · Advertising & Marketing Materials · Social Media Content · Logo Design · Animation · Presentation Design · UI/UX Design · Figma · Design Systems · Prototyping"
56802,"**PROFESSIONAL EXPERIENCE**

**Graphic Designer | IT Company**
- Designed backgrounds and characters for game development, creating visual assets that supported immersive game environments and compelling narrative experiences

**Freelance Graphic Designer**
- Developed polished client presentations and designed mockups and packaging solutions
- Delivered diverse graphic design projects tailored to client specifications

**SKILLS & EXPERTISE**
- Game Art & Asset Creation
- Character & Background Design
- Client Presentations
- Mockup & Packaging Design
- Visual Storytelling"
56803,"**PROFESSIONAL SUMMARY**

Designer with 7 years of experience spanning mobile app startups, advertising agencies, publishing houses, and direct manufacturer partnerships. Integrates UX solutions, marketing strategy, and production resource planning to deliver comprehensive design outcomes.

**EXPERIENCE**

**Designer**
Multiple Organizations | 7 Years

- Developed design solutions for mobile application startup, translating product requirements into user-centered interfaces
- Created campaign assets and visual materials within fast-paced advertising agency environment
- Produced publication-ready designs meeting editorial and print production standards
- Collaborated directly with manufacturers to align design concepts with production capabilities and resource constraints
- Bridged UX methodology with marketing objectives to maximize design effectiveness and audience engagement

**EDUCATION**

Bachelor's Degree

**SKILLS**

UX Design | Marketing Collateral | Print Production | Cross-Functional Collaboration | Resource Planning

**CAREER OBJECTIVES**

Seeking opportunities to contribute to complex projects within a collaborative professional team environment."
56804,"**UI/UX DESIGNER**

UI/UX designer with 3 years of experience specializing in clear, intuitive designs that enhance user experience and drive engagement. Skilled in layout development, prototyping, user interface testing, user behavior analysis, and technical integration.

---

**PROFESSIONAL EXPERIENCE**

**UI/UX Designer | Comportal**
October 2022 – Present

Create landing pages for small and medium-sized businesses

• Develop website layouts and prototypes
• Evaluate and test user experience to optimize usability
• Design and develop user interfaces
• Collaborate with development teams and project managers to ensure seamless design integration

**Graphic Designer (Freelance) | Resource Group**
February 2021 – Present

Develop marketing materials to expand reach and strengthen audience trust and loyalty

• Design layouts for print materials
• Create banners for targeted advertising campaigns
• Design banners for website news content
• Partner with marketers and project managers to deliver projects on time and to quality standards

**Graphic Designer | Liga.net**
September 2021 – December 2021

Developed marketing materials to expand reach and strengthen audience trust and loyalty

• Designed layouts for print materials
• Created banners for targeted advertising campaigns
• Developed collages for website news content
• Partnered with marketers and journalists to deliver projects on time and to quality standards

---

**ADDITIONAL EXPERIENCE**

Independent designer creating websites, banners, landing pages, and print materials for small and medium-sized businesses."
56805,"**WEB DESIGNER & DEVELOPER**

**CAREER OBJECTIVE**

Dedicated web designer and developer seeking opportunities to advance my career and contribute to a successful website development company through continued growth in web design.

**SKILLS & EXPERTISE**

- Web Development: Webflow platform
- Design & Prototyping: Figma (UI/UX)
- E-commerce: Shopify development and customization

**PROFESSIONAL EXPERIENCE**

**Freelance Web Designer & Developer**
Upwork & Fiverr

- Designed and developed websites and user interfaces using Webflow and Figma
- Created and launched NFTlook project
- Built and customized Shopify websites, including development of a Shopify winning product kit
- Designed and developed a car parts landing page for a Ukrainian company"
56807,"# Professional Summary

Creative professional with 3+ years of experience in visual design and a track record of rapid advancement. Combines a foundation in psychology and user empathy with formal UX/UI training currently in progress. Proven ability to manage teams and deliver results in fast-paced, collaborative environments.

---

# Professional Experience

**HR Manager**  
*Team of 65 people*

- Promoted from junior specialist to specialist within 8 months
- Managed human resources operations for a 65-person team
- Coordinated cross-functional collaboration across departments

**Photographer & Graphic Designer**  
*YouTube Channel | 600+ person organization | 3 years*

- Produced photography and graphic design assets for a large-scale digital media platform
- Collaborated with creative teams to deliver consistent visual content
- Contributed to content strategy for a 600+ member organization

---

# Education

**Bachelor's Degree in Computer Technology**

**UX/UI Design Certification** — In Progress

**Psychology** — 10 years of independent study

---

# Skills

- UX/UI Design
- Graphic Design & Photography
- Team Leadership & HR Operations
- User Psychology & Empathy
- Cross-functional Collaboration
- Technical Concepts & Programming Logic

---

# Personal Attributes

- Reliable and accountable
- Creative problem-solver
- Adaptable across team sizes and cultures
- Committed to continuous learning

---

# Additional

International perspective with travel to 15+ countries and extended residence abroad. Certified diver."
56809,"# Professional Summary

Creative design professional with comprehensive experience in brand development, digital and print media design, and client presentation. Expert in building cohesive visual identities across social media, e-commerce, and marketing platforms.

# Core Competencies

• Brand Identity Development & Style Consulting
• Digital Illustration & Social Media Graphics
• Print Design: Magazines, Books & Marketing Collateral
• Landing Page & Campaign Design
• E-commerce UI/UX Design
• Client Presentations & Stakeholder Communication
• Cross-functional Team Collaboration
• Layout Design & Typography

# Professional Experience

**Design Consultant**

• Establish distinctive brand identities through personalized style guides tailored to client needs
• Create custom illustrations and banner graphics optimized for social media platforms
• Design and execute polished layouts for magazines and books
• Develop comprehensive print-ready marketing materials
• Build and deliver compelling client presentations
• Partner with cross-functional teams to conceptualize and refine creative direction
• Design high-converting landing pages for marketing campaigns
• Develop intuitive UI/UX solutions for e-commerce platforms

# Professional Interests

Seeking opportunities in brand design, digital marketing, e-commerce design, and creative consulting."
56859,"**GRAPHIC DESIGNER**

Versatile graphic designer with more than 5 years of experience in publishing, web design, and UI/UX design. Proven expertise in magazine layout, corporate branding materials, and digital content creation. Skilled in translating brand identity into cohesive visual systems across print and digital platforms.

---

**PROFESSIONAL EXPERIENCE**

**Graphic Designer (Freelance)**
Inka, Kyiv | 2020–2023
- Designed and produced magazine for Premier Hotel, managing layout and visual direction
- Developed corporate catalogs and brochures that communicated brand messaging and product information

**Graphic Designer**
PRAGMATIKA.MEDIA, Kyiv | 2018–2023
- Led magazine design from concept through production, including layout and visual design
- Produced comprehensive graphic documentation including presentations, forms, and media materials
- Created engaging visual content for social networks and websites, encompassing post design, page aesthetics, collages, and promotional leaflets

**Designer Assistant**
IMEX LTD, Kropyvnytskyi | 2014
- Produced corporate collateral including catalogs, brochures, certificates, and business cards

---

**EDUCATION & TRAINING**

- UX/UI: Projecting and Designing of Interfaces | Creative Practice
- Work with Figma | Creative Practice
- Web Design | Skvot

---

**CORE COMPETENCIES**

Magazine Layout | Corporate Branding | Digital Content Creation | UI/UX Design | Web Design | Social Media Graphics | Print Collateral | Figma"
56860,"# Graphic, Web, and UI/UX Designer

## Professional Summary

Graphic, web, and UI/UX designer specializing in visually compelling websites with seamless navigation and intuitive interfaces. Combines meticulous attention to detail with deep understanding of user experience principles to craft immersive digital experiences. Delivers striking graphics, logos, and branding materials that articulate clear, memorable brand identities.

## Experience

**Freelance Designer** | 6 months

- Design welcome brochures for international clientele
- Develop custom websites across diverse industries: luxury retail, photography, hospitality, and emerging start-ups
- Create dashboard interfaces for banking and financial services
- Build responsive web solutions for renewable energy sector
- Produce branded marketing materials for food and beverage businesses
- Design mobile application interfaces for entertainment platforms

## Education & Training

Completed comprehensive design training program | 9 months

## Portfolio Highlights

- E-commerce platforms
- Corporate identity and branding systems
- UI/UX interfaces for financial services and entertainment applications
- Marketing collateral for hospitality and retail industries
- Web solutions for service-based businesses

## Project Preferences

Committed to projects that generate positive impact and serve broad audiences. Selective about project alignment with professional values."
56861,"# UI/UX & Graphic Designer

## Professional Summary

UI/UX and graphic designer with 2+ years of experience crafting user-friendly, aesthetically pleasing interfaces. Diligent professional with a passion for design excellence, strong attention to detail, and a collaborative approach to team projects.

## Professional Experience

**UI/UX Designer**
Liga Zakon | Current

**Designer**
Coming Agency

**Designer**
Come Back Agency

**Designer**
Fawn Agency

## Key Projects

- Developed comprehensive brand book for Kiton furniture store
- Developed comprehensive brand book for Lviv Botanic Garden

## Skills

UI/UX Design | Graphic Design | Brand Development | Interface Design

## Interests

Basketball | Skiing | Design"
56862,"# Digital Designer

Creative Digital Designer with five years of experience specializing in graphic design, branding, and user experience. Proven track record of delivering innovative solutions for corporate clients and developing comprehensive brand identities across multiple industries.

## Professional Experience

**Freelance Designer** | 2021 – Present
- Deliver custom design solutions for a diverse, global client base
- Maintain a portfolio of completed, functional websites

**Graphic Designer** | Network Advertising Agency | 2020 – Present
- Collaborate with cross-functional teams to develop comprehensive brand concepts
- Create and implement corporate style guidelines for 8+ brands
- Manage large corporate client accounts, ensuring artistic excellence and timely delivery
- Apply technical expertise and communication skills to meet diverse client requirements

## Education & Training

**UX Designer Certificate** | Projector | May 2022
- Foundational training in user experience design principles
- Proficiency in UX methodology and best practices

## Skills

Graphic Design | Brand Identity Development | Corporate Style Guidelines | User Experience (UX) Design | Client Communication | Cross-Team Collaboration | Website Design | Freelance Project Management"
57384,"# PROFESSIONAL SUMMARY

T-shaped design generalist with product thinking and 15+ years of experience. Designed 40+ successful digital products and created 30+ brands and trademarks operating in the market. Led design teams and projects worldwide with expertise in product design team setup, process development, and UI/UX management. Background in product management and startup launches.

Deep understanding of the full design lifecycle—from business analysis and research through visual design and implementation. Strong hands-on expertise in UX design, prototyping, user testing, mobile and responsive design, branding, and HTML/CSS principles.

Holds respected UX certification. Recognized with international design awards and selected as jury member for international design competitions.

# KEY ACHIEVEMENTS

• Designed 40+ successful digital products across diverse industries
• Led distributed design teams and projects on a global scale
• Created 30+ brands and trademarks successfully operating in the market
• Mentored junior designers through lectures, workshops, and ongoing guidance
• Earned international design awards for excellence in design
• Selected as jury member for international design competitions

# CORE COMPETENCIES

**Design & UX:** UX Architecture, UI Design, Visual Design, Prototyping, Usability Evaluation, User Testing, Mobile & Responsive Design, iOS, Android, AR/VR

**Product & Strategy:** Product Management, Product Identity, Data-Driven Design, Business & Requirements Analysis

**Research & Analysis:** User Research, Market Research, Data Mining

**Technical:** HTML/CSS, Prototyping Tools

**Creative:** Logo Design, Branding, Photography

**Leadership:** Team Direction, Design Management, Mentorship, Team Setup, Process Development

# INTERESTS & PREFERENCES

Seeking a product-focused company with experienced leadership and clear business vision. Looking for roles with influence over product direction and cross-disciplinary design challenges. Interested in AR/VR projects (non-gaming). Open to remote work or relocation to the USA, UK, or Europe. Available for part-time design consultancy in processes or products."
57400,"# PROFESSIONAL SUMMARY

Design leader with over 10 years of UI/UX design experience and 5+ years managing teams of 20 members. Built a design department that attracted new projects and clients, generating additional profit. Guided 50+ products from concept to market launch across diverse industries.

# CORE COMPETENCIES

**Leadership & Management**
- Design team management and resource planning
- Full-cycle hiring, onboarding, feedback, and coaching
- Performance monitoring and evaluation
- Talent development from intern/junior to senior/team lead
- Design strategy development and implementation
- Project distribution and workload balancing

**Business Operations**
- Design department budgeting
- Pre-sales participation and project estimation
- Contract documentation review
- Payment and delivery oversight
- Specifications development

**Design Expertise**
- End-to-end design process: research, prototyping, testing, user interviews, usability audits
- Design systems development
- Interface concept development
- Product optimization and iteration
- Analytical approach to design decisions

# PROFESSIONAL EXPERIENCE

- Built design department that attracted projects and clients, generating additional profit
- Delivered measurable business value through design initiatives
- Improved existing products through iterative design processes
- Led 50+ successfully implemented projects from concept to launch
- Managed complete product design cycles, increasing profit and quality
- Developed concepts and guided market entry strategies

# INDUSTRY EXPERIENCE

Fintech | Healthcare | Telco | Gaming | E-commerce | Enterprise | Banking | Real Estate | Manufacturing | Start-ups | Blockchain & Crypto | Legal | Sports

# PROFESSIONAL ATTRIBUTES

Self-management | Analytical mindset | Collaboration | Empathy | Problem-solving | Performance under pressure"
62042,"**PROFESSIONAL EXPERIENCE**

**Beetroot Academy** | 2023–Present
*Recruiter in Training*
- Craft targeted outreach letters to engage prospective candidates
- Source talent utilizing Boolean Search and X-RAY search techniques
- Conduct candidate interviews

**Freelance Web Designer & UX/UI Designer** | 2020–Present
- Designed website for Fortified Capitals exchange trading platform
- Created landing pages and business cards for clients
- Developed user interface for Smart Home mobile application

**Partner Ukraine LLC** | 2020–2023
*Personal Assistant & Project Manager (Part-time)*
- Maintained project documentation and led contract negotiations
- Identified and implemented solutions to recurring operational challenges
- Assigned tasks to project participants and monitored progress through completion
- Motivated cross-functional team members to achieve project milestones
- Managed supplier and customer relationships
- Created and implemented business processes (BPMN) across all organizational structures and departments

**LLC Trade House Alfa-Komplekt EKB** | 2018–2020
*Deputy General Director for Quality*
- Controlled quality assurance of supplied products
- Conducted reclamation work and managed quality-related claims
- Developed and implemented QMS policy and organizational goals
- Prepared documentation for obtaining Certificates and Licenses
- Organized company participation in exhibitions, conferences, and seminars

**Alfa-Sert LLC** | 2015–2018
*Marketer*
- Developed, implemented, and refined company branding strategy
- Prepared, approved, and launched advertising campaigns aligned with company policy
- Developed product catalogs based on organizational specifications
- Created and launched POSM materials including leaflets, booklets, and souvenirs
- Managed contractors including designers, web developers, printing houses, and exhibition organizers

**Albion Trading Company LLC** | 2012–2014
*Marketer*"
63086,"# WEB DESIGNER

Results-driven web designer with hands-on experience creating user-centered digital solutions using industry-standard design tools. Proven ability to quickly master new software and adapt to evolving design processes.

---

## TECHNICAL SKILLS

**Design Tools:** Figma | Sketch | Adobe Photoshop | Adobe Illustrator

---

## PROFESSIONAL DEVELOPMENT

**UI/UX Web Designer**
Spalah IT-School | May 2018 – Present

**UI/UX Web Designer**
LevelUP School | October 2018 – April 2019"
63087,"# RESUME

**OBJECTIVE**

Design professional eager to contribute foundational expertise in visual design while collaborating with seasoned teams on impactful projects.

---

**SKILLS**

**Design Tools**
- Adobe Photoshop
- Adobe Illustrator
- Figma

**Core Competencies**
- Clear, effective communication
- Cross-functional collaboration
- Adaptive problem-solving
- Performance under pressure
- Consistent reliability
- Growth-oriented mindset

---

**EXPERIENCE**

**Hospitality Professional**

Cultivated transferable skills in high-volume environments: delivered quality customer experiences, managed competing priorities under tight timelines, and collaborated seamlessly within dynamic teams to meet operational demands.

---

**PROFESSIONAL SUMMARY**

Dedicated to mastering design principles through hands-on contribution and continuous learning. Committed to delivering quality work while adding value through strong work ethic and team collaboration."
83710,"# Graphic and UI/UX Designer

Experienced Graphic and UI/UX Designer creating innovative digital solutions for international clients across fintech, blockchain, and corporate sectors.

## Professional Experience

### UI/UX and Graphic Designer
**Outsource Company — Fintech and Blockchain Specialization**

**Product Design**
- Designed web and mobile applications from concept to completion for clients in the USA, Canada, and the UK
- Collaborated with international stakeholders to translate business challenges into effective design solutions
- Led design for blockchain corporate project featuring a tokenized game
- Created end-to-end website design for blockchain trading company

**Brand and Visual Identity**
- Developed comprehensive Brand Book and corporate identity systems
- Designed branded merchandise: cups, hoodies, t-shirts, and pens
- Produced banners, printouts, and posters aligned with corporate guidelines

**Creative Projects**
- Designed interactive corporate notebook for employee anniversaries, featuring custom character illustrations and thematic pages
- Created Instagram content templates for ongoing corporate communications
- Developed animation for Behance case study presentation

### Freelance Designer

- Designed logo for Ukrainian bag manufacturer
- Executed website redesign project

## Skills

UI/UX Design · Web Design · Mobile App Design · Graphic Design · Brand Identity · Corporate Materials · Animation · International Client Communication

## Professional Goals

Seeking a collaborative team environment with structured processes and clear project timelines. Eager to work alongside experienced designers and business analysts while actively pursuing feedback for continuous growth."
83711,"**PROFESSIONAL EXPERIENCE**

**Marketing & Communications**

- Developed comprehensive marketing plans and conducted analytical assessments of advertising campaign performance
- Created targeted newsletter content tailored to three distinct audience segments
- Designed graphic elements for websites and social media platforms
- Managed social media accounts for Medimost and subsidiary projects

**Humanitarian Support**

- Provided medical aid assistance to Ukrainian refugees through dedicated support infoline"
86666,"**WEB DESIGNER**

Results-driven Web Designer with over two years of agency experience creating modern, responsive corporate websites and landing pages that balance visual impact with exceptional user experience.

**CORE COMPETENCIES**

Responsive Web Design • Corporate Website Development • Landing Page Design • User Interface Design • Digital Experience Design • Client Collaboration • Design Tools & Software

**PROFESSIONAL EXPERIENCE**

**Web Designer | Digital Marketing Agency**

• Design and develop modern, responsive corporate websites and landing pages, balancing visual appeal with intuitive usability
• Translate client requirements into effective digital experiences that serve both business objectives and end-user needs
• Deliver high-quality design solutions utilizing a range of industry design tools and software
• Partner directly with clients to define project requirements and ensure design outcomes align with strategic goals

**PROFESSIONAL DEVELOPMENT**

Actively pursuing transition to UI/UX Designer role to expand expertise in user-centered design methodology and digital experience strategy."
87779,"# PROFESSIONAL EXPERIENCE

**Bank Gutmann**
Design and Digital Marketing

- Developed and executed digital marketing strategies and design initiatives

**Deutsche Börse**
Global Relationship Management, Sales, and Client Services

- Managed global client relationships and supported sales and service operations

**727.ventures**
Growth Assistant / Product Manager

- Drove growth initiatives and contributed to product management efforts

---

# ADDITIONAL INFORMATION

Full CV available upon request."
97622,"# UI/UX Designer

Proactive UI/UX Designer with 1.5 years of hands-on experience designing desktop and mobile applications, complemented by 3 years creating illustrations, graphics, and content for publications and social media. Committed to delivering optimal solutions through direct client collaboration, strategic roadmap development, and intuitive design.

## Skills & Expertise

**User Research & Strategy**
- User experience research and analysis
- Empathy map development
- User scenario creation
- Problem and needs identification

**Design & Prototyping**
- Clickable prototype development and testing
- Web and mobile application design
- Design pattern application and user behavior analysis

**Visual Design**
- Illustration and graphic design
- Content design for publications and social media

**Client Collaboration**
- Direct client communication
- Project roadmap creation
- Design matrix development

## Design Philosophy

Committed to improving user experiences through clear, intuitive, and attractive design solutions."
98134,"**PROFESSIONAL SUMMARY**

Results-driven professional with a Master's Degree and 3 years of project management experience in the NGO sector. Completed specialized training in Illustrator, Photoshop, Web Design, and After Effects animation and motion design. Seeking junior UI/UX designer position or traineeship to leverage analytical, planning, and problem-solving skills in the IT industry.

**TECHNICAL SKILLS**

Adobe Illustrator | Adobe Photoshop | Adobe After Effects (Animation & Motion Design) | Web Design

**CORE COMPETENCIES**

Project Planning & Analysis | Problem Solving | Results-Oriented Execution | Team Collaboration

**PROFESSIONAL EXPERIENCE**

**Project Manager** | NGO Sector | 3 Years

- Analyzed project requirements and translated findings into strategic plans aligned with organizational goals
- Managed full project lifecycle from conception through completion
- Solved complex problems to deliver measurable organizational results
- Collaborated with teams to ensure successful project execution

**EDUCATION**

Master's Degree

**CAREER OBJECTIVE**

Junior UI/UX Designer position or traineeship program offering opportunities for professional growth and IT industry experience."
98135,"**UI/UX Designer**

**Professional Summary**

UI/UX Designer with 1+ years of experience in user-centered design, specializing in prototyping, visual design, and responsive web development.

**Experience & Skills**

• Applied industry and design best practices throughout website build processes

• Analyzed user behavior to identify and resolve UX issues

• Created landing page prototypes in Figma

• Developed comprehensive visual design systems including style guides, typography, color palettes, and illustrations

• Ensured cross-platform functionality and responsiveness across desktop, mobile, and tablet devices

• Designed brand logos and identity elements"
98136,"# UI/UX Designer

**Professional Summary**

UI/UX Designer with 1.5 years of experience specializing in e-commerce design. Skilled in creating design systems, user flows, and responsive interfaces for web and mobile platforms. Proficient in Figma and Adobe Photoshop with strong English communication skills.

---

**Professional Experience**

**UI/UX Designer | British Clothing Store**
*2 months*

- Developed responsive layouts for web and mobile interfaces
- Created interactive prototypes for user testing and stakeholder review
- Designed UI components and visual elements to support brand consistency
- Optimized user flows to enhance overall UX

**UI/UX Designer | Start-up (Online Clothes Shop)**
*4 months*

- Led UI/UX design for an online clothing retail platform targeting the EU market
- Built comprehensive design systems and reusable interface components in Figma
- Produced visual assets using Adobe Photoshop
- Collaborated cross-functionally with Product Manager, Developers, and QA Engineer

**Freelance UI/UX Designer**
*8 months*

- Delivered end-to-end design solutions across multiple projects
- Created UI/UX designs using Figma and Adobe Photoshop

---

**Technical Skills**

Figma · Adobe Photoshop

**Languages**

English (Proficient)"
98137,"# UI/UX Designer

**Lviv, Ukraine**

---

## Profile

User-centered UI/UX Designer specializing in enterprise digital product design, from initial concept through launch. Experienced in both greenfield product development and strategic redesign of existing platforms. Combines strong communication skills with a commitment to continuous professional growth.

---

## Skills

- User-Centered Design Principles
- Digital Product Design & Launch
- Product Redesign & Optimization
- Usability & Accessibility Focus

---

## Education & Training

**Projector Institute**  
Web Design Beginning Course

**Udemy**  
UI Design Fundamentals  
UX Design Fundamentals

**Professional Mentorship**  
Valentine Skliarov, Lead Designer at Cieden

---

## Attributes

- Quick to acquire new skills and methodologies
- Strong sense of responsibility and ownership
- Effective communicator and collaborator
- Committed to ongoing professional development"
98138,"# UI/UX Designer

## Profile

Detail-oriented designer specializing in clean, layered design systems and user-centered solutions. Committed to creating intuitive digital experiences that balance simplicity, aesthetics, and usability.

## Skills

**Design Tools**
- Figma: components, variants, auto layout, prototyping, mockups
- Adobe Photoshop: photo processing
- Adobe Illustrator
- Webflow

**Design Principles**
- Typography & grid systems
- Composition & color theory
- Usability & user-centered design
- Visual hierarchy & simplicity

## Experience

**UI/UX Design Projects**
- Designed landing pages for educational courses
- Created authorization forms and user interface systems
- Developed portfolio projects demonstrating design process and problem-solving skills

## Additional Information

- Front-end design specialist (non-coding)
- Advancing English proficiency"
98171,"# UI/UX Designer

## Professional Summary
Creative UI/UX Designer with one year of experience delivering user-centered design solutions across freelance and startup environments. Skilled at collaborating with cross-functional teams while maintaining the ability to execute projects independently. Combines strong communication skills with a detail-oriented approach to produce high-quality design work.

## Professional Experience

**UI/UX Designer | Freelance**
- Delivered user-centered design solutions for diverse clients
- Managed projects independently from concept through completion

**UI/UX Designer | Startup**
- Collaborated with cross-functional teams on product development
- Contributed to design strategy and implementation

## Technical Skills
**Design Tools:** Figma, Adobe Photoshop, Adobe Illustrator, AutoCAD, Blender

**Specializations:** UI Design, UX Design, Creative Development

**Additional:** Photography, Music

## Core Competencies
- Cross-functional collaboration
- Independent project delivery
- Creative problem solving
- User-centered design thinking
- Attention to detail
- Strong verbal and written communication"
98172,"# Dmitry
**UI/UX Designer**

## Professional Summary
UI/UX Designer committed to delivering exceptional, modern design solutions. Combines continuous skill development with thorough design research to execute high-quality projects that reflect current industry standards.

## Skills
- UI/UX Design
- Modern Design Principles
- Creative Problem Solving
- Design Research & Trend Analysis

## Professional Approach
- Delivers high-quality design solutions through application of best practices
- Maintains expertise through continuous refinement of techniques and skills
- Conducts thorough research to inform design decisions and ensure contemporary relevance
- Demonstrates unwavering commitment to excellence in every project"
98173,"**UI/UX Designer**

Experienced designer specializing in website and mobile application design with expertise in industry-standard tools and collaborative project delivery. Dedicated to creating user-centered digital experiences through continuous research and adoption of emerging trends and technologies.

---

**Core Competencies**

UI/UX Design · Figma · Adobe Photoshop · Adobe Illustrator · CorelDraw · Wireframing · Prototyping · Layout Design · User Research · Competitor Assessment · Persona Development · User Mapping · User Flow · Cross-Functional Collaboration · Deadline-Driven Delivery

---

**Professional Experience**

**UI/UX Designer**

- Design websites and mobile applications utilizing Figma, Adobe Photoshop, Adobe Illustrator, and CorelDraw
- Collaborate with cross-functional teams to deliver projects on schedule while meeting user requirements
- Research and implement emerging web design trends, tools, and technologies to enhance design quality and functionality

---

**Selected Projects**

**GetPet – Web Service for Finding Lost Animals**
- Led comprehensive user research including competitor assessment, persona creation, user mapping, and user flow development
- Produced wireframes and designed complete user interface
- Partnered with development team throughout project lifecycle

**Poltava Music School – Website Redesign**
- Redesigned complete website interface with focus on modern aesthetics and improved user experience
- Enhanced platform usability and visual appeal

---

**Career Objectives**

Seeking remote position with flexible schedule in a collaborative environment offering opportunities for knowledge exchange with fellow designers and contribution to high-quality products."
98245,"**RESUME**

**EDUCATION**

Design Courses
- Successfully defended thesis
- Currently enrolled in professional development course

**SKILLS**

**Research & Strategy**
UX Research | Audience Analysis | Competitor Analysis

**Design & Development**
Design System Development | UI Kit Creation | Prototyping | Responsive Design

**Visual & Motion**
Animation | Poster Design | Video Rendering | Logo Design

**EXPERIENCE**

**Freelance Designer** | 6 months

- Designed promotional posters for diverse client base
- Produced and rendered promotional video content
- Developed brand identity and logo for dance festival"
98250,"# Professional Experience

## Media Buyer/Marketer
**Innovation Group**
03.2016 - 05.2022

- Directed multi-platform advertising campaigns across diverse ad networks, overseeing end-to-end traffic configuration and distribution
- Developed compelling creatives and landing pages to drive audience engagement
- Analyzed campaign performance metrics and implemented data-driven optimizations to maximize ROI

## Account Manager
**Sprava**
01.2013 - 02.2016

- Cultivated strategic client partnerships, driving account growth and expanding business relationships
- Led customer acquisition initiatives, successfully converting prospects into long-term clients
- Delivered SEO consultation to enhance partner account monetization strategies

# Education & Training

**UI/UX Design Pro**
Hillel IT School
10.2021 - 05.2022

**Design Basic**
Hillel IT School
05.2021 - 08.2021"
98251,"**PROFESSIONAL EXPERIENCE**

**UX/UI Designer**
Freelance | March 2023 – Present
• Conduct user research and develop comprehensive user personas to inform design decisions
• Create wireframes, user flows, and high-fidelity mockups
• Design interactive prototypes using Figma

**Photographer**
The Moment, Kyiv | September 2020 – February 2022
• Photographed group sessions, capturing dynamic compositions
• Performed detailed photo retouching and custom album design
• Collaborated with team members to deliver cohesive visual products

**Photographer**
The Svadba, Kyiv | March 2018 – April 2019
• Photographed weddings in diverse environments including wedding halls and photo studios
• Retouched and edited photographs to professional standards
• Managed client photo sales and consultations
• Designed and produced printed photo album layouts

**Aviation Security Officer**
PLC ""Master-Avia"", Kyiv | April 2017 – December 2017
• Conducted systematic baggage monitoring to ensure airport passenger safety
• Interfaced effectively with diverse populations in high-traffic environments

**EDUCATION & TRAINING**

**UI/UX Design Basic**
Prometeus | 2023

**Basics of Web UI Development**
Prometeus | 2022"
98252,"# PROFESSIONAL EXPERIENCE

**Web Developer**
05.2021

**VBakery**
- Developed full-stack e-commerce website for bakery business featuring comprehensive product catalog for pastries and cakes
- Engineered custom cake designer tool enabling customers to create and visualize personalized confectionery orders
- Implemented secure user authentication system with personal account functionality for storing favorites and order history
- Built integrated customer review system and streamlined order management functionality
- Designed and developed location and business information pages to enhance customer engagement

**Web Developer**
06.2021

**Dim Kultury**
- Developed investment platform website supporting renovation of local monuments and establishment of cultural center
- Architected multi-section website for community development initiative encompassing three distinct project areas:
  - ЖИВОТ: Nightclub revitalization project showcasing transformation into youth center with extended operating hours
  - ДІМ КУЛЬТУРИ: Cultural center section presenting integrated social business project plans
  - ДВІР: Community space section featuring urban green theater, summer stage, and food court development"
98253,"# Professional Experience

**Team Lead, UX/UI Design**
**Baza Trainee Ukraine** | June 2023 - Present

Creating real-life products for the social sector

- Lead design teams for the ""4.5.0"" Volunteer Organization website project
- Lead design teams for ""1000+1 Song. Kolyskovi"" project — Finalist, Hackathon 4.0: Ukraine Heritage Edition
- Tools: Figma, Trello, Slack, Discord, Time Tracking

**UX/UI Designer**
**CURSOR Education** | January 2023 - June 2023

E-commerce platform for a real craft business

- Conducted stakeholder interviews, competitor analysis, and user research collaboratively with cross-functional team
- Performed SWOT analysis, customer journey mapping, and information architecture
- Developed wireframes, UI design, and interactive prototypes"
98254,"# UX/UI DESIGNER

## QUALIFICATIONS

- Completed comprehensive UX/UI design course with mastery of design fundamentals and Figma
- Skilled in creating interactive designs that enhance user engagement and product usability
- Proven experience redesigning website interfaces with measurable improvements to user-friendliness

## PROJECTS

**Social Media Banners**
Designed and produced social media banner campaigns for a charitable organization

**Fitness Coach Website Redesign**
Restructured webpage architecture, streamlined complex visual elements, and emphasized key conversion points to attract prospective clients

**Landing Page for Handmade Artist** | UX/UI Case Study | Live Client Project
Developed a landing page to showcase unique handcrafted products for international audiences. Deliverables included wireframes, a nature-inspired color palette complementing the artist's work, and subtle parallax animation for an engaging hero section

**Mobile App** | UX/UI Case Study
Designed an application enabling users to remotely select curated gift recommendations and schedule flower deliveries for specific dates and occasions

## EXPERIENCE

Diverse background spanning agencies, startups, and product companies, with hands-on experience developing landing pages, mobile applications, and web services"
98255,"# UI/UX Designer

Highly motivated UI/UX Designer passionate about crafting user-centric digital experiences. Skilled at translating complex ideas into intuitive, visually appealing designs. Strong foundation in design principles, user research, interactive prototyping, and adaptive design. Eager to create impactful, user-friendly products that elevate the user journey.

---

## Projects

### DeliverEats Mobile Service

Designed a mobile food delivery experience focused on enabling users to order quickly with minimal friction. Developed multiple customer-facing pages including catalog, product page, and account management.

**Responsibilities:**
- Conducted UX research to define target audience
- Performed market and competitor analysis
- Created wireframes, UI design, and interactive prototypes
- Launched project on Behance

**Key Design Features:**
- Home page search functionality
- Filter system for quick sorting
- Favorites feature for saving products
- Streamlined interface prioritizing convenience and simplicity

---

### PetSearch Web Service

Contributed to a full-cycle team project developing a web service for reuniting lost animals with their owners. Designed dual-user experience serving both individuals who lost pets and those who found them.

**Responsibilities:**
- Conducted UX research and market analysis
- Created personas, user flows, JTBD frameworks, and customer journey maps
- Developed wireframes, UI design, adaptive layouts, and prototypes
- Launched project on Behance

**Key Design Features:**
- Warm color scheme supporting emotional engagement
- Functionality enabling faster user action
- Adaptive design optimized for mobile devices
- Clear, user-friendly interface

---

## Skills

UX Research & Analysis · Wireframing · UI Design · Prototyping · Adaptive Design · Persona Development · User Flows · Jobs To Be Done (JTBD) · Customer Journey Mapping · Competitor Analysis"
98256,"# PORTFOLIO

## FlowerLower
Landing page for flower delivery company

- Conducted competitor analysis and market research
- Developed high-fidelity wireframes
- Created comprehensive UI style guides including typography, responsive layouts, color palette, and button systems

## Mimino
Georgian cuisine restaurant website redesign

- Conducted competitor analysis and market research
- Developed high-fidelity wireframes
- Designed complete UI Kit encompassing typography, responsive layouts, color palette, and component library
- Built interactive prototypes
- Executed mobile and tablet adaptations

## Wanderstay
Couchsurfing web service (team project)

- Conducted competitor analysis and market research
- Applied design thinking methodologies
- Developed JTBD frameworks and user personas
- Structured information architecture and user flows
- Created customer journey maps
- Designed wireframes and dashboards
- Developed 404 page with parallax effects
- Executed mobile and tablet adaptations
- Built interactive prototypes"
98257,"# UX/UI Designer

## Professional Summary
UX/UI Designer with hands-on experience in web design and service development. Proficient in competitor analysis, target audience research, user flow creation, prototyping, and interface design—delivering cohesive solutions from concept through completion.

## Projects

**CLEAN Web Service**
Led end-to-end design of a web platform connecting clients with cleaning professionals. Conducted competitor analysis, developed user flows and sitemaps, created prototypes, designed payment flows, and delivered final interface design.

**BARBER Landing Page**
Designed a barbershop landing page through the complete project lifecycle. Informed design decisions through competitor analysis and target audience research to align with user needs.

**India Cafe Website Redesign**
Executed a full website redesign grounded in target audience research and user needs analysis. Elevated visual design and usability based on research insights.

## Skills
- Competitor Analysis
- Target Audience Research
- User Flow Design
- Prototyping
- Sitemap Development
- Interface Design
- Usability Enhancement

## Career Goals
Seeking a position within a results-driven, collaborative team environment. Available for office-based and remote arrangements. Committed to continuous professional growth and career advancement."
98258,"**PROFESSIONAL RESUME**

**EDUCATION**

Master's Degree in Law | 2018

UI/UX Design | DanIT Academy

**PROFESSIONAL EXPERIENCE**

**Head of Quality Control Department, Customer Support**
Rocket Delivery | Cyprus | 6 months

- Led quality control operations for customer support division

**Customer Support Manager**
Gambling Industry | 1 year

- Resolved customer inquiries regarding site functionality and services
- Coordinated cross-departmentally to ensure timely request fulfillment
- Managed escalation processes to drive effective issue resolution

**Notary Assistant**
3 years

- Prepared and processed legal contracts and documentation
- Conducted client consultations on legal matters
- Maintained electronic registers and official records
- Managed professional correspondence

**CORE COMPETENCIES**

- Legal Documentation & Contract Preparation
- Quality Assurance & Process Management
- Client Relations & Consultation
- Cross-Functional Team Coordination
- UI/UX Design

**AREAS OF INTEREST**

UI/UX Design | Technology Sector"
98259,"**PROFESSIONAL SUMMARY**

UX/UI Designer specializing in competitor analysis, user flow development, site mapping, and mood board creation. Skilled in designing and prototyping landing pages, websites, and web services with a strong focus on adaptive and responsive design principles.

**SKILLS**

User Experience Design | User Interface Design | Wireframing & Prototyping | Competitor Analysis | User Flow & Site Mapping | Responsive & Adaptive Design | Figma | Adobe Illustrator | Adobe Photoshop

**PROJECT EXPERIENCE**

**OURPAWS** | Team Member
*Search Service Redesign for Missing Animals*

- Contributed to comprehensive redesign of animal search platform, enhancing user experience
- Developed user interfaces and interactive prototypes to streamline the search process
- Tools: Figma, Adobe Illustrator, Adobe Photoshop

**LA MESA** | Designer
*Mobile Application for Restaurant Table Booking*

- Designed complete mobile application interface for restaurant reservation system
- Created interactive prototypes and visual assets to support seamless booking experience
- Tools: Figma, Adobe Illustrator, Adobe Photoshop

**PROFESSIONAL GOALS**

- Advance proficiency in Adobe Illustrator and vector graphics
- Contribute to collaborative, supportive team environments"
98260,"**PROJECTS**

**Landing Page for Flower Shop ""FlowerLover""**

Designed and developed a user-friendly landing page aligned with client requirements. Conducted competitor research and target audience analysis to inform strategic design decisions. Delivered a clear, intuitive interface with comprehensive UI design.

**Website Redesign for Alaska Pete's Restaurant**

Modernized outdated website design to improve customer attraction and engagement. Enhanced user experience through a contemporary, user-friendly interface. Implemented table reservation functionality to streamline customer interactions.

**Skills:** User Research | Competitor Analysis | Target Audience Analysis | Interface Design | UI Design | Website Redesign"
98261,"**TEAM LEADER | UX/UI DESIGNER**

---

**PROJECT EXPERIENCE**

**Team Leader — ""See World"" Project**

Led cross-functional team in developing an intuitive interface for a housing search platform with integrated booking functionality. Conducted user research and usability testing to optimize site design, enabling users to navigate the platform seamlessly, complete bookings efficiently, and submit applications with ease.

---

**""GenieTable"" Mobile Application**

Designed mobile application for restaurant table reservations featuring a distinctive genie-themed interface inspired by the concept of summoning a genie from a lamp. Developed cohesive visual design system with unified color scheme and thematic elements centered around the magical genie character, enhancing user engagement and delivering a streamlined booking experience in just a few clicks.

---

**""Nice View"" Residential Complex Landing Page | Team Project**

Designed landing page for residential complex presentation to engage potential clients. Developed strategic concept positioning ""Nice View"" as an ideal location for family life and a comfortable work environment. Curated calm, reassuring color palette and implemented minimalist design aesthetic to convey style, professionalism, and trust."
98262,"# PROFESSIONAL EXPERIENCE

**UI/UX Designer**

**Tattoo Salon Website Redesign**
- Led end-to-end redesign including reference selection, audience analysis, and complete site restructuring
- Developed comprehensive UI kit with responsive tablet and mobile adaptations
- Built functional prototypes with interactive linking

**International Stay Web Service**
- Collaborated on team project developing budget-focused accommodation platform
- Conducted audience analysis and reference selection
- Created USER FLOW and Customer Journey Map (CJM)
- Implemented design system with responsive designs across tablet and mobile
- Delivered functional prototypes with interactive linking

**Landing Page Design**
- Curated references and developed mood board and UI kit
- Designed complete main page with cohesive visual direction

**Additional Projects**
- Completed 3 projects encompassing competitor analysis, company research, task and requirements analysis, mood board development, minimalist website and landing page design, CRM system and mobile application design, prototyping, and responsive design

# WORK PREFERENCES

- Results-oriented, design-focused collaborative environments
- Flexible work arrangements including remote options
- Corporate training and professional development opportunities"
98263,"**Projects**

**Redesign Tattoo Company** | Full Cycle Design
Led complete website redesign aligned with target audience needs and modern design trends. Delivered an intuitive, user-friendly interface optimized for increased conversion and customer acquisition.

**Easy Yoga Web Service** | Desktop & Responsive Design | Team Project
Designed and developed a web service connecting yoga teachers with students seeking instructors matched to their preferences. Established effective team communication processes that contributed to successful product delivery.

**Performance Enhancement Mobile Application** | Team Project
Developed a mobile application featuring day planning, physical health tracking, and mental wellness monitoring to enhance user productivity. Collaborated cross-functionally to deliver an engaging final product.

**Personal Pet Projects** | 2 Projects
Completed two independent design projects demonstrating self-direction, initiative, and end-to-end ownership."
98264,"# UX/UI Designer

## Experience

**Team Leader & UX/UI Designer**
Travelhaven

Spearheaded UX/UI design for an innovative web platform connecting budget-conscious travelers with hosts offering accommodation and meals in exchange for work. Directed design strategy targeting students and young adults seeking affordable international travel experiences. Led team through full product design lifecycle, delivering a couch-surfing alternative focused on work-exchange programs.

**UX/UI Designer**
Alaska Pete's Roadhouse Grille Website Redesign
alaskapetes.com | Seven Bridge Rd, USA

Executed comprehensive website redesign for established restaurant brand. Performed competitive analysis and industry research to inform design decisions and implement proven solutions that enhanced user experience.

**UX/UI Designer (Volunteer)**
Social Project: Volunteer Website

Contributed UX/UI design expertise to nonprofit initiative, collaborating on website development to support volunteer coordination and engagement.

## Personal Projects

Developed 2 independent projects demonstrating self-initiated design exploration and continued skill development."
98265,"# PROFESSIONAL EXPERIENCE

**Team Leader**  
SweepUp Cleaning Web-service Project

**Designer**  
GoIT Addendum Project  
Created landing page design implemented by student development team

---

# PROJECTS

## TimeWell Daily Planner Mobile App
Mobile application designed to help users manage their time effectively, plan tasks, and achieve their goals. Conducted competitive analysis, developed User Personas and User Flows, created high-fidelity prototypes and UI design, and built detailed animations in Protopie. Project in progress.

**Tools:** Figma, Photoshop, Illustrator, Protopie

## SweepUp Cleaning Web-service
End-to-end design for a cleaning service platform enabling users to select and book specialists. Conducted comprehensive research including market and competitor analysis, brainstorming sessions, User Personas, Jobs-to-be-Done framework, Customer Journey Mapping, and User Flows. Delivered prototypes, UI design, relinking, and adaptation within an existing design system. Team project.

**Tools:** Figma, Photoshop, Illustrator

## Bravo Furniture Site Redesign
Complete redesign of a luxury furniture store website. Conducted market analysis and competitor research, developed screen prototypes and UI design, created responsive layouts for mobile and tablet, and built a comprehensive UI kit.

**Tools:** Figma, Photoshop, Illustrator

## Citroen C4 Landing Page
Landing page enabling test drive bookings for a new Citroen vehicle. Conducted market analysis and competitor research, created moodboard and wireframes, and designed final animated interface. Completed as coursework.

**Tools:** Figma, Photoshop, Illustrator"
98266,"# UX/UI Designer

## Summary
UX/UI designer experienced in leading cross-functional teams and delivering full-cycle design projects. Expertise in user research, competitor analysis, wireframing, prototyping, and interface design using Figma.

## Professional Experience

**UX/UI Designer**
*Mobile App for Restaurant Table Booking | Current*

Designing a mobile application for restaurant table booking as part of a collaborative team.

## Projects

**Travel Joy**
*Team Lead & UX/UI Designer | Web Service | Full Cycle Design*

Led end-to-end design for a web service connecting users with work and travel opportunities in new environments. Managed team workflow and deliverables throughout the project lifecycle.

- Conducted competitor analysis and target audience research
- Developed user flows and site maps
- Created wireframes and prototypes within an established design system
- Delivered an intuitive web service enabling users to travel, gain cross-cultural experiences, and share knowledge internationally

**Nice View**
*UX/UI Designer | Landing Page | Full Cycle Design*

Executed full-cycle design for a residential complex landing page based on client brief and requirements.

- Conducted competitor analysis and target audience research
- Developed low-fidelity and high-fidelity prototypes
- Curated typography and color palette to maximize buyer appeal
- Designed home inspection application submission and client feedback functionality
- Delivered visually compelling landing page meeting client objectives

## Skills
Figma · User Flow Design · Site Mapping · Wireframing · Low-fidelity & High-fidelity Prototyping · Competitor Analysis · Target Audience Research · Design Systems · Team Leadership"
98267,"# Professional Experience

**Volunteering Projects Aggregator for Ukraine**

Designed and developed a user-friendly platform aggregating volunteering initiatives across Ukraine. Implemented detailed project information displays, donation processing functionality, and project discovery tools connecting users with volunteer organizations and meaningful causes.

**Kickstarter Product Landing Page**

Designed and developed a responsive landing page for a convertible furniture product leveraging the AIDA marketing model to drive conversions. Conducted competitor analysis, developed high-fidelity wireframes, and built a fully adaptive website supporting crowdfunding campaign objectives.

**Rihanna Promotional Landing Page**

Designed an engaging promotional landing page introducing users to the artist and building audience interest. Developed comprehensive design assets including mood boards, wireframes, and interactive prototypes emphasizing complex composition and typography."
98268,"# Projects

**Mobile Event App** (In Progress)
Event management and discovery application

**A Kids Place Childcare Website Redesign**
Full-cycle redesign of preschool website. Conducted competitor analysis to improve visual appeal and user experience. Developed responsive design optimized for mobile and tablet devices.

**Pet Service - Pet Search Platform**
Full-cycle team project for a web service connecting users with pets and pet-related services. Conducted target audience and market research. Designed responsive layouts for mobile and tablet. Collaborated effectively within a team-based design workflow."
98269,"# Experience

**University IT HUB — Volunteer Designer**
*1 year*

- Redesigned university websites and created user interfaces tailored to institutional requirements
- Collaborated cross-functionally with developers and project managers to deliver cohesive design solutions
- Managed project workflows and task tracking using Jira
- Conducted UX research and evaluated design solutions to inform decision-making
- Developed UI proficiency through hands-on work with UI libraries and direct mentorship

**Small Development Team — Intern**
*2 months*

- Contributed to a collaborative development project as part of a cross-functional team

# Education & Training

**Projector UX Beginner Course**

- Completed independent stakeholder project as sole designer
- Collaborated on stakeholder project within a design team environment
- Executed end-to-end UX research, problem definition, and transformation of insights into UI solutions

**KronaStudio&School Web Design Course**

- Successfully completed comprehensive web design training program"
98270,"**UI/UX DESIGNER**

**SKILLS**

• UI/UX Design
• User Flow Design
• Interface Development
• Responsive Design
• Competitive & Audience Analysis
• HTML & CSS
• SketchUp
• 3D Modeling (Exteriors & Interiors)
• Quality Assurance of 3D Models

**PROFESSIONAL EXPERIENCE**

**3D Graphic Specialist**
HOVER Ukraine | Feb 2021 – Jun 2023

• Created detailed 3D exterior and interior models using SketchUp
• Conducted quality assurance reviews of 3D models produced by team members

**UI/UX PROJECT EXPERIENCE**

**YoHome – Web Service for Hosting and Renting Housing** | Team Leader

• Led team in developing a comprehensive housing rental and hosting platform
• Designed complete interface from concept to execution with intuitive user flow
• Established detailed visual stylization and design system for the service
• Implemented responsive adaptation across devices with minimal design changes

**Sophie Scholl Realschule Website Redesign**

• Redesigned school website to create an aesthetically pleasing, user-friendly, and informative online platform
• Communicated school's mission, values, and offerings effectively to target audience
• Conducted research and analysis of competitor school websites and web design best practices in the education sector
• Applied competitive and audience analysis methodologies throughout the project

**ADDITIONAL EXPERIENCE**

• Completed 3 personal web development projects utilizing HTML and CSS"
98271,"# PROFESSIONAL SUMMARY

Multidisciplinary designer with 4 years of experience spanning interior, graphic, and industrial design. Master's degree holder in Environmental and Industrial Design with specialized UI/UX certification. Combines strong foundational design expertise with focused training in user interface and user experience design. Demonstrated success delivering diverse projects in both freelance and in-house environments.

# EDUCATION

**Master's Degree in Environmental and Industrial Design**

**UI/UX Design Certification – GENIUS & Cases Courses**
- Fundamentals of Web Design
- Figma Proficiency
- UX/UI Interface Design and Prototyping

# PROFESSIONAL EXPERIENCE

**Interior Designer**
Freelance & In-house

- Developed and executed comprehensive interior design projects from concept to completion
- Applied industrial design principles across multidisciplinary projects

**Graphic Designer**
Freelance

- Created cohesive brand identity systems including logos, business cards, and banners
- Produced custom artwork and paintings for client specifications
- Delivered design solutions across interior, graphic, and industrial design disciplines

# SKILLS

**Design Disciplines:** Interior Design | Graphic Design | Industrial Design | UI/UX Design | Web Design

**Tools:** Figma

**Deliverables:** Logo Design | Business Cards | Banners | Brand Identity Systems | Interface Design

# LANGUAGES

Polish – B2 | English – B1 | Spanish – B1

# CAREER OBJECTIVE

Seeking to leverage multidisciplinary design foundation to advance expertise in UI/UX design and establish specialization in user interface and user experience design."
98272,"# UI/UX Designer

User-centered UI/UX Designer with professional experience creating digital solutions across web and mobile platforms. Proven ability to execute comprehensive design processes from research through implementation, collaborating closely with development teams to deliver polished, responsive interfaces.

## Professional Experience

**UI/UX Designer**
*6 months*

- Design user interfaces for diverse digital products including landing pages, e-commerce platforms, portfolio websites, and mobile applications for iOS and Android
- Execute complete design workflows: competitor analysis, user flow mapping, wireframing, prototyping, and final UI implementation
- Create responsive designs optimized for desktop, tablet, and mobile devices
- Implement website animations to enhance user engagement
- Collaborate directly with front-end developers to ensure accurate design translation
- Lead website redesign projects to improve user experience and visual appeal

## Education & Training

**UI/UX Design Intensive**
*5 months*

- Comprehensive study of UI/UX design principles, methodologies, and industry best practices
- Mastery of Google Material Design Guidelines and Apple Human Interface Guidelines
- Applied learning through hands-on projects throughout the program

## Core Competencies

**Design:** User Interface Design · User Experience Design · Wireframing & Prototyping · Responsive Web Design · Mobile Design (iOS & Android) · Web Animation

**Process:** Competitor Analysis · User Flow Development · Cross-functional Collaboration

**Standards:** Google Material Design · Apple Human Interface Guidelines

## Professional Approach

Focused on creating intuitive, visually compelling designs that optimize conversion rates and information accessibility. Committed to delivering user-centered solutions that balance business objectives with user needs."
98273,"# Professional Summary

UX Designer with 6 months of freelance experience specializing in digital content creation and web design. Successfully completed UX Design coursework at Hillel IT School, building a strong foundation in user-centered design principles, accessibility standards, and structured design processes.

# Skills

- User-Centered Design
- Design Process Methodology
- Accessibility Standards
- Equity-Focused Design
- Design Sprint Methodology
- Cross-Functional Team Collaboration
- Application & Website Planning
- Landing Page Design
- Social Media Asset Design
- Webflow Development

# Professional Experience

**Freelance UX Designer**
6 Months

- Designed and delivered social media banners optimized for Instagram, Twitter, and Facebook platforms
- Collaborated on application and website planning initiatives
- Built and launched a functional blog utilizing Webflow
- Created landing pages and promotional banners to support client marketing objectives

# Education

**Hillel IT School**
UX Design Course — Successfully Completed

- User-Centered Design & Design Process
- Accessibility & Equity-Focused Design Principles
- Design Sprint Methodology
- Cross-Functional Team Collaboration"
98274,"# UI/UX Designer

## Professional Summary

Junior UI/UX Designer with full-cycle design expertise, from competitive analysis and UX research through wireframing, prototyping, and polished UI delivery. Proven ability to create responsive, user-centered designs for mobile apps, e-commerce platforms, corporate websites, and web services that balance aesthetic appeal with measurable usability improvements.

## Education

UI/UX Design Course — 6-Month Intensive Program

## Project Experience

### Wish — Gift Delivery Mobile App
Led end-to-end design for a flower and gift delivery application featuring product browsing and delivery scheduling. Conducted competitive analysis, developed UX personas and user flows, created wireframes, and delivered final UI design.

### Fitroom — Fitness Studio Website Redesign
Redesigned corporate website to modernize the brand presence and drive sales conversion. Performed competitor analysis, established visual direction through reference research, built interactive prototypes, created responsive layouts for phone and tablet, and developed a comprehensive UI kit.

### VDOMA — Ukrainian Couch-Surfing Web Service
Designed a web platform connecting travelers with affordable accommodations while promoting Ukrainian tourism. Executed complete design process: competitive analysis, UX personas, empathy mapping, sitemap architecture, MVP scoping, and user flow diagrams. Delivered tablet and mobile adaptations. Conducted post-launch A/B testing to validate design decisions and implement iterative improvements.

### Additional Projects
- Service accounting table UI for cleaning company operations
- Website sidebar navigation design
- Team directory page utilizing AutoLayout with systematic padding
- User profile interface for online learning platform
- Student-focused dashboard for ed-tech product
- Animated desktop start screen with motion design
- Card-to-card transfer confirmation modal
- Administrator dashboard for user permissions management

## Skills

Full-Cycle Design Process • Competitive Analysis • UX Personas • Empathy Mapping • User Flow Diagrams • Wireframing • Prototyping • UI Design • UI Kit Development • Responsive Design • A/B Testing • AutoLayout • Motion Design"
98275,"# PROFESSIONAL SUMMARY

Junior UX/UI Designer with a foundation in design principles and a keen eye for aesthetics. Focused on creating user experiences through innovative digital interactions. Continuously developing skills while staying current with industry trends and evolving technologies. Eager to contribute to projects that deliver meaningful impact to users.

# PROJECT EXPERIENCE

**Petsearch – Web Service for Lost and Found Animals**
Designed a web service to help pet owners find lost animals and enable individuals who have found pets to return them to their owners. The platform promotes shelter involvement and volunteerism while providing functionality for quick results.

- Identified project theme and objectives
- Developed complete design system
- Created all UI elements

**A Kids Place Childcare – Kindergarten Website Redesign**
Redesign project including technical research and competitive analysis of the existing website.

- Analyzed existing design across all pages
- Conducted competitor research
- Redesigned three pages based on research findings
- Identified product strengths and weaknesses
- Developed user expectations framework
- Created visual design aligned with research insights
- Produced complete UI kit documentation with all UI elements

**FlowerLover – Flower Shop Landing Page**
Landing page design featuring UI components and research-driven design decisions.

- Conducted competitor analysis
- Created project moodboard
- Determined page structure
- Selected color palette and shades
- Designed UI elements including buttons and inputs

# SKILLS

- Design principles and visual design
- User experience research and analysis
- UI element creation and documentation
- Competitive analysis and market research
- User-centered design methodology"
98276,"**JUNIOR UI/UX DESIGNER**

---

**PROFILE**

Junior UI/UX Designer with a solid foundation in color theory, typography, and design principles. Experienced in both collaborative and independent project environments. Self-directed learner committed to continuous growth through online courses, industry literature, and hands-on exploration of design technologies. Eager to contribute to a team while creating exceptional user experiences.

---

**PROJECT EXPERIENCE**

**UI/UX Designer | Tattoo Studio Website Redesign**
*December 2022 – January 2023*

Redesigned a tattoo studio website to deliver a modern, user-friendly interface. Streamlined navigation architecture and introduced new tattoo ordering functionality. Enhanced visual presentation of artists' portfolios and integrated customer reviews to build trust and engagement.

**UI/UX Designer | Lost Pet Finder Service**
*February 2023 – March 2023*

Designed a web-based service enabling users to create and publish listings for lost or found animals. Developed features to facilitate efficient information sharing and direct communication between pet owners. Collaborated with experienced designers, incorporating feedback to refine deliverables.

---

**SKILLS & DEVELOPMENT**

- Color theory, typography, and core design principles
- Team collaboration and independent project execution
- Ongoing portfolio expansion and quality refinement
- Continuous learning of emerging design technologies and industry trends"
98277,"**UX/UI Designer**

Creative UX/UI Designer specializing in websites, web services, mobile apps, logos, advertisements, and posters, dedicated to crafting aesthetically pleasing and user-centered products.

---

**Work Experience**

**Korg – Sound Library Cover Design**
Illustrated two sound library covers, translating client requirements and reference materials into polished final designs delivered to client satisfaction.

**Sinevibes – 3D Animated Logo**
Designed, modeled, shaded, and animated a rotating 3D logo for video intro use, delivering approved final animation.

---

**Projects**

**UrbanFest – Landing Page Design**
Designed a minimalistic landing page from concept to completion, including moodboard development, wireframing, and final visual design.

**CustomConcepts – Tattoo Website Redesign**
Redesigned an existing tattoo website through competitor analysis, prototyping, and delivery of a modern, functional, and visually cohesive design.

**Accommodation Web Service – UX/UI Design**
Designed a web service for finding low-price accommodation abroad. Conducted UX research including user personas and customer journey mapping. Developed information architecture, user flows, wireframes, and high-fidelity designs.

**Beatcraft – Mobile App Design**
Designed a complete music-related mobile app interface, including target audience analysis, wireframes, two-factor authentication flow, and in-app achievement system.

---

**Additional Experience**

Completed four individual projects involving extensive UX research. Designed UI for dashboards, tables, websites, and web services. Led design and presentation for a team project.

---

Seeking remote opportunities to collaborate with like-minded professionals. Fast learner eager to acquire new skills and take on challenges."
98278,"# UI/UX Designer

## About Me

Dedicated UI/UX designer from Ukraine specializing in intuitive, user-centered design solutions. I approach every project by first understanding user problems, then crafting interfaces that are both functional and visually compelling. My attention to detail and commitment to continuous growth make me a strong contributor to teams focused on creating outstanding products.

## Skills

- Figma (auto layout, styles, components, design systems)
- User-centered design informed by business requirements
- UX problem identification and troubleshooting
- Competitor analysis and target audience research
- Persona development and user flow creation
- Wireframing and prototyping
- Responsive and adaptive design
- Design system development

## Project Experience

**Lunushka Shop Mobile App**
Designed a mobile e-commerce application from research through implementation. Conducted competitor analysis, target audience research, and persona development encompassing user needs, wishes, and fears. Delivered user flows, detailed wireframes, and interface design. Created onboarding experience with animated prototype and ProtoPie implementation.

**Globetrot Web Service**
Designed a web service for organizing economical international stays. Conducted user research to identify pain points and developed targeted solutions. Produced wireframes, UI design, adaptive layouts, and animated prototypes. Collaborated with team members on interface design, filtering systems, and verification methods.

**Tattoo Studio Website Redesign**
Modernized studio website following detailed analysis. Designed clear interface architecture and informative pages to attract new customers and tattoo artists for studio collaboration.

**Flower Shop Landing Page**
Designed responsive landing page for flower delivery service. Conducted user research, competitor analysis, and persona development. Created moodboard and detailed prototype featuring streamlined navigation and engaging visual design. Delivered tablet and mobile adaptations for seamless ordering experience.

## Experience Summary

Completed four projects during UI/UX designer courses, working both independently and in collaborative team environments."
98279,"# UI/UX DESIGNER

## ABOUT ME

Junior UI/UX Designer experienced in both collaborative team environments and independent design projects. Skilled in executing the complete design cycle from analysis and ideation through prototyping, user interface design, and responsive adaptation. Committed to creating user-friendly interfaces with intuitive navigation that achieve business objectives while solving real user problems.

---

## PROJECT EXPERIENCE

**UI/UX Designer | Mobile App for Flower & Gift Delivery**
*In Progress*

Contributing to team development of a mobile application for a flower and gift delivery service.

**UI/UX Designer | Pet Search Webservice ""NADIYA""**
*December 2022 – February 2023*

Developed a webservice enabling owners to locate lost animals more efficiently. Conducted competitor analysis and created user personas to inform design direction. Produced sitemap, high-fidelity prototypes, and complete user interface with responsive adaptation. Delivered a simple, usable, and visually appealing product while strengthening communication, organizational, delegation, and time-management skills through team collaboration.

**UI/UX Designer | Website Redesign for ""MIMINO"" Restaurant & Hotel Complex**
*October 2022 – November 2022*

Modernized website appearance and improved user experience through comprehensive redesign. Analyzed existing website to identify deficiencies and develop solutions. Compiled visual references, created detailed prototypes, and produced visual design with responsive adaptation.

**UI/UX Designer | Landing Page for Yoga Studio**
*Personal Project*

Designed a complete landing page for a yoga studio.

---

## SKILLS

- User Research & Analysis
- Wireframing & Prototyping
- User Interface Design
- Responsive Design & Adaptation
- Team Collaboration"
98280,"# Junior UX/UI Designer

## Professional Summary
Self-motivated Junior UX/UI Designer with strong attention to detail and a passion for creating high-quality products that serve both users and businesses. Demonstrated ability to deliver successful individual and collaborative projects through effective application of design systems, user flows, and customer journey mapping.

## Core Competencies
**Design Tools:** Figma, Adobe Photoshop, Adobe Illustrator, Canva  
**UX/UI Methods:** Design Systems, User Flows, Customer Journey Mapping  
**Analytics:** SimilarWeb  
**Research:** User Research, Competitive Analysis  
**Specializations:** Landing Page Design, Website Design, Interface Design & Redesign

## Project Experience

**Look for – Web Service**  
Designed and launched a secure, user-friendly accommodation platform encompassing user-end interface, payment interface, and admin-side interface. Conducted target audience analysis to develop clear, intuitive interfaces enabling users to find accommodation aligned with their needs and preferences.  
*Tools: Figma, Canva, Adobe Illustrator*

**India Cafe – Website Redesign**  
Redesigned existing cafe website to increase visitor engagement and effectively showcase establishment strengths. Conducted competitive analysis and user interviews to inform design decisions, replacing outdated design with an attractive, modern website.  
*Tools: Figma, Adobe Photoshop*

**Barbershop – Landing Page**  
Created landing page for a new barbershop in Ukraine to present services and attract potential customers. Delivered comprehensive service showcase through engaging visual design.  
*Tools: Figma, Adobe Photoshop*

## Professional Goals
Seeking to join a collaborative team to create high-quality products for users and businesses, with enthusiasm for embracing new challenges in web design."
98281,"**PROFESSIONAL SUMMARY**

Results-oriented UI/UX Designer with 8 years of graphic design experience, including 3 years leading a design department as Chief Designer. Skilled in creating digital products with intuitive interfaces and modern design. Proven track record leading creative projects, developing brand-aligned concepts, and managing design teams. Expertise in UI/UX design supported by specialized coursework and practical projects.

**PROFESSIONAL EXPERIENCE**

**Chief Designer (Head of Department)**
3 years

- Led creative projects from concept to completion across cross-functional teams
- Developed concepts and designs aligned with corporate brand standards
- Managed department workflow, team operations, and project organization

**Graphic Designer**
8 years total experience

- Executed comprehensive graphic design projects across multiple mediums
- Delivered brand-consistent visual solutions for diverse client needs

**KEY PROJECTS**

**Website Redesign — MAINSAIL (Realty Company)**
- Conducted competitive research and analysis
- Reorganized content architecture into logical sections
- Designed simplified navigation and user-friendly forms
- Developed wireframes and UI kit with tablet and mobile adaptation
- Modernized user experience while maintaining original color scheme

**Interface Redesign — Kinoprokat-Sumy Popcorn Machine**
- Redesigned standard interface to align with company branding
- Customized background, button colors, fonts, and icon design
- Developed multiple animations while preserving button placement and sizing

**Additional Projects**
- Landing page design for KinoboardPRO product promotion
- Company website redesign aligned with brand identity
- Custom interface solution for hardware application
- Comprehensive interior design for City Café space and conference hall

**UI/UX COURSEWORK PROJECTS**

- Adaptive website redesign
- Web service design for cleaning company employee recruitment
- Mobile application design for restaurant table booking system
- Multiple curriculum-based web design assignments

**CORE COMPETENCIES**

UI/UX Design · Graphic Design · Interface Design · Adaptive & Responsive Design · Wireframing & Prototyping · UI Kit Development · Brand Identity · Team Leadership · Project Organization · Competitive Analysis · Interior Design

**WHAT I OFFER**

- User-centered design approach focused on intuitive navigation and modern interfaces
- Collaborative team member dedicated to company success
- Commitment to continuous learning and professional growth
- Results-driven focus on delivering optimal design solutions"
98282,"# UI/UX Designer

## Summary

Motivated UI/UX designer with a background in HR and a strong passion for design and innovation. Skilled in creating visually appealing, user-friendly websites and mobile applications. Committed to continuous learning and professional development.

## Project Experience

**Eventize – Mobile Application** | 2023
Designed a mobile application enabling users to discover and book venues, plan events, and organize special occasions. Developed comprehensive event creation and management features including categorized item selection and task planning functionality.

**Guesture – Web Application** | 2022
Designed a web platform connecting travelers seeking affordable accommodation with hosts offering stays in exchange for payment or work. Created a service targeted toward students and young professionals looking to experience new environments for work or leisure.

## Career Objectives

Seeking a full-time or part-time position with an innovative, growing company. Fast learner with a responsible approach and readiness for challenging projects."
98283,"# Junior UX/UI Designer

## About Me

Detail-oriented Junior UX/UI Designer dedicated to crafting thoughtful, high-quality user experiences. I bring a user-first approach to every project, balancing UX strategy (65%) with polished visual design (35%). My goal is to grow into a professional UX/UI Designer and eventually establish my own design brand.

## Experience

**Team Leader & UX/UI Designer**  
*Shine Web Service (Pet Project)*

Lead a cross-functional team building a web service for cleaning companies. Manage all organizational aspects while driving project execution and fostering team motivation and collaboration.

## Projects

**FlowerLover — Landing Page**  
*Flower Delivery Service*

Designed a minimalistic, image-rich landing page optimized for seamless user flow and strong site performance.

Process: Competitor analysis • Target audience research • Reference selection • Moodboard • Wireframes • Prototype • UI kit development • Animation • Tablet and mobile adaptations • Behance case study

**A Kids Place Childcare — Website Redesign**  
*Modern Kindergarten*

Redesigned the existing website to improve client acquisition and expand audience reach. Successfully achieved all project goals.

Process: Site audit and problem identification • Target audience and competitor analysis • Reference research • Moodboard • Wireframes • Prototype • UI kit • Responsive adaptations • Animation • Behance case study"
98284,"# UI/UX Designer

## CAREER OBJECTIVE

Seeking a Junior UI/UX Designer position where I can apply my training in user experience design and visual design principles to create intuitive, engaging digital experiences.

## EDUCATION

**Web Design (UX/UI) Courses**
UX Energy IT School | June 2018 – September 2018

- Created site structures and interaction flows to optimize user journeys
- Developed page wireframes and documented interface requirements
- Applied visual design principles including layout, color theory, typography, and iconography
- Designed interfaces for websites and applications

## TECHNICAL SKILLS

**Design Tools**
- Adobe Photoshop
- Adobe Illustrator
- Adobe XD (Experience Design)

**Prototyping & Wireframing**
- Axure
- InVision

## CORE COMPETENCIES

- Site Structure & Information Architecture
- User Interaction Flows
- Wireframing
- Interface Design
- Visual Design
- Layout & Typography
- Color Theory
- Iconography"
98285,"# Dima
Kyiv | UI/UX Designer

## Professional Summary

UI/UX Designer based in Kyiv specializing in modern, user-centered application interfaces. Proficient in the complete design workflow from wireframes and functional prototypes to polished component systems and autolayouts in Figma. Delivers landing pages and multi-page projects with meticulous attention to detail while meeting project timelines. Dedicated to continuous professional growth and design excellence.

## Skills

• UI/UX Design
• Wireframing & Prototyping
• Figma (Components, Autolayouts)
• Landing Page Design
• Multi-Page Project Design
• Attention to Detail
• Timeline Management

## Education

**Projector — Creative & Tech Online Institute**
Web Design Junior
2022–2023

**Projector — Creative & Tech Online Institute**
Web Design Beginning
2022"
98286,"# UI/UX & Graphic Designer

Creative designer with a strong foundation in marketing and a commitment to delivering exceptional user experiences and visually compelling interfaces. Combines design expertise with strategic marketing insight to create materials that engage audiences and drive results.

## Experience

**Marketing Manager/Designer**

- Design marketing collateral including brochures, leaflets, and exhibition stands using Figma, Adobe Photoshop, and Adobe Illustrator
- Develop visual assets for web, social media, and marketing campaigns
- Plan, design, and execute email newsletter campaigns
- Produce and edit video content for social media platforms
- Write and develop copy for websites, marketing materials, campaigns, and email communications

## Skills

**Design Tools**
- Figma
- Adobe Photoshop
- Adobe Illustrator

**Core Competencies**
- UI/UX Design
- Graphic Design
- Marketing Design
- Brand Collateral Development
- Social Media Content Creation
- Video Editing
- Content Writing
- Email Marketing"
98287,"**UI/UX DESIGNER**

**PROFESSIONAL SUMMARY**

Collaborative UI/UX Designer specializing in interface development for websites, mobile applications, and software. Committed to creating technology solutions that enhance user experience and accessibility.

**SKILLS**

• Interface design process and implementation
• Prototype development across multiple product types
• User testing, data analysis, and iterative design improvement
• User needs assessment and design best practices
• Web browser layout development
• Interactive UX application design
• Team collaboration and cross-functional coordination
• Webflow builder
• Banner design and social media creative development
• Logo development
• Design system creation

**PROFESSIONAL EXPERIENCE**

**alkima web & design**
UI/UX Designer
March 2023 - Present

• Conduct user experience research to inform design decisions
• Develop sitemaps, wireframes, and user interfaces
• Create website banners and social media creative assets
• Design logos and brand identity elements
• Build design systems from concept to implementation
• Execute project development using Webflow builder

**Vinnytsia Distribution Company**
Sales Manager
January 2019 - February 2022"
98288,"**PROFESSIONAL EXPERIENCE**

**Freelance Developer**

Delivered software solutions across diverse client projects, including early-stage gaming applications, cryptocurrency exchanges, and cryptocurrency-related web platforms. Collaborated directly with project managers and coordinated with web developers to resolve layout specifications and technical requirements.

**Key Contributions:**
- Developed and deployed software for early-stage gaming applications
- Built and maintained cryptocurrency exchange platforms
- Created cryptocurrency-related web platforms
- Partnered with project managers to define and execute project requirements
- Coordinated with web development teams to align layout specifications and technical deliverables"
98289,"# UI/UX Designer

## Professional Experience

**Freelance UI/UX Designer**

### Law Firm Landing Page Design
- Led client discovery sessions to define project requirements, objectives, and brand positioning
- Conducted comprehensive competitive analysis within the legal industry to inform design strategy
- Created mood boards establishing visual direction and design language
- Developed cohesive typography and color systems aligned with brand identity
- Produced wireframes and iterative design concepts based on client feedback
- Delivered fully responsive designs optimized for desktop, tablet, and mobile devices
- Executed all design work in Figma

### Pastry Shop E-commerce Website
- Designed end-to-end e-commerce experience featuring integrated delivery functionality
- Built scalable design systems using advanced Figma auto layout techniques
- Applied core design principles including visual hierarchy, spacing, and consistency
- Created responsive layouts ensuring seamless user experience across all devices
- Executed all design work in Figma

## Technical Skills

**Design Tools**
- Figma: Wireframing, Prototyping, Auto Layouts, Component Systems, Responsive Design

**Core Competencies**
- User Interface Design
- Brand Identity Development
- Typography & Color Theory
- Responsive Design (Mobile, Tablet, Desktop)
- Mood Board Creation
- Client Communication & Stakeholder Management"
98290,"**PROFESSIONAL SUMMARY**

Adaptable graphic designer with strong technical proficiency and a proven ability to quickly master new design software and tools. Committed to continuous professional development and staying current with emerging design technologies and methodologies.

**TECHNICAL SKILLS**

• Adobe Photoshop
• Adobe Illustrator
• Figma

**CORE COMPETENCIES**

• Rapid skill acquisition and learning agility
• Adaptability in dynamic environments
• Self-directed professional growth
• Proactive adoption of emerging design technologies and methodologies"
98291,"# Professional Summary

Detail-oriented QA Engineer and UI/UX Designer combining expertise in software testing methodologies with user-centered design principles. Skilled in ensuring software quality through rigorous test case development and data verification while creating intuitive, functional interfaces. Seeking a flexible or full-time position with a company dedicated to developing productive, user-friendly solutions.

# Technical Skills

**Quality Assurance**
- Test case creation and execution
- Bug reporting and documentation
- SQL database querying and data verification

**UI/UX Design**
- User research and competitive analysis
- Wireframing and user flow development
- Prototyping and interface design
- Customer journey mapping

**Tools**
Figma, Adobe Illustrator, Slack

# Professional Experience

**QA Engineer & UI/UX Designer**

- Developed and executed comprehensive test cases to ensure software quality and functionality
- Produced detailed bug reports enabling developers to identify and resolve issues efficiently
- Leveraged SQL to query databases and verify data accuracy
- Designed intuitive UI/UX solutions balancing creativity with functional requirements

# Projects

**A Kids Place Childcare Website Redesign** *(Study Project)*

Redesigned website for North Olmsted, Ohio childcare facility serving children in a nurturing, educational environment.

- Goal: Deliver a well-structured, modern, and user-friendly design
- Process: User Research → Competitive Analysis → Wireframe → Prototype → Conclusions
- Tools: Figma, Adobe Illustrator

**Medical Clinic Web Service** *(Study Project)*

Developed web service for a private medical clinic featuring appointment scheduling, online consultations, speech recognition documentation, and doctor selection based on ratings and criteria.

- Responsibilities: Baseline study, brainstorming, Jobs-to-be-done, User Flow, CJM, prototype, UI, adaptation
- Tools: Figma, Adobe Illustrator, Slack"
98292,"# UX/UI Designer

## Professional Summary

UX/UI Designer with advanced English proficiency, specializing in user-centered design solutions. Adept at balancing usability with aesthetics while aligning business objectives with user needs. Experienced in conducting user research, building wireframes, and creating interactive prototypes to solve complex UX problems and deliver enhanced user experiences.

## Experience

**UX/UI Designer**
Design Studio, Kyiv

- Contributed to the design and development of ""DayDrive,"" a mobile application
- Applied user-centered design principles to create intuitive mobile interfaces
- Developed wireframes and interactive prototypes to communicate design concepts

## Education

**UX/UI Design Mentoring Program**

- Designed and developed landing pages with focus on conversion and user engagement
- Created sign up/log in forms and related design components following UX best practices

## Skills

- UX Research
- Wireframing
- Interactive Prototyping
- Landing Page Design
- Form Design (Sign Up/Log In)
- Mobile App Design
- User Experience Problem Solving
- Usability & Aesthetic Balance
- User Empathy
- Business-Aligned Design Solutions

## Languages

English — Advanced

## Career Objective

Seeking opportunities to apply UX/UI design expertise to challenging projects that drive meaningful user experiences and support professional growth."
98293,"# UI/UX Designer

## Objective

Seeking to join a company with a warm and friendly team where I can grow as a designer while contributing to challenging and interesting projects.

## Professional Experience

**Freelance UI/UX Designer** | Upwork (Top Rated)
April 2020 - Present

- Redesigned CRM systems to improve user workflows and interface clarity
- Created comprehensive component library for site-builder service
- Designed mobile applications from concept to final deliverables
- Developed CRM interfaces for diverse client requirements

**UI/UX Design Student** | IT School Hillel
September 2019 - March 2020

- Applied UX methodology encompassing analysis, investigation, and prototyping
- Developed proficiency in typography, grid compositions, animations, color systems, and responsive design
- Delivered diploma project: CRM System for sport complex

**Web Design Projects**
July - August 2019

- Designed landing page for educational courses
- Collaborated with developers on testing and CRM design

## Education

**IT School Hillel**
UI/UX Design Advanced Level Course
First-class degree diploma | 2nd place in student rating

Continuously expanding design expertise through online courses across multiple design platforms

## Skills

- UX Research & Analysis
- Prototyping
- Typography & Grid Composition
- Color Systems
- Responsive Design
- Animation Design
- Component Library Development
- CRM & Mobile App Design"
98294,"# UI/UX DESIGNER

## PROJECTS

**Food Delivery Mobile Application**
APR – MAY 2023

*UX Research & Strategy*
- Developed comprehensive user personas and customer journey maps to guide design decisions
- Created empathy maps identifying key user needs, behaviors, and pain points
- Conducted thorough competitor analysis to identify market opportunities
- Designed intuitive site map and user flows optimizing task completion

*UI Design*
- Created wireframes and interactive prototypes for user testing and stakeholder review
- Developed cohesive design concept and scalable visual design system

---

**Craft Beer Brewery Landing Page**
JUNE 2023

*UX Research & Strategy*
- Analyzed competitor websites to inform strategic design direction
- Established clear information architecture supporting user goals
- Developed moodboard aligning visual direction with brand identity

*UI Design*
- Produced wireframes translating research insights into design solutions
- Created polished visual design with engaging animation elements"
98295,"# UX/UI Designer

## Professional Summary

UX/UI Designer dedicated to creating useful, effective, and profitable digital products. Combines user research, interface design, and prototyping expertise to translate creative vision into practical solutions that solve user problems and drive business results.

## Skills

**Design Tools & Software**
- Figma (prototyping, styles, components, variants, autolayout)
- Adobe Illustrator (vector graphics)
- Adobe Photoshop (raster graphics)
- Tilda

**UX Research & Strategy**
- Target audience research
- Customer Journey Mapping (CJM)
- User Flow & User Story development
- User Scenario creation
- Low- and high-fidelity prototyping
- Interactive prototyping

**UI Design & Visual Skills**
- Material Design & Human Interface Guidelines
- Design systems & UI kits
- Logo creation
- Color theory, typography & composition
- Adaptive design

**Technical Knowledge**
- HTML & CSS (basic)

## Projects

**Car Trip Planning App**
- Conducted comprehensive UX research
- Developed complete design system
- Applied Human Interface design standards
- Designed landing page

**Sign Language Study App**
- Conducted UX research
- Applied Human Interface and Material Design principles
- Designed landing page

**Vinyl Shop Website**
- Designed responsive desktop and mobile versions"
98296,"**GRAPHIC & UX/UI DESIGNER**

---

**OBJECTIVE**

Design professional seeking opportunities to expand expertise and contribute to meaningful projects through user-centered design solutions.

---

**EXPERIENCE**

**Designer**
Charitable Foundation

- Design landing pages, banners, and logos for foundation communications
- Create visual assets to support organizational mission and outreach initiatives

---

**EDUCATION & PROJECT WORK**

Comprehensive design training encompassing:

- Landing page design and development
- Mobile application design
- High-fidelity and low-fidelity prototyping
- Adaptive and responsive design implementation
- UX research and user testing methodologies

---

**SKILLS**

**Visual Design:** Logo Design | Banner Design | Landing Page Design

**UX/UI Design:** Mobile App Design | Prototyping (High-Fidelity/Low-Fidelity) | Responsive & Adaptive Design

**Research:** UX Research | User Testing"
98297,"# PROFESSIONAL SUMMARY

Designer experienced in landing pages, website redesign, web services, and mobile applications. Completed 3 projects individually and collaboratively, including a team project involving user research and implementation of patient-side user flow.

Solid foundation in professional design tools developed through IT coursework. Strong communicator who thrives in collaborative team environments. Receptive to feedback, deadline-driven, and committed to continuous professional growth.

---

## PROJECT EXPERIENCE

**Landing Page ""Barbershop in Kyiv""**

Designed one-page site to attract customers and promote services. Showcased service offerings, professional master profiles, customer testimonials, and competitive advantages.

**Web Service for Medical Clinic** | Team Project | Full-Cycle Design

Designed patient portal featuring appointment scheduling for online and in-person consultations, medical history access, and payment history tracking.

**Website Redesign ""KIDS PLACE""** | Full-Cycle Redesign

Modernized site design to improve usability and increase visitor engagement. Developed responsive version to enhance accessibility and expand target audience reach.

---

## CAREER OBJECTIVES

Seeking full-time or part-time designer position with a company dedicated to creating user-friendly, impactful products. Eager to contribute to projects emphasizing user experience. Quick learner prepared to take on complex challenges with purpose and accountability."
98298,"# UI/UX Designer

## Profile

UI/UX designer specializing in branding, web design, and mobile applications. Combining strategic thinking with hands-on design expertise across market analysis, competitor research, persona development, wireframing, sitemaps, and interface design to create efficient, user-centered digital experiences.

## Professional Experience

### Freedom | UI/UX Designer
*Freelance accommodation booking web service*

- Partnered with development team to design and build a web-based accommodation booking platform
- Conducted comprehensive competitor analysis to inform product strategy
- Contributed to strategic planning and project execution within a collaborative team environment

### InaMi | Graphic Designer
*Ukrainian women's clothing brand*

- Created logo and complete corporate identity system for emerging fashion brand
- Managed full project lifecycle from initial concept through final delivery
- Developed brand style guidelines and visual asset library
- Maintained direct client relationship throughout engagement

## Personal Projects

- Landing page design with integrated corporate style system
- Website redesign with brand consistency preservation
- Housing reservation service interface
- Restaurant, café, and bar table booking application

## Technical Skills

Figma | Adobe Illustrator | Adobe Photoshop | Adobe InDesign | Adobe After Effects

## Core Competencies

**Design:** UI/UX Design, Brand Identity Development, Corporate Style Development, Wireframing, Sitemap Creation

**Research & Strategy:** Market Analysis, Competitor Analysis, Persona Development

**Professional:** Team Collaboration, Client Communication, Leadership, Creative Problem-Solving

## Professional Approach

Team-oriented designer who brings fresh perspectives and creative solutions. Committed to continuous learning, knowledge sharing, and delivering quality products that serve both business objectives and user needs."
98299,"**PROFESSIONAL SUMMARY**

Detail-oriented UI/UX Designer with expertise in full-cycle design for web and mobile applications. Proven ability to conduct comprehensive user research, implement user-centered design principles, and solve complex design challenges including security and data privacy considerations. Skilled in creating intuitive digital experiences that serve diverse audiences while aligning with brand vision and business objectives.

**PROFESSIONAL EXPERIENCE**

**Crypto Wallet Tutis**
UI/UX Designer | Application, Full Cycle Design

• Designed a secure, user-friendly platform for cryptocurrency management, addressing complex security and data privacy requirements
• Conducted comprehensive user research to identify crypto wallet user needs and integrated feedback throughout the design process
• Implemented user-centered design principles to create an intuitive experience for a diverse audience while prioritizing asset safety

**Cucina di Catherina Online Store Redesign**
UI/UX Designer | Website, Full Cycle Design

• Led full-cycle redesign resulting in increased website traffic and engagement metrics
• Conducted user research to identify customer pain points and inform design decisions
• Developed modernized visual elements and color palette aligned with brand vision and values
• Executed iterative usability testing to validate design solutions and resolve issues

**SKILLS**

• UI/UX Design: Figma, Wireframing, Prototyping, Visual Interface Design
• Adobe Suite: Photoshop, Illustrator
• UX Research: User Personas, User Scenarios, Competitor Analysis, Usability Testing
• Information Architecture: Sitemaps, User Flows
• Design Systems: Google Material Design Guidelines, Style Guides
• Platforms: Web Interfaces, Mobile Design, Landing Pages, Responsive Adaptation
• Visual Design: Icons, Logos, Illustrations

**CAREER OBJECTIVES**

Seeking opportunities to design engaging user experiences while collaborating with cross-functional teams including product managers, developers, and stakeholders. Committed to conducting user research, creating wireframes and prototypes, developing design systems, and advocating for user-centered design principles throughout the product lifecycle."
98300,"**UI/UX Designer**

**Professional Summary**

Motivated UI/UX designer passionate about crafting intuitive, enjoyable user experiences. Focused on creating visually compelling interfaces that balance aesthetics with seamless functionality. Committed to continuous learning and delivering meaningful value through user-centered design.

**Skills**

• UI/UX Design
• User Experience Design
• Communication
• Problem Solving

**Projects**

Developed personal UI/UX design projects demonstrating practical application of design principles and user-centered methodology.

**Experience**

Background across multiple roles with proven strong communication skills and collaborative ability.

**Education & Training**

UI/UX Design Courses – Recently Completed"
98301,"**Junior UI/UX Designer**

Results-driven Junior UI/UX Designer with comprehensive training in graphic design, 3D modelling, animation, and UI/UX design. Adept at creating visually compelling, user-centered designs using industry-standard tools and proven design methodologies.

**Core Competencies**

UI/UX Design • Graphic Design • 3D Modelling • Animation • Prototyping • Design Research • SWOT Analysis • Typography • Image Making • Illustration • User-Centered Design

**Technical Proficiencies**

**Design & Prototyping:** Figma

**Creative Suite:** Photoshop, Illustrator, After Effects, Premiere Pro

**3D Software:** Maya

**Education**

**Design IT Step Academy**

Graphic Design, 3D Modelling, Animation, and UI/UX Design"
98302,"# Junior UI/UX Designer

Passionate about designing aesthetically pleasing and effective web and mobile applications. Driven by the desire to turn ideas into reality and create interfaces that solve problems and simplify daily goals for target audiences. With a keen eye for detail and a full cycle design approach, I analyze tasks, create prototypes, design visual styles, and implement them into usable and simple end products.

---

## Professional Experience

### Team Leader | Paw Rescue Project

- Led team organization and coordinated workflow across project lifecycle
- Conducted competitor analysis to inform website architecture decisions
- Designed user flows optimizing navigation efficiency toward user goals
- Developed visual prototypes aligned with modern design system standards
- Created responsive website interface for lost and found animal matching

---

## Key Projects

### Italian Sauce Website Redesign
- Redesigned website to enhance customer engagement and usability
- Conducted competitor research to identify industry best practices
- Modernized visual identity through updated color scheme, standardized photography, and refined typography
- Delivered responsive adaptations for mobile and tablet platforms

### Flower Lover Landing Page
- Performed target audience analysis for flower shop market segment
- Designed and built complete interface from concept to implementation
- Structured intuitive navigation incorporating essential menu components

---

## Skills

- User Research & Competitor Analysis
- Wireframing & Prototyping
- User Flow Design
- Visual Design & Typography
- Design Systems
- Responsive Design
- Full Cycle Design Process

---

## Seeking

Remote position offering collaborative environment, professional development opportunities, and career growth potential"
98303,"**UI/UX Designer**

**Professional Summary**

UI/UX Designer with experience creating interfaces for web and mobile applications. Focused on delivering visually appealing, accessible designs through iterative refinement. Committed to continuous learning and professional development. Skilled collaborator receptive to feedback.

**Skills**

- UI/UX Design: Wireframing, prototyping, responsive design, user flows, journey maps
- Design Systems: Component libraries, visual hierarchy, information architecture
- Tools: Figma, FigJam, Adobe Photoshop, Adobe Illustrator, Protopie
- Collaboration: Cross-functional teamwork, project management, deadline-driven delivery

**Experience**

**Junior UI/UX Designer**

- Designed user interfaces for web services and mobile applications with focus on usability, visual appeal, and touch interactions
- Collaborated with cross-functional teams to deliver intuitive, user-centered designs
- Created responsive layouts optimized for multiple devices and screen sizes
- Developed layouts and interactive mockups using Figma, Adobe Photoshop, and Protopie
- Adapted design approach to meet diverse project requirements

**Projects**

**PetRescue Web Service for Lost Animals**
- Designed web application enabling users to report, search, and match lost pets by location
- Developed interface facilitating effective information sharing to reunite pets with owners
- Tools: Figma, FigJam, Adobe Photoshop, Adobe Illustrator

**Custom Concepts Tattoo Studio Website Redesign**
- Redesigned website to enhance customer experience through improved usability and navigation
- Established structured visual hierarchy with refined color palette and high-quality photography
- Designed simplified booking form to streamline customer interactions

**Languages**

Ukrainian (Native) | Russian (Fluent) | English (Upper-Intermediate) | Polish (Elementary)"
98304,"**PROFESSIONAL SUMMARY**

Junior UI/UX Designer specializing in digital experiences that balance visual appeal with optimal usability. Expertise in landing pages, redesigns, web services, and mobile applications. Skilled in in-depth interviews, questionnaires, persona development, and empathy mapping.

**PROFESSIONAL EXPERIENCE**

**Team Lead & UI/UX Designer | Buki School Redesign Project**

Led team operations and delivered comprehensive project presentation to client. Resolved stakeholder concerns regarding non-intuitive cabinet interface and low user attendance and engagement.

- Conducted full-scale UX research: competitive analysis, heuristics evaluation, in-depth interviews, persona development, and surveys
- Designed clickable cabinet prototype enabling students to quickly and intuitively access necessary information
- Managed all project stages from research through delivery
- Presented final deliverables to customer

**UI/UX Designer | DocMe Web Service (Team Project)**

Developed web service for organizing and documenting doctor-patient meetings, featuring automatic report generation and separate dashboard cabinets for doctors and patients.

- Executed UX research utilizing competitor analysis, target audience analysis, persona method, JTBD framework, and CJM methodologies
- Designed main site interface
- Contributed to patient and doctor cabinet modifications

**CORE COMPETENCIES**

UX Research & Analysis | User Interface Design | Prototyping & Wireframing | Stakeholder Presentations | Team Leadership | Competitive Analysis | Persona Development | Customer Journey Mapping | Landing Page Design | Web & Mobile Application Design"
98305,"# PROFESSIONAL EXPERIENCE

**Team Leader & UI/UX Designer**
Web-service for Finding Lost Pets

Led cross-functional project team, defining strategic direction, delegating responsibilities, and facilitating team meetings. Established streamlined workflows that ensured smooth collaboration and on-time delivery. Conducted comprehensive UX research including competitor analysis, target audience analysis, user personas, JTBD frameworks, CJM, and User Flow mapping. Designed intuitive interface aligned with target audience expectations. Project received high evaluation from mentor.

**UI/UX Designer**
Start-up Project (Current)

Collaborating with student developers on web service enabling accountants and related professionals to calculate salaries, bonuses, and compensation packages.

# EDUCATION & TRAINING

**UI/UX Design Course**

Completed specialized program encompassing 6 case studies, developing expertise in user interface and experience design principles to create user-friendly, visually compelling interfaces.

# SELECTED PROJECTS

**Mobile Application for Coffee Shop Chain**

Designed mobile application featuring intuitive interface, robust functionality, and youth-oriented aesthetic. Executed full design process: competitor analysis, target audience research, persona development, JTBD framework, user flow mapping, wireframing, visual design, and animation.

**Travel Agency Website Redesign**

Developed clear, accessible design serving diverse target audience. Solved key challenges of competitive differentiation and complex information architecture. Delivered comprehensive UX process including competitor analysis, audience research, persona development, user flows, wireframes, responsive UI design, and animation.

# PROFESSIONAL OBJECTIVES

Seeking collaborative team environment focused on continuous improvement and project excellence. Eager to apply theoretical knowledge practically while pursuing career advancement."
98306,"**Junior UX/UI Designer**

Results-driven Junior UX/UI Designer with comprehensive training in UX Design and Interaction Design from Projektor, and UI/UX from Skill-up School. Combining strong theoretical foundations with practical application of user-centered design principles.

**Skills**

- Stakeholder Requirements Gathering & Definition
- User Research & Analysis
- Persona Development (Miro)
- Task Analysis
- High-Fidelity Wireframes & Interactive Prototyping (Figma)
- Usability Testing
- Design Presentation & Communication

**Projects**

- **Planner Application** — End-to-end UX/UI design
- **eCommerce Website Redesign** — User experience optimization
- **Landing Page** — Conversion-focused design
- **CRM System** — Interface design for complex workflows
- **Corporate Website** — Brand-aligned web presence

**Education & Training**

- UX Design and Interaction Design — Projektor
- UI/UX — Skill-up School

**Objective**

Seeking a position to apply user-centered design skills, grow professionally, and contribute meaningfully to organizational success."
98307,"# Junior UX/UI Designer

## Core Competencies

User Research & Personas | Competitor Analysis | Usability Heuristics | Prototyping | Visual Design | Responsive Design | User Engagement Optimization

## Professional Experience

### Freelance UX/UI Designer

**E-commerce Skincare Website Redesign**

Conducted comprehensive user research, including competitor analysis and user personas, to identify pain points and preferences. Applied usability heuristics to create intuitive prototypes that streamlined user interactions. Optimized usability and visual design to enhance overall user experience, delivering fully responsive design solutions.

**Landing Pages for Educational Courses and Agricultural Companies**

Designed engaging, fully responsive landing pages with clear call-to-actions to drive user engagement. Developed cohesive visual identities using strategic color schemes, typography, and imagery aligned with subject matter. Communicated value propositions effectively by highlighting course benefits and outcomes."
98308,"**PROFESSIONAL SUMMARY**

Junior UX/UI Design Professional with a Digital Marketing Professional Certificate from the University of Miami and a Bachelor's degree in Hospitality and Tourism Management with a Minor in International Relations from Florida International University. Former professional athlete on the Ukrainian National Team. Passionate about digital marketing, UX/UI design, staying current with industry trends and technology, and pushing the boundaries of what's possible.

**SKILLS**

UX/UI Design | Figma | Adobe Illustrator | Adobe Photoshop | Digital Marketing | User Interface Design | User Experience Optimization | Problem Solving | Research | Creative Thinking

**EXPERIENCE**

**Junior UX/UI Designer**

Craft intuitive user interfaces that maximize user experience and improve results. Deliver projects adhering to the highest standards of quality with creativity and attention to detail.

**Key Projects:**
- Designed web service for private medical clinic VitalMed
- Redesigned website for tattoo salon
- Created Citroen C4 landing page

**EDUCATION**

**University of Miami**
Digital Marketing Professional Certificate

**Florida International University**
Bachelor of Science in Hospitality and Tourism Management
Minor in International Relations

**ATHLETIC EXPERIENCE**

Professional Athlete, Ukrainian National Team

**PROFESSIONAL OBJECTIVES**

Seeking opportunities to work on challenging projects in a supportive environment that encourages learning and growth. Focused on developing expertise through problem solving, research, and creative thinking to create meaningful user experiences. Committed to contributing to team success while exploring new ideas and approaches to design through ongoing professional development."
98309,"# Web Designer

## Professional Summary

Creative web designer with hands-on experience delivering end-to-end design solutions for enterprise software. Proven ability to translate business requirements into compelling visual experiences across digital and marketing channels.

## Professional Experience

**Junior Web Designer**
Warehousing Software Company

- Led complete website design initiative from concept through launch, maintaining design ownership of all finished pages
- Developed wireframes, mockups, and prototypes to effectively communicate design concepts to stakeholders
- Produced cohesive visual identity across web pages, graphics, and marketing materials
- Created comprehensive marketing collateral spanning social media covers, YouTube video previews, and promotional footage
- Recorded and produced YouTube videos showcasing product functionality
- Partnered with development and testing teams throughout full project lifecycle to ensure design integrity

## Technical Skills

Figma | Adobe Illustrator | OBS Studio

## Core Competencies

- End-to-end web design
- Visual identity development
- Wireframing and prototyping
- Marketing collateral creation
- Cross-functional collaboration
- Video production and editing

## Professional Objective

Seeking opportunities to advance design expertise and contribute to innovative projects within a collaborative, growth-oriented environment."
98310,"**PROFESSIONAL SUMMARY**

Product Designer specializing in consumer product design with expertise in enhancing existing product lines and conducting competitive analysis. Skilled at evaluating competitor product concepts and delivering design solutions that meet quality and performance benchmarks.

**CORE COMPETENCIES**

Consumer Product Design | Product Optimization | Competitive Analysis | Quality Assurance | Concept Evaluation | Cross-Functional Collaboration

**PROFESSIONAL EXPERIENCE**

**Product Designer**

• Design and develop consumer products from concept through completion
• Enhance existing product designs to improve functionality and user experience
• Analyze competitor product launches and working concepts to inform design strategy
• Ensure products meet or exceed industry quality and performance standards
• Partner with cross-functional teams to deliver competitive product solutions

**CAREER OBJECTIVE**

Seeking advancement into senior designer or leadership roles within product design."
98311,"**UI/UX Designer**

Accomplished UI/UX Designer with proven expertise in Figma, prototyping, and Adobe Photoshop. Delivers innovative, tailored solutions through a client-focused approach and commitment to non-standard design thinking.

**Core Competencies**

- UI/UX Design & Prototyping
- Figma & Adobe Photoshop
- Communication & Collaboration
- Detail-Oriented Problem Solving
- Quick Learning & Adaptability
- Motivated Decision-Making

**Professional Profile**

Detail-driven designer with a meticulous approach to accuracy and task execution. Effective communicator and collaborative team member who rapidly acquires new skills and technologies to meet evolving project demands.

**Freelance Experience**

Successfully completed multiple freelance projects, delivering innovative design solutions customized to diverse client requirements.

**Career Objectives**

Seeking a remote position with flexible hours to leverage design expertise and contribute meaningful, user-centered solutions."
98312,"# Professional Summary

Detail-oriented professional with a Master's degree in Economics and experience as an Auditor and Graphic Designer seeking an entry-level UX/UI Designer position. Combining analytical expertise with creative design skills to craft intuitive, user-friendly interfaces. Proven ability to manage complete branding processes and deliver visually compelling designs within strict deadlines.

# Education

**Master's Degree in Economics**

**Bachelor's Degree in Economics**

# Professional Experience

**Auditor**
- Applied meticulous analytical approach to complex problem-solving
- Delivered precise work consistently within strict deadlines
- Developed systematic attention to detail across multiple projects

**Graphic and Social Media Post Designer**
Education Center
- Managed complete organizational branding process from concept to execution
- Designed engaging social media posts, posters, and printables across diverse project types
- Applied user-centric design principles to translate concepts into visually compelling communications

# Skills

**Design:** Graphic Design | Branding | Visual Communication | User-Centric Design Principles | Social Media Design

**Professional:** Analytical Thinking | Creative Problem-Solving | Attention to Detail | Time Management

# Career Objective

Seeking to leverage analytical background and design experience in an entry-level UX/UI Designer role to create meaningful user experiences through intuitive interface design."
98313,"# Professional Experience

## UI/UX Designer

### Skills
- UX Research & User Testing
- Design Systems Development
- Cross-Platform Design Guidelines (Human Interface Guidelines, Google Material Design)
- Marketing & Visual Communications
- Mobile Design Patterns & Best Practices

### Technical Proficiencies
- Angular Material
- Kendo UI
- Human Interface Guidelines
- Google Material Design

### Project Experience

**Mobile Applications**
- Guide App: End-to-end UX/UI design
- Lottery App: End-to-end UX/UI design

**Corporate Website Redesign**
- Responsive design across web, mobile, and tablet platforms

### Key Responsibilities

**Research & Strategy**
- Conducted user research and competitive analysis
- Performed design audits of existing screens
- Developed information architecture
- Facilitated brainstorming sessions

**Design & Execution**
- Created design systems using Design Thinking methodology
- Built comprehensive style guides
- Developed wireframes, mockups, and interactive prototypes
- Delivered adaptive, responsive designs

**Collaboration & Communication**
- Partnered with client teams and developers throughout project lifecycles
- Produced case studies and Behance portfolio pieces

**Marketing Support**
- Designed marketing materials and visual assets
- Created social media content across all company platforms"
98314,"**PROFESSIONAL SUMMARY**

Detail-oriented UX/UI Designer dedicated to crafting seamless and intuitive user experiences. Collaborates with cross-functional teams to create visually appealing user interfaces for web and mobile applications. Strong foundation in design principles with commitment to creating impactful interfaces that resonate with users.

**PROJECTS**

**Table Tab Mobile App Design**
Jun 2023 – Aug 2023

Designed app solution enabling users to book restaurant seats efficiently. Conducted reference research, developed wireframes, evaluated and selected appropriate design systems, and prototyped UI screens. Created rewards feature to drive user engagement and retention.

**Host Radar Project Design**
Apr 2023 – Jun 2023

Designed web service connecting visitors with hosts to exchange work for accommodation and services. Conducted market and competitor analysis, gathered references, prepared wireframes, created animated prototypes, and delivered completed case study.

**Mainsal Realty Company Redesign**
Feb 2023 – Apr 2023

Redesigned website to effectively showcase services, foster customer loyalty, and drive business growth. Analyzed existing website structure, researched competitors in the US market, and delivered complete project from research through final design.

**CAREER OBJECTIVES**

Seeking to further develop design skills while contributing to innovative, user-centric projects. Eager to collaborate with senior designers and stakeholders, taking on challenges to deliver compelling user experiences."
98315,"# PROFESSIONAL SUMMARY

UI/UX Designer and Plural Code Academy graduate with hands-on experience designing web and mobile applications. Proficient in Figma with expertise in user research, wireframing, prototyping, and usability testing. Currently delivering complete design solutions for diverse client projects as a software agency intern.

# EXPERIENCE

**UI/UX Design Intern**
Software Agency (Current)

- Designed website and mobile views for a cryptocurrency platform
- Created comprehensive website design for a resort center
- Applied user interface and user experience design principles across multiple client projects

# PROJECTS

**Mobile App for Salon**
Capstone Project, Plural Code Academy

- Designed complete mobile application as program capstone
- Applied UI/UX principles to deliver real-world client solution

# SKILLS

**Design:** UI/UX Design, Web Design, Mobile Application Design, Wireframing, Prototyping
**Tools:** Figma
**Research:** User Research, Usability Testing
**Professional:** Problem-Solving, Team Collaboration, Project Management

# EDUCATION

**Plural Code Academy**
Graduate

# PROFESSIONAL ATTRIBUTES

Quick learner committed to delivering high-quality work and meeting deadlines in collaborative team environments."
98316,"# Professional Summary

Marketing professional with over two years of experience transitioning to UI/UX design. Combines creative vision with strategic insight to deliver visually compelling, user-centered design solutions. Extensive cross-industry marketing background provides deep understanding of user personas and pain points. Skilled in project management, team leadership, and client communication.

# Skills

- UI/UX Research & Design
- User-Centered Design
- Empathy-Driven Solutions
- Strategic Thinking
- Project Management
- Team Leadership
- Client Communication
- Figma
- Adobe Photoshop
- Protopie

# Professional Experience

**Marketing Professional**
*Over 2 years of experience*

- Delivered visually appealing design solutions aligned with client needs and business objectives
- Developed expertise in identifying user personas and diagnosing pain points
- Managed cross-industry projects while maintaining effective client communication
- Applied creative and strategic thinking to achieve measurable business goals

# Project Experience

**Travel Service Website**

- Conducted comprehensive UI/UX research, design, adaptation, and prototyping
- Collaborated with two-designer team to achieve project objectives on schedule
- Created design solutions connecting users from around the world

**Scan-and-Go Mobile App**

- Performed extensive market analysis to drive informed design decisions
- Designed simplified shopping experience aligned with user behavior patterns
- Built functional prototype using Figma, Adobe Photoshop, and Protopie

**Case Studies Project — Team Leader**

- Led team in coordinating tasks, timelines, and project deliverables
- Refined designs and features based on target audience needs
- Applied empathy-driven approach to create intuitive user experiences

# Professional Goals

Seeking opportunities to apply UI/UX design skills with teams that value both business objectives and user-friendly customer experiences."
98317,"**UI DESIGNER**

Results-driven UI Designer with 3 years of experience crafting intuitive, visually compelling digital interfaces. Proficient in industry-standard design tools and committed to delivering user-centered solutions that enhance brand value and user satisfaction.

---

**CORE COMPETENCIES**

User Interface Design | User-Centered Design | Web Design | Mobile Design | Visual Design | Figma | Adobe Photoshop | Adobe Illustrator

---

**PROFESSIONAL EXPERIENCE**

**UI Designer**

- Design intuitive, aesthetically refined interfaces for web and mobile applications
- Collaborate with clients to understand project requirements and translate vision into effective design solutions
- Create user-friendly interfaces featuring clear navigation and strong visual appeal
- Develop high-quality design deliverables using Figma, Photoshop, and Illustrator
- Apply detail-oriented approach to ensure design excellence and user satisfaction
- Strengthen brand identity and enhance user engagement through strategic design decisions

---

**TECHNICAL SKILLS**

**Design Tools:** Figma | Adobe Photoshop | Adobe Illustrator

**Disciplines:** Web Interface Design | Mobile Interface Design | Visual Design | User Experience Principles"
98318,"**UI/UX Designer**

Dedicated to crafting intuitive, visually compelling digital interfaces that elevate user experience. Skilled in landing pages, web services, redesigns, and mobile applications, delivering results in both collaborative and independent environments.

**Skills**

Figma | Adobe Photoshop | Adobe Illustrator | Canva

**Projects**

**Cozy House Web Service**
Full-Cycle Design | Team Project

Designed a platform connecting travelers with hosts offering authentic cultural experiences and affordable accommodations. Led the complete design process: competitive analysis, user personas, JTBD framework, customer journey mapping, user flows, wireframes, visual design, and responsive adaptation.

**Cucina di Catherina Website**
Full-Cycle Redesign

Transformed an outdated website to drive customer engagement by integrating high-quality photography, restructuring information architecture for seamless navigation, and strategically positioning the product's unique value proposition.

**Professional Objectives**

Seeking a full-time position to collaborate with cross-functional teams, embrace constructive feedback, and deliver optimal design outcomes. Eager to learn from experienced designers while contributing a fresh perspective to challenging projects."
98319,"# UI/UX Designer

## Professional Summary

UI/UX Designer dedicated to crafting intuitive, visually compelling web and mobile experiences. Skilled at translating complex concepts into user-centered designs that solve real problems and streamline daily interactions. Combines design expertise with strong collaboration abilities and a commitment to delivering exceptional results.

## Professional Experience

**UI/UX Designer | Coaches Service**
*Current*
- Designing commercial coaches service application

**Team Lead & UI/UX Designer | Travel Service**
- Led team in developing web interface for ""change of environment"" travel platform
- Designed platform connecting hosts and tourists for apartment exchanges in return for household assistance
- Developed comprehensive dual user flows accommodating distinct host and tourist journeys
- Created wireframes and adaptive designs optimized for multiple device types

## Projects

**Table Booking Service Application**
*Personal Project*
- Designed intuitive booking application enabling seamless table reservations without phone calls
- Created interface for browsing restaurant and cafe availability and selecting preferred tables

**Ukrainian School Website Redesign**
- Redesigned school platform to deliver comprehensive institutional information and streamlined contact functionality
- Produced wireframes, desktop layouts, and adaptive versions for tablet and mobile devices

## Core Competencies

User Interface Design · User Experience Design · Wireframing · Responsive & Adaptive Design · User Flow Development · Web & Mobile Application Design · Team Leadership"
98320,"# UI/UX DESIGNER

## PROFESSIONAL SUMMARY

UI/UX Designer specializing in intuitive, visually compelling interfaces for mobile applications, websites, and software. Skilled at partnering with cross-functional teams to deliver user-centered design solutions that balance user goals with business objectives.

## CORE COMPETENCIES

User Research & Analysis • Usability Testing • Wireframing & Prototyping • User Flow Design • Visual Design • Stakeholder Collaboration • Accessibility & Inclusive Design • UI/UX Best Practices

## TECHNICAL SKILLS

**Design Tools:** Figma, Sketch, Adobe XD
**Prototyping Tools:** InVision, Marvel

## PROFESSIONAL EXPERIENCE

**UI/UX Designer**

• Partner with product managers, developers, and designers to translate user needs into compelling design solutions
• Conduct user research and synthesize feedback to drive informed design decisions
• Execute usability testing to validate and refine design effectiveness
• Produce wireframes, user flows, and high-fidelity visual designs
• Build interactive prototypes that clearly communicate design concepts to stakeholders
• Apply accessibility guidelines to ensure designs serve diverse user bases
• Maintain expertise in current UI/UX trends and best practices

## KEY PROJECTS

**Mobile Banking Application**
Designed comprehensive user interface for mobile banking application

**Health App User Research**
Led user research initiative to enhance user experience for health application

## PROFESSIONAL APPROACH

Committed to crafting interfaces that deliver seamless, delightful user experiences—enabling users to achieve their goals efficiently while upholding visual appeal and usability standards."
98321,"# UI/UX Designer

## Professional Summary
UI/UX designer specializing in user-centered design solutions for web and mobile applications. Skilled in end-to-end design processes—from task analysis and competitive research through interface prototyping and visual design—delivering intuitive products that align with user needs and client objectives.

## Skills & Expertise
- User Research & Competitive Analysis
- Target Audience Definition & Customer Journey Mapping
- User Flow Architecture
- Wireframing & Prototyping
- Responsive Design (Desktop, Tablet, Mobile)
- Visual & Interface Design

## Technical Skills
Figma | FigJam | Adobe Photoshop | Adobe Illustrator

## Project Experience

**Travel Go – Web Service**
*UI/UX Designer*
- Designed a web service connecting users with affordable and free international stays through volunteering opportunities
- Conducted problem definition, competitive analysis, and target audience research
- Developed customer journey maps and user flow architecture
- Created wireframes and prototypes aligned with identified user needs
- Delivered responsive layouts optimized for desktop, tablet, and mobile

**ReserveNow – Mobile Application**
*UI/UX Designer*
- Designed a mobile application enabling restaurant table reservations with interactive visual hall layouts
- Allowed users to browse restaurant floor plans, select specific seats or tables, and book for designated times
- Executed full design cycle from research through high-fidelity prototyping
- Delivered mobile and tablet adaptations

**Additional Personal & Team Projects**
*UI/UX Designer*
- Led and contributed to UI/UX design across multiple personal and collaborative projects
- Applied comprehensive design methodology consistently from concept to completion"
98322,"**UI/UX Designer**

Creative, detail-oriented UI/UX Designer with 1.5 years of experience specializing in user-centered interface design. Skilled at creating visually appealing, intuitive, and accessible digital experiences that align with industry standards and user needs.

**Core Competencies**

User-Centered Design • Wireframing & Prototyping • High-Fidelity Design • Responsive Web Design • Accessibility Implementation • Cross-Functional Collaboration • Sketch • Adobe XD • Figma

**Professional Experience**

**UI/UX Designer** | 1.5 Years

• Create user-centered interfaces for websites and web applications, balancing visual appeal with intuitive functionality
• Develop wireframes, prototypes, and high-fidelity designs using Sketch, Adobe XD, and Figma
• Build responsive, accessible designs aligned with current industry standards and trends
• Partner with designers, developers, and stakeholders to deliver quality designs on deadline
• Apply UI/UX design principles to ensure optimal user experience across digital touchpoints"
98323,"**UX/UI Designer**

**Design Team Lead | 2022-2023**
Built and managed a design team specializing in UX research, prototyping, and interface design. Fostered a collaborative environment focused on knowledge sharing and skill development while consistently delivering high-quality design projects.

**UX/UI Designer | Medical Clinic Interface Project | February 2023 - March 2023**
Designed and developed a complete medical clinic interface from concept to completion. Conducted comprehensive UX research to balance business requirements with user needs, delivering an intuitive and accessible design solution.

**Freelance Graphic & UX/UI Designer | March 2023 - Present**
Create websites and digital content for diverse clients. Manage projects independently and collaborate effectively within small teams to meet client objectives.

**UX/UI Design Certification | Ukraine**
Completed professional UX/UI design course and immediately applied learnings to establish and lead a design team. Cultivated an innovative team culture that encouraged idea sharing, continuous learning, and collaborative product development.

**Skills**
- UX Research
- UI Design
- Prototyping
- Team Leadership & Management
- Graphic Design
- Web Design
- Collaboration & Teamwork"
98324,"# UX/UI DESIGNER

## PROFESSIONAL SUMMARY

Passionate UX/UI Designer specializing in creating meaningful digital experiences that solve problems and simplify users' lives. Skilled in designing web and mobile applications through a full-cycle approach—from analysis and prototyping to visual design and implementation. Background in motion design enhances current design capabilities.

## EDUCATION & CERTIFICATION

**UX/UI Design Certificate**
8-Month Comprehensive Program
- UX/UI Design
- Web Design
- Mobile Design

## CORE COMPETENCIES

- Task analysis and user research
- Interface prototyping aligned with target audience needs
- Visual style development consistent with brand identity
- Seamless, intuitive user experience design

## PROJECT EXPERIENCE

**""Unreal"" — Restaurant Booking Mobile Application**
*Mobile App | Full-Cycle Design*
- Designed a platform for booking tables at unusual and unique restaurants
- Created an efficient reservation system enabling specific table selection
- Delivered a memorable, streamlined user experience

**""Wings of Hope"" — Ukraine Social Infrastructure Restoration**
*Web Service | Full-Cycle Design*
- Developed an interface connecting restoration requests for war-damaged Ukrainian social infrastructure with assistance offers from domestic and international partners
- Designed a solution engaging communities, government officials, private organizations, and investors

**Slavsko Ski Resort Website Redesign**
*Website | Full-Cycle Design*
- Redesigned and completely restructured site architecture
- Developed a unique, recognizable visual style to attract local and international tourism

**Audi Q3 Test Drive Landing Page**
*Landing Page | Full-Cycle Design*
- Designed an advertising landing page with integrated test drive booking functionality

## PROFESSIONAL OBJECTIVES

Seeking to collaborate with product managers, developers, and designers to bring design ideas to life and create complete digital products."
98325,"# Web Designer

## Professional Summary
Web designer with demonstrated UI/UX expertise through hands-on project development. Creates user-centered interfaces that balance visual appeal with functionality and intuitive navigation. Dedicated to delivering designs that elevate user experience and advance organizational goals.

## Skills
- UI/UX Design
- Interface & Layout Design
- Navigation Architecture
- Visual Design
- User Persona Development
- Requirements Analysis
- Design Tools

## Projects

**Museum Website**
- Designed an engaging, informative interface tailored to museum visitors
- Developed page layouts informed by user persona research and museum-specific requirements
- Positioned exhibit content strategically to optimize visual perception and user flow
- Built aesthetically cohesive, functional interfaces grounded in UI/UX principles
- Architected intuitive navigation to streamline the visitor experience
- Conducted comprehensive requirements analysis to guide design decisions

## Career Objectives
- Grow as a UI/UX designer through collaboration within professional teams
- Partner directly with clients to understand needs and deliver customized design solutions
- Expand technical proficiency in emerging technologies and design tools
- Continuously refine skills and integrate evolving methodologies into projects
- Create memorable user experiences that drive measurable business success"
98326,"# RESUME

## EDUCATION

**Projector Institute**

Completed Modules:
- Web Design Beginning
- Web Design Junior

Currently Enrolled:
- UX Design Module

## PROJECT EXPERIENCE

**Web Design Junior Module – Client Projects**

Delivered high-fidelity website redesign prototypes for two clients, managing the full design process from discovery through final presentation.

- Conducted client briefings to identify project goals and requirements
- Gathered visual references and developed strategic mindmaps
- Created wireframes to establish information architecture and user flow
- Designed polished UI solutions for desktop and mobile platforms
- Developed responsive, mobile-adaptive layouts

## PROFESSIONAL EXPERIENCE

**Sahu Media** – German Design Bureau
*Intern*

- Designed digital advertisement banners for clients using Adobe Photoshop
- Contributed to the development and maintenance of WordPress-based websites

## SKILLS

- UI Design
- Wireframing
- Responsive Web Design
- Adobe Photoshop
- WordPress
- Client Communication
- UX Research Fundamentals"
98327,"**PROFESSIONAL SUMMARY**

Detail-oriented Web and UI/UX Designer with hands-on experience in end-to-end website design, from research through execution. Committed to continuous professional growth in the IT industry.

---

**TECHNICAL SKILLS**

Figma | Adobe Photoshop | Adobe Illustrator

---

**PROJECT EXPERIENCE**

**Web & UI/UX Design Projects**

- Designed and developed landing pages and complete website layouts
- Executed website redesign projects to improve user experience
- Created web service designs with mobile application adaptation
- Conducted target audience research and competitor analysis to inform design decisions

---

**EDUCATION & PROFESSIONAL DEVELOPMENT**

**IT School ""Hillel""**
Web Design Basic Course | 2022–2023

**Continuing Education** | 2023–Present
Web Design | UI/UX Design | Mobile Design

---

**CORE COMPETENCIES**

- Strong attention to detail
- Reliable and accountable
- Dedicated to continuous skill development in IT"
98328,"# UX/UI Designer

Astute and organized UX/UI Designer skilled in user-focused research and data-driven design decisions. Specializing in creating user-friendly wireframes and prototypes. Seeking to join an innovative design team to enhance the user experience, leveraging creativity and problem-solving skills to create industry-leading products.

## PROJECT EXPERIENCE

**Landing Page for a Flower Shop**

Designed a landing page for a flower shop's bouquet delivery service. Conducted competitive analysis and created a moodboard to establish emotional context. Developed wireframes and UI kit, then delivered the complete landing page design.

**Redesign of the Italian Roastery Website**

Redesigned the website for Italian roastery ""Il Griso"" to improve visual appeal and usability. Conducted competitive analysis and developed site architecture. Created wireframes and UI kit for selected pages, then executed the redesign with prototyping and responsive adaptation.

**Web-Service for a Cleaning Company**

Designed a web-service for a cleaning company.

**Mind Map — Team Project**

Served as Scrum Master for a team project focused on mind mapping functionality.

## SKILLS

- User Research
- Wireframing & Prototyping
- UI Kit Development
- Competitive Analysis
- Data-Driven Design
- Scrum Methodology
- Responsive Design & Adaptation"
98329,"**PROFESSIONAL EXPERIENCE**

**Web Designer Assistant**

• Developed landing pages and online stores optimized for user experience and conversion
• Created interactive prototypes and designed digital assets including banners and marketing materials
• Designed print collateral including price lists and promotional materials
• Produced designs tailored to Western market clientele, including Etsy store products
• Developed comprehensive event branding packages: invitations, labels, photo banners, business cards, price lists, and order forms
• Created engaging social media content for Pinterest, Instagram posts, and Instagram stories

**TECHNICAL SKILLS**

**Design Tools:** Figma, Adobe Photoshop, Adobe Illustrator, Adobe XD, Canva

**Design Expertise:** UI/UX principles, Bootstrap grid system, adaptive design

**PROFESSIONAL ATTRIBUTES**

Self-disciplined and organized professional with strong planning and time management abilities. Effective team collaborator with demonstrated leadership qualities. Committed to continuous learning and professional development."
98330,"# UI/UX Designer

## Profile

UI/UX designer specializing in healthcare website design with commercial project experience. Delivering user-centered design solutions while continuously developing expertise in modern design tools and methodologies. Available immediately for remote internship opportunities.

## Experience

**Freelance UI/UX Designer**

- Designed and delivered end-to-end commercial website for dental clinic
- Translated healthcare client requirements into cohesive visual solutions
- Managed full project lifecycle from concept through final delivery

## Skills

**Design**
- UI/UX Design
- Figma
- User-centered design methodology

**Research & Analysis**
- Product observation and analysis
- Industry trend research and implementation

**Professional**
- Collaborative teamwork
- Strong work ethic
- Continuous learning mindset"
98331,"# PROJECTS

## Balance Spa
Landing page featuring Lo-fi and Hi-fi wireframes, prototype, UI kit, and developer handoff documentation.

- Designed Lo-fi and Hi-fi wireframes
- Developed interactive prototype
- Created comprehensive UI kit
- Prepared developer handoff documentation

## Foodly
Mobile application for supermarket product delivery.

- Conducted client briefing and defined target audience
- Performed competitor and heuristic analysis
- Created sitemap and user flow
- Designed Lo-fi and Hi-fi wireframes
- Developed UI kit and adaptive design
- Conducted user testing

## JOCCELLUM
E-commerce jewelry platform.

- Conducted client briefing and defined target audience
- Performed competitor and heuristic analysis
- Created sitemap
- Designed Lo-fi and Hi-fi wireframes
- Developed UI kit and adaptive design
- Conducted user testing"
98332,"# Anastasia
**Web Designer**

## Professional Summary
Web designer studying UI/UX design at Hillel Computer School. Seeking opportunities in product companies or game development. Committed to continuous learning and hands-on practice.

## Education
**UI/UX Designer Courses**
Hillel Computer School

## Skills

**Design Fundamentals**
- Typography
- Color theory
- Images, illustrations, and icons

**UI/UX Design**
- UI Kit development
- Auto Layout
- Styles and components
- Atomic design methodology
- Grid systems
- Prototyping
- Responsive design

**User Research & Strategy**
- Site architecture
- Target audience analysis
- User personas

## Career Interests
- Product companies
- Game development"
98333,"# PROFESSIONAL EXPERIENCE & PROJECTS

**UI/UX Design**
- Redesigned Turkish Airlines mobile application under mentor supervision, conducting heuristic analysis and identifying improvement opportunities while maintaining consideration for established user base
- Developed comprehensive system design, mobile application, and website for Richard Bank, executing full design process from concept to completion

# EDUCATION

**Art Academy**
Foundation in graphic design: typography, composition, and color theory

**Professional Development**
- Adobe Photoshop
- Adobe Illustrator
- Figma

# EXHIBITIONS

- *The Art of Change* — Ukrainian House
- *24.02 Before and After* — Photo Exhibition
- Cardiff School of Art and Design — Cardiff Metropolitan University

# ADDITIONAL INFORMATION

Practical experience gained through part-time projects during studies. Seeking opportunities to apply and develop skills in a professional environment."
98334,"**Car Wash App**

Mobile application for finding and booking car wash services. Users can locate the nearest car wash using geodata, reserve a specific date and time, select required services, and complete payment online.

**Role:** Team Leader

**Responsibilities:**

- Led cross-functional project team throughout full development lifecycle
- Conducted competitive analysis to inform product strategy and positioning
- Created comprehensive User Flow documentation to map user journeys
- Designed Wireframes and interactive Prototypes to validate concepts
- Developed final UI/UX design for mobile application"
98335,"**PROFESSIONAL EXPERIENCE**

**CloudyClean Webservice**
Designed complete user interface enabling users to quickly find and order cleaning services through filtered search functionality. Conducted in-depth competitor analysis and user flow research. Developed detailed prototypes from concept to completion.

**Alaska Pete's Website Redesign**
Modernized user interface to improve convenience, comprehensibility, and visual appeal. Performed comprehensive analysis of user flow, site blocks, and site logic to guide design implementation.

**FlowerLover Landing Page**
Designed convenient, aesthetic, and intuitive landing page for flower shop. Analyzed user logic for potential buyers to inform strategic design decisions.

**SKILLS & QUALIFICATIONS**
- User Interface Design
- Prototype Development
- User Flow Analysis
- Competitor Analysis
- Collaborative Team Environment

**CAREER OBJECTIVES**
Seeking junior designer position in office or remote setting, with openness to project-based opportunities."
98336,"**E-COMMERCE WEBSITE DESIGN & DEVELOPMENT**
NOVI Luxe

- Designed and developed e-commerce website through direct client collaboration
- Conducted user research utilizing surveys and interviews to inform design strategy
- Created wireframes, user flows, and interactive prototypes in Figma to visualize and communicate design concepts
- Implemented A/B testing to validate design decisions with data-driven insights
- Delivered project on time and within budget
- Received positive client feedback"
98337,"# PROFESSIONAL EXPERIENCE

**UI/UX Designer**

1+ year of professional experience delivering design solutions across multiple commercial projects for diverse clients including Looqme, HoReCa Show, S-Prof, and Lviv Organ Hall.

# EDUCATION & TRAINING

**UI/UX Design Course**
LITS

# TECHNICAL SKILLS

**Design Software**
Adobe Photoshop | Adobe Illustrator | Figma | InVision

**Core Competencies**
UI/UX Design Principles

# PROFESSIONAL INTERESTS

Pursuing challenging projects that foster skill development and collaborative teamwork opportunities."
98338,"# Professional Experience

**Comon Agency**
*January 2022 – February 2022*
Digital design and development professional. Position concluded due to organizational restructuring.

# Independent Practice
*February 2022 – Present*
Freelance designer and developer delivering client-focused digital solutions.

# Project Experience

**""On the Way"" Product Delivery Platform** – Client: Alexey
- Designed and developed conversion-focused landing page
- Created cohesive brand identity and visual system

**""Sammy Icon"" E-commerce Platform** – Client: Phillip
- Led complete redesign and development of multi-page online store
- Conducted UX research to inform design decisions
- Developed wireframes and information architecture
- Established comprehensive style guide and final design deliverables

# Core Competencies
- Landing Page Design & Development
- E-commerce Website Design
- UX Research & Wireframing
- Brand Identity Development
- Style Guide Creation"
98339,"# UI/UX Designer

## Skills & Expertise

**Design Disciplines**
• User Experience (UX) Design
• Graphical User Interface (GUI) Design
• Typography

**Technical Proficiencies**
• Figma
• Adobe Photoshop

**Design Methodologies**
• Design Thinking
• Human-Centered Design

## Education

**UI/UX Design Course**
Intensive 3-Month Program

## Portfolio

**Landing Pages**
Designed engaging, conversion-focused landing page experiences

**E-Commerce Platforms**
Created intuitive shopping interfaces prioritizing user flow and visual hierarchy

**Adaptive & Responsive Design**
Developed seamless cross-device experiences optimizing usability across screen sizes"
98340,"# UX/UI DESIGNER

## CERTIFICATIONS
- UX/UI Designer Certificate, Beetroot Academy
- CELI4 C1 Italian Language Proficiency

## SKILLS

**UX Research**
Mind mapping · Information architecture · Brief development · Competitive analysis · Empathy mapping · Persona creation · Customer journey mapping · User flow design · Wireframing

**UI Design**
Figma · Adobe Photoshop · Adobe Illustrator · Interactive prototyping · Responsive and adaptive design · Composition · Typography · Color theory · Grid systems · Design patterns · Icon design · Logo design

## PROJECTS

**Mobile Application — Family Medicine Clinic**
Beetroot Academy

**Landing Page — Design Studio**
Beetroot Academy

**Website — Beauty Salon**
Beetroot Academy

## PROFESSIONAL OBJECTIVE
Seeking to join a collaborative team working on engaging projects that offer opportunities for professional growth while contributing value to the organization."
98341,"# UX/UI Designer

## Professional Summary

UX/UI Designer with architecture and urban planning background, bringing systematic design thinking and spatial reasoning to digital experiences. Skilled in end-to-end design processes from user research through animated prototypes, with technical foundation in front-end development.

## Education

**Master's Degree in Architecture and Urban Planning** | May 2023  
Research Focus: Information Technology Integration in Architectural Design

**Professional Development**  
Mobile Application and Website Development | Design Principles Through Implementation

## Core Competencies

**Research & Strategy**
- User Interviews and Online Surveys
- Competitor Analysis
- User Personas and User Stories

**Design & Prototyping**
- User Flows and Wireframes
- Animated Prototypes
- Responsive and Adaptive Design

**Technical**
- HTML Markup
- CSS Styling

## Project Experience

**FeelFull — Website Redesign** | Food Delivery Enterprise
- Conducted UX research and participated in client meetings
- Designed complete user experience solutions

**TviyBrend — Catalogue Website** | Accessories Retail
- Developed comprehensive catalogue website
- Applied user-centered design principles with emphasis on visual appeal

**Colory — Mobile Application** | Photo Colorization Tool
- Designed full mobile application experience
- Created concept through animated prototype for black-and-white photo transformation feature

## Professional Objective

Seeking opportunities to expand expertise in UX/UI principles while creating impactful, user-centered designs."
98342,"# UI/UX Designer

## Professional Summary
UI/UX designer with demonstrated team leadership experience and a commitment to continuous professional growth. Skilled in end-to-end design processes for web and mobile applications, from user research through final implementation.

## Skills
- UI/UX Design
- User Research & Competitor Analysis
- Site Mapping & Functional Specifications
- Prototyping & Wireframing
- Responsive Design Adaptation
- Figma, Adobe Illustrator, Adobe Photoshop
- Team Collaboration & Leadership
- Project Responsibility & Deadline Management

## Project Experience

**Search for Lost and Found Animals** | Team Leader
- Led cross-functional team in developing a web platform connecting lost pets with owners and potential adopters
- Conducted comprehensive competitor analysis to identify market opportunities and inform design strategy
- Developed complete site map and functional specifications to guide development
- Implemented responsive design adaptation for optimal user experience across devices

**Furniture Store Landing Page**
- Designed intuitive, user-centered landing page for furniture retail client
- Performed competitor analysis and curated design references to establish visual direction
- Created prototypes and delivered final UI design for implementation"
98343,"# UX/UI Designer

## CORE COMPETENCIES

- User Experience Design (UXD)
- Wireframing & Prototyping
- UI Design
- Typography
- Auto Layout

## EDUCATION & PROFESSIONAL DEVELOPMENT

**UX Design Program**
Projector Institute | In Progress

**UX/UI Design Program**
Projector Institute | Completed
- Wireframing & Prototyping
- Typography
- Auto Layout

**Foundations of User Experience (UX) Design**
Google via Coursera | Completed
- User Experience Design
- Wireframing & Prototyping"
98344,"**UI/UX DESIGNER**

**PROFILE**

UI/UX Designer skilled at translating abstract ideas into wireframes and actionable concepts. Experienced in MVP creation, Design System implementation, and collaborative team environments. Proven ability to accelerate project delivery and streamline client presentations. Specialized in E-commerce and Edtech sectors.

**SKILLS**

- User Interface Design for Websites and Mobile Applications
- Wireframing and Prototyping
- Design System Implementation
- MVP Development
- Cross-functional Team Collaboration
- E-commerce and Edtech Project Design

**PROJECTS**

**Landing Page: ""Rainbow""**
Redesigned kindergarten website featuring updated visual design and restructured information architecture. Streamlined user experience to facilitate appointment booking and curriculum selection for parents.

**Web Service: ""CleanHouse""**
Developed service platform connecting users with cleaning service providers, including cleaner registration functionality. Collaborated within a three-person team, strengthening project management and team coordination skills.

**Mobile App: ""MY BRAND""**
Designed online shopping application featuring home delivery capabilities and seamless e-commerce functionality. Partnered with one team member to deliver complete mobile shopping experience.

**EDUCATION**

UI/UX Designer Course
GoIT School
February 2023 - August 2023

**OBJECTIVE**

Seeking to join a company that values employee development, where I can contribute my design expertise, gain professional experience, and grow as a valuable team member."
98345,"• Designed and developed e-commerce platforms, landing pages, and mobile app interfaces with a focus on user experience and visual appeal

• Collaborated with clients to define requirements and deliver design solutions aligned with business objectives and user needs

• Applied responsive design principles to create interfaces optimized across multiple devices and screen sizes

• Utilized Figma to streamline prototyping workflows and enable iterative design refinement

• Ensured pixel-perfect implementation through meticulous attention to detail and rigorous quality assurance

• Consistently met project deadlines while maintaining clear communication in fast-paced environments"
98346,"**UI/UX Designer**

**Online Perfume Store – UI/UX Design Concept**
- Designed comprehensive UI/UX concept for e-commerce platform, delivering complete design system with 18 web pages
- Created interactive prototypes and mapped user flows to optimize the customer journey
- Ensured consistent brand experience across all touchpoints through cohesive visual design
- Presented complete design system to client stakeholders

**Landing Page Redesign**
- Conducted analytical research and developed comprehensive documentation to inform design decisions
- Translated research findings into wireframes and interactive prototypes
- Designed complete UI concept featuring light mode, dark mode, and responsive adaptive versions
- Enhanced user experience through research-driven design solutions"
98347,"**PROFESSIONAL SUMMARY**

UX/UI Designer with hands-on experience in e-commerce design, landing pages, and non-profit organization projects. Background in photography and theoretical sociology brings a distinctive perspective to user-centered design solutions. Portfolio built through practical case studies completed at Projector School.

**SKILLS**

- Concept Development & Prototyping
- User Interviews & Research
- UI Kit Creation in Figma
- E-commerce Design
- Landing Page Design
- Presentation Skills
- Photography

**PROJECT EXPERIENCE**

- Designed e-commerce platforms from concept to prototype
- Created landing pages for various clients
- Developed design solutions for non-profit organizations
- Conducted user interviews to inform design decisions
- Built UI Kits in Figma for design consistency

**EDUCATION & TRAINING**

Projector School
Two courses completed with practical case studies

**ADDITIONAL EXPERTISE**

Photography | Theoretical Sociology"
98348,"**WEB DESIGN & DEVELOPMENT PROFESSIONAL**

**Core Competencies**

Website Design & Development | Custom Design Solutions | Constructor-Based Assembly | Game Design & Animation | Visual Development | Figma | Adobe Photoshop | Adobe Illustrator | macOS

**Professional Experience**

Delivered end-to-end turnkey website solutions, managing all phases from initial concept through design development and constructor assembly

Achieved and maintained a 100% positive client feedback rating across all completed projects

Created design and animation assets for gaming projects, contributing to engaging visual experiences

**Technical Proficiencies**

- **Design Tools:** Figma (primary), Adobe Photoshop, Adobe Illustrator
- **Specializations:** Custom design development, constructor-based website assembly, game animation, visual development
- **Environment:** macOS"
98349,"# UI/UX Designer

Creative, user-focused designer dedicated to building digital experiences that address user needs while achieving business objectives. Skilled in empathetic, user-centered design with a strong foundation in audience analysis, usability testing, problem identification, and solution development. Eager to contribute to a collaborative, innovative team environment.

## Skills

- UI/UX design for web and mobile applications
- User journey mapping
- Competitor analysis
- Persona development and empathy mapping
- Graphic design and visual communication
- Product photography and photo retouching
- Social media content creation
- Print design and production coordination

## Experience

**Graphic Designer**
Electro House Company | 2021–2023

- Designed and maintained website and mobile application interfaces, including main company site and online store
- Developed banners, icons, and graphic assets for company and partner websites
- Created commercial offers, presentations, and marketing communications
- Designed product packaging, stickers, decals, and instructional materials
- Produced print collateral including catalogs, booklets, and business cards
- Led social media graphic content strategy and execution
- Conducted product photography with post-processing and retouching

**Graphic Designer**
""Fact"" Publishing House | 2020–2022 (Project-based)

- Designed book cover layouts spanning fiction, children's literature, and non-fiction
- Developed design concepts for souvenir product lines
- Created layouts for diverse print materials

**Marketer & Designer**
Regional Medical Center | 2020–2021

- Designed outdoor advertising including banners, posters, and signage using CorelDRAW
- Coordinated print production with external vendors
- Created internal materials including gift certificates, evacuation diagrams, presentations, and commercial proposals

**Librarian**
Kharkiv Specialized Music and Theater Library named after K.S. Stanislavsky | 2016–2022

- Compiled and prepared monthly, quarterly, and annual operational reports
- Conducted planning, analysis, and staff training sessions
- Managed social media presence and promotional campaigns
- Designed event posters, invitations, graphic materials, and monthly newspaper layouts"
98350,"# PROFESSIONAL SUMMARY

UX/UI designer with 4 months of intensive study and hands-on project experience. Completed 3 projects—1 team collaboration and 2 individual—applying user-centered design principles throughout the full design process. Creates seamless web experiences through strategic research, prototyping, and visual design. Thrives in challenging environments that demand innovation and critical thinking.

# CORE COMPETENCIES

• User Interface Design
• User Experience Design
• Competitor Research & Analysis
• User Persona Development
• Prototyping & Wireframing
• Team Collaboration
• Design Systems Development

# TECHNICAL SKILLS

**Design Tools:** Figma, Adobe Photoshop, Adobe Illustrator

**Design Expertise:** Color Theory, Typography, UI Kits, Grid Systems, Website Design Prototyping, Mobile App Development, Responsive Design, Design Systems

# EDUCATION

**UI/UX Design Program**
GOIT | Currently Enrolled

Developing comprehensive skills in mobile and desktop application design and UX/UI methodologies.

# PROJECT PORTFOLIO

**Lost Pet Finder Web Service** | Team Project
- Analyzed competitor web services to identify market gaps and opportunities
- Created detailed user personas to guide design decisions
- Defined comprehensive user flow to optimize navigation
- Developed cohesive design system ensuring platform consistency
- Integrated interactive features including pop-ups and animal donation functionality

**India Cafe Website Redesign**
- Conducted thorough website analysis to identify improvement opportunities
- Redesigned complete user interface with focus on enhanced user experience
- Optimized color schemes, typography, and responsive design elements
- Developed comprehensive UI kit and design prototypes
- Prepared professional presentation for Behance platform

**Landing Page Design**
- Conducted comprehensive competitor research to inform design decisions
- Developed mood board to establish visual direction
- Executed complete UX/UI design process to create user-friendly experience

# PROFESSIONAL INTERESTS

Education & Mentorship | Team Collaboration | UX/UI Process Development | Professional Growth"
98351,"**UX/UI Designer**

Self-taught UX/UI Designer with 3 years of dedicated study and practical application. Proven ability to deliver client-facing freelance projects and develop comprehensive design work from concept to completion. Creator of 4ROLL, a Dungeons & Dragons Digital Game Companion App featured on Behance and Dribbble.

**Skills & Expertise**

- End-to-end UX/UI design process
- Freelance client project delivery
- Portfolio development and professional presentation
- Self-directed learning and continuous skill development

**Featured Project**

**4ROLL — Dungeons & Dragons Digital Game Companion App**
Comprehensive personal project demonstrating full UX/UI design capabilities, from initial concept through final execution. Featured on Behance and Dribbble.

**Experience**

- 3 years of focused UX/UI design study and hands-on practice
- Successfully completed freelance design projects for clients
- Built professional portfolio showcasing original design work
- Established presence on industry-standard platforms

**Professional Objective**

Seeking to contribute design skills within a collaborative team environment while gaining hands-on professional experience and continuing to develop expertise in UX/UI design."
98352,"# Resume

## Professional Summary

Design professional with one year of dedicated development in Graphic Design, Web Design, and UI/UX Design. Built foundational expertise across multiple design disciplines through comprehensive coursework and self-directed learning. Seeking an entry-level position with mentorship opportunities to apply and expand design knowledge in a professional environment.

## Education & Professional Development

**Completed Coursework**

Fundamentals of Graphic Design – Coursera

Fundamentals of Design – Creative Practice

Graphic Design: Composition – Creative Practice

UI/UX: Projecting and Design of Interfaces – Creative Practice

**Currently Enrolled**

Web Design + Layout – Alpaca School

**Independent Study**

Profession Graphic Designer – Genius Space

Profession Web Designer – Genius Space

Profession UX/UI Designer – Genius Space

## Core Competencies

- Graphic Design
- Web Design
- UI/UX Design
- Interface Design
- Design Composition"
98353,"# UI/UX Designer

## Professional Summary
Architectural and construction engineer transitioning to UI/UX design, bringing a unique perspective that combines structural thinking with user-centered design. Trained in comprehensive UI/UX methodologies at IMT Academy with hands-on freelance experience. Skilled at applying analytical problem-solving and design principles to craft intuitive, visually compelling user experiences.

## Skills
**Design**
- UI/UX Design
- Figma
- Adobe Photoshop
- Adobe Illustrator

**Technical**
- Architectural and Construction Engineering

## Experience

**Freelance UI/UX Designer**
- Delivered UI/UX design projects for clients
- Applied user-centered design principles to create intuitive interfaces

**Architectural and Construction Engineer**
- Current position leveraging technical problem-solving and detail-oriented design skills

## Education

**UI/UX Design Course**
IMT Academy

## Portfolio
Available on Behance"
98354,"# [YOUR NAME]

## DATA ENTRY SPECIALIST
**Health App Ornament** | Aug 2020 - Feb 2023

- Accurately entered user data from recipes, recommendations, and extracts into company systems
- Supported operational needs by executing directives from leadership

## TECHNICAL SUPPORT CONSULTANT
**IT Con Gaming** | Jan 2017 - Jun 2020

- Delivered technical support to users across multiple channels, including email, phone, and live chat
- Managed user correspondence through online consultant platform
- Processed payments and generated operational reports"
98355,"**PET SEARCH WEB SERVICE**
Collaborative web platform connecting lost animals with their owners. Led competitor analysis, developed JTBD framework and dog walker persona, and designed ad creation and services sections. Engineered geolocation search with advanced filter functionality to deliver precise results. Expanded platform features with dedicated dog sitter and dog walker discovery sections. Crafted calming visual aesthetic with strategic accent placement to enhance user experience.

**DATING APP**
AI-powered dating application leveraging behavioral analytics for intelligent matchmaking. Analyzes user behavior patterns across smartphone interactions and app usage to generate compatible pairings. Integrates machine learning algorithms that assess behavioral patterns, habits, and lifestyle indicators to connect users with aligned interests.

**LANDING PAGE CITROEN C4**
Designed promotional landing page showcasing the Citroen C4 model. Maintained brand consistency through strategic color application while emphasizing key vehicle advantages. Structured comprehensive vehicle specifications for optimal user comprehension.

**REDESIGN WEBSITE CROSSFIT CENTRAL**
Executed complete visual redesign for CrossFit center digital presence. Curated cohesive color palette aligned with fitness industry standards. Delivered enhanced UX solutions optimizing site navigation and user flow."
98356,"# PROFESSIONAL EXPERIENCE

**Marketing Designer**
Inoxoft | Dec. 2021 – Present

• Develop and maintain company website, ensuring cohesive brand presence and optimal user experience
• Mentor team members on design best practices and professional development
• Create compelling marketing materials and corporate presentations that effectively communicate brand messaging
• Conceptualize and design branded merchandise to strengthen company identity
• Produce polished case studies for Behance and additional platforms to showcase company work and attract prospective clients

**Teacher of Digital Design for Children** (Part-time)
GoITeens — IT Academy for teens and kids | Oct. 2022 – Present

• Deliver engaging digital design curriculum to young learners, fostering creativity and technical skills development

**Graphic Designer and Illustrator**
Awkward Styles | May 2019 – Dec. 2021

• Designed and refined company website to enhance visual appeal and functionality
• Created original illustrations and print-ready artwork for product lines

**Graphic Designer and Illustrator**
Freelance | 2017 – 2022

• Produced digital banners and print collateral for diverse client needs
• Developed custom illustrations for various applications
• Designed engaging Instagram content to drive audience engagement and brand visibility"
98357,"**PROFESSIONAL EXPERIENCE**

**CALL CENTER OPERATOR**
Delivery Company | May 2021 - Present
- Resolved crisis situations and restored normal operations, minimizing impact to business continuity
- Delivered customer assistance and support, ensuring positive client interactions

**SMM SPECIALIST**
Web Studio | 2019 - 2021
- Developed and managed social media marketing initiatives across multiple platforms

**CALL CENTER OPERATOR**
Sociology | June 2020 - August 2020
- Delivered customer service and support in a high-volume call environment

**CAREER OBJECTIVES**

Results-oriented professional seeking opportunities to collaborate with cross-functional teams, contribute to large-scale projects, and drive continuous improvement in product quality while delivering exceptional service to clients and stakeholders."
98358,"# UI/UX Designer

Passionate designer committed to continuous learning and staying current with emerging tools and industry trends. Strong understanding of design process workflows and fundamental principles of effective design.

## Objective

Seeking opportunities to apply acquired skills and knowledge while gaining additional experience in UI/UX design.

## Key Project

**Pet Owner Platform** | UI/UX Training Course

- Conducted comprehensive user research to inform design decisions
- Developed complete project documentation including user stories, job stories, and user flows
- Created low-fidelity prototype to validate concepts
- Designed high-fidelity prototype for final presentation

## Technical Skills

**Design Tools:** Figma, Axure, InVision, Photoshop

## Professional Experience

**Social Media Marketing and Content Specialist**

- Created and managed digital content across multiple platforms
- Applied visual design principles to marketing materials"
98359,"# PROFESSIONAL SUMMARY

Design-focused professional with expertise in transforming concepts into visual solutions using industry-standard tools and methodologies.

# SKILLS

**Design & Prototyping**
- Figma: Prototyping, wireframes, customer journey maps, mind maps, animations, UX research, UI design, landing pages, adaptive design, documentation, mockups

**Motion & Video**
- After Effects: Custom motion animations
- Premiere Pro: Video editing for web content

**Graphics & Image Editing**
- Photoshop: Image editing
- Illustrator: Graphic design"
98360,"# Professional Resume

## Web Design & Development

### Alaska Peters Website Redesign
*New York, USA*

Redesigned barbecue restaurant website, transforming an outdated design featuring low-quality imagery and incomplete business information into a modern, visually appealing digital presence. Overhauled site architecture and menu presentation to optimize user experience and deliver comprehensive restaurant details to potential customers.

---

### Clin Fix Web Service

Developed a full-service web platform connecting customers with professional service providers across multiple industries, including cleaning and gardening. Built a streamlined solution enabling efficient matching between clients seeking services and workers seeking employment opportunities."
98361,"# PROFESSIONAL SUMMARY

Established graphic and UI/UX designer with proven success helping a start-up organization build brand recognition through comprehensive identity development from the ground up. Contributed to website creation that significantly increased new customer visits and drove traffic growth to web and social media platforms through strategic design of web banners and graphic materials. Completed UI/UX & Web Design courses in 2018.

# CORE COMPETENCIES

**Digital Design**
Website, Landing Page, Dashboard & Mobile App Design | Responsive Design Implementation | Prototyping & UI Kit Creation | Web Banner & Social Media Graphics

**Brand Development**
Corporate Style & Identity Development | POS Materials Design & Print Preparation | Souvenir Product Development

**Visual Communication**
Infographics & Presentation Design | Digital Photography & Image Processing

# CAREER OBJECTIVE

Seeking a position with an international product IT company offering complex, challenging projects and collaborative work with experienced professionals."
98362,"**OBJECTIVE**

Seeking internship opportunity to apply UX design and technical development skills.

**EXPERIENCE**

**Hackathon Participant & Winner**
- Won hackathon with innovative chat-bot concept guiding users through engineering and biological specialty selection
- Designed conversational interface integrating career assessment functionality
- Partnered with career counselor to develop effective assessment questions
- Led continued product development beyond initial competition
- Collaborated cross-functionally to address barriers to women entering engineering fields

**Hospital Employee Workstation | Course Project**
- Designed and developed database architecture for automated hospital employee workstation
- Built functional application using C# in Visual Studio
- Managed database operations through SQL Management Studio

**EDUCATION**

**UX Design Certificate** | Google | In Progress
- Building professional portfolio

**SKILLS**

**Technical:** SQL Management Studio, C# Programming, Visual Studio, Database Development

**Design:** UX Design, Product Development

**Professional:** Team Collaboration, Cross-functional Partnership"
98363,"# Professional Experience

**UX/UI Designer**

- Designed and developed impactful landing pages and websites for diverse client portfolios
- Created website design for a dog shelter through volunteer organization partnership
- Partnered with cross-functional teams to deliver user-centered design solutions
- Translated client requirements into visually appealing, intuitive user interfaces
- Implemented usability testing methodologies to identify and address areas for improvement
- Consistently delivered high-quality designs within project timelines"
98364,"**UX Researcher & UI Designer**

**Panic Attack Support Application**

Partnered with a cross-functional team to design a mobile application empowering individuals experiencing panic attacks through self-education tools and evidence-based symptom reduction strategies.

**Key Contributions:**

- Led user experience research to uncover critical pain points and define user needs for panic attack management
- Crafted intuitive, accessible user interfaces specifically optimized for users navigating high-stress situations
- Architected information hierarchy and interaction flows to deliver educational content with clarity and ease
- Delivered user-centered design solutions within an accelerated 5-week sprint timeline

**Training & Development**

Completed a 4-month intensive UI/UX Design program (2022) led by Taras Shypka, developing expertise in collaborative product development, user research methodologies, and interface design principles through hands-on project experience."
98365,"# Professional Experience

**UX Designer**  
Save Ukraine Now (IF) 1 Day Donate

- Designed subscription-based charity website from concept to completion under tight deadline
- Conducted competitive analysis to establish strategic market positioning
- Identified and showcased organization's unique value proposition within the charitable sector
- Translated complex project information into clear, accessible content
- Iterating on website design based on performance metrics and user feedback

# Education & Professional Development

**UX Design Certificate Program**  
Google via Coursera | In Progress

- Completed 2 of 7 courses in comprehensive UX design program
- Developing expertise in user research, wireframing, prototyping, and usability testing"
98366,"**Freelance Designer & Developer**
July 2021 - November 2021

- Designed and developed user-centered products focused on solving core problems and optimizing task effectiveness
- Delivered end-to-end solutions from concept through development

**Devin**
April 2021 - July 2021

- Designed and developed company website
- Contributed to development of company projects
- Created mobile application design for insurance company client"
98367,"# Professional Summary

Results-driven professional transitioning to IT with a focus on UX/UI design. Proven quick learner with strong work ethic and adaptability. Currently developing skills in Figma through self-directed study and project work. Background in sales management and printing production operations.

# Skills

- UX/UI Design
- Figma (Interface Design & Prototyping)
- Sales Management
- Client Relations
- Production Coordination

# Projects

**UX/UI Design Project**
- Created interface designs and prototypes using Figma
- Applied UX/UI principles through self-directed project work

# Professional Experience

**Sales Manager**
- Managed client relationships and drove sales operations
- Built and maintained strong client relations

**Printing Production**
- Coordinated plastic card production processes
- Managed printing project documentation

# Professional Development

- Self-directed study in UX/UI design
- Actively expanding technical skills in the IT field"
98368,"**PROFESSIONAL RESUME**

---

**EDUCATION & TRAINING**

**Genesis Academy** | UI/UX School

**Para School** | Complex Internet Marketing Course

**Projector** | Web Design Junior | Web Design Beginning Courses

---

**PROFESSIONAL EXPERIENCE**

**UI/UX Design Intern** | Star Company

**Key Projects:**
- Document Verification Application
- Sport and Health Applications with Racing Theme

**Core Responsibilities:**
- Designed and developed user interface screens
- Executed iOS and Android platform adaptations
- Created App Store and Google Play marketing screenshots

**Technical Proficiencies:**
Figma | Adobe Photoshop

---

**SKILLS**

- User Interface Design
- User Experience Design
- Cross-Platform Mobile Design (iOS/Android)
- App Store Optimization Assets
- Web Design
- Internet Marketing"
98369,"# UX/UI Designer

## Summary
UX/UI designer trained in design principles and user interface development through Google's UX/UI Design certification on Coursera. Skilled in creating intuitive, visually appealing interfaces for websites and applications. Building practical expertise through ongoing personal projects that explore diverse design styles and approaches. Dedicated to continuous learning and crafting user-centered solutions.

## Education & Training
**Google UX/UI Design Certificate** | Coursera
- Mastered fundamental design principles
- Developed proficiency in design tools and programs for interface creation
- Gained expertise in creating intuitive, user-friendly interfaces

## Project Experience
**UX/UI Design Projects** | Google UX/UI Design Certificate
- Completed three comprehensive UX/UI design projects applying full design process
- Translated design principles into functional, polished interface solutions

**Independent Design Projects** | Ongoing
- Applying UX/UI knowledge through self-directed website and application projects
- Experimenting with varied design styles and methodologies
- Building hands-on experience through iterative project development

## Skills
- UX/UI Design Principles
- Interface Design
- Design Tools & Programs
- Website Design
- Application Design
- User-Centered Solution Development"
98370,"# UI/UX Designer

## Professional Summary

Dedicated UI/UX designer specializing in web and mobile applications. Delivers full-cycle design from task analysis and prototyping through visual styling to final implementation, creating usable products that drive measurable results. Collaborative team player who values constructive feedback and maintains a professional approach.

## Skills & Expertise

- UI/UX Design for Web and Mobile Applications
- Full-Cycle Design Process (Task Analysis, Prototyping, Visual Design, Implementation)
- Web Design Fundamentals (Moodboards, Grids, Typography, UI Kits, Responsive Adaptation)
- Persona Development
- User Flow Mapping
- Smart Animate Principles
- Cross-Functional Team Collaboration

## Project Experience

**Apartment Sales Website**
- Designed and delivered complete website for apartment sales
- Applied comprehensive web design principles including moodboards, grid systems, typography, UI kits, and responsive adaptation

**Web Service | Team Project**
- Collaborated with team members to develop full web service
- Executed persona development, user-flow mapping, and smart-animate implementation
- Contributed to end-to-end team-based design and development process

**Mobile Application**
- Designed and developed mobile application applying UI/UX best practices

## Core Values

- Results-focused, impactful design
- Open collaboration and mutual respect
- Commitment to continuous learning and professional development
- Career growth orientation
- Available for partially remote work arrangements"
98371,"# UI/UX Designer

## Profile

UI/UX Designer with experience creating intuitive, aesthetic interfaces for websites and mobile applications. Skilled in user research, competitor analysis, and designing simple, understandable interfaces—from landing pages to complex web services.

## Projects

**House Hopper** | Web Service
Designed an accommodation booking web service supporting two distinct user personas—property owners and guests—each with tailored functions and capabilities. Integrated property search, reservations, owner communication, and travel information into one unified platform.

**Flower Lover** | Landing Page
Designed a flower delivery landing page optimized to attract users and drive orders. Created a visually appealing, informative platform for exploring flower options, placing orders, and accessing delivery information.

**Educational Courses Landing Page** | Pet Project
Designed a landing page focused on course registration conversion.

**Additional Projects**
Completed 5 UI/UX design projects including landing pages, a website, a web service, and a mobile application.

## What I'm Looking For

**Meaningful Projects:** Opportunities to contribute to innovative UX/UI solutions that positively impact users' lives.

**Professional Growth:** Continuous skill development alongside experienced professionals who support learning and advancement.

**Collaborative Environment:** A team culture built on open communication, shared knowledge, and diverse perspectives."
98372,"# PROFESSIONAL EXPERIENCE

**Team Lead UI/UX Designer | Techgen IT**
- Led cross-functional design team, managing workflow organization and task distribution across complete project lifecycle
- Facilitated stakeholder communication with development teams, presenting design solutions and demonstrating interactive animations
- Ensured seamless alignment between design vision and technical implementation

**Team Lead UI/UX Designer | IT Community Platform (Freelance)**
- Directed design team in creating comprehensive user interface for multi-page IT Community website
- Managed end-to-end project planning, designer coordination, and delivery timelines
- Delivered cohesive multi-page design solution from concept to completion

**UI/UX Designer | House Design Services Landing Page (Freelance)**
- Designed business card landing page featuring company portfolio and complete service offerings
- Translated client brand requirements into effective visual representation
- Delivered polished design solution aligned with client objectives

**UI/UX Designer | Air Ticket Mobile Application (Freelance)**
- Designed intuitive mobile interface for flight search and booking platform
- Developed user-centered navigation flow prioritizing seamless booking experience
- Optimized user journey by identifying and eliminating friction points

# CORE COMPETENCIES

User Interface Design | User Experience Design | Interface Prototyping | User Research & Usability Testing | Team Leadership | Project Planning & Management | Cross-functional Collaboration | Design System Implementation

# TECHNICAL SKILLS

Figma | Adobe Photoshop | Adobe Illustrator

# PROFESSIONAL SUMMARY

Responsible and proactive UI/UX designer with proven experience leading design teams and delivering user-centered solutions. Result-oriented professional committed to continuous improvement and receptive to constructive feedback."
98373,"**RESUME**

**LEADERSHIP EXPERIENCE**

**Team Leader**
- Led team project ""Neaty Kitty"" — webservice for cleaning company (team of 3)
- Led team project ""Tap the Table"" — mobile application for restaurant table booking (team of 2)

**PROJECTS**

**Team Projects**

**""Neaty Kitty"" — Cleaning Company Webservice**
- Conducted thorough competitive analysis of similar services
- Explored target audiences using JTBD framework and personas
- Created Customer Journey Map and Userflow
- Designed convenient, uncluttered interface using Bootstrap 5 design system

**""Tap the Table"" — Restaurant Table Booking Mobile Application**
- Participated in all project phases from research to final delivery
- Conducted analysis, developed Userflow and Customer Journey Map
- Created wireframes, complete design, and interactive prototyping

**Personal Projects**

**Redesign of Sports Bar ""Yours Sports Bar""**
- Conducted complete competitive analysis of existing website
- Identified strategic advantages and disadvantages
- Created wireframes and responsive design for laptop, tablet, and mobile

**Tattoo Studio Landing Page Design**
- Developed project from references and competitive analysis
- Created wireframes and complete design

**EDUCATION**

**GoIT**
- Completed 4 projects during studies

**TECHNICAL SKILLS**

Figma | Bootstrap 5 | Wireframing | Prototyping | Responsive Design (Laptop, Tablet, Mobile) | User Research (JTBD, Personas, CJM, Userflow) | Competitive Analysis

**PORTFOLIO**

Cases available on Behance"
98374,"# UI/UX Designer

## Professional Summary

Motivated UI/UX designer with hands-on project experience across web and mobile platforms. Skilled in the complete design cycle from research through high-fidelity prototypes. Effective collaborator who also excels working independently.

## Project Experience

**Lost Pets Web Service** | Team Project

- Conducted competitive analysis to guide design strategy
- Developed user personas to inform user-centered decisions
- Created low-fidelity and high-fidelity prototypes
- Curated high-quality content assets
- Executed full end-to-end design cycle

**Mobile Application** | Team Project

- Collaborated on application design and development for mobile platform

**Hotel and Restaurant Complex Redesign** | Individual Project

- Performed competitive analysis
- Modernized and refreshed existing website design

**Citroen C4 Landing Page** | Individual Project

- Designed test drive registration landing page
- Delivered design aligned with client brief requirements"
98375,"# Professional Experience

**UX/UI Designer | Training Program**

Designed comprehensive digital experiences across multiple platforms including landing pages, websites, web services, and mobile applications with responsive and adaptive layouts.

---

## Key Project: Openmind Web Service

Collaborated on a team-based couchsurfing platform connecting global users for free accommodation exchanges and work-based lodging arrangements.

### Research & Strategy

- Conducted competitive analysis identifying strengths and weaknesses of existing platforms
- Developed user personas with detailed user stories, pain points, and application requirements
- Created user flows and detailed wireframes

### Design Deliverables

- Designed host profile interface with end-to-end user experience
- Created registration and housing listing flows
- Developed profile management interfaces and messaging system
- Built responsive adaptations for mobile phones and tablets
- Produced comprehensive UI kit
- Crafted host user persona and archetype documentation"
98376,"# Julia | UX/UI Designer

## Profile

Detail-oriented UX/UI Designer combining visual storytelling expertise from a photography background with comprehensive digital product design training. Skilled in transforming user insights into intuitive, responsive interfaces through research-driven design processes. Proficient in industry-standard tools including Figma and ProtoPie, with demonstrated ability to deliver cohesive design solutions both independently and within collaborative team environments. Passionate about creating meaningful user experiences for impactful commercial products.

## Skills

- UX/UI Design
- Figma
- ProtoPie
- Wireframing & Prototyping
- User Research & Competitor Analysis
- User Personas & Journey Mapping
- Responsive Web Design
- Mobile App Design
- Design Systems
- Team Collaboration

## Projects

**Buyland Supermarket Mobile App** | Team Project
- Designed mobile app enabling customers to scan and pay for purchases, eliminating checkout lines
- Conducted competitor analysis and defined target audience personas
- Created user journey maps, wireframes, and interactive prototypes
- Developed intuitive interface with cohesive color schemes and typography

**Clean Up Cleaning Service Website** | Team Project
- Designed responsive web service promoting cleaning services and facilitating online booking
- Performed competitor analysis and developed user personas
- Mapped user journeys and created wireframes and prototypes
- Delivered clean, accessible interface optimized for multiple devices

**Mainsail Realty Website Redesign** | Individual Project
- Redesigned website for established Florida real estate company with 20+ years of experience
- Targeted married, middle-aged homebuyers seeking personal or investment properties
- Created minimalistic, easily navigable design to enhance user experience

**Library App** | Mini-Project
- Designed onboarding and main pages in Figma
- Implemented animations using ProtoPie to enhance interface engagement

**Flower Shop App** | Mini-Project
- Designed onboarding, registration, main page, and product card screens
- Created animated video prototype using Figma

**IT School Dashboard** | Mini-Project
- Designed dashboard interface for educational technology platform

## Education

UX/UI Design Training | GoIT

## Background

Photography"
98377,"# **Professional Experience**

## **Freelance Web Designer** | Current

- Design and develop e-commerce platforms, landing pages, and mobile interfaces for diverse clients
- Created high-converting landing page for jewelry store, expanding potential customer reach
- Produce advertising banners and marketing creatives for client campaigns
- Execute structured design workflow from sketching through prototyping to final implementation
- Apply compositional theory and user interface principles to deliver intuitive, user-friendly experiences

---

# **Skills & Expertise**

**Design:** Web Design, Landing Pages, E-commerce, Mobile Interfaces, Banner & Creative Design

**Process:** Prototyping, Sketching, Responsive Design, User Interface Design

---

# **Professional Development**

- Expanding design capabilities through self-directed learning projects
- Studying diverse design styles and approaches
- Maintaining current knowledge of modern design trends and best practices

---

# **Design Philosophy**

Creating stylish, high-quality websites that balance aesthetic appeal with intuitive user experience and seamless navigation."
98378,"# UI/UX DESIGNER

## SKILLS & EXPERTISE

Figma • Photoshop • Illustrator • CorelDraw • Canva

Usability Principles • UX Methodology • Graphic Design Fundamentals • Typography • Color Theory

Website & Mobile Application Design • Responsive & Adaptive Design

Creative Problem-Solving • Collaborative Team Environments

## PROFESSIONAL EXPERIENCE

**Social Impact Project – Volunteer Website Development**

Designed and developed a web platform connecting volunteers with community initiatives, establishing information architecture, creating wireframes and high-fidelity mockups, and configuring responsive layouts for multiple devices.

## SELECTED PROJECTS

**Real Estate Website Redesign**

Reimagined user experience and visual design for a real estate platform, conducting competitive analysis, developing user personas, mapping user flows, and optimizing visual hierarchy to enhance usability.

**Pet Search Web Service**

Designed end-to-end user experience for a pet adoption and search platform, curating visual direction including color palette, typography, and graphic styles while creating compelling calls-to-action to drive user engagement.

## DESIGN PROCESS

**Research & Planning**
Define project goals • Identify target audiences • Conduct competitive analysis and market research • Develop user personas • Map user flows

**Structure & Visual Direction**
Establish information architecture • Define key interface elements • Curate color palettes, typography, and graphic styles • Analyze composition and layout strategies

**Execution & Optimization**
Create wireframes and high-fidelity mockups • Design aesthetically refined interfaces with strong compositional balance • Configure responsive layouts • Optimize images and media assets for performance"
98379,"# UX/UI Designer

## Professional Summary

UX/UI Designer with experience in web application development, adaptive design, and prototyping. Strong command of UX and UI principles with expertise in creating intuitive, visually compelling user interfaces. Advanced proficiency in Figma, including auto layout, components, variants, and animation. Skilled at planning and structuring projects at scale while maintaining meticulous attention to detail. Adaptable professional who integrates quickly into workflows and maintains focused concentration.

## Technical Skills

**UX/UI Design**
- Sitemap and User Flow Development
- Lo-Fi and Hi-Fi Wireframes
- Prototyping and User Testing
- UI and UI-Kit Design
- Adaptive Design
- Typography and Color Theory

**Research & Analysis**
- Client Analysis and Competitor Research
- UX/UI Principles Application
- Nielsen Heuristics Analysis
- Mood Board Creation

**Tools**
- Figma (Auto Layout, Components, Variants, Animation)

## Professional Skills

- Design Decision Argumentation
- Communication and Team Collaboration
- Adaptability to Project Requirements
- Attention to Detail
- Workflow Organization and Project Management
- Priority Management
- Time Management
- Self-Motivation
- Creativity

## Project Experience

### E-Commerce Website

**Overview:** Developed an e-commerce platform for emerging manufacturers integrating trends, textiles, and materials. Primary objective: automate goods ordering and create a brand-presenting website that reduces the need for immediate in-store visits.

**Methodology:** Project Research | Competitor Analysis | Client Briefing | Target Audience Definition | Sitemap | User Flow | Lo-Fi and Hi-Fi Wireframes | Nielsen Heuristics Analysis | Mood Board | User Testing | UI-Kit and UI | Prototype

**Achievements:**
- Designed intuitive catalog with filters and sorting functionality
- Created comprehensive product cards containing all essential information
- Developed functional shopping cart with order editing capabilities
- Implemented order placement system with delivery and payment method selection
- Achieved top results across all testing metrics: CSAT, Completion Rate, and Task Time

### Animal Shelter Landing Page

**Overview:** Developed a landing page highlighting shelter animal adoption. Design requirement: create an appealing, stylish interface without excessive somber tones.

**Methodology:** Project Research | Secondary Research | Sketching | Lo-Fi and Hi-Fi Wireframes | Brainstorming | Mood Board | UI-Kit and UI | Prototype

**Achievements:**
- Designed attractive 10-block interface presenting comprehensive project details
- Addressed and combated common myths about shelter animals
- Integrated interactive form for pet selection"
98380,"# Junior UX/UI Designer

Detail-oriented UX/UI designer with a background in furniture and interior design. Experienced in landing page design, web services, and mobile applications. Committed to understanding user needs and crafting solutions that balance functionality with visual appeal.

## Experience

**Landing Page Designer**
Designed landing page for BusinessUp course within tight deadlines.

## Project Experience

**FinEasy Web Service**
Collaborated on FinEasy, a web service for accountants and entrepreneurs. Conducted UX research, created personas, developed user flows, and designed adaptive UI components with animations. Delivered seamless cross-device experience.

**Mexican Restaurant Website Redesign**
Conducted competitor analysis, created wireframes, and implemented UI design with responsive adaptation and animation in Figma.

**Urban Festival Landing Page**
Executed full design cycle: competitor analysis, wireframing, UI development, and responsive adaptation for tablets and mobile devices.

**BusinessUp by Podvigina Landing Page**
Designed landing page for practical course, delivering UI kit and animation elements within tight deadline.

## Personal Projects

2 pet projects

## Core Competencies

- UX Research & User Flows
- UI Design & Animation
- Responsive/Adaptive Design
- Wireframing & Prototyping
- Figma
- Competitor Analysis
- Team Collaboration"
98381,"**EDUCATION**

**Mobios School** | 2020
UX/UI Design and Mobile Design

**Projector** | 2021
Junior Web Design – Alex Kim, Den Potapov
Font Logo Design – Kate Jacushek

---

**SKILLS & EXPERIENCE**

**Design Services**
- Social media banners and print outdoor advertising
- Adaptive landing pages
- E-commerce and corporate websites
- Mobile applications
- Logo creation

**UX/UI Process**
- Client briefing and consultation
- UX research and competitor analysis
- Business area analysis
- Persona creation
- Customer Journey Mapping (CJM)
- User Flow development
- Interactive prototyping
- Project presentation and client representation

**Design Fundamentals**
- Typography and grid systems
- Color theory
- Mood and atmosphere development"
98382,"# UI/UX Designer

## Professional Summary
UI/UX Designer specializing in user experience and interface design. Engaged contributor to the design community through meetups and design marathons. Portfolio showcases expertise in wireframing, prototyping, and application redesign.

## Experience

**UI/UX Designer** | Freelance  
*1 Month*

- Conducted visual research and translated findings into design sketches
- Developed wireframes and interactive prototypes for improved user flows
- Redesigned application interface to enhance user experience
- Created social media assets including YouTube and Instagram banners and intros
- Designed and refreshed brand logos to strengthen visual identity

## Skills

**Design Tools**
- Figma
- Adobe Photoshop
- Adobe InDesign
- Adobe Illustrator
- InVision

**Technical Knowledge**
- HTML/CSS fundamentals with understanding of development workflows

**Core Competencies**
- Clear communication
- Workflow organization
- Time management

**Languages**
- English: Advanced

## Professional Goals
- Deepen expertise in UX design methodologies
- Solve complex user experience challenges and craft exceptional digital experiences
- Collaborate and grow within a team of design professionals

## Additional Information
- Portfolio available upon request
- Not seeking opportunities in gambling or gambling advertisement design"
98383,"# UI/UX Designer

## Professional Summary
Detail-oriented UI/UX Designer with a research background, combining analytical skills with design expertise to create user-centered digital experiences. Proven ability to conduct comprehensive competitor analysis, user research, and translate insights into impactful design solutions.

## Skills & Tools
**Design:** Figma, Adobe Photoshop, Typography, UI Kit Development, User Flow Design

**Research:** Competitor Analysis, User Research, Target Audience Analysis, UX Evaluation

**Additional Competencies:** QA Testing, Regression Testing

## Projects

**Destin/Tattoo — Tattoo Salon Website Redesign**
- Conducted competitor analysis and comprehensive UX evaluation of existing website
- Performed user analysis to establish data-driven design decisions
- Redesigned complete visual identity including color palette, typography, and user flow
- Delivered high-impact redesign that significantly increased site usability

**HelpPets — Volunteer & Pet Recovery Platform**
- Collaborated with team on competitive landscape analysis
- Developed comprehensive Typography system and UI Kit for multi-function web platform
- Designed end-to-end user flow and interface for lost pet reporting functionality
- Contributed innovative feature concepts including AI-powered pet movement prediction

## Professional Experience

**Research Manager**
Entertainment/Crypto Company | 1 year 3 months

- Conducted comprehensive research including target audience analysis, competitor benchmarking, and regulatory policy assessment across multiple markets
- Collaborated with QA department on UI/UX and regression testing initiatives

## Education
- UI/UX Course, Hillel IT School
- UI/UX Webinar, GoIt School

## Areas of Interest
Animations, Mock-ups, 3D Design"
98384,"# PROFESSIONAL EXPERIENCE

## Web Service for Finding Lost Pets | Team Project
Platform connecting pet owners with community members to locate missing pets.

**Key Contributions:**
- Developed user personas and Jobs-to-be-Done framework to guide product decisions
- Designed core interface pages: lost animals, found animals, and user advertisement sections
- Built comprehensive forms for lost and found animal advertisements
- Implemented drop-down list functionality
- Partnered with cross-functional team members to deliver additional project requirements

## India Cafe Redesign | Independent Project
Complete redesign of restaurant website to address outdated visuals and information gaps.

**Key Contributions:**
- Established minimalist design direction
- Applied accessibility standards, clear structure, and visual hierarchy principles
- Delivered modern, user-friendly interface

## Flower Shop Landing Page | Independent Project
Single-page website for bouquet delivery service.

**Key Contributions:**
- Designed clean, intuitive interface showcasing flower photography
- Created distinctive color scheme to establish competitive differentiation
- Streamlined user flow for browsing arrangements and placing delivery orders

---

**Career Objective:** Seeking a full-time position with a company focused on simplifying everyday life and business operations, offering opportunities for professional development within a collaborative environment."
98385,"# UI/UX DESIGNER

**2022 - Present**

## PROFESSIONAL EXPERIENCE

• Create user-centered designs for diverse clients, from startups to established businesses

• Design responsive web pages, landing pages, and blog platforms

• Develop comprehensive brand identities, including logos, social media assets, and custom illustrations

• Design mobile and web applications, delivering intuitive user experiences

• Collaborate cross-functionally with clients and development teams to ensure seamless project delivery

• Build fully responsive websites from concept through deployment, translating wireframes and designs into clean, semantic HTML5/CSS3 (SASS/SCSS)

• Apply UI/UX best practices while maintaining brand consistency and meeting user needs

## COMMERCIAL EXPERIENCE

**JetIQ** | Vinnytsia National Technical University (2022-2023)
UI/UX Designer — Wireframing, design system creation, component libraries, and interface layout

## NOTABLE PROJECTS

**Anitime** — Mobile application for streaming anime content

**Innovexa** — Landing page for a data security services company

## EDUCATION & TRAINING

**Junior Front-end Developer** — EPAM University

**UI/UX Designer** — Taras Shypka

## TECHNICAL SKILLS

**Design:** Figma, Adobe Illustrator, Adobe Photoshop, Procreate

**Development:** HTML5, CSS3, SASS, SCSS"
98386,"# UI/UX Designer

## Professional Summary
Dedicated UI/UX Designer with hands-on experience in end-to-end design processes, from competitor analysis and user research to prototyping and final UI implementation. Committed to creating intuitive, user-friendly digital experiences that solve real problems. Adaptable, detail-oriented, and ready to take on challenging projects.

## Project Experience

**Flower Lover – Landing Page**
Designed a landing page for a bouquet ordering and delivery service. Conducted competitor analysis and developed a mood board to inform visual direction. Created a streamlined one-page layout featuring intuitive navigation and a cohesive, inviting color palette.

**Custom Concept Tattoo & Design – Website Redesign**
Led website redesign for a tattoo studio to modernize the visual identity and resolve inconsistent display issues across devices. Delivered a clean, contemporary design focused on improving user experience and attracting potential customers.

**VDOMA – Web Service**
Designed a comprehensive animal search web service to help owners locate lost pets more efficiently. Managed full design lifecycle including competitor analysis, user persona development, prototyping, system design, UI design, and responsive adaptation."
98387,"# UX/UI Designer

## Career Goals

Seeking UX/UI design roles focused on creating user-centered digital experiences. Looking for positions that offer opportunities for creativity and collaboration within cross-functional teams, with emphasis on design innovation. Interested in environments that allow for thorough user research, thoughtful ideation, and testing. Committed to contributing to projects that prioritize quality and user satisfaction.

## Projects

**f.Lover Mobile App for Delivering Flowers**

Developed a mobile application for ordering and delivering bouquets and gifts online. Created gift and flower recommendations for users. Designed functionality enabling users to order gifts for specific dates, times, and special occasions.

**Mobile App Optimization**

**Web Service Design**

**Landing Page Design**

**Indian Cafe User Interface Redesign**"
98388,"# UX/UI Designer

## Professional Summary
UX/UI Designer skilled in user research, interface design, and team leadership, with experience delivering mobile and web applications. Proficient in both independent and collaborative project execution, combining strong technical abilities with solid design theory.

## Projects

**Flowers Delivery Mobile App**
- Designed user-friendly, intuitive interface for online flower ordering service
- Conducted persona research to identify and understand customer needs
- Created seamless mobile experience enabling customers to order bouquets from anywhere in the world

**Pet Scout — Animal Pet Search Web Service**
- Led UX research including competitor analysis and user flow development
- Architected information hierarchy and applied design principles to create compelling user experience for missing pet search platform
- Produced wireframes, mockups, prototypes, and Behance presentation through team collaboration
- Served as team leader and primary idea generator

**Barbershop Landing Page**
- Designed landing page enabling visitors to explore services and schedule appointments with selected barbers
- Performed competitor analysis, developed personas, and applied user research methods
- Delivered responsive designs optimized for desktop, tablet, and mobile

**Tattoo Studio Website Redesign**
- Redesigned tattoo salon website enabling visitors to browse artist portfolios and book consultations
- Conducted competitor analysis and demographic research including age, gender, and behavioral data
- Produced visually appealing, intuitive interface grounded in research findings

## Career Goals
Seeking remote position with a company or freelance capacity to continue growing as a designer. Interested in opportunities offering mentorship. Committed to creating products that meet customer needs and expectations."
98389,"# UI/UX Designer

## Professional Summary

UI/UX Designer specializing in web and mobile applications, transforming concepts into practical solutions. I create visually appealing designs that solve challenges and optimize user goals through aesthetics and strategic problem-solving. Experienced in both collaborative team environments and independent project execution.

## Skills

**Design Tools:** Figma, Adobe Illustrator, ProtoPie, Adobe Photoshop

**Core Competencies:** Low and High Fidelity Prototyping | Vector Illustration | Component Design | Adaptive Design | Logo Creation | Landing Page Design | User Interface Improvement | User Experience Optimization

## Selected Projects

**Website Redesign: Destin Tattoo Company**
Led comprehensive independent redesign encompassing competitor analysis, prototyping, content strategy, color palette development, logo design, wireframe creation, component design, and responsive adaptation for tablet and mobile devices.

**Web Service: The Lost Pets**
Collaborated on web service enabling users to find, return, or adopt animals. Developed user flow for individuals who found or rescued animals. Created custom logo for the platform.

**Mobile App: Suit Store**
Designed mobile application prioritizing user convenience for product search and purchase. Created streamlined user flow for persona purchasing across multiple product categories. Led project from prototyping through final delivery, transitioning from team collaboration to independent execution.

## Career Objectives

Seeking a full-time position with a creative team where I can solve challenging problems, improve user interfaces, and pursue creative advancement on design projects."
98390,"# UX/UI Designer

## Professional Summary
UX/UI Designer experienced in leading design teams and delivering comprehensive digital solutions across web and mobile platforms. Specializing in user-centered design for responsive interfaces that strengthen connections between clients and their users.

## Professional Experience

**Team Leader | BudgetStay Project**
*Web service for accommodation finding*
- Led a 2-designer team in developing a couch surfing and budget lodging platform
- Architected main user flow supporting free and premium account types
- Designed secondary flow accommodating 3 distinct host categories
- Delivered responsive designs for desktop, tablet, and mobile with interactive desktop prototype

**Team Leader | Sensual Temple** *(In Progress)*
*Landing page for tantric massage salon*
- Designing responsive landing page across desktop, tablet, and mobile breakpoints
- Crafting strategic visual design to attract potential clients and communicate service offerings

## Personal Projects

**FoodieFinder** *(In Progress)*
- Designing mobile application interface for restaurant discovery and table reservations
- Developing preference-based search functionality for streamlined booking experience

**India Cafe Redesign**
*Website redesign for Indian restaurant in Pennsylvania, USA*
- Modernized website design to improve customer acquisition
- Expanded site architecture with photo gallery and menu pages
- Integrated restaurant reservation booking functionality
- Created responsive designs for desktop, tablet, and mobile with interactive prototype

**Citroen 4 Landing Page**
*Concept design for Citroen 4 in Ukraine*
- Designed concept landing page featuring test drive scheduling
- Delivered desktop version

## Career Objectives
Seeking to join a collaborative team focused on modern projects that create meaningful connections between service providers and clients. Committed to continuous growth and excellence in design."
98391,"# PROFESSIONAL SUMMARY

UX/UI Designer with 15 years of experience teaching design principles and technology. Skilled in executing full design cycle projects encompassing website redesign, adaptive design, and mobile applications. Expertise in moodboard creation, landing page design, user research, persona development, and user flow mapping.

# TECHNICAL SKILLS

**Design Tools:** Figma, Adobe Photoshop, Adobe Illustrator, Canva, CorelDRAW, ProtoPie

**Additional Expertise:** Raster and Vector Graphics, 3D Modeling, Programming Languages

# PROFESSIONAL EXPERIENCE

**Computer Science Teacher**
School | 15 Years

- Delivered comprehensive curriculum in raster and vector graphics, 3D modeling, and programming languages
- Applied Adobe Photoshop, Adobe Illustrator, and design principles in instructional development
- Integrated emerging technologies into teaching practice through continuous professional development

# DESIGN PROJECTS

**Veterinary Clinic ""Aibolit"" — Website Redesign**
Full Design Cycle

- Conducted user problem analysis and gathered business requirements
- Developed interface prototype and established cohesive visual style
- Delivered modern, user-friendly design optimized for customer acquisition

**""Coffee Time"" — Mobile Application**
Full Design Cycle

- Researched user needs for streamlined, queue-bypassing checkout experience
- Created interface prototype and developed unified visual style
- Designed self-service mobile application enabling customers to scan and pay independently
- Delivered solution improving user experience and supporting customer acquisition

# CAREER OBJECTIVE

Seeking to contribute design skills to a collaborative, motivated team while continuing professional growth and achieving shared goals."
98392,"# UI/UX Designer

## Education

**Online IT School** | UI/UX Design Program
8-month comprehensive program covering landing pages, websites, web services, and interface components

## Projects

### VISIT | Travel Web Service
Full-stack design for a platform facilitating travel throughout Ukraine

**Objective:** Create an intuitive platform enabling users to efficiently plan and organize trips to destinations across Ukraine

**Process:**
- Conducted UX research and competitive analysis to inform design decisions
- Developed wireframes grounded in research insights
- Designed feature set leveraging identified competitor strengths while addressing market gaps

### Poltavski Galyshki | Website Redesign
Complete redesign for Poltava Dumplings cafe

**Objective:** Deliver a user-centered website providing comprehensive information about the establishment and its services

**Solutions:**
- Architected site structure from the ground up
- Organized content into intuitive, logical sections
- Strategically integrated photography and contact information throughout the user journey

## Additional Experience

2 independent design projects"
98393,"# PROFESSIONAL EXPERIENCE

**Layout Designer**
Various Publishing Houses | 10+ Years

- Designed layouts for books, magazines, and posters, ensuring visual consistency and brand alignment
- Developed page designs and typography systems for diverse print publications
- Created custom vector illustrations and sourced visual assets to support editorial content
- Processed and optimized bitmap images for print production
- Compiled collages integrating multiple visual elements
- Prepared print-ready files and managed prepress production workflows

# EDUCATION

**H.S. Skovoroda Kharkiv National Pedagogical University**
Faculty of Art and Graphics — Ad Designer

**Mobios School** | Sep 2021 — Dec 2021
UX/UI Web Design + Mobile Design

**CURSOR Education** | Feb 2021 — Jul 2021
UI/UX Designer

**Source IT** | Feb 2015 — Apr 2015
HTML Layout

# SKILLS & COMPETENCIES

**UX Research:** Client Interviews, UX Persona Development, Customer Journey Mapping, Competitor Analysis, SWOT Analysis

**Design:** UI Design, Web Design, Mobile App Design, Wireframing, Information Architecture Development

**Production:** Print Production, Typography, Layout Design

**Professional:** Communication, Cross-functional Collaboration

# PROJECTS

**UI/UX Design Final Project**

- Conducted client interviews to identify user needs and business requirements
- Performed competitor analysis and SWOT analysis to inform design strategy
- Developed UX Personas and Customer Journey Maps to guide user-centered design decisions
- Created information architecture and wireframes
- Delivered final UI design"
98394,"# Professional Summary

Graphic designer with one year of freelance experience specializing in print publications and illustrations. Skilled in Adobe Photoshop and Adobe Illustrator with comprehensive UX design training in research methodologies, wireframing, and prototyping. Seeking to leverage visual design expertise and user-centered design principles in a UX/UI design role.

# Professional Experience

**Freelance Graphic Designer**
*One Year*

- Created print publications and illustrations for clients, translating project requirements into polished visual deliverables
- Produced design work using Adobe Photoshop and Adobe Illustrator

# Education & Training

**Google UX Design Professional Certificate**
Coursera
- Conducted UX research applying user-centered design methodologies
- Developed wireframes and interactive prototypes
- Completed end-to-end case study project demonstrating full design process

**Introduction to Software Product Management**
University of Alberta

**Fundamentals of Graphic Design**
California Institute of the Arts

# Honors & Awards

**Diploma of the II Degree**
Sixth All-Ukrainian Student Olympiad
Discipline: Design of Publishing and Printing Production"
98395,"# UI/UX Designer

## Core Competencies

User-Centered Design | User Research & Analysis | Information Architecture | Wireframing & Prototyping | Interaction Design | Usability Testing | Cross-Functional Collaboration | Client Management | Project Management

## Professional Experience

**Freelance UI/UX Designer** | 6 months

- Design and deliver custom user interfaces for diverse client projects, translating business requirements into intuitive digital experiences
- Conduct user research and requirements analysis to inform design decisions and validate solutions
- Develop information architecture, wireframes, and interactive prototypes to communicate design concepts
- Lead usability testing sessions and implement iterative improvements based on user feedback
- Partner with development teams to ensure accurate implementation and maintain design integrity
- Manage end-to-end project timelines while maintaining clear client communications
- Produce designs that enhance user experience and drive improved conversion rates

## Education & Training

**UI/UX Design Certification**

Comprehensive training in design principles, user research methodologies, wireframing, prototyping, and interaction design

- Completed individual and collaborative design projects applying theoretical knowledge to real-world scenarios
- Recognized for attention to detail, creativity, and effective incorporation of user feedback
- Demonstrated strong independent work ethic and consistent delivery within deadlines

## Professional Development

- Continuously expand expertise through self-directed learning and industry research
- Participate in design webinars and engage with professional design communities
- Maintain proficiency with evolving tools and emerging design practices"
98396,"# UI/UX DESIGNER

## PROFILE

Dedicated UI/UX designer with 11 months of continuous professional development, delivering creative, original solutions across web design and UX research. Ukrainian designer bringing unique cultural perspective and distinctive style to every project. Committed to continuous learning and professional growth.

## EXPERIENCE

**UI/UX Designer**

- Redesigned roofing materials plant website, transforming an outdated multi-page site into a modern, functional landing page with streamlined structure
- Designed landing page for tea studio featuring culturally stylized visuals that balance essential information with aesthetic experience
- Developed online store for board games incorporating AI elements
- Conducted UX research for Ukrainian cinema network Multiplex application, identifying key usability issues and proposing actionable solutions

## TECHNICAL SKILLS

**Design Tools**
- Figma (Advanced): Components, Variants, Auto Layout, Constraints
- Adobe Photoshop
- Adobe Illustrator
- Adobe After Effects (Motion Design)
- Webflow

## EDUCATION

Ongoing studies in UI/UX Design"
98397,"# PROFESSIONAL SUMMARY

Designer bridging creative vision and technical execution. Combines front-end development expertise with UI/UX sensibility, backed by professional experience in illustration, 2D character design, and client project management.

# TECHNICAL SKILLS

**Front-End Development**
HTML5 · CSS3 (responsive/adaptive design) · SASS/LESS · Flexbox · JavaScript · React.js (component architecture, developer handoff) · Bootstrap · Git

**Design Tools**
Figma · Adobe Photoshop · Adobe Illustrator · Adobe InDesign · Procreate

# PROFESSIONAL EXPERIENCE

**Freelance Designer**
- Delivered commissioned illustrations and portraits for diverse client base
- Directed client relationships from concept through final delivery
- Coordinated multiple concurrent projects while maintaining quality and deadlines

**2D Character Designer — Remote**
- Designed original 2D characters for training video production

# STRENGTHS

- Fluent in both design and development workflows, enabling seamless cross-team collaboration
- Rapid proficiency with new tools and technologies
- Committed to continuous professional growth
- Unified approach integrating art, design, and front-end development principles"
98398,"# UI/UX Designer

## Professional Summary

Detail-oriented UI/UX Designer with a passion for solving complex problems through thoughtful, user-centered design. Skilled at creating simple, intuitive interfaces that prioritize usability and accessibility. Strong collaborator with comprehensive understanding of the complete design process, from research through prototyping.

## Skills

**Design & Research**
User Research | User Flow Design | Wireframing | Prototyping | Interface Design

**Tools**
Figma (design layouts, clickable prototypes, animation) | 3D Modeling

**Professional**
Problem Solving | Team Collaboration | Attention to Detail

## Professional Experience

**Freelance UI/UX Designer**

- Design user interfaces with a focus on usability and accessibility
- Create design layouts, clickable prototypes, and animations using Figma
- Develop wireframes and user flows for diverse client projects
- Conduct design research to inform strategic project decisions
- Deliver complete design solutions from initial concept through final prototype

## Interests

3D modeling and continuous design skill development"
98399,"# Professional Experience

**UI/UX Designer Intern**
*6 months*

- Designed user interfaces and crafted user experience solutions throughout comprehensive internship program
- Applied design principles to create intuitive, user-centered digital experiences

**Assistant Architect**
*June 2022 - August 2022*

- Developed architectural layouts using computer-aided design software
- Produced detailed technical drawings and comprehensive project plans

**Translator**
*Marriage Agency | April 2023 - August 2023*

- Delivered professional translation services for client communications
- Translated documentation to facilitate clear cross-cultural correspondence

**Freelance Artist**
*January 2019 - August 2021*

- Produced custom commissions spanning paintings, portraits, and logo designs
- Cultivated client relationships from concept through final delivery
- Delivered tailored visual solutions meeting diverse client specifications"
98400,"**PROFESSIONAL EXPERIENCE**

**Freelance Graphic Designer**
Hilding Company
• Developed comprehensive brand identity including brand story, custom iconography, and product graphics
• Designed visual assets for Amazon storefront presence
• Executed design projects using Figma and Adobe Photoshop

**Content Creator & Photographer**
Sport Clothing Shop
• Created visual content strategy and photography for retail brand marketing
• Produced imagery to support brand positioning and customer engagement

**Photographer**
Restaurant
• Delivered professional photography services to enhance visual marketing

---

**SKILLS**

**Design:** Figma, Adobe Photoshop, Zeplin, Webflow
**Web Development:** Website creation and design
**Photography:** Professional visual content and brand photography

---

**VOLUNTEER EXPERIENCE**

**International Exchange Programs**
• Volunteered in cultural exchange initiatives, supporting cross-cultural communication

**BookForum & Children BookForum**
• Volunteered at literary events, contributing to event operations and community engagement"
98401,"**Freelance, Implants&Surgeons**
Web Designer | UI/UX Designer
2022 – 2023

- Partnered with an IT company to design e-commerce stores, service platforms, and high-converting landing pages
- Contributed to UX process development and workflow optimization
- Conducted manual UI/UX testing to ensure quality and usability standards

---

**Famart Group**
Web Designer | UI/UX Designer
2021 – 2022

- Designed a comprehensive product sales platform, including full website design and creative advertising banners
- Executed photo retouching to enhance website visual content
- Drove UI/UX development initiatives and optimized client flow for improved user experience"
98402,"# UI/UX Designer & Product Manager

## Professional Summary

UI/UX Designer and Product Manager with four years of experience leading digital product development and managing complex web ecosystems. Demonstrated ability to oversee 74 websites simultaneously while guiding mobile applications from concept through launch. Combines user-centered design expertise with strong cross-functional leadership and analytical capabilities.

## Professional Experience

**Freelance UI/UX Designer**
- Designed landing pages and e-commerce stores with focus on conversion and user experience
- Developed complete brand identities including logos, corporate identity systems, and marketing collateral
- Created interactive prototypes and implemented responsive layouts on Tilda
- Produced business cards and advertising banners aligned with client brand standards

**Netpeak Group — UI/UX Designer**
- Designed blogs and review websites spanning diverse subject areas
- Built landing pages on Tilda optimized for engagement
- Created distinctive logos supporting brand recognition

**Netpeak Group — Project/Product Manager**
- Led cross-functional teams through full product lifecycle for mobile applications and websites
- Managed end-to-end workflow: technical requirements, prototyping, design, development, testing, and deployment
- Performed manual testing to ensure product quality before release
- Built and maintained communication channels across project stakeholders
- Facilitated Agile ceremonies including retrospectives, backlog grooming, and planning poker
- Developed prototypes to validate concepts and align team vision
- Tracked product performance through Google Analytics and AppsFlyer
- Conducted competitive analysis leveraging App Annie, Alexa, and Sensor Tower

## Education & Training

Four design courses completed at Projector School

## Core Strengths

- End-to-end experience across all product development stages
- Combined expertise in design execution and product strategy
- Strong analytical thinking and stakeholder coordination
- Proficiency with industry-standard tools and Agile methodologies

## Career Interests

- Impactful projects offering meaningful challenges
- Opportunities for continued professional growth
- Organizations with structured processes and collaborative cultures
- Mission-driven teams committed to innovation and positive societal contribution"
1747,"# PROFESSIONAL EXPERIENCE

**Self-Employed Entrepreneur** | 8 Years

- Founded and scaled a multi-location coffee shop chain from concept through successful exit
- Led end-to-end business sale including stakeholder negotiations and transaction management
- Launched export-oriented manufacturing company specializing in 3D printing technologies
- Directed full business operations: strategic planning, budget management, and cross-functional team leadership

# HARD SKILLS

**Project & Business Management**
- Strategic prioritization and goal setting
- Project planning and organizational execution
- Budget development and financial oversight
- Team delegation and performance monitoring
- Agile, Scrum, Kanban, and Waterfall methodologies

**Technical Proficiencies**
- Game design: theoretical foundations, Unreal Engine 4, Unity
- Blender: 3D modeling, UV mapping, animation
- Linux node operations

# SOFT SKILLS

- Critical thinking and strategic decision-making
- Time management and prioritization
- Team leadership and coaching
- Stakeholder communication and consensus building
- Risk assessment and mitigation
- Customer and user needs analysis
- Cross-functional alignment and project implementation

# LANGUAGES

English – Intermediate (B1)"
1784,"# PROFESSIONAL EXPERIENCE

**3D Artist**
Crafted visually stunning, realistic 3D models and animations

**Graphic Designer**
Created compelling visual assets for projects

**Videographer & Video Producer**
Captured and edited high-quality videos with keen attention to detail and technical proficiency, creating impactful visual narratives

**Digital Marketing Specialist**
Strategized and executed marketing campaigns utilizing digital tools and platforms to drive traffic engagement, enhance brand awareness, and generate leads

**Event Organizer**
- Organized music art festival in Azerbaijan, showcasing the vibrant and diverse music culture of the region
- Contributed to DokuBaku International Documentary Film Festival, promoting and celebrating documentary filmmaking

**Start-up Team Member**
Collaborated with start-ups in fast-paced, dynamic environments, developing a versatile skill set and deep understanding of start-up challenges and opportunities

# SKILLS

3D Art • Graphic Design • Video Production • Videography • Digital Marketing • Event Organization • Start-up Operations"
2476,"# CLIENT SUCCESS MANAGER

## PROFESSIONAL SUMMARY

Results-driven Client Success Manager with proven expertise in managing large US-based enterprise accounts and driving strategic growth. Successfully managed 3-4 parallel enterprise-level accounts with 30-50 dedicated engineering team members. Demonstrated track record in developing high-performing teams, optimizing client processes, and delivering measurable account growth through strategic insights and relationship management.

## CORE COMPETENCIES

**Account & Client Management**
Multi-Account Management & Growth Strategy | Client Relationship Management & Partnership Development | Executive Reporting & Business Reviews | Engagement Model Optimization

**Strategic Planning & Analysis**
Business Analysis & Strategic Roadmap Planning | Project Scope Analysis & Risk Management | Proposal Development & SOW Drafting

**Leadership & Development**
Team Leadership, Management & Coaching | Mentorship & Talent Development

**Technical Knowledge**
Software Development Methodologies & SDLC | eCommerce Solutions | Enterprise Software Development | IT Project Management

## TECHNICAL EXPERTISE

**Platforms:** Salesforce | IBM WebSphere | Magento

## PROFESSIONAL EXPERIENCE

**Client Success Manager**

- Managed portfolio of 3-4 large enterprise-level US-based accounts simultaneously, overseeing 30-50 dedicated engineering professionals
- Drove account health metrics and revenue growth through strategic planning and process optimization
- Expanded partnerships with existing clients, resulting in account and team growth
- Led full opportunity initiation process, including drafting proposals and Statements of Work
- Analyzed client business pain-points and developed comprehensive roadmaps aligned with strategic objectives
- Built and developed strong engineering teams, with mentees advancing to roles as talented engineers and solution architects
- Collaborated with cross-functional expert teams to transform merchant businesses and elevate eCommerce capabilities
- Delivered executive reporting and conducted regular business reviews for stakeholder alignment
- Managed project scope analysis, risk identification, and issue resolution
- Generated and implemented innovative improvement initiatives that enhanced client outcomes
- Established trust-based partnership relationships through effective communication and obstacle removal"
2515,"**PROFESSIONAL SUMMARY**

Results-oriented professional with expertise in client relations, project coordination, and business development. Proven track record of building trusted, long-term business relationships while managing complex integration initiatives. Seeking to advance in project management.

---

**CORE COMPETENCIES**

- Client Relationship Management
- Project Coordination & Delivery
- Cross-Functional Collaboration
- Business Development & Sales Strategy
- Customer Retention & Support
- Technical Platform Integration

---

**PROFESSIONAL EXPERIENCE**

**Client Relations & Support**
- Built and maintained trusted, long-term business relationships with customers
- Resolved customer issues through effective troubleshooting and problem-solving

**Project Coordination & Management**
- Coordinated client connection projects and platform integration initiatives
- Facilitated seamless interaction between clients and online platform services
- Collaborated with development teams to ensure project success

**Business Development**
- Executed sales strategies and customer retention initiatives
- Managed sales documentation including agreements, contracts, and invoices

---

**TECHNICAL SKILLS**

Zoho | Jira | Confluence | SAP | 1C"
2517,"**Project & Client Management Professional**

Dynamic project management professional with proven expertise in orchestrating up to 15 concurrent projects while driving revenue growth through strategic cross-selling and upselling initiatives rooted in comprehensive client needs assessment.

---

**Core Competencies**

**Project Management**
Directed end-to-end work processes, controlled project timelines and deliverables, and ensured consistent adherence to established terms and deadlines.

**Stakeholder Communication**
Delivered regular progress updates to stakeholders while proactively identifying and escalating potential issues and risks to ensure timely resolution.

**Client Relationship Development**
Cultivated long-term client partnerships through a consultative approach and strategic account management, fostering trust and repeat business.

**Business Development**
Uncovered cross-selling and upselling opportunities aligned with client objectives to maximize account value.

**Full-Cycle Sales Management**
Managed complete sales cycle from inbound request handling and outbound lead generation through proposal delivery, negotiation, and deal closure."
2529,"# PROFESSIONAL SUMMARY

Results-driven professional with experience in communication, teamwork, and project management. Analytical problem-solver committed to continuous growth and professional development. Skilled at building collaborative relationships that drive success.

# CORE COMPETENCIES

• Project Management
• Team Collaboration
• Strategic Planning
• Communication
• Analytical Thinking

# PROFESSIONAL EXPERIENCE

**Professional Roles**

- Led and contributed to projects requiring cross-functional coordination
- Collaborated with teams to achieve organizational objectives
- Applied strategic communication to support project outcomes

# PROFESSIONAL PHILOSOPHY

Committed to achieving results through strategic thinking and careful planning. Dedicated to fostering honest, respectful professional relationships that enable mutual success."
2538,"# PROFESSIONAL SUMMARY

Results-oriented professional with over 2 years of experience in e-commerce operations, specializing in Amazon marketplace management and Asian supplier partnerships. Proven track record in market research, supplier negotiations, cost reduction initiatives, and supply chain optimization. Demonstrates strong critical thinking abilities and composure under pressure.

# PROFESSIONAL EXPERIENCE

**E-commerce Operations Specialist**

**Key Achievements:**
- Closed eBay expansion project, extending marketplace presence beyond existing platforms
- Restructured supply chain operations, delivering cost savings through logistics improvements
- Negotiated with Asian suppliers to achieve measurable product quality enhancements
- Managed US re-import processes, eliminating duplicate tax payments

**Project Management:**
- Led market expansion initiatives across multiple countries and marketplaces
- Prepared legal documentation to maintain Amazon selling privileges
- Coordinated EU regulatory organization registrations
- Executed product quality improvement projects with measurable results
- Optimized supply chain operations and strategic planning processes

# SKILLS

Market Research & Analysis | Supplier Negotiation | Supply Chain Management | Cost Reduction Strategies | Amazon Marketplace Operations | International Market Expansion | Legal Documentation & Compliance | EU Regulatory Registration | Logistics Optimization | Strategic Planning | Project Management"
2551,"**RESUME**

**Professional Summary**

Results-driven professional with 3+ years of in-house legal experience in IT Product Companies, now transitioning to Account Management. Proven expertise across the full SDLC with deep knowledge in Data Privacy, Intellectual Property, Commercial and Contract Law. Strong track record in team leadership, recruitment, and cross-functional collaboration with international companies and customers. Skilled in multiple managerial methodologies with exceptional organizational abilities, attention to detail, and multitasking capabilities.

---

**EXPERIENCE**

**Legal Counsel**
*Benish Group*

- Provided strategic counsel on corporate policy, legal risk analysis, and mitigation strategies with actionable recommendations to internal stakeholders
- Partnered with cross-functional teams—developers, analysts, marketing managers, and executive leadership—to drive initiatives that minimized organizational legal exposure
- Cultivated and managed relationships with customers, business partners, and service providers across multiple jurisdictions
- Authored GDPR-compliant documentation including Rules for Provision of Services, Privacy Policies, and Terms of Use for Applications
- Drove product development initiatives and streamlined business processes across the entire group of companies
- Established and implemented legal compliance frameworks spanning personal data protection, intellectual property, PR and marketing, sales, payments, and consumer rights
- Led end-to-end contractual activities including legal review, contract drafting aligned with local legislation, and adherence to internal standards and procedures

**Project Manager Assistant**
*Vayosoft Team*

- Administered contracts, RFPs, and RFIs throughout the procurement lifecycle
- Partnered with procurement team on supplier negotiations and contractor evaluations in accordance with company procedures
- Coordinated team meetings, tracked follow-ups, and maintained action item accountability
- Developed reports and presentations for senior leadership
- Contributed to new project initiatives from initial concept through MVP to enhancement of production applications

---

**CORE COMPETENCIES**

Full SDLC Understanding | Data Privacy & GDPR Compliance | Intellectual Property Law | Commercial & Contract Law | Cross-Functional Team Leadership | International Stakeholder Management | Managerial Methodologies | Organizational Excellence | Recruitment & Team Building"
2553,"**PROFESSIONAL SUMMARY**

Results-driven Business Development and Project Manager with extensive IT industry experience. Proven expertise in leading outstaff projects, managing cross-functional teams, and driving account growth. Skilled in talent acquisition, customer relationship management, and B2B operations. Seeking a project management role in an outsource company to leverage experience and advance skills in foreign customer relations.

---

**PROFESSIONAL EXPERIENCE**

**Business Development Manager & Project Manager – Outstaff Projects**

**People Management & Leadership**
- Conducted one-on-one meetings and performance reviews to drive team development
- Monitored sprint processes and tracked team progress against deliverables
- Fostered a positive work environment while leading and motivating team members

**Talent Acquisition & Onboarding**
- Sourced, recruited, and interviewed candidates for technical and non-technical positions
- Facilitated onboarding and integration of new employees into the company environment

**Account & Customer Management**
- Managed ongoing project accounts through full lifecycle, from initial contact to project closure
- Negotiated solutions and resolved customer conflicts to maintain strong relationships
- Delivered comprehensive customer support throughout engagement

**Business Development**
- Presented company capabilities to prospective clients and partner companies
- Prepared estimation documents and outstaff deal documentation
- Identified, secured, and managed outstaff project opportunities
- Cultivated and maintained strategic partner relationships

---

**CAREER OBJECTIVE**

Seeking a project manager position in an outsource company to leverage experience in outstaff project delivery and develop advanced B2B skills with foreign customers."
2554,"# Professional Summary

Results-driven professional with 4 years of B2B international communication and sales experience. Proven expertise in account management, team collaboration, and cross-cultural business relations. Master's degree in Foreign Economics with strong presentation, problem-solving, and management capabilities. Skilled in web and mobile UI/UX design and prototyping.

# Core Competencies

- B2B International Communication & Sales
- Account Management & Client Relations
- Team Building & Collaboration
- Public Speaking & Presentations
- Problem-Solving & Business Solutions
- Cross-Cultural Communication
- Web & Mobile UI/UX Design & Prototyping
- Agile Methodologies

# Technical Skills

Figma | Axure RP | CRM Systems | Trello | Slack | Adobe Photoshop | Canva | Coggle | Google Workspace

# Education

**Master's Degree in Foreign Economics**

# Professional Development

- Business Analytics
- Web & Mobile UI/UX Design

# Career Objective

Seeking an Account Manager or Junior Product Manager position in the development and design sector. Eager to contribute to a creative, motivated team working on challenging projects that foster professional growth. Passionate about developing business solutions, enhancing UI/UX experiences, and leveraging strong communication skills in dynamic environments."
2555,"# PROFESSIONAL EXPERIENCE

**EdTech Project Manager | Secondary and Higher Education**
*1 year*
- Led lead generation, outbound sales, and support initiatives across Western European and US markets
- Drove client acquisition and retention strategies for secondary and higher education sectors

**Customer Support Team Lead | EdTech Company**
*5 years*
- Promoted from Account Manager to Support Team Lead
- Managed customer accounts and delivered support for Western European and US clients
- Oversaw customer success operations across international markets

**Sales Assistant | International Chemical Raw Materials Distribution**
*5 years*
- Supported sales operations within global chemical raw materials distribution sector
- Contributed to international B2B sales processes

# TECHNICAL SKILLS

**CRM & Business Systems:** SAP, IBS, Zoho, Kommo CRM

**Project Management & Collaboration:** Jira, Confluence

**Design Tools:** Canva

**Programming:** Foundational knowledge of Java and programming concepts

# CAREER OBJECTIVES

- Seeking stable, long-term position with opportunities for professional advancement
- Committed to contributing within a collaborative and supportive work environment"
2556,"# Professional Experience

**Account Manager**
- Cultivated and maintained client relationships through multi-channel outreach including email correspondence, cold calling, warm calling, and product demonstrations
- Executed application functionality testing and built customized company profiles aligned with client specifications
- Delivered comprehensive client support by addressing inquiries and resolving application-related issues
- Designed and implemented client engagement strategies to drive product interest and maximize platform utilization
- Created regular website content including blogs and tutorials to support marketing initiatives

**Sales Support Agent**
- Executed market research and analysis targeting Ukrainian and Russian markets
- Facilitated British company expansion into Eastern European markets
- Engaged directly with business owners and representatives to advance B2B sales initiatives
- Maintained thorough reporting documentation to support sales operations

**Customer Support Agent**
- Resolved thousands of customer service issues for international clients across the USA, Canada, and Great Britain
- Delivered effective solutions through telephone and email communication channels
- Administered customer profiles and subscriptions, processing adjustments and refunds as required
- Leveraged CRM systems to maintain accurate and up-to-date customer records
- Conducted quality assurance reviews of outsourced call center interactions to ensure service standards
- Performed follow-up calls to verify customer satisfaction and identify improvement opportunities
- Maintained comprehensive reporting documentation to support operational excellence"
2577,"# PROFESSIONAL SUMMARY

Results-driven project management professional with extensive experience in workflow optimization, team coordination, and e-commerce operations. Proven track record in process improvement, Salesforce administration, and cross-functional team leadership across multiple concurrent business operations.

---

## PROFESSIONAL EXPERIENCE

**Project Coordinator**
Upwork Premium Services Team

- Drove service efficiency improvements through contrastive analysis and comprehensive reporting
- Managed lead data integrity within Salesforce database through accurate importing and maintenance
- Resolved high-value escalations from internal teams
- Redesigned and implemented process improvements to enhance operational effectiveness
- Tracked and reported team performance metrics on task and ticket completion
- Delivered administrative support for program operations

**Online Store Project Manager** (Remote)

- Optimized workflow by balancing high-quality customer service delivery with high-volume, time-sensitive task management
- Administered hosting infrastructure including dedicated servers and provided first-line technical support
- Managed backend administrative panel operations and dispatch coordination
- Resolved support tickets efficiently to maintain customer satisfaction

**Talent Agent Admin & Talent Specialist**

- Sourced high-caliber talent for Upwork internal teams and clients across Americas, Europe, and Asia
- Conducted video interviews with freelancers to assess qualifications and fit
- Streamlined operations to improve program efficiency and quality outcomes
- Created, maintained, and enhanced standard operating procedure documentation
- Managed workflow through Jira ticket creation and tracking

**Magento E-Commerce Project Manager**

- Led development team through task creation, assignment, and UI optimization initiatives
- Established worldwide partnerships with manufacturers and suppliers, configuring vendor relationships
- Managed end-to-end order lifecycle including inventory, payment methods, shipping configurations, dispatch, and refunds
- Collaborated with SEO and marketing teams to drive business objectives
- Conducted performance review meetings to ensure team alignment
- Resolved customer inquiries and complaints to maintain service standards

---

## CORE COMPETENCIES

Workflow & Process Optimization | Team Management & Coordination | Salesforce Administration | E-Commerce Business Management | Standard Operating Procedures Development | Cross-Functional Collaboration | Customer Service Excellence | Performance Analysis & Reporting"
2582,"# PROFESSIONAL SUMMARY

PhD in Economics with expertise in project management, account management, and educational program development. Proven track record in client relationship management, business process optimization, and cross-functional team coordination. Skilled in market research, strategic planning, and CRM implementation. Committed to driving meaningful impact through innovative educational initiatives and client-centered solutions.

# EDUCATION

**PhD in Economics (Candidate of Economic Sciences)** | 2018

# PROFESSIONAL EXPERIENCE

**Project Manager**
Ukrainian Social Academy | Jul 2019 – Mar 2020

- Led competitive analysis initiatives encompassing market positioning, product offerings, and promotional strategies
- Designed and executed qualitative research programs including interview framework development, in-depth interviews, and data analysis
- Created comprehensive client personas and target audience segmentation including behavioral profiles, needs assessment, and value propositions
- Developed educational program concepts including curriculum structure, learning objectives, topic sequencing, outcomes framework, and expert selection criteria
- Established expert requirements, evaluated proposals, and negotiated program enhancements
- Coordinated cross-functional product promotion plans and team deliverables
- Created content strategy and messaging for social media channels
- Managed product budgets and financial planning
- Directed client communications and conducted needs analysis
- Performed user acceptance testing for company website redesign

**Project Manager**
EdEra | Apr 2019 – May 2019

**Account & Project Manager**
Kyiv-Mohyla Business School [kmbs] | May 2016 – Jul 2018

- Managed end-to-end delivery of Executive Development Programs from scheduling and promotion through retrospectives and continuous improvement
- Successfully coordinated multiple concurrent projects while maintaining quality standards
- Conducted client discovery to identify expectations, business objectives, and strategic needs; delivered advisory services
- Cultivated strong client relationships through exceptional service delivery and ongoing support
- Collaborated with Marketing and Finance departments to ensure program alignment and success
- Developed and executed integrated marketing plans for educational programs
- Represented the institution at external events to drive business development and client acquisition
- Implemented systematic feedback collection processes for product enhancement and client advisory
- Delivered program improvement recommendations and performance retrospectives to senior leadership
- Mentored new team members on operational processes and best practices
- Created content and concepts for promotional materials and direct communications
- Administered company website and digital presence
- Managed CRM systems including analytics, reporting, and system development initiatives
- Operated Learning Management System (LMS) for program delivery

**Intern**
Presidential Administration of Ukraine (USAID Rada Program & Liga Interniv) | Nov 2014 – Jul 2015

# KEY ACHIEVEMENTS

- Redesigned medium-term program structure enabling participants to implement business changes more effectively while demonstrating improved content comprehension
- Selected for CRM implementation team; led user acceptance testing, bug reporting, and interface design based on departmental workflows and requirements
- Appointed to evaluation commission assessing participants' graduation projects for medium-term program

# CERTIFICATIONS & PROFESSIONAL DEVELOPMENT

**IELTS Academic:** 7.0 | 2011, 2014

**Coursera Certifications:**
- An Introduction to Marketing
- Critical Perspectives on Management
- Critical Thinking in Global Challenges
- A Beginner's Guide to Irrational Behavior
- Games without Chance: Combinatorial Game Theory
- Fundamentals of Global Energy Business"
2583,"# PROFESSIONAL SUMMARY

Results-driven Account and Digital Marketing professional with over 4 years of experience in B2B/B2C environments, specializing in AdTech and Crypto products. Demonstrated expertise in E-mail Marketing, Digital Marketing, Communications, and Project Management. Thrives in fast-paced settings alongside high-performing teams while tackling complex challenges. Seeking a Project Manager or Retention Manager position to apply proven skills in user retention and product development.

---

# PROFESSIONAL EXPERIENCE

**Account Project Manager**  
Genesis - Sendios.io

- Redesigned and implemented account workflow processes for client task management, improving efficiency across the entire team

**Product Manager**  
Coreteka

- Led the successful launch of the company's redesigned website

**Sales and Account Manager**  
BitMedia

- Drove 20% increase in advertiser spend across the entire network
- Implemented and configured Pipedrive CRM system to streamline sales operations

**User Acquisition Manager**  
MGID

- Consistently exceeded peer performance by closing 2x more clients for three consecutive months
- Developed and delivered team training programs through presentations and educational sessions

---

# CORE COMPETENCIES

E-mail Marketing | Digital Marketing | Project Management | Communications | B2B/B2C Sales | Account Management | User Acquisition | CRM Systems | Team Training & Development"
2584,"**PROFESSIONAL SUMMARY**

Results-driven project management professional with proven expertise in digital marketing campaigns and client relationship management. Successfully delivered 143 projects with a managed portfolio of $310,000. Demonstrated ability to oversee 56 concurrent projects while maintaining quality standards and meeting deliverables. Skilled in building and leading cross-functional teams of 10-15 members, mentoring junior talent, and driving strategic business initiatives. Proficient in Teamwork, Asana, and Notion.

**CORE COMPETENCIES**

Project Management & Execution | Budget Administration | Digital Marketing Campaigns | Client Relations & Account Management | Cross-Functional Team Leadership | Business Development | Market Research & Analysis | Negotiation & Troubleshooting | Training Program Development | Strategic Planning

**PROFESSIONAL EXPERIENCE**

**Lead Account Executive**

- Established and cultivated strategic partnerships by advocating for company priorities and influencing key stakeholders
- Designed and executed customer acquisition strategies while maintaining existing client retention
- Conducted comprehensive market research and analysis to develop targeted business plans for sales opportunities

**Middle Project Manager**

- Led cross-functional teams of 10-15 members to deliver successful digital marketing campaigns
- Directed strategic planning and tactical execution through weekly stakeholder meetings
- Mentored Junior Project Managers, advancing one team member to middle-level position
- Developed and facilitated company-wide training programs on negotiation techniques and troubleshooting
- Managed end-to-end project delivery including planning, budget allocation, and resource coordination
- Partnered directly with clients to achieve project goals within defined scope and budget parameters

**KEY ACHIEVEMENTS**

- Delivered 143 projects across multiple verticals
- Managed portfolio of 56 concurrent projects
- Administered project budgets totaling $310,000
- Mentored 3 Junior Project Managers with documented advancement results"
2585,"# PROFESSIONAL SUMMARY

Results-oriented project management, marketing, and sales professional with a proven track record of managing highly successful projects and driving revenue growth in competitive markets. Experienced in marketing, sales, and IT business processes with professional expertise collaborating in Agile/Scrum environments and international teams. Committed to continuous professional development in online marketing, Scrum, Agile project management, and Lean project management.

# EDUCATION

**Master's Degree** – Germany
International degree awarded with distinction (""very good"")
Multilingual certification: German/English

**Bachelor's Degree** – Germany

# PROFESSIONAL EXPERIENCE

**Head of Business Development Department**

- Lead and manage team of sales and account managers
- Drove 50% revenue growth in target market
- Direct large-scale integration project with top European ECM software solution provider

# CORE COMPETENCIES

Project Management | Business Development | Marketing & Sales | Team Leadership | Agile/Scrum Methodologies | International Team Collaboration | Business Process Optimization | IT Integration Projects

# PROFESSIONAL OBJECTIVES

- Contribute to an organization with a strong reputation
- Advance professionally and assume increasing responsibility
- Collaborate with skilled, motivated team members
- Engage in travel opportunities while continuously developing professional expertise"
2586,"**PROFESSIONAL SUMMARY**

Results-driven Account and Project Management professional with 7 years of experience delivering exceptional client service, leading cross-functional teams, and managing complex marketing and media projects from concept to execution.

---

**PROFESSIONAL EXPERIENCE**

**Account Project Manager**
Vizeum (Dentsu) | 1.6 years

- Served as primary liaison between Agency and Client throughout development, approval, and implementation of projects and products
- Managed daily communication and service delivery for local and global client teams
- Led integrated media planning across TV, TV Sponsorship, OOH, Radio, and Digital channels

---

**Senior Account Manager**
Adsapience | 3.1 years

- Developed brand and product promotion concepts while building scalable operational processes and managing project budgets
- Coordinated web development team for website and app projects; supervised national teleconferences
- Directed cross-functional collaboration across 4-5 teams spanning product development, creative, digital, production, legal, and logistics
- Led BTL, B2B, and B2C events and partner integrations; managed team of 20+ members; trained and evaluated middle managers
- Delivered end-to-end client service, resolving issues and implementing solutions

---

**Account Manager**
TMA Ukraine | 1.9 years

- Developed and executed marketing promotions for a major Kyiv shopping and entertainment center with daily attendance up to 55,000 visitors
- Managed 318 trade-marketing projects with full-cycle oversight of all processes"
2587,"# Professional Experience

**Account & Project Manager**
Dutch SaaS Company | Supply Chain Risk Management Software

Strategic account and project manager driving client success for enterprise supply chain mapping and risk verification software platform. Partnering with international clients across the European market to optimize worldwide supply management operations.

## Key Responsibilities

- Deliver consultative guidance to international clients on software solutions and emerging supply chain risk management market developments
- Develop, prepare, and manage project budgets to ensure fiscal accountability
- Direct end-to-end project execution while coordinating cross-functional IT team resources
- Serve as primary point of contact for client inquiries, delivering timely issue resolution
- Champion client satisfaction and retention initiatives to strengthen long-term partnerships

## Technical Proficiencies

Teamleader | MS Office Suite | Tableau | Proprietary SaaS Platform"
2588,"**ACCOUNT MANAGER**

ProfiAds (Advertising & Event Agency) | June 2015 – Present

**Project Leadership**

Spearheaded large-scale advertising campaigns for premier brands including Vodafone, Davidoff, Mary Kay, Glo, Lays, OPPO, Vitto Rossi, Fellini, and Vivo, executing nationwide rollouts across shopping centers throughout Ukraine.

**Client Relations & Contract Management**

Directed full-cycle client engagement encompassing strategic negotiations, contract execution, ongoing communications, and budget development while maintaining productive relationships with shopping center partners.

**Cross-Functional Team Coordination**

Led collaborative efforts with design teams to develop creative layouts, managed approval workflows, and ensured alignment between client expectations and deliverables.

**Field Operations & Stakeholder Engagement**

Conducted on-site meetings to negotiate and secure placement agreements, supervised project launches across multiple cities, and maintained quality standards throughout implementation.

**End-to-End Campaign Execution**

Managed complete advertising placement operations: layout production, contractor procurement, installation oversight, equipment import/export logistics, permit acquisition, organizational problem resolution, and installation/dismantling supervision."
2589,"**PROFESSIONAL SUMMARY**

Results-oriented Account Manager and Project Manager with more than five years of experience in product and outsource companies. Proven track record of delivering 19 commercially launched projects while managing multiple concurrent initiatives in fast-paced environments. Organized and diligent professional combining strong written, oral, and interpersonal communication skills with demonstrated resilience under pressure.

**CORE COMPETENCIES**

Scrum Event Facilitation | Project and Stakeholder Communication Management | Staffing and Resource Coordination | Financial and Invoicing Documentation | Delivery Team Management | Software Implementation Estimation | Software Development Planning and Execution | People Management and Team Building | Cross-functional Team Leadership

**PROFESSIONAL EXPERIENCE**

**Account Manager / Project Manager**

- Facilitate Scrum events across multiple teams, ensuring consistent agile methodology adherence
- Plan and manage internal and external project communications, aligning stakeholders throughout project lifecycles
- Control staffing processes and optimize resource allocation across concurrent projects
- Manage comprehensive project documentation, financial tracking, and invoicing processes
- Lead internal delivery teams to achieve successful and timely project delivery
- Estimate software implementation requests, evaluating goals, costs, scope, and efficiency metrics
- Plan software development processes and monitor execution against established development plans
- Build and develop high-performing, collaborative project teams
- Drive effective individual and team performance through strategic people management

**KEY ACHIEVEMENTS**

- Delivered 19 commercially launched projects across product and outsource environments
- Successfully managed multiple concurrent projects while maintaining quality and timeline commitments

**PROFESSIONAL ATTRIBUTES**

Positive and open-minded team player committed to project success and continuous professional growth. Seeking opportunities with organizations that foster strong team spirit and provide platforms for skills enhancement and career development."
2590,"**PROFESSIONAL SUMMARY**

Results-driven Sales Account Manager with over 4 years of experience building long-term customer relationships and delivering comprehensive account management solutions. Adept at identifying customer needs, serving as liaison between clients and development teams, and managing projects from initial contact through completion.

**PROFESSIONAL EXPERIENCE**

**Sales Account Manager** | 4+ Years

- Convert verified leads into clients through consultative sales approach
- Assess customer needs and develop tailored solutions aligned with business objectives
- Gather project requirements and prepare detailed quotes
- Negotiate contract terms and close sales deals
- Manage customer accounts throughout full project lifecycle
- Facilitate business meetings between prospects, customers, and internal teams
- Prepare and issue invoices ensuring accurate billing

**CORE COMPETENCIES**

Account Management | Customer Relationship Building | Client Needs Assessment | Project Requirements Gathering | Contract Negotiation | Cross-functional Communication | Business Development | Client-Developer Liaison | Stakeholder Management | Sales Cycle Management

**CAREER OBJECTIVES**

Seeking to advance expertise in Account Management and Project Management roles that leverage strong customer communication skills and collaborative team environments.

**PREFERRED WORK ENVIRONMENT**

- Collaborative, team-oriented culture
- Established business processes and systems
- Structured onboarding with mentorship opportunities"
2591,"# PROFESSIONAL SUMMARY

Account/Project Manager with 1.5 years of experience driving quality outcomes through strategic communication and cross-functional collaboration. Adept at cultivating lasting client relationships and coordinating multiple projects simultaneously. Demonstrated expertise in task prioritization, efficient execution, and continuous process optimization through data-driven analysis.

# CORE COMPETENCIES

**Project & Financial Management**
Project Management • Budget Development • Contract Negotiation • Multi-Project Coordination

**Client & Team Engagement**
Client Relationship Management • Cross-Functional Collaboration • Stakeholder Communication

**Quality & Process Excellence**
Quality Assurance • Website Testing • Process Analysis & Improvement • Task Prioritization

# PROFESSIONAL EXPERIENCE

**Account/Project Manager**
*1.5 Years of Experience*

**Project Delivery & Execution**
- Managed concurrent projects while maintaining accuracy and consistently meeting deadlines
- Prioritized and executed tasks strategically to optimize project outcomes
- Conducted comprehensive website testing to uphold quality standards

**Client Relations & Contract Management**
- Prepared and negotiated client contracts and agreements
- Built and sustained strong client relationships through proactive, effective communication
- Developed client budgets and oversaw project financial planning

**Collaboration & Continuous Improvement**
- Partnered with cross-functional teams and clients to achieve project objectives
- Evaluated project results and analyzed challenges to identify and implement process improvements
- Delivered high-quality work through commitment to excellence and meticulous attention to detail"
2592,"**PROFESSIONAL SUMMARY**

Account management and project leadership professional with a track record of driving revenue growth and managing cross-functional teams. Proven ability to double partner revenue, generate consistent B2B sales, and scale projects to hundreds of participants. Effective communicator who builds strong stakeholder relationships across all organizational levels. Thrives in collaborative, growth-oriented environments.

---

**PROFESSIONAL EXPERIENCE**

**Key Account Manager | Glovo**

- Serve as sole Account Manager for entire region, coordinating a 10-person team at the fastest-growing delivery platform in Europe, Africa, and Asia
- Generate over €4,000 monthly in B2B sales through in-app instruments and promotional campaigns
- Double top 10 partners' revenue within 2–3 months through strategic account management
- Own end-to-end partner relationships including P&L tracking, product integrations, co-marketing efforts, and operational excellence
- Execute, optimize, and analyze campaigns across multiple clients
- Track partner KPIs and drive month-over-month growth through performance reporting
- Translate partner feedback into product, marketing, and operations improvements
- Serve as primary liaison between partners and internal Glovo teams

**Founder & Project Coordinator**

- Founded and manage project serving 400 participants, generating $27,000 in quarterly revenue
- Lead technical and administrative teams totaling 60 people
- Develop and execute training programs for regional coordinators
- Mentor teams and help students learn business fundamentals with pathways to top universities offering significant tuition discounts
- Define team vision, project scope, and growth strategy

**Key Customer Manager | Dubai**

- Design and implement strategic sales plans to increase vendor product sales
- Serve as lead point of contact for all customer account matters
- Build and maintain long-lasting customer relationships
- Negotiate contracts and close agreements with new leads
- Onboard new customers through initial meetings and training
- Manage vendor showcases on website backend panel

**Assets Sales Manager**

- Sold assets exceeding $20,000 within 3 months
- Prepare and present franchises for sale
- Maintain updated product and sales materials for presentations and conferences
- Conduct financial reporting

---

**ACHIEVEMENTS**

- Selected from 200 candidates to represent country in Study US Institutions program for Women Leaders, 2019
- Winner, International Case Championship, Almaty, 2018
- Featured in popular local internet publication

---

**VALUES**

Ownership | Drive | Healthy Atmosphere | Growth"
2594,"**PROFESSIONAL SUMMARY**

Results-driven professional with 10+ years of account and project management experience in B2B and B2C sales. Proven track record in event sales management, team leadership, and startup development. Deep marketing knowledge combined with creative problem-solving and strong negotiation skills. Goal-oriented leader experienced in hiring, training, and managing high-performing teams.

**CORE COMPETENCIES**

Account & Project Management | Event Sales & Management | Team Leadership & Development | Client Relationship Building | Partner Engagement | Startup Development | B2B & B2C Sales | Marketing Strategy | Negotiation | Performance Optimization

**PROFESSIONAL EXPERIENCE**

**Event Sales Manager | Hotel and Restaurant Complex**

• Sold and delivered 300+ projects with upsales reaching 200% of primary cost
• Cultivated long-term client relationships, generating 2–8 repeat engagements per client with consistently positive feedback
• Recruited, trained, and led a team of 8 professionals
• Established partnerships with 20+ vendors and service providers to support startup operations

**Account Manager (BTL)**

• Selected and developed personnel who exceeded performance expectations by 30%
• Managed client accounts and coordinated multi-faceted events
• Delivered successful project outcomes across diverse client engagements

**EXPERIENCE SUMMARY**

• Account & Project Management (B2B/B2C): 10+ years
• Event Sales Management: 3+ years
• Account Management & Event Coordination: 5+ years

**CAREER OBJECTIVES**

Seeking Event Manager, Account Manager, or Project Manager opportunities to leverage extensive experience in client relations, team leadership, and event execution."
2595,"PROFESSIONAL SUMMARY

Results-driven sales and business development professional with expertise in international markets and global account management. Proven track record of career progression from Sales Manager to Head of Sales Department to Global Account Manager. Strong analytical abilities and communication skills with commitment to continuous professional development.

PROFESSIONAL EXPERIENCE

Global Account Manager
2 years

Managed key international global accounts

Head of Sales Department
1.5 years

Led sales department operations

Sales Manager
2 years

Foundational sales management role

CORE COMPETENCIES

International Sales & Business Development | Global Account Management | Key Account Relationship Management | Communication & Stakeholder Engagement | Analytical Problem-Solving

CAREER INTERESTS

Seeking a challenging role in global account management leveraging international sales expertise and client relationship management experience, with focus on strategic account management."
2597,"**PROFESSIONAL SUMMARY**

Product Manager with proven success opening new sales channels for leading US educational platforms and expanding operations to Australia. Experienced Project and Program Manager with a track record of managing 2–20 FTE across up to 10 concurrent projects spanning Finance, Logistics, Mobile Games, Services, E-commerce, E-learning, CRM/ERP, Sports, and Entertainment sectors. Certified Scrum Master skilled in establishing Agile processes, developing strategic roadmaps, and conducting comprehensive team evaluations.

---

**PROFESSIONAL EXPERIENCE**

**Senior Project Manager | Scrum Master | Business Analyst | Product Manager**
September 2022 – August 2023

- Identified customer needs, defined product vision, and aligned stakeholders behind unified objectives
- Prioritized product features and capabilities to maximize business value
- Established and monitored timelines for product launches
- Mentored and coached teams on Agile ceremonies, practices, roles, and artifacts
- Facilitated and adapted Scrum ceremonies to meet team-specific needs while ensuring adherence to Scrum values
- Maintained team focus on priorities to achieve Sprint and product goals

**Key Competencies:** Product Backlog Management · Annual Planning · OKR Methodology · People Management · Critical Issue Resolution · Priority Balancing · Project Metrics and Reporting

---

**Senior Project Manager | Scrum Master**
August 2019 – August 2022

- Directed multiple concurrent projects across web, desktop, and mobile applications, managing issues and risks across portfolios
- Facilitated Scrum events and adapted methodologies to ensure team adherence to Scrum values
- Monitored progress to deliver milestones according to demo plans
- Maintained team focus on priorities to achieve Sprint and product goals
- Conducted one-on-one meetings with team members to support professional development
- Provided immediate support and resolution for emerging issues

**Key Competencies:** Project Management · Co-located and Distributed Team Leadership · Product Backlog Management · Iteration Planning · People Coordination

---

**Team Lead Project Manager**
Appus Studio · Kharkiv, Ukraine
May 2019 – August 2019

- Led project development through implementation of complex tasks and resolution of critical errors
- Established clear goals and priorities for project teams
- Selected development technologies and planned project architecture
- Provided technical guidance and consultation to company employees
- Participated in customer calls and meetings, supporting other managers as needed
- Contributed to employee onboarding, adaptation, and motivation initiatives
- Participated in candidate interviews at the request of personnel management

---

**PROFESSIONAL ACTIVITIES**

**Speaker**
A-Level School
April 2019 – Present

---

**INTERESTS**

Digital Drawing"
2645,"**PROJECT MANAGER**
Non-Profit Organization

• Designed and implemented comprehensive workspace in Monday CRM, enabling real-time daily updates for all team members
• Migrated existing spreadsheet-based systems to Monday CRM platform, streamlining data management and enhancing organizational workflow efficiency
• Spearheaded CRM integration initiative, including end-to-end training program to ensure seamless adoption across the organization
• Mentored and developed 5 interns into high-performing team contributors
• Produced detailed monthly and quarterly client reports showcasing key performance metrics and organizational achievements
• Established standardized reporting framework, resulting in improved client satisfaction and retention rates
• Conceived and built external e-learning course on grant writing utilizing the LearnWorlds.com platform

**UNDERWRITING MANAGER**

• Evaluated and processed application packages from clients and ISOs, reviewing over 600 submissions and delivering actionable feedback
• Conducted statistical data analysis utilizing specialized software including Jarvis CRM
• Successfully boarded 95 approved merchant applications into company systems
• Cultivated ongoing relationships through daily communication with new and existing clients

**ACCOUNT MANAGER**

• Prepared application packages by compiling and organizing client supporting documentation
• Coordinated application submissions to banking partners and liaised with bank representatives to track client account status
• Facilitated account approvals for more than 200 clients across US banking institutions
• Onboarded and trained new employees on company customer management policies and procedures
• Maintained accurate and current CRM workflow documentation"
2654,"**PROFESSIONAL EXPERIENCE**

**Account Manager | Sparkybit, Germany**
*July 2022 – Present*

• Build and maintain strong, long-lasting customer relationships, driving client loyalty and revenue growth
• Conduct client satisfaction surveys and reviews to identify opportunities for service enhancement
• Manage existing accounts while resolving business and technical issues in collaboration with cross-functional teams
• Lead regular customer meetings to strengthen partnerships and uncover growth opportunities
• Resolve complaints and proactively address potential issues to ensure superior customer experience

**Account Manager | DevPals AB, Sweden**
*January 2022 – June 2022*

• Drove customer success and satisfaction through consistent, proactive client communication
• Developed trusted advisor relationships with key accounts to foster long-term partnerships
• Managed challenging client requests and issue escalations, maintaining service excellence
• Ensured timely and successful delivery of solutions aligned with customer needs and objectives
• Supported business development efforts through lead generation activities on Upwork

**Business Sales Manager | North-wine, Denmark**
*November 2017 – September 2021*

• Identified and acquired new key customers, expanding business portfolio and market presence
• Conducted outreach calls to prospective clients, presenting website capabilities and service offerings
• Managed ongoing correspondence with existing customers, assessing needs and recommending products
• Optimized product range and website product display to enhance customer experience
• Contributed to product database management, pricing strategy, and wine market analysis

**Head of Logistics | Gold.ua, Ukraine**
*October 2016 – November 2017*

• Oversaw end-to-end delivery operations and managed receivables across all company branches
• Filed and negotiated claims to secure compensation for lost or damaged orders
• Resolved customer disputes related to delivery issues, protecting customer satisfaction and company reputation"
2655,"**PROFESSIONAL SUMMARY**

Results-driven IT Project Manager with 3+ years of commercial project management experience, including 1 year leading projects for an IT startup. Proven expertise in scope, schedule, and budget management, combined with strong analytical capabilities and business acumen. Skilled in building and maintaining long-term partnerships, resolving conflicts, and delivering results in fast-paced environments. Self-motivated professional with a demonstrated commitment to continuous improvement and achieving ambitious objectives.

**CORE COMPETENCIES**

Scope, Schedule & Budget Management | Project Planning & Execution | Scrum & Agile Methodologies | Stakeholder Relationship Management | Contract Management & Negotiation | Business Process Development & Analysis | Conflict & Stress Resolution | Personnel Records Management | MS Office Suite (Advanced Excel) | Google Workspace | 1C & Accounting Software | Client-Bank Systems

**PROFESSIONAL EXPERIENCE**

**Project Manager**
IT Startup, Online Web Service
February 2021 – Present

- Manage project scope, schedule, and budget to ensure on-time, on-budget delivery of web service development initiatives
- Apply Agile principles and Scrum framework to optimize project workflows and enhance team productivity
- Facilitate cross-functional team collaboration to ensure successful work delivery to product owner
- Deliver statistical and detailed performance reports to management, enabling data-driven project effectiveness evaluation
- Plan, prioritize, and control task execution across multiple concurrent development projects

**Director**
OOO Interlagos, Hospitality Industry
2020 – January 2021

- Analyzed, developed, and implemented strategic plans aligned with organizational goals and objectives
- Designed and optimized business processes for production operations
- Conducted competitive analysis and monitored reporting to inform strategic business decisions

**HR Manager**
PrAT Hotel Salut, Hospitality Industry
April 2016 – May 2019

- Recruited and onboarded staff members to meet organizational needs
- Administered comprehensive personnel records including registration, transfers, dismissals, and work book maintenance
- Managed high volumes of personnel information and documentation with accuracy
- Utilized 1C 8.3 system for HR operations
- Processed admissions under the MED program

**KEY ATTRIBUTES**

Self-motivated | Detail-oriented | Punctual | Responsible | Strong Communicator | Analytical Thinker | Decision-maker | Goal-oriented"
2656,"**PROFESSIONAL EXPERIENCE**

**Sales / Account Manager**
PAYADMIT
March 2022 - Present

• Drive lead generation initiatives and establish first contact with prospective clients
• Deliver tailored payment solutions to meet client business objectives
• Cultivate and manage client relationships across all stages of the sales lifecycle
• Navigate and resolve disputes and conflict situations to maintain client satisfaction
• Develop and prepare competitive commercial proposals and pricing calculations

**Head of Department**
Media Buying Company
4 months

• Directed a team of 4 professionals, ensuring optimal resource allocation for advertising specialists
• Oversaw strategic resource management for media buying operations

**Project Manager**
News Project
3 months

• Executed end-to-end project management encompassing planning, implementation, and delivery
• Led recruitment efforts and conducted candidate interviews to build high-performing teams
• Implemented quality assurance protocols and performance monitoring systems
• Administered payroll processing and bonus distribution
• Successfully led a team of 8-10 employees through complete project lifecycle

**Account Manager (Media Buying)**
ACIDBRO
January 2021 - March 2022

• Configured and optimized advertising accounts for campaign readiness
• Managed and executed advertising campaigns within high-risk verticals
• Delivered comprehensive technical support including server and proxy procurement, site hosting, application deployment on Google Play and App Store, and ongoing account management
• Developed specialized expertise in Gambling and Betting sectors"
2657,"**PROFESSIONAL SUMMARY**

Quality Assurance professional with full-cycle testing expertise spanning specification analysis through re-testing. Web Developer skilled in semantic HTML, CSS, JavaScript, jQuery, and React for creating interactive, functional websites. Adept at agile development processes, project management, technical documentation, roadmap and mockup development, and client negotiations.

**SKILLS**

**Quality Assurance & Testing**
- Full software testing lifecycle management
- Specification analysis and re-testing
- Test documentation and technical writing

**Web Development**
- Semantic HTML and CSS
- JavaScript and jQuery
- React

**Project Management & Collaboration**
- Agile development methodologies
- Project management tools and workflows
- Gantt charts and roadmaps
- Mockup creation
- Technical documentation
- Invoicing and negotiations

**Language**
- English (interview-ready proficiency)"
2658,"# PROFESSIONAL EXPERIENCE

**McCann Kyiv**
*Senior Account/Project Manager*
Clients: Vodafone, Unicef, Carlsberg

- Managed end-to-end campaign delivery from concept through execution across multiple global brands
- Directed production of television commercials, out-of-home advertising, and video content including local shoots
- Led competitive tender processes, negotiated vendor contracts, and controlled budget allocation
- Ensured on-time, on-budget delivery through rigorous timeline and payment terms management
- Built and coordinated cross-functional teams, integrating internal creative resources with external specialists
- Delivered comprehensive performance reporting at daily, weekly, and monthly intervals to clients and agency leadership
- Maintained full financial oversight and accountability across all project budgets

**Cheil Ukraine**
*Project Manager*
Client: Samsung Electronics Ukraine

- Drove integrated marketing projects from initiation through completion across all development phases
- Managed diverse channel mix including television, out-of-home, retail point-of-sale materials, digital, and below-the-line activations
- Executed end-to-end tender management including vendor briefings and budget administration
- Maintained strict adherence to payment schedules and project milestones
- Partnered with internal agency teams while sourcing and managing external project resources
- Produced structured reporting cadence for client and agency stakeholders
- Tracked and controlled all financial data and project expenditures"
2659,"# PROFESSIONAL SUMMARY

IPMA-Certified Project Manager with 6 years of experience delivering results across IT banking, digital marketing, aerospace, and automotive industries. Holds a Master's Degree in Project Management. Founded and grew an engineering outsourcing business, leading customer acquisition strategy and scaling team capacity. Brings 3 years of US on-site work experience with strong cross-cultural collaboration skills.

# CORE COMPETENCIES

**Project Management Frameworks:** PMBoK, ITIL, Kanban, BPMN

**Tools:** Jira, MS Project, Omnitracker, Visio

**Additional Skills:** Stakeholder Negotiations, Sales, Regulatory Compliance, Business Process Documentation

# PROFESSIONAL EXPERIENCE

**Founder & Project Manager | Engineering Outsourcing Business**

• Established engineering outsourcing venture from inception, developing business strategy and operational framework

• Drove customer acquisition initiatives, securing new client contracts and project engagements

• Scaled team capacity by expanding staff allocation across active projects to meet growing client demands

# EDUCATION & CERTIFICATIONS

• Master's Degree in Project Management

• IPMA Certification

• British Council Diploma in Business English, Advanced Level (95%)

# INTERNATIONAL EXPERIENCE

• 3 years on-site professional experience in the United States, collaborating with cross-functional teams in a global business environment"
2660,"**PROFESSIONAL SUMMARY**

Results-driven professional with diverse IT industry experience spanning sales, recruitment, regional management, and customer support. Completed Project Management training with expertise in risk management, stakeholder negotiations, and requirements analysis. Currently serving as Regional Director while managing customer support operations. Proven fast learner with strong technical industry knowledge and cross-functional leadership capabilities.

**CORE COMPETENCIES**

Business Communications & Negotiations | Requirements Analysis | Risk Management | Conflict Resolution | Customer Service & Public Relations | International/Intercultural Relations | Recruiting & Talent Acquisition | Translation Services

**PROFESSIONAL EXPERIENCE**

**Regional Director**
- Facilitate communication between operational teams and international company ownership
- Coordinate cross-border business operations and organizational workflows
- Manage documentation and ensure alignment across distributed teams

**Customer Support Manager** (Part-time)
- Oversee customer service operations and client relationship management
- Resolve customer issues and ensure service quality standards
- Maintain client satisfaction through effective conflict resolution

**Recruiter**
- Conducted end-to-end talent acquisition and recruitment operations
- Managed candidate sourcing, screening, and selection processes

**Sales Manager** (Startup)
- Launched IT industry career in sales management role while completing studies
- Developed business development and client management capabilities

**EDUCATION & TRAINING**

**Project Management Courses** (Recently Completed)
- Risk Management
- Stakeholder Negotiations
- Requirements Analysis

**LANGUAGE PROFICIENCY**

English: Upper-Intermediate to Advanced

**CAREER OBJECTIVES**

Seeking position as Project Manager, Project Coordinator, Account Manager, Business Analyst, or Business Development Manager"
2741,"**PROFESSIONAL EXPERIENCE**

**Head of Facilities, Ukraine Operations**
Dev-Pro.net | 2021 – Present

• Direct administrative operations across 5 development centers in Kyiv, Lviv, Dnipro, and Kharkiv
• Ensure business continuity and full operational oversight of 5,000+ sq.m. facility infrastructure
• Lead and develop a team of 15+ professionals

**Site TS Program Manager | HS&E Department Leader**
Procter & Gamble LCC | 2013 – 2021

• Directed Health, Safety & Environment Department, leading a team of 43 employees
• Spearheaded international Operations Technology projects, including successful startup of production lines for Tide, Ariel, and Gala, and strategic discontinuation of DAX and BONUX brands (2015–2017)
• Delivered A and A+ class facilities totaling 4,500 sq.m. across 5 locations
• Negotiated land rental agreements with authorities, reducing rates from 13% to 6% and achieving 37% savings in general plant costs (2017–2018)
• Reduced operating expenses and utilities by 23% FYTD
• Successfully led 6 external audits with zero critical observations
• Managed 3rd and 4th site phase development initiatives (2015–2018)
• Consolidated multiple units into unified department structure (2013–2015)
• Achieved 84% process reliability, less than 2% unplanned downtime, and less than 1% scrap (2015)
• Restructured plant infrastructure, transitioned warehouses to 3PL, and renovated boiler house and compressor systems

**AWARDS & RECOGNITION**

• CEO Award, 2014
• CBN Award, 2013

**CORE COMPETENCIES**

Operations Management | Facilities Administration | Project Management | Team Leadership | Change Management | Business Continuity | System Integration | Startup Management | Vendor Negotiations | Customer Service Leadership"
2766,"**Professional Summary**

Results-driven digital marketing professional with over 8 years of experience partnering with industry leaders including Ubisoft, Sony, Nintendo, Samsung, and Apple. Proven expertise in performance marketing and publisher-side ad operations, with a track record of leading revenue growth initiatives and yield optimization projects across global markets.

**Key Achievements**

• Led seven-figure marketing campaigns encompassing end-to-end trafficking and performance optimization

• Drove 20% yield increase across CEE markets by introducing advanced targeting capabilities

• Elevated viewability on select ad units by 40%, effectively combating banner blindness

• Conceptualized and architected a rich media building platform, overseeing full development lifecycle to expand advertising capabilities

**Core Competencies**

Performance Marketing | Ad Operations | Campaign Trafficking & Optimization | Yield Optimization | Targeting Strategy | Rich Media Development | Revenue Growth | Global Market Expansion | Viewability Enhancement"
2793,"# PROFESSIONAL SUMMARY

Results-driven marketing professional with expertise in digital advertising, campaign management, and team coordination. Experienced in managing multi-platform advertising campaigns across EU and USA markets, with strong analytical and organizational skills.

---

# PROFESSIONAL EXPERIENCE

**Model**
2022 – Present

**Disc Jockey**
2018 – Present

**Art Director/Stage Manager**
Synergy Group | 2018 – 2021

- Organized and coordinated team workflow for designers, content writers, and freelancers
- Managed project timelines and ensured deadline compliance
- Facilitated communication with partners and stakeholders
- Led project discussions and implementation

---

# SKILLS

**Digital Advertising**
- Google Ads, Facebook Ads, MyTarget, Taboola, Capterra, LinkedIn Ads
- Campaign management for EU and USA markets
- Media planning and budget optimization
- Keyword planning and optimization for search campaigns
- Ad extensions and search term optimization

**Analytics & Research**
- Ad performance analysis and reporting
- Competitor analysis using Facebook Ad Library
- Product and market research
- SEO optimization: keywords, titles, descriptions

**Project Management**
- Team coordination and task delegation
- Deadline management and organization
- Partner communication and meeting facilitation

**Languages**
- English
- Ukrainian
- Russian

---

# EDUCATION

**Advertising Course**
Hillel School | 2022

**Computer Technology**"
2810,"**PROFESSIONAL EXPERIENCE**

**SUPPORT SPECIALIST (FINANCE)**
NDA (GAMBLING)
2021 – 02.2023
- Delivered technical support to resolve complex financial issues and ensure operational continuity
- Prepared accurate financial statements in compliance with company standards

**PROJECT MANAGER**
COWBOY ART (ADVERTISING AND PR SERVICES)
02.2020 – 04.2021
- Conducted comprehensive analyses of advertising markets across Ukraine and international regions
- Represented the brand as ambassador, strengthening client relationships and company visibility
- Championed customer protection initiatives and drove client satisfaction outcomes
- Prepared detailed financial analyses and identified strategic profit opportunities
- Developed compelling project proposals and delivered persuasive presentations to stakeholders
- Managed end-to-end project lifecycle from initial receipt through successful final implementation

**PROJECT MANAGER**
SICORE (ADVERTISING AND PR SERVICES)
04.2018 – 02.2020
- Researched outdoor advertising market trends to identify emerging opportunities
- Consistently achieved planned sales targets and key performance indicators
- Identified, pursued, and acquired new customer accounts to expand business portfolio
- Conducted client meetings, delivered presentations, and led contract negotiations
- Coordinated effective cross-departmental collaboration to ensure seamless project execution"
2824,"# PROFESSIONAL SUMMARY

Accomplished Affiliate Manager with over 7 years of specialized experience in affiliate program development and management. Proven track record launching affiliate programs from the ground up across multiple niche markets including e-commerce, nutra, health and beauty, CBD, forex, dating, software, food, and social media. Former Account Manager at an advertising network with dual expertise managing relationships with advertisers and affiliates.

Currently leading a dedicated team delivering comprehensive affiliate program management services, from initial consultation and assessment through full-scale program execution. Extensive experience managing diverse affiliate platforms—both third-party networks and in-house programs—with a strategic focus on recruiting and cultivating top-performing affiliates to drive revenue growth.

---

# PROFESSIONAL EXPERIENCE

## Affiliate Manager / Account Manager

**Program Development & Launch**
- Launched affiliate programs from scratch across diverse niche markets including e-commerce, nutra, health and beauty, CBD, forex, dating, software, food, and social media
- Created and oversaw development of text slogans, banners, HTML creatives, and landing pages
- Developed professional correspondence, proposals, and documentation for management and partners

**Partnership & Revenue Growth**
- Identified and secured new traffic sources and partnership opportunities
- Recruited new affiliates and developed comprehensive contact lists
- Maintained and optimized existing partnership projects for improved results
- Coordinated benefits in accordance with signed agreements and contracts

**Analytics & Performance Optimization**
- Analyzed daily, weekly, and monthly performance trends for affiliate campaigns
- Monitored campaign delivery and performance metrics
- Conducted competitor analysis including features, benefits, pricing, and market positioning

**Relationship Management**
- Managed day-to-day communication with internal and external stakeholders
- Executed B2B activities: partner acquisition, brand awareness initiatives, email marketing
- Managed social media accounts (Facebook, Twitter, Google+) including daily posting, fan engagement, content sharing, comment and direct message response, networking with complementary pages, and click-through rate monitoring

**Platforms:** Commission Junction, LinkShare, Linkconnector, Webgains, Shareasale

## Marketing Analyst

- Investigated data collection market including surveys and forms
- Provided comprehensive competitor analysis
- Coordinated marketing communications with customers including webinar preparation and email campaigns
- Collaborated with Brand and Project Management departments
- Participated in partner programs
- Promoted company websites through SEO, PPC, and email marketing
- Developed marketing materials and enhanced company websites
- Conducted A/B testing

---

# EDUCATION & CREDENTIALS

**Project Management Diploma (EADL)**
Laba

---

# SKILLS & EXPERTISE

**Affiliate & Partner Management:** Program Development, Third-Party Network Management, In-House Platform Management, Partner Recruitment, Relationship Management

**Marketing:** Email Marketing, Social Media Management, B2B Marketing, PPC, SEO, A/B Testing

**Leadership:** Team Leadership, Account Management"
3002,"**Customer Service & Operations Professional**

**CAREER OBJECTIVE**

Experienced support professional seeking a management position to leverage extensive customer service background and demonstrated team leadership capabilities in a supervisory role. Committed to driving operational excellence and developing high-performing teams.

**PROFESSIONAL EXPERIENCE**

**Support Agent**

• Verified and processed customer orders with precision to ensure accuracy and satisfaction
• Delivered responsive customer support across multiple communication channels including calls and chats
• Mentored and trained new team members, ensuring consistent service standards and accelerated onboarding
• Identified and implemented service improvement initiatives to elevate customer experience
• Streamlined operational workflows to enhance team productivity and efficiency
• Executed process-related tasks supporting day-to-day operational performance

**SKILLS & COMPETENCIES**

• Customer Service Excellence
• Multi-Channel Communication Management
• Team Mentoring & Training
• Process Optimization & Workflow Organization
• Service Improvement & Continuous Enhancement
• Operational Support & Adaptability"
3021,"# [Your Name]

**Professional Goal:** Affiliate Manager / Project Manager in an international company or organization

---

## PROFESSIONAL EXPERIENCE

**Head of Project** (2020–2021)

- Led project continuity and growth during pandemic restrictions without active outdoor advertising
- Drove consistent increases in visitor engagement
- Created, planned, and executed complex projects from concept to completion
- Directed cross-functional teams of up to 8 members

**Business Development Manager** | The German-Ukrainian Chamber of Industry and Commerce (2019–2020)

- Led the IT & Cyber Security working group, elevating it to official ""committee"" status within one year
- Cultivated strategic relationships with local and international partners
- Coordinated working groups and professional communities
- Developed content and orchestrated both online and offline events

---

## CORE COMPETENCIES

- End-to-end project creation, planning, and implementation
- 4+ years of results-driven management experience with strong deadline accountability
- Team leadership (up to 8 members)
- Working group and community coordination
- Event organization and content development
- Strategic partnership building across local and international markets
- Operational workflow management"
3093,"**PROFESSIONAL SUMMARY**

Results-driven IT professional with nine years of experience partnering with startups across mobile apps, B2B, and SaaS applications. Proven track record managing diverse, cross-cultural teams including internal and outsourced employees. Spent four years at a scale-up during hyper-growth phase, successfully leading transformation and growth initiatives. Skilled manager, coach, and mentor focused on developing high-performing teams.

**CORE COMPETENCIES**

Agile & Lean Methodologies • Team Leadership & Development • Cross-Cultural Team Management • Business Value Delivery • Strategic Decision Making • Stakeholder Relationship Building • Process Optimization • Continuous Improvement • Data-Driven Analysis • Jira • Confluence • GitHub • Code Climate

**PROFESSIONAL EXPERIENCE**

**Scale-up Company**
*Management Role* | 4 years

- Drove organizational transformation and business expansion during hyper-growth phase
- Coached teams in Agile and Lean practices to maximize business value delivery
- Developed team members' capabilities by creating environments for professional growth and peak performance
- Established communication frameworks enabling effective information evaluation and decision-making
- Implemented transparency and continuous improvement processes using Jira, Confluence, GitHub, and Code Climate
- Built and maintained strong relationships across diverse stakeholder groups

**Startup Environments**
*IT Professional* | 5 years

- Partnered with multiple startups across mobile app, B2B, and SaaS sectors
- Managed cross-cultural teams spanning various nationalities and work arrangements including internal and outsourced employees
- Navigated diverse organizational structures and operational models"
3105,"# PROFESSIONAL SUMMARY

Accomplished IT leader with 10+ years of experience in management and technology roles within IT outsourcing and outstaffing environments. Proven track record of strengthening compliance, improving processes, and elevating output, quality, customer satisfaction, and employee morale to all-time highs. Expert at conceptualizing and executing program vision from start to finish, managing complex milestones while adapting to changes and shifting priorities. Skilled at leading international, cross-functional, and distributed engineering teams in delivering strategic initiatives that improve systems, processes, and bottom-line results.

## CORE COMPETENCIES

Program Management Office (PMO) Establishment & Optimization | Delivery Management | Pre-Sales & Client Relations | Risk Management & Mitigation | Budgeting & Cost Control | Process Improvement & Quality Management | Leadership & People Management | Lean Agile Methodologies | Rolling Wave Planning | Strategic Budget Forecasting | International Stakeholder Engagement | Cross-Functional Team Leadership

## PROFESSIONAL EXPERIENCE

**Key Achievements & Responsibilities**

- Established and optimized Program Management Office, delivering enhanced project oversight and governance across the organization
- Directed delivery operations for distributed teams of 50+ employees, ensuring consistent performance and alignment with strategic objectives
- Spearheaded pre-sales initiatives, contributing to business development and client acquisition efforts
- Designed and implemented comprehensive risk management frameworks to proactively identify and mitigate project risks
- Oversaw budgeting and cost-control activities, driving significant cost savings while forecasting for operational needs
- Championed process improvement and quality management initiatives, resulting in elevated performance standards
- Applied Lean Agile methodologies and rolling wave planning to optimize project execution and adaptability
- Cultivated and maintained strong working relationships with clients nationally and internationally

Available for travel as required"
3113,"# PROFESSIONAL SUMMARY

IT professional with 10+ years of experience delivering web and mobile projects across healthcare, education, social media, and insurance sectors. Proven expertise in RUP, Waterfall, and Agile methodologies, specializing in product development, business analysis, and agile coaching.

# CORE COMPETENCIES

- Project & Product Management
- Agile, RUP & Waterfall Methodologies
- Scrum & Kanban Implementation
- Business Analysis
- Facilitation & Agile Coaching
- Cross-functional Team Leadership

# CERTIFICATIONS

**Project Management & Agile Frameworks**
- Project Management Professional (PMP) – Project Management Institute
- Certified Scrum Product Owner (CSPO) – Scrum Alliance
- Certified ScrumMaster (CSM) – Scrum Alliance
- SAFe Advanced Scrum Master (SASM)
- Registered Product Owner at Scale (RPOAS) – Scrum at Scale
- Registered Scrum at Scale Fundamentals (RSASF) – Scrum at Scale

**Kanban**
- Kanban System Design (KMP1) – Kanban University
- Kanban Maturity Model – Kanban University
- Kanban Coaching Practices – Kanban University

**Coaching & Training**
- Certified Agile Coach (ICP-ACC) – ICAgile
- Certified Trainer – ICAgile
- Member – International Association of Facilitators (IAF)

# TECHNICAL SKILLS

**Project Management & Collaboration:** Jira (including administration), Confluence, Azure DevOps (TFS), Asana, PivotalTracker, MS Project

**Design & Analytics:** Miro, Microsoft Power BI, Balsamiq Mockups, draw.io, Xmind

**Programming & Modeling:** SQL, BPMN, UML

**Additional Tools:** Postman, Microsoft Office Suite

# LANGUAGES

English: Upper-Intermediate"
3118,"# PROFESSIONAL EXPERIENCE

**Tech Lead, Project Manager Department** | 1 year 3 months
- Directed department operations and led cross-functional teams to deliver strategic initiatives
- Cultivated a high-performance, collaborative team culture

**Project Manager** | 1 year
- Delivered projects for Fortune 500 client, supporting a web platform serving USA stakeholders
- Spearheaded platform expansion from 1 domain to 8 domains
- Translated complex customer requirements into successfully executed projects
- Established and sustained a positive, results-oriented team environment

**Single Point of Contact** | 2 months
- Served as primary liaison between stakeholders and internal teams, ensuring clear and consistent communication

**Front-end Developer** | 4 months
- Built web applications and developed user interfaces

# EDUCATION

**Warsaw University of Technology**
Faculty of Computer Science | 1 year 6 months
- Received study grant based on admission merit
- Completed coursework in English-language program

# SPEAKING ENGAGEMENTS

Delivered presentations at 3 annual conferences covering:
- Project Management methodologies
- Project planning and approval processes
- Customer requirements analysis
- Team collaboration and performance culture"
3120,"# PROFESSIONAL SUMMARY

Results-driven Project Manager with expertise in enterprise, e-commerce, financial services, and big data initiatives. Proven track record of delivering time and material and fixed-price projects through effective risk, time, and cost management. Strong leadership and communication skills with proficiency in Agile methodologies and project management tools.

# CORE COMPETENCIES

**Project Management**
• Time and Material & Fixed Price Project Delivery
• Scheduling and Delivery Management
• Risk, Time, and Cost Management

**Industry Expertise**
• Enterprise Solutions
• E-commerce Platforms
• Financial Services Development
• Big Data Projects

**Leadership & Collaboration**
• Team Leadership
• Stakeholder Communication
• Negotiation

**Methodologies**
• Agile | Scrum | Kanban

**Tools & Platforms**
• Jira | Confluence | Trello | Redmine | VSTS | Salesforce | Kimble"
3122,"# AGILE DELIVERY & PROJECT MANAGEMENT

## Core Competencies

**Agile Delivery Management** | Version Planning | CI/CD Pipeline Management | Jenkins | GitHub Actions | Azure | AWS | Development & Production Environments

---

## Professional Experience & Expertise

### Delivery & Release Management
- Established and streamlined delivery and release processes from inception
- Managed version planning and builds via Jenkins and GitHub Actions
- Deployed solutions to Azure and AWS environments across development and production

### Scrum & Agile Practice
- Organized and led Scrum Events and maintained Scrum Artifacts
- Led teams through daily stand-ups, retrospectives, and task management
- Conducted 1:1 meetings focused on skills development and issue resolution

### Project Planning & Execution
- Developed roadmaps, resource plans, project charters, and reports
- Mitigated risks and ensured regular, timely delivery of value
- Created comprehensive documentation to support team operations

### Requirements & Research
- Authored Business Requirements, User Stories, and Job Stories
- Conducted investigative research in project domains to gather critical information

### Stakeholder Collaboration & Business Development
- Collaborated with development teams, UI/UX designers, and stakeholders to drive project success
- Participated in pre-sales activities, client meetings, estimation preparation, and proposal development
- Contributed to establishing company processes, writing role descriptions, and interviewing stakeholders
- Engaged in daily collaboration with CTO

---

## Professional Profile

Results-driven professional who thrives on challenges and achieves ambitious goals through strong team collaboration. Seeking opportunities in meaningful domains that contribute positively to society, with continued learning and professional development."
3123,"# PROFESSIONAL SUMMARY

Certified Agile Project Manager and Scrum Master with extensive experience leading teams of 80+ members. Proven track record in creating IT projects from scratch, establishing presence in new Western markets, and building development teams. Expertise spans medical, business, and educational domains. Dozens of successfully completed projects across Project Management, UX, Business Analysis, and QA roles. Skilled in long-term product management, remote team leadership, change and risk management, and client engagement in technology discussions.

# CERTIFICATIONS

- Certified Agile Project Manager
- Certified Scrum Master

# CORE COMPETENCIES

**Project Management & Methodologies:**
Agile · Scrum · Kanban · DSDM · Change Management · Risk Management · Remote Team Management · Scope Clarification & Prioritisation

**Technical Skills:**
iOS · Android · PHP · Drupal · Jira · Redmine · Axure · Mindmap · UI/UX · Prototyping

**Business & Leadership:**
Business Analysis · Sales & Account Management · Business Development · Team Management · Stakeholder Engagement · Advanced Business English

# KEY ACHIEVEMENTS

- Built IT projects from concept to successful market launch
- Established company presence in new Western markets
- Led project management for cross-functional teams of 80+ members
- Delivered dozens of projects spanning PM, UX, BA, and QA disciplines
- Managed long-term products across medical, business, and educational industries
- Integrated business analysis into customer relations processes to enhance project outcomes
- Recruited developers and built remote development teams
- Drove startup growth through strategic planning and execution
- Leveraged technical background to engage clients in technology discussions"
3133,"# PROFESSIONAL SUMMARY

Results-driven Project Manager, Business Analyst, and Scrum Master with 8 years of experience spanning outsourcing and product environments. Demonstrated expertise in Agile methodologies, product management, and presale activities. Certified coach recognized for strong facilitation skills and team leadership capabilities.

# CORE COMPETENCIES

**Agile & Project Management**
- Scrum, XP, and Kanban methodologies
- Multi-team leadership managing groups of 3-9 members
- Concurrent project delivery and coordination

**Product & Business Analysis**
- End-to-end product management and business analysis
- Solution architecture and estimation
- Full-cycle presale process management

**Coaching & Facilitation**
- Certified coach specializing in 1:1 professional development
- Group facilitation and team capability building
- Agile mindset transformation and implementation

**Technical Practices**
- MVP development with iterative feedback loops
- Continuous Integration (CI)
- Pair Programming (PP)
- Test-Driven Development (TDD)
- Code Reviews (CR)

# PROFESSIONAL EXPERIENCE

**Key Responsibilities & Achievements**

- Led multiple concurrent development teams of 3-9 members, ensuring alignment and delivery across projects
- Championed Agile adoption by guiding teams and customers through implementation of context-appropriate practices including MVP development, feedback loops, CI, PP, TDD, and CR
- Drove organization-wide process improvements across Presale, Hiring, Onboarding, and Feedback functions
- Spearheaded presale initiatives encompassing solution design and estimation processes
- Established transparent communication channels and streamlined processes across all client engagements

# INDUSTRY EXPERTISE

Web | E-commerce | Gaming

# CAPACITY

1-3 simultaneous projects/teams OR 1-2 projects/teams with concurrent Presale involvement"
3134,"# Project Manager/Scrum Master

## PROFESSIONAL EXPERIENCE

**Project Manager/Scrum Master**
Sensorama Lab | Kyiv | 07/2018 - 06/2028
VR, AR, MR, AI Development Company

- Implement Agile methodologies and principles across the organization
- Facilitate sprint planning, stand-ups, reviews, and retrospectives with cross-functional teams and Product Owner
- Partner with Product Owner to define, document, maintain, and communicate product roadmap across the organization
- Develop briefs, estimations, project plans, and supporting documentation
- Translate stakeholder discussions into detailed user stories, epics, and tasks
- Manage story writing, prioritization, tracking, and acceptance criteria for product backlog
- Oversee release scope and schedule with focus on regular, timely delivery of value
- Prepare, maintain, and communicate schedules, documentation, and project statuses
- Ensure product backlog remains prioritized, groomed, and refined to eliminate ambiguity in specifications
- Collaborate with management and leadership to identify and implement process and workflow improvements
- Define and refine Agile metrics and reporting to measure and communicate team performance

**Project Manager**
Maybe.Works | Kharkiv | 01/2017 - 06/2018
Outsourcing IT Company

- Led cross-functional team of developers, designers, 3D artists, and QA testers through entire project lifecycle using Agile methodologies
- Served as primary client contact for all project-related communication, cultivating strong relationships
- Created and managed schedules, user stories, risk mitigation plans, scope and budget tracking to ensure on-time delivery
- Sourced and managed external partners, ensuring clear transfer of project requirements and timelines
- Monitored progress for distributed teams
- Reviewed contracts and authored change orders

**Project Manager**
Bitbay.Market | Kharkiv | 01/2018 - 06/2018
Blockchain Project

- Managed suite of free-to-use, multi-platform applications including the world's first fully-functional Decentralized Marketplace
- Delivered MVP two weeks ahead of schedule
- Contributed to client securing investment exceeding $1 million following MVP delivery
- Applied Agile methodologies (Scrum, Kanban, Lean, XP) and Waterfall approaches
- Managed PMO activities including briefs, estimations, project plans, reports, and Gantt charts
- Conducted risk management and resource management activities

## SKILLS

**Methodologies:** Agile (Scrum, Kanban, Lean, XP), Waterfall, PMO
**Project Management:** Sprint Planning, Backlog Management, Roadmap Development, Risk Management, Resource Management, Stakeholder Communication
**Documentation:** Briefs, Estimations, Project Plans, Reports, Gantt Charts, User Stories, Epics
**Additional:** Touch Typing"
3135,"# PROFESSIONAL EXPERIENCE

**Endava, December 2021 — Present**
*Agile Project Manager*

**FinTech & Banking Project**
- Delivered Product's Annual Roadmap on schedule and within budget constraints
- Mitigated scope creep challenges while coordinating third-party vendor dependencies
- Established transparent stakeholder relationships through strategic communication and comprehensive reporting

**Data Centre to AWS Migration Project**
- Developed comprehensive roadmap for Discovery and Migration Strategy phases
- Led Discovery process execution, including communication and workshop planning initiatives
- Orchestrated resource management encompassing team scaling and onboarding protocols

**Key IVR, March 2020 — November 2021**
*Technical Project Manager*

- Successfully delivered 15+ projects on schedule and within budget parameters
- Leveraged expertise in major International Payment Gateways including Barclays EPDQ, WorldPay, and Global Payments
- Executed high-level technical specification reviews

**Zeroqode, March 2019 — March 2020**
*Project / Product Manager*

- Enhanced Backlog Health Status through implementation of Definition of Ready and Definition of Done frameworks, improving estimation accuracy
- Launched company product landing page with integrated metrics and customer behaviour analytics, driving 10% conversion increase and reduced CPA
- Executed growth-hacking campaign generating 15% new client acquisition across subscription tiers
- Led Customer Development initiatives through direct engagement and survey implementation

**Enticon.app, December 2018 — February 2019**
*Project Manager*

- Established workflow framework for inaugural Kanban development team
- Translated technical requirements into actionable, estimable deliverables
- Designed and implemented team member onboarding process
- Delivered executive-level reporting to C-Suite leadership

**EBS Integrator, September 2018 — December 2019**
*Project Manager*

- Developed comprehensive project plan for Fix Price initiative spanning Scope, Time, Cost, Quality, HR, Communication, and RAID management
- Monitored and analyzed key project performance metrics
- Delivered weekly client progress reports and facilitated demonstration sessions

**GoSocial, February 2018 — September 2018**
*Project Manager*

- Delivered 2 Web Projects within budget and timeline while leading hybrid on-site and outsourced development teams
- Partnered with Design and SMM departments to achieve post-launch objectives

# CERTIFICATIONS & TRAINING

- Certified SAFe® 5 Agilist
- Product Owner Mentoring Program, Pentalog"
3136,"# PROFESSIONAL SUMMARY

IT professional with 15+ years of experience, beginning as a web developer in 2009 and transitioning to project management four years ago. Proven track record of building and leading successful teams under challenging conditions across web, data-driven, and mobile application projects, managing teams of 2 to 24 developers.

# CORE COMPETENCIES

- People Management
- Team Building & Leadership
- Project Management
- Scrum Methodology
- Web Development

# PROFESSIONAL EXPERIENCE

**Project Manager**
*4 years*

- Deliver diverse projects spanning web, data-driven, and mobile applications
- Scale and manage development teams ranging from 2 to 24 members
- Build and sustain high-performing teams under challenging circumstances
- Drive project delivery using Scrum methodology

**Web Developer**
*2009 – transition to Project Management*

- Developed web applications
- Established foundational IT expertise supporting career advancement into leadership

# CAREER OBJECTIVES

Seeking mid-sized project opportunities managing approximately 18 team members with growth potential. Driven by impactful, globally relevant projects."
3137,"# AGILE PROJECT MANAGER

## PROFESSIONAL SUMMARY

Experienced Agile Project Manager with a proven track record of implementing and optimizing Agile practices across 14 teams. Skilled in serving as Project Manager, Product Owner, and Scrum Master, with expertise in building Scrum frameworks from the ground up and driving successful delivery outcomes. Demonstrated ability in crisis management, process optimization, and departmental development. Experienced across fintech, healthcare, e-commerce, social networks, and education industries.

## CORE COMPETENCIES

**Agile & Delivery** | Scrum, Kanban, Nexus, SAFe | Release Management | 100+ Production Releases

**Leadership** | Crisis Management | Team Building | Talent Acquisition | Department Development

**Management** | Scope | Risk | Quality | Stakeholder | Cross-Functional Coordination

## PROFESSIONAL EXPERIENCE

**Agile Project Manager**

**Agile Implementation & Framework Development**
- Established and maintained Agile best practices across 14 teams, building Scrum frameworks from scratch in 5 teams
- Developed end-to-end processes spanning ideation, development, testing, and release phases
- Established process standards, approaches, and culture development initiatives within development teams

**Delivery & Crisis Management**
- Delivered over 100 successful production releases on live projects
- Served as Crisis Manager, transforming team performance from zero releases to consistent monthly release cycles
- Ensured successful delivery outcomes across all managed teams

**Leadership & Department Building**
- Built and developed Project Management department
- Conducted PM interviews and participated in technical specialist interviews
- Coordinated cross-functional collaboration between design and development departments
- Managed comprehensive project portfolio including scope, release, people, risk, quality, and stakeholder management

## INDUSTRY EXPERIENCE

Fintech | Healthcare | E-Commerce | Social Networks | Education"
3138,"**KARINE**

**PROFESSIONAL SUMMARY**

Results-driven Project Manager with 3 years of experience optimizing team productivity and aligning project deliverables with client objectives. Expertise in eliminating redundant efforts while maintaining strategic focus on stakeholder goals. Skilled in Agile and Scrum methodologies with a track record of coaching senior leadership on implementation best practices.

**CORE COMPETENCIES**

Project Management | Agile & Scrum Methodologies | Stakeholder Management | Jira Configuration & Administration | Leadership Coaching | Process Optimization | Software Development Team Collaboration

**PROFESSIONAL EXPERIENCE**

**Project Manager**
3 Years

• Eliminated wasted effort and maintained team alignment with client goals, delivering measurable project value
• Advised upper management on Agile and Scrum best practices for enterprise-wide implementation
• Designed and configured Jira environment, including components and swimlanes, to streamline developer workflows
• Enhanced development team efficiency through optimized management platform architecture
• Collaborated with software development teams to ensure efficient project execution

**AVAILABILITY**

Monday–Friday | GMT+4

**CONTACT**

Available upon request"
3139,"# RESUME

## CERTIFICATES
- SAFe Scrum Certification
- Soft Skills and Project Management (ITEA)
- PMP Exam Preparation

## KEY ACHIEVEMENTS
- Delivered a web solution for financial analysis while managing five concurrent projects across multiple scales
- Established IT Project Management processes using Scrum methodology from the ground up
- Earned positive client feedback for project delivery

## PROFESSIONAL EXPERIENCE

**Project Manager / Scrum Master**

- Led end-to-end project lifecycle for web development initiatives, including budget oversight
- Conducted project discovery to define scope, requirements, and deliverables
- Coordinated and delivered high-quality product releases within agreed timelines
- Facilitated daily stand-ups, sprint planning, estimations, and retrospectives for a 19-member team
- Managed sprint planning, task creation, and time tracking using Jira and Confluence
- Fostered team development through growth opportunities and performance reviews
- Directed remote team operations across distributed environments
- Prepared comprehensive Project Status Reports with detailed project insights

## PROFESSIONAL OBJECTIVE

Seeking engaging projects within a collaborative team environment with opportunities for continued professional growth."
3140,"# PROFESSIONAL SUMMARY

Certified Scrum Master (CSM) and Management 3.0 practitioner with more than 4 years of experience in the game industry, serving as Scrum Master, Scrum Coach, Project Manager, and Group Manager.

---

## OBJECTIVE

Seeking a challenging position where I can leverage my expertise to drive exceptional results and make meaningful organizational impact.

---

## PROFESSIONAL EXPERIENCE

**Scaling & Organizational Growth**
- Scaled department operations from 10 to 40 employees while maintaining organizational effectiveness
- Directed day-to-day operations of geographically dispersed teams across Kiev, Kharkov, and Dnipro (20+ people)

**Agile Leadership & Transformation**
- Led successful Agile transformation across 40+ team members, embedding Agile values and principles throughout the organization
- Implemented scaled Agile best practices and frameworks at company level to maximize business and product value delivery
- Facilitated team evolution into self-organized Scrum teams capable of consistent execution and commitment delivery

**Coaching & Mentorship**
- Provided coaching and mentorship to Scrum Masters on ceremonies including sprint planning, demonstrations, and retrospectives
- Guided release planning, dependency mapping, risk management, and impediment resolution across teams

**Quality & Process Improvement**
- Established and championed a zero-defects quality culture across multiple teams
- Spearheaded continuous improvement initiatives in engineering practices and processes at enterprise level
- Developed and maintained team performance measurement frameworks and development processes

**People Management**
- Managed personnel development and HR processes within matrix organizational structures"
3141,"# PROFESSIONAL SUMMARY

Results-driven Agile Project Manager with over 5 years of experience leading cross-functional, international teams in the successful delivery of iOS, Android, and web development projects.

---

## CORE COMPETENCIES

- Agile Project Management
- iOS Development Coordination
- Android Development Coordination
- Web Development Oversight
- International Team Leadership
- Cross-functional Collaboration

---

## PROFESSIONAL EXPERIENCE

**Agile Project Manager**

- Directed agile project management initiatives across iOS, Android, and web development platforms
- Collaborated with geographically distributed international teams to deliver projects on schedule
- Facilitated agile ceremonies and maintained project workflows across multiple development streams

---

## SKILLS

- Agile Methodologies
- Mobile Application Development (iOS & Android)
- Web Development Projects
- Global Team Coordination
- Stakeholder Communication"
3142,"**PROFESSIONAL SUMMARY**

Results-driven Agile Project Manager and Scrum Master with extensive experience leading teams, managing operations, and cultivating client relationships. Proven track record managing cloud platform and web application development while driving Agile adoption across organizations. Combines strong business analysis expertise with deep SDLC knowledge and exceptional communication skills to deliver measurable results.

---

**PROFESSIONAL EXPERIENCE**

**Pacto Systems, Ltd, UK**
Scrum Master / Agile Project Manager
08/2017 – Present

• Champion Agile values and principles, embedding methodology into daily operations and fostering company-wide cultural transformation
• Facilitate all Scrum ceremonies including daily standups, sprint planning, sprint reviews, and retrospectives
• Build and organize high-performing Agile teams while guiding enterprise-wide Agile adoption
• Monitor team velocity, identify impediments, and implement solutions to maintain sprint momentum
• Drive customer relationship management and lead generation initiatives
• Partner with stakeholders to elicit, elaborate, and document comprehensive requirements
• Coordinate client demonstrations and manage expectation alignment
• Investigate data discrepancies, identify dataset relationships, and develop solution models
• Author business requirements documents ensuring alignment with business objectives and stakeholder approval
• Maintain requirements quality standards while ensuring compliance with organizational policies and industry best practices
• Manage product backlog through continuous grooming, refinement, and change integration
• Analyze processes, conduct root cause analysis, and identify business improvement opportunities
• Evaluate processes, products, and services to drive optimization initiatives

**Tungus, LLC, Clermont, FL, USA**
Agile Project Manager
10/2015 – 10/2017

• Established company operations infrastructure from inception
• Designed and implemented process automation and document management systems
• Directed daily operations and task management
• Cultivated relationships with existing clients while developing new business partnerships
• Coached, motivated, and developed team members to maximize performance
• Secured and allocated resources to ensure optimal team productivity
• Provided strategic leadership, feedback, and guidance to project teams

---

**CORE COMPETENCIES**

Agile/Scrum Methodologies | Team Leadership | Operations Management | Client Relationship Management | Business Analysis | Requirements Engineering | Stakeholder Engagement | SDLC | Process Optimization | Cloud Platform Development | Web Application Management | Sprint Facilitation | Backlog Management"
3143,"# PROJECT MANAGER & SCRUM MASTER

Versatile IT professional with 5+ years of agile leadership experience and cross-functional expertise in quality assurance, business analysis, and project management. Proven track record establishing scalable processes, coaching high-performing teams, and driving organizational agility.

---

## CORE COMPETENCIES

**Agile Leadership & Frameworks**
- 5+ years leading and coaching agile teams across Scrum, Kanban, and Scaled Agile Framework
- Expert in tailoring agile ceremonies to organizational needs

**Quality Assurance & Testing**
- 3+ years in quality assurance and test automation
- Strong advocate for product quality as a business priority

**Process & Tools**
- Proficient in SDLC and CI tools: Jira, Confluence, Jenkins
- Skilled in designing development and QA processes for specific organizational requirements

**Scaling & Organizational Impact**
- Scaled agile practices across multiple teams, supporting up to 100 people
- Established cross-team communication, synchronization, and release procedures

**People Leadership**
- Experienced in people management, personal development planning, hiring, and onboarding

---

## PROFESSIONAL PHILOSOPHY

Committed to reducing bureaucracy while maximizing agility and practical problem-solving. Champion of product quality as a fundamental business priority."
3144,"**Agile Team Leadership & Scrum Master**

- Founded and led Agile team from the ground up, driving adoption of Scrum methodology and best practices
- Facilitated all Scrum ceremonies including daily standups, sprint planning, sprint reviews, and retrospectives
- Partnered with Product Owner to develop and prioritize product backlogs, refine requirements, and maintain user story standards
- Delivered client-facing demo presentations showcasing sprint deliverables
- Drove estimation, project planning, and risk assessment and tracking processes
- Identified and removed impediments to optimize team velocity and performance
- Analyzed user stories and requirements to ensure clarity and alignment with project objectives
- Mentored and onboarded new team members throughout project execution, accelerating productivity and integration"
3145,"**PROFESSIONAL SUMMARY**

Senior executive technical leader with over 10 years of experience in high-tech industries. Proven expertise in change management, business improvement, revenue enhancement, and operational efficiency. Committed to profit maximization through strategic, multifaceted approaches.

**CERTIFICATIONS**

- Certified Project Management Professional (TUV Rheinland Academy, Cologne, Germany)
- Certified Specialist in ISO 9001 (Cologne, Germany)
- Scrum Master

**CORE COMPETENCIES**

- Project Management: Scrum, Kanban, Waterfall
- Team Leadership: Up to 160 technical professionals
- Contract Management: Fixed Price and Time & Material

**PROFESSIONAL EXPERIENCE**

**Chief Technology Officer**
Agrifinance.io

- Led startup from concept through successful product launch

**Head of Project Management Office**
Minexsystems.com

- Built and directed team responsible for developing the world's first crypto-bank

**Senior Project Manager**
Prozorro.sale (State Reformatory Startup)

- Managed development of multiple projects"
3146,"**CERTIFIED SCRUM MASTER & AGILE PROJECT MANAGER**

Certified Professional Scrum Master (PSM I) and ICP Agile Certified Coach (ICP-APM) with 3+ years of proven success delivering projects from conception through commercial launch. Skilled in managing in-house and distributed development teams while consistently achieving results within time and budget constraints.

**CORE COMPETENCIES**

Scrum Framework Implementation | Kanban Methodology | Project Management Tools & Techniques | Lean Startup & Lean Software Development | Organizational Structure Optimization | Cross-functional Team Leadership | Stakeholder Communication | Full Project Lifecycle Management

**PROFESSIONAL EXPERIENCE**

**Agile Project Manager & Scrum Master**

• Led teams through complete development lifecycles from ideation to commercial launch across 3+ years of project delivery
• Implemented Scrum framework and Kanban methodologies across multiple companies and teams
• Established effective working processes for in-house and distributed teams, achieving project goals within time and budget constraints
• Optimized organizational structures to enhance team performance and project delivery
• Developed and facilitated reports, workshops, and meetups on Lean Startup, Lean Software Development, Agile, and Scrum methodologies
• Coordinated and planned project activities to exceed established targets
• Provided leadership to inspire team members to achieve their full potential
• Served as change agent promoting Agile culture and mindset across organizations

**CERTIFICATIONS**

• Certified Professional Scrum Master (PSM I)
• ICP Agile Certified Coach (ICP-APM)"
3147,"# PROFESSIONAL SUMMARY

Accomplished Project Manager and Team Leader with expertise in Agile methodologies, software development, and business operations. Proven track record of building and leading cross-functional teams across international markets, delivering gaming platforms, and managing concurrent mobile and web projects. Native Ukrainian and Russian speaker with fluency in English and working proficiency in German and Polish.

# KEY ACHIEVEMENTS

**Team Development & Leadership**
- Established and scaled two teams in Ukraine: an IT engineering team for software development and an operational team for game and platform management
- Led cross-functional teams of 20+ members
- Developed team capabilities through mentoring, coaching, and structured team building initiatives

**Product Delivery & Operations**
- Delivered Fantasy Sport startup from concept to operation, managing it as a standalone business unit
- Successfully delivered multiple casino games across Flash and HTML platforms
- Managed four mobile projects simultaneously across iOS and Android platforms

**Process Implementation**
- Implemented Agile/Scrum framework to optimize development processes
- Authored comprehensive business documentation including presentations, business plans, bids, and development specifications

# TECHNICAL EXPERTISE

Agile Project Management | Business Analysis | PMBOK | BABOK | Scrum | Kanban | Waterfall | Mobile Development (iOS/Android) | Web Development | iGaming | Casino Industry

# BUSINESS COMPETENCIES

Startup Development | Business Development | Marketing | Sales | Public Speaking | Brand Management | Product Management | Customer Service | Organizational Leadership | Team Building | Coaching | Motivation

# PROFESSIONAL EXPERIENCE

International experience with companies based in the United Kingdom, Germany, and Switzerland, demonstrating high-level competence in management and development disciplines.

# LANGUAGES

- English: Fluent
- German: Upper-Intermediate
- Polish: Low-Intermediate
- Ukrainian: Native
- Russian: Native"
3148,"**PROFESSIONAL SUMMARY**

Results-driven Agile Project Manager and Scrum Master with over 12 years of experience in software development. Proven track record of improving project processes, implementing Agile best practices, and coaching cross-functional teams to deliver successful business outcomes. Strong technical foundation with 10+ years as a Software Developer and Architect, delivering high-quality solutions for US and European clients.

**CORE COMPETENCIES**

Agile Project Management & Scrum Master Leadership • Software Development & Architecture • C/C++ Development • Process Improvement • Team Leadership & Coaching • Stakeholder Management • Cross-Cultural Collaboration • Conflict Resolution • Strategic Problem-Solving

**PROFESSIONAL EXPERIENCE**

**Agile Project Manager & Scrum Master**

- Drive project process improvements and implement Agile methodologies across cross-functional teams
- Coach and lead teams to achieve successful business outcomes through Agile best practices
- Develop and deploy organization-wide Agile practice standards and methods
- Serve as liaison between executive management, clients, and technical personnel
- Build consensus among stakeholders and resolve conflicts to maintain project momentum

**Software Developer & Architect** | 10+ Years

- Delivered high-quality software solutions for US and European clients across multiple complex projects
- Designed and implemented software architecture requiring advanced technical expertise
- Specialized in C/C++ development throughout full project lifecycles

**KEY STRENGTHS**

- Communicate complex technical information in a compelling, concise manner to diverse audiences
- Rapidly adopt new tools, techniques, practices, and methodologies
- Build and leverage professional networks to drive project success
- Demonstrate passion for strategic decision-making and creative problem-solving

**LANGUAGES**

English (Excellent) | Russian (Native) | Ukrainian (Native)"
3149,"**AGILE PROJECT MANAGER & DELIVERY MANAGER**

8 years of IT experience | 4+ years leading Agile transformations and IT delivery

---

**KEY ACHIEVEMENTS**

- Implemented enterprise-wide Kanban approach across all organizational levels utilizing the Kanban Maturity Model and Evolutionary Change Model, driving sustainable cultural transformation
- Doubled deliverable output through process optimization and strategic prioritization
- Reduced Time to Market by 33% by streamlining workflows and eliminating bottlenecks

---

**CORE COMPETENCIES**

Scrum | Kanban | Lean | Agile Methodologies | Product Development Optimization | Cross-Functional Team Leadership | Organizational Change Management

---

**EXPERIENCE**

**Team Level:** Led Scrum teams, facilitating ceremonies, removing impediments, and ensuring delivery commitments

**Department Level:** Managed cross-functional units of 40+ FTEs, aligning multiple teams toward shared objectives

**Organizational Level:** Oversaw operations spanning 100+ FTEs, driving strategic initiatives and delivery excellence

---

**PROFESSIONAL FOCUS**

Seeking opportunities to leverage proven expertise in Agile transformation, delivery optimization, and organizational change to drive measurable performance improvements."
3150,"# PROFESSIONAL EXPERIENCE

## Delivery Manager & Scrum Master

**Large-Scale Program Leadership**
- Directed program operations with 40+ team members across 3 concurrent Scrum Teams
- Architected end-to-end Release Management process spanning multiple domains and functionalities
- Designed and implemented comprehensive requirements lifecycle: gathering, processing, and delivery
- Led high-level quarterly planning initiatives
- Built team performance metrics framework from ground up
- Attained 4.9/5 overall team satisfaction rating

**Project & Portfolio Management**
- Led and managed 25+ team members across diverse project environments
- Directed domain-specific initiatives in FinTech and Healthcare sectors
- Managed monthly project budgets of $100K–$150K

## Scrum Master

- Led cross-functional teams comprising developers, QA engineers, business analysts, and stakeholders
- Established peopleware practices including structured 1-to-1 meetings and regular check-ins
- Facilitated Agile ceremonies: product backlog refinement, sprint planning, daily stand-ups, retrospectives, and iteration demos
- Built delivery processes ensuring consistent sprint execution
- Bridged communication between development teams and product owners
- Conducted Scrum Workshops to drive Agile adoption

## Project Manager

- Developed comprehensive project plans and monitored execution against milestones
- Processed change requests and mitigated risks associated with requirements evolution
- Maintained Risk Register and formulated Risk Mitigation strategies
- Delivered progress reports and communicated project changes to stakeholders
- Elicited and documented requirements through stakeholder interviews and User Story mapping

## Professional Focus

Seeking opportunities centered on large-scale, strategic programs rather than multiple small or support-oriented projects."
3153,"**PROFESSIONAL SUMMARY**

Results-driven IT professional with over 11 years of industry experience, including 7+ years specializing in Agile project management. Proven expertise in leading dynamically growing teams using Scrum and Kanban methodologies. Committed to continuous professional development through regular participation in and facilitation of training programs.

**CORE COMPETENCIES**

Agile & Scrum Methodologies | Kanban | Project Management | JIRA | Risk Management | Conflict Management | Change Management | Team Building | Motivation | Applications Deployment

**CAREER OBJECTIVE**

Seeking an opportunity within a dynamic, growth-oriented organization that offers professional challenges and a collaborative team environment where I can leverage my experience to support team development and organizational success."
3155,"# Professional Experience

**Agile Transformation Leader**
- Spearheaded enterprise-wide Agile transformation initiative, driving organizational change across a 50+ member organization

**Scrum Master**
- Simultaneously facilitated 5 cross-functional Scrum teams, ensuring adherence to Agile principles and optimizing team performance

**Project Manager**
- Successfully managed projects utilizing PMBOK methodologies, ensuring alignment with industry best practices"
3156,"**Scrum Master**

**Team Collaboration**
- Partnered with 3 cross-functional teams to enhance efficiency, self-management, and delivery of increments at sprint completion
- Reduced inter-team dependencies and streamlined areas of responsibility while elevating definition of done standards across all teams
- Identified and removed impediments blocking team objectives
- Facilitated Scrum events ensuring they remained positive, productive, and time-boxed

**Product Owner Partnership**
- Collaborated with 3 Product Owners to establish product goals, sprint objectives, and backlog prioritization
- Supported Product Backlog refinement and sprint planning preparation and execution
- Enabled effective stakeholder communication and engagement

**Organizational Leadership**
- Championed agile software development methodologies across the organization by implementing best practices and establishing process standards
- Customized and optimized agile tools and frameworks while creating scalable, sustainable processes
- Fostered productive cross-functional relationships and facilitated inter-departmental collaboration and alignment
- Eliminated organizational silos and barriers to enable team cooperation
- Contributed to talent acquisition initiatives"
3157,"# GULNAR ABASOVA

**Agile Project Manager | Scrum Master**

---

## PROFESSIONAL SUMMARY

Results-driven Scrum Master with experience facilitating self-managing, cross-functional developer teams in remote and in-office environments. Demonstrated success implementing Agile/Scrum methodologies that doubled team velocity. Specialized in Fintech projects spanning internal sales systems to online banking applications. Currently pursuing Master's degree in International Project Management as a Lithuanian State Scholarship recipient.

---

## TECHNICAL SKILLS

**Project Management Tools:** Jira Atlassian, Notion, Microsoft Project

**Methodologies:** Agile, Scrum

**Product Development:** Full lifecycle tracking, UX research, wireframing, QA, debugging

---

## PROFESSIONAL EXPERIENCE

**Scrum Master**

- Facilitated complete Scrum event cycles: sprint planning, daily stand-ups, sprint reviews, and retrospectives
- Coordinated grooming sessions with Product Owners to refine backlogs and prioritize deliverables
- Managed project schedules and tracked delivery timelines across development teams
- Served as liaison between Product Owner and development team members, including testers
- Collected and implemented continuous improvement initiatives through retrospective feedback
- Ensured adherence to Agile/Scrum principles throughout project lifecycles

*Key Achievement:*
Contributed to doubling team delivery speed following company-wide transition to Agile framework

*Project Portfolio:*
Fintech applications including internal sales systems and online banking platforms, with full product lifecycle involvement from ideation through UX research, wireframing, QA, and debugging

---

## EDUCATION

**Master of International Project Management** (In Progress)
Vilnius University | Lithuanian State Scholarship Recipient

---

## PROFESSIONAL INTERESTS

Passionate about collaborating with development teams in start-up environments and expanding expertise in agile management methodologies."
3158,"**PROFESSIONAL SUMMARY**

Certified SAFe® Scrum Master with 5+ years of experience leading distributed teams of up to 40 FTEs and 3 years dedicated to Scrum Master responsibilities. Proven expertise in Agile methodologies, team coaching, and stakeholder relationship management.

**CORE COMPETENCIES**

- Scrum Ceremony Facilitation & Impediment Resolution
- Agile Team Coaching & Cross-Functional Development
- Distributed Team Leadership & People Management
- Client Relationship Management & Stakeholder Communication
- Risk Management & Project Status Reporting
- Metrics Collection & Performance Analysis
- Resourcing & Recruitment
- Problem-Solving & Analytical Research

**KEY STRENGTHS**

- Establishing collaborative, high-performance team cultures
- Driving team self-organization and cross-functionality
- Building and maintaining trustful client relationships
- Organizing effective communication processes and meetings
- Applying project management best practices

**CERTIFICATIONS**

- SAFe® 5 Advanced Scrum Master
- SAFe® 5 Scrum Master
- AgilityHealth® Facilitator for SAFe®"
3159,"# AGILE PROJECT MANAGER & SCRUM MASTER

Results-driven Agile Project Manager and Certified Scrum Master with proven success leading cross-functional teams to deliver high-impact projects on time and aligned with strategic business objectives.

## CORE COMPETENCIES

Agile & Scrum Methodologies • Project Leadership • Team Building & Facilitation • Stakeholder Communication • Process Optimization • Milestone Tracking & Delivery • Adaptive Project Management • Requirements Management • Business Objective Alignment

## PROFESSIONAL SUMMARY

Dynamic project leader with extensive experience guiding diverse, cross-functional teams across multiple project portfolios. Expert in aligning team efforts with critical business objectives while implementing tailored processes and methodologies to maximize project success. Proven ability to pivot between management approaches based on unique project requirements and client goals, consistently delivering results on schedule.

## KEY ACHIEVEMENTS

**Strategic Project Delivery**
- Led cross-functional teams across diverse project initiatives, ensuring milestone completion and alignment with desired business outcomes
- Monitored project progress to guarantee on-time delivery against organizational goals

**Process & Methodology Expertise**
- Defined and implemented optimal processes and tools customized to each project's unique requirements
- Adapted project management approaches dynamically based on project specifics and evolving client objectives

**Leadership & Communication**
- Built and maintained high-performing, cohesive teams through effective leadership and collaboration
- Communicated effectively with stakeholders at all organizational levels
- Navigated frequently changing requirements while maintaining team focus and productivity"
3160,"**PROFESSIONAL SUMMARY**

Results-driven IT professional with 12+ years of experience in Information Technology, including 11+ years in IT Management. Proven track record leading cross-functional teams of 30+ engineers and building engineering organizations from the ground up. Expert in full project lifecycle management—from initiation through closure—with demonstrated success delivering projects in both outsource and product development environments.

**CORE COMPETENCIES**

Agile Methodologies (Scrum, XP, Kanban) • Waterfall SDLC • Scrum Master & Product Owner Leadership • Team Building & Organizational Development • Cross-Functional Team Management • Project Lifecycle Management • Agile Community Building & Evangelization • Leadership & Mentorship

**CERTIFICATIONS**

Certified Scrum Master (CSM) • Certified Scrum Product Owner (CSPO) • ICAgile Certified Professional in Agile Project Management (ICP-APM)

**PROFESSIONAL EXPERIENCE**

**IT Management & Project Leadership** | 11+ Years

• Directed end-to-end project lifecycles—initiation, planning, implementation, monitoring, control, maintenance, and closure—ensuring consistent on-time delivery

• Led and mentored cross-functional teams of up to 30 engineers across multiple concurrent projects

• Built high-performing engineering organizations from the ground up in both outsource and product development environments

• Served in dual capacity as Scrum Master and Product Owner, driving Agile adoption and fostering team autonomy

• Strategically applied Agile and Waterfall methodologies based on project requirements and organizational context

• Cultivated and expanded Agile communities, evangelizing Agile values and principles across organizational levels

• Optimized team performance and project outcomes through effective utilization of project management tools"
3161,"**PROFESSIONAL SUMMARY**

Results-driven Project Manager with 10+ years of experience leading IT and product initiatives from conception through launch. Proven track record of delivering 20+ projects of varying sizes and complexity across international product and IT outsourcing companies.

Expert at managing distributed teams of up to 50 professionals while overseeing 5+ concurrent projects. Demonstrates exceptional personal initiative with the ability to rapidly establish cross-functional relationships and master new subject matter.

Core strengths encompass pre-sale engagement, client-focused delivery, and team leadership. Recently guided teams to successfully release 5+ products including platforms, marketplaces, mobile applications, and websites.

**KEY COMPETENCIES**

• End-to-End Project Management (Pre-Sale to Launch)
• Distributed Team Leadership (Up to 50 Professionals)
• Multi-Project Portfolio Management (5+ Concurrent Projects)
• International IT & Product Company Experience
• Strategic Client Relationship Management
• Cross-Functional Stakeholder Collaboration
• Platform & Marketplace Development
• Mobile & Web Application Delivery
• Team Development & Mentorship"
3162,"# PROFESSIONAL SUMMARY

Project/Delivery Manager and Senior Scrum Master with extensive experience managing full-cycle projects across CRM, logistics, sales, finance, and marketing platforms. Proven track record leading up to 5 teams (35 FTE) with portfolio-level management, risk management, and release planning capabilities. Experienced Agile Coach in LeSS Huge setup for 1 product area (6 teams), facilitating multi-team events and coaching Product Owners.

# CORE COMPETENCIES

Portfolio-Level Management | Risk Assessment & Mitigation | Release & Delivery Planning | Stakeholder Management | Technical Documentation | Team Coaching & Mentoring | Process Improvement | Cross-Functional Collaboration

# PROFESSIONAL EXPERIENCE

**Senior Scrum Master**

Led up to 5 internal teams (35 FTE) with portfolio-level oversight, managing risk assessment, release planning, and delivery coordination. Facilitated close cooperation between Product Owners and stakeholders.

**Agile Coach**

Coached 1 product area (6 teams) in LeSS Huge setup. Organized end-to-end workflow processes, coached Product Owners, facilitated all multi-team events, and mentored development teams.

**Project/Delivery Manager**

Managed full-cycle ERP projects (CRM, sales, logistics, finance) at Carlsberg Ukraine. Implemented UPS logistics solution for 60 distributors and provided support and consulting for 3,000+ users. Participated in automation project for Ukrtelekom encompassing record-keeping, finances, and management. Delivered projects using Time & Material and Fixed Price approaches. Conducted system configuration, alpha-testing, and user training. Created and delivered stakeholder presentations. Managed tendering and business process negotiations with customers and developers. Performed general server administration.

**Technical Contributions**

Developed and tested websites. Authored technical specifications and software maintenance documentation. Created output forms and additional system components. Conducted product testing for new releases and versions.

# TECHNICAL SKILLS

**Programming & Web:** SQL, HTML, CSS, JavaScript, React, .NET Core
**Tools:** Jira, TFS, GitHub
**Methodologies:** Agile, Scrum, LeSS Huge
**Languages:** English (Professional)

# PROFESSIONAL OBJECTIVES

Seeking a dynamic environment with opportunities to contribute to product development alongside high-level professionals. Motivated by process improvement, cross-functional collaboration, and international project exposure. Committed to sharing expertise while continuing professional growth."
3186,"**PROFESSIONAL EXPERIENCE**

**Portfolio & Project Leadership**
Led portfolio of 30+ concurrent projects, directing large-scale data operations initiatives and coordinating collaboration between customers and data labeling teams to achieve project objectives while maintaining operational efficiency.

**Customer Solutions & Partnership**
Partnered with customers to design and deploy production-grade data labeling pipelines, streamlining annotation workflows to maximize efficiency and accuracy. Maintained strong relationships through regular communication, delivering exceptional service by monitoring key performance metrics and resolving concerns promptly.

**Financial & Contract Management**
Managed project financials including customer budget calculations and service provider cost estimates. Developed comprehensive statements of work and maintained stakeholder alignment throughout project lifecycles to clarify deliverables and expectations.

**Team & Vendor Management**
Supervised Data Labeling Quality Assurance team, enforcing rigorous quality standards and driving continuous improvement initiatives. Optimized workforce performance through strategic evaluation and targeted guidance. Built strategic partnerships with service providers to ensure successful project execution.

**Operational Excellence**
Cultivated collaborative and inclusive team environment promoting cross-functional cooperation and knowledge sharing. Monitored industry trends and emerging technologies to identify opportunities for product enhancements and process improvements."
3225,"**PROFESSIONAL EXPERIENCE**

**AMAZON MARKETING MANAGER** (Jan. 2022 - Present)
DigiOrange - Brooklyn, NY, USA
- Managed diverse portfolio of 10+ client accounts spanning multiple product niches
- Built and launched 6 accounts from inception, overseeing complete lifecycle development
- Designed and implemented proprietary reputation management methodology

**MARKETING PROJECT MANAGER** (Sep. 2021 - Jan. 2022)
TBI-Pro - Chicago, IL, USA

**MARKETPLACES PROJECT MANAGER** (Dec. 2018 - Sep. 2021)
FDS-IT - Staten Island, NY, USA

**AMAZON MANAGER** (2015 - 2018)
Shopping Cart Elite - Brooklyn, NY, USA"
3315,"# PROFESSIONAL SUMMARY

Business Analyst with expertise in requirements gathering, stakeholder management, and agile methodologies. Proven ability to analyze business needs, document requirements, and ensure successful solution delivery.

---

# CORE COMPETENCIES

**Business Analysis**
- Business Analysis Planning & Needs Definition
- Solution Scope Definition & Management
- Stakeholder Analysis & Elicitation
- Business, Functional & Non-Functional Requirements Documentation
- Use Cases & User Stories Development
- Requirements Communication & Traceability
- Solution Assessment & Validation
- Stakeholder Knowledge Transfer

**Methodologies & Frameworks**
- Agile | Scrum | BPMN

**Technical Skills**
- Excel | Visual Basic (VB)

**Project Management**
- Project Planning & Coordination

---

# PROFESSIONAL OBJECTIVES

Seeking opportunities for professional growth and complex challenges within a collaborative team environment."
3321,"# Professional Experience

**Research Manager**
Silpo-Food LLC (Fozzy Group)

• Led end-to-end marketing research projects encompassing qualitative and quantitative methodologies
• Consulted with internal stakeholders on research design and strategic objectives
• Designed and programmed survey instruments for ad-hoc and longitudinal studies
• Performed data processing, statistical analysis, and synthesis of findings
• Developed and delivered reporting materials and executive presentations
• Supervised field operations, including oversight of supervisors and operators
• Sourced and evaluated primary and secondary marketing intelligence

**Commodity Market Research Analyst-Specialist**
Kyivstar Private Joint Stock Company

• Directed full-cycle marketing research initiatives from planning through execution
• Partnered with internal clients to define research requirements and deliverables
• Managed vendor relationships and coordinated contractor activities
• Oversaw research budgets and maintained project documentation
• Administered databases and constructed targeted data queries
• Conducted telecommunications market analysis and compiled actionable market intelligence

# Professional Objectives

Analyst with a foundation in marketing research seeking to advance expertise in data processing using SQL, Tableau, and analytical tools. Focused on delivering business insights through rigorous survey design and hypothesis testing."
3332,"# Project Manager – Software Solutions Implementation

## Professional Experience

### Customer Relationship Management System & Desktop Application Implementation

**Key Responsibilities & Achievements:**

- Led end-to-end software solution deployment, from strategic planning through successful implementation
- Conducted comprehensive market analysis to drive strategic decision-making
- Defined project development direction, establishing goals, milestones, and deadline frameworks
- Designed and developed system prototypes to validate requirements
- Managed cross-functional stakeholder communication throughout all project phases
- Coordinated and executed User Acceptance Testing to ensure solution quality
- Delivered complete software solution on established timeline

**Tools & Technologies:**
Atlassian | MS Project | Office 365 | Trello"
5877,"# PROFESSIONAL EXPERIENCE

## Architecture & Databases
- Architected and implemented enterprise-scale data storage solutions handling 50+ Terabytes utilizing Hadoop distributed computing framework
- Engineered serverless cloud architecture optimized for near-zero idle costs, maximizing operational efficiency
- Designed and deployed infrastructure-as-code solutions on Kubernetes, establishing streamlined delivery pipelines with minimal DevOps overhead

## Product & Project Management
- Led end-to-end development and successful launch of full-featured Messenger application across all major mobile platforms (Apple App Store, Google Play) within 6-month timeline, building from ground up
- Received formal recognition for instrumental contributions to implementing cost-optimization initiatives across SDLC processes

## Human Resources & Talent Acquisition
- Spearheaded rapid-growth hiring initiative, successfully recruiting 50+ developers within 4 months while maintaining exceptional retention rate (less than 5% turnover)

# PROJECTS

**Confidential Client** | 2019
*Architect / DevOps Lead*
Designed and implemented infrastructure-as-code solutions leveraging AWS, Terraform, Kubernetes, Helm, and CI/CD pipelines

**Ternary Intelligence** | ternaryintelligence.com | 2018
*Architect / Project Manager*
Developed serverless AWS cloud architecture for fintech applications

**One Space** | spywords.ru | 2018
*Architect / Data Science Lead*
Built Hadoop infrastructure supporting large-scale web scraping and data engineering operations

**Defcom** | defcom.com | 2016
*Project Manager / Architect*
Directed mobile development initiatives for secure messaging platform"
5981,"**PROFESSIONAL EXPERIENCE**

**Product Manager | HeyJoy Toy Store**
US-based retail-tech startup

• Developed and launched retail operations application from concept to MVP
• Validated value hypothesis through successful MVP delivery

**Lead of Internal AR Innovations | Snap Inc.**
Sponsored AR Department

• Spearheaded internal AR innovation initiatives within Sponsored AR department

**Project Manager | Snap Inc.**
Sponsored Lenses Department

• Directed complex AR project development for high-profile clients including Disney, Nike, Microsoft, Universal, and Verizon
• Aligned client expectations with team capabilities to ensure successful project outcomes
• Conducted risk evaluations and adapted development strategies to mitigate potential issues
• Streamlined processes across cross-functional teams to improve collaboration and efficiency

**CORE COMPETENCIES**

• Product Development: Concept through MVP and launch
• Client Negotiations & Stakeholder Management
• Cross-Functional Team Leadership & Coordination
• Risk Assessment & Mitigation Strategy
• AR Project Delivery & Production Management"
6043,"PROFESSIONAL SUMMARY

Project management professional with 5 years of team management experience and project documentation creation expertise. Successfully completed IT project manager courses from Beetroot and SoftServe academies. Proven ability to define and implement team values and communication rules, resolve conflicts effectively, and manage specialists across diverse fields of expertise. Skilled in balancing stakeholder interests with comprehensive knowledge of project management processes including risk, scope, schedule, resource, and quality management. Proficient in Agile principles with practical understanding of Scrum and Kanban methodologies.

PROFESSIONAL EXPERIENCE

Project Manager | SoftServe
October 2021 – Present

Service Manager | Veteran Hub Dnipro
September 2020 – October 2020
• Managed cross-functional team of 6 professionals across psychological, legal, and career development disciplines
• Led personnel hiring and onboarding initiatives
• Established work and reporting processes to ensure operational excellence
• Monitored compliance with organizational standards in team operations
• Facilitated conflict resolution and team cohesion

Junior 3D Artist | Freelance (Remote)
December 2019 – September 2020
• Performed low and high-poly modeling, UV unwrapping, texturing, baking, and level design for client projects

Hotel Manager | Mykulychyn
November 2018 – November 2019
• Drove hotel revenue growth and client satisfaction
• Managed hotel operations, reservations, and online presence across booking platforms
• Oversaw guest communications, payment processing, and personnel management
• Made strategic decisions regarding hotel and property management
• Improved Booking.com rating from 8.7 to 9.0

Artillery Battery Control Platoon Commander | 4th Rapid Reaction Brigade, National Guard of Ukraine, Gostomel
November 2016 – November 2018
• Led team of 10 members with diverse ages and motivation levels while fostering strong team spirit
• Executed precise mathematical calculations and geometric drawings under time-critical conditions
• Maintained accountability for high-precision equipment valued up to 20,000 euros per unit, ensuring proper storage and compliance standards
• Conducted logistics route analysis and assessed qualitative and quantitative characteristics of observation objects using multi-source data

Hotel Manager | Remote
April 2015 – November 2016"
6078,"# PROJECT MANAGER

## PROFESSIONAL EXPERIENCE

**Project Manager, GameDev Industry**

- Manage full life-cycle delivery for major global GameDev companies across several high-profile titles, from kick-off through retrospective
- Estimate scope of work based on references and briefs, calculating planned project efficiency prior to internal kick-off
- Lead daily stand-ups and coordinate cross-functional teams of artists through task creation, allocation, and reallocation
- Drive resource management and risk mitigation strategies to maintain project efficiency at target levels
- Manage change requests by gathering requirements, preparing supporting documentation, and facilitating stakeholder meetings with department heads
- Partner with Legal and Finance departments to track agreements, issue invoices, and monitor payment status
- Execute project and batch closures including Jira verification, retrospectives, and final invoicing
- Maintain ongoing partner relationships through professional correspondence and calls

## PREFERENCES

- GameDev industry
- Product company
- Healthy team environment and office culture"
6081,"ACHIEVEMENTS

Team Leadership & Management
- Built and led team of 7 employees, designing debugging processes from the ground up
- Created comprehensive employee assessment system for Art Department
- Transformed underperforming employees into strong contributors through structured performance reviews
- Authored foundational documentation suite adopted by all new managers, including workflow protocols, team frameworks, department structure guidelines, performance review templates, and screenshot guides

Design & Illustration
- Developed illustrations and design for ECO-school, Moscow
- Created illustrations for Moscow Space Museum
- Produced illustrations for Gorynych restaurant
- Designed illustrations for ISBC

Process Improvement & Sales
- Streamlined internal company operations through targeted service operation improvements
- Authored work instructions and regulations for key account department, accelerating new employee onboarding
- Resolved complex client situations while preserving long-term relationships
- Consistently met and exceeded sales targets

Event Management
- Pioneered company's first ecological quest event format, driving 200%+ increase in regular client deal value versus previous events
- Delivered comprehensive client support across all event phases with high-level execution
- Earned multiple management commendations for event organization and exemplary performance


EXPERIENCE

Art Team Manager | 2021–Present
- Lead team of 7 artists, directing documentation, meetings, evaluation systems, and reporting
- Analyze and strengthen team processes and capabilities
- Maintain operational process and workflow documentation
- Define team tasks, deliverables, and technical specifications
- Monitor implementation, evaluate outcomes, and deliver actionable feedback
- Ensure quality control of all team output
- Track employee motivation and performance metrics
- Partner with Art Lead on task formation, requirements, and deadline management
- Conduct market research and competitive benchmarking
- Contribute to company-wide documentation initiatives

Illustrator Designer | 2018–2021
- Created custom Telegram sticker sets
- Designed icons and illustrations for social media and apparel
- Produced magazine and presentation illustrations
- Developed posters for films and events
- Created logos, stickers, and advertising materials
- Developed vector characters for animation projects

Internal and External Communications Manager | 2016–2018
- Developed employee instructions, regulations, and motivational frameworks
- Led cross-departmental coordination to optimize outcomes
- Managed partner relationships, contract negotiations, execution, and compliance
- Oversaw end-to-end management of Wildberries and Ozone marketplace operations
- Coordinated Wildberries shipments
- Proficient in 1C, Bitrix, Wildberries platform, and Diadoc systems

Event Manager | 2015–2016
- Collaborated with cross-functional project departments on event preparation and execution
- Supervised project delivery across all phases
- Maintained client relationships and implemented established business processes
- Created presentations, proposals, and cost estimates
- Provided end-to-end client management from initial contact through event completion"
6082,"**PROFESSIONAL SUMMARY**

Results-driven Art Production Manager with extensive experience in 2D/3D art pipeline management. Proven track record leading teams of up to 30 people while maintaining quality standards and client satisfaction. Skilled in process optimization, team development, and art direction within the GameDev industry.

**CORE COMPETENCIES**

**Task & Project Management**
Planning workload, creating and delegating assignments, process coordination, quality and priority control, client communication, retrospectives

**Agile Methodologies**
Scrum and Kanban implementation in GameDev environments

**People Management**
Mentoring and onboarding artists and PMs, conducting 1:1 meetings, performance and skills review, conflict resolution

**Team Leadership**
Direct management of teams up to 30 people

**Knowledge Management**
Building information bases, systematizing knowledge and experience, developing art guidelines and internal work documentation

**Process Optimization**
Analyzing and improving workflows

**Art Direction**
Quality and style control

**PROFESSIONAL INTERESTS**

- Product companies and long-term project engagements
- Continuous professional development
- Expanding expertise in 3D, VFX, VR, video, and game production

**INDUSTRY FOCUS**

GameDev"
6090,"**RESUME**

**OBJECTIVE**

Results-oriented professional with a strong foundation in economics and project management seeking a Project Manager's Assistant position to apply analytical skills, collaborate effectively within team environments, and contribute to successful project delivery while advancing expertise in the field.

**EDUCATION**

**Master of Science in Project Management** (In Progress)

**Bachelor of Economics of Enterprise**
Kharkov National University of Economics

**PROFESSIONAL DEVELOPMENT**

**Project Manager Course** | Source IT | 2017
**English Proficiency Training** | Green Forest | 2016
**English Language Studies** | Language Center | 2015

**SKILLS**

**Project Management:** Agile methodologies (Scrum, Kanban), Waterfall framework
**Documentation:** Project proposals, terms of reference, project plans, risk management plans, work breakdown structures (WBS)
**Core Competencies:** Cross-functional team collaboration, rapid skill acquisition, client relations, order management

**WORK EXPERIENCE**

**Assistant Manager**
Electrical Goods Company

- Developed and maintained client relationships, successfully acquiring new business accounts
- Managed end-to-end order processing cycle from receipt through fulfillment
- Prepared and issued customer invoices, ensuring accurate and timely billing
- Maintained comprehensive organizational records and documentation
- Oversaw inventory and goods management operations"
6127,"# Mobile Product Manager

## Professional Summary

Seasoned Mobile Product Manager with 2 years of experience leading mobile product initiatives and optimizing app store performance. Expertise in App Store Optimization (ASO), Apple Search Ads (ASA), and Incentive Traffic strategies. Develops and executes comprehensive ASO strategies aligned with business goals, user needs, and market trends.

## Core Competencies

App Store Optimization (ASO) | Apple Search Ads (ASA) | Incentive Traffic Management | Keyword Research & Metadata Optimization | A/B Testing & Conversion Rate Optimization | Mobile App Analytics | Cross-Functional Team Leadership | Agile Methodologies | Product Strategy & Execution

## Professional Experience

**App Store Optimization Excellence**
- Conduct keyword research and metadata optimization to improve app visibility
- Execute A/B testing and conversion rate optimization initiatives
- Drive organic downloads and improve app store rankings

**Product Management & Analytics**
- Leverage mobile app analytics to inform product decisions
- Identify trends and uncover actionable insights through data analysis
- Optimize app performance based on analytical findings

**Leadership & Collaboration**
- Partner with cross-functional teams including designers, developers, marketers, and data analysts
- Apply agile methodologies and project management tools to drive efficient product development cycles
- Deliver timely releases through effective coordination and communication

## Key Strengths

- Data-driven decision-making
- Strategic thinking and execution
- Cross-functional collaboration
- Results-oriented optimization"
6211,"**EDUCATION**

Master of Economy and Management | 2020

Bachelor of Management | 2017

**CERTIFICATIONS & SPECIALIZATIONS**

Project Management Specialization | University of Colorado Boulder | 2023

Scrum Master Certification | LearnQuest | 2023

Information Systems Specialization | University of Minnesota, Carlson School of Management | 2023

Certificate in Marketing and Communications | International Business Management Institute of Berlin | 2021

Certificate in Leadership and Team Development | International Business Management Institute of Berlin | 2020

---

**PROFESSIONAL EXPERIENCE**

**Assistant IT Project Manager**

- Drive business process optimization and automation by identifying solutions for enhanced efficiency
- Analyze and translate business requirements into effective IT mechanisms
- Implement end-to-end solutions within proprietary ERP system
- Collaborate with cross-functional departments to define project requirements and priorities within agile framework
- Partner with development teams to ensure smooth implementation and user adoption
- Define and prioritize user stories based on customer requirements for development team execution
- Identify and implement opportunities to streamline operations and maximize productivity

**Data Analyst** | 2+ years

- Managed extensive macroeconomic and financial datasets for multiple countries across public and private sectors, ensuring accuracy and quality within tight timelines
- Communicated with data sources to maintain integrity, identify patterns, and resolve client queries
- Coordinated client interactions through CRM system, managing requests and executing quality improvement initiatives
- Utilized project management systems to troubleshoot and resolve issue tickets, delivering effective client solutions
- Identified and implemented process enhancements through quality and technology improvement projects
- Collaborated with IT teams to ensure seamless availability and accessibility of critical data sources"
6213,"# [YOUR NAME]

**Location:** Kyiv, Ukraine  
**Email:** [Your Email]  
**Phone:** [Your Phone]  
**LinkedIn:** [Your LinkedIn]

---

## PROFESSIONAL SUMMARY

Project Management professional combining IT industry expertise with a legal background and team leadership experience. Skilled in Scrum, Kanban, and Waterfall methodologies with hands-on experience coordinating cross-functional teams, managing stakeholder relationships, and delivering comprehensive project documentation. Brings 5+ years of professional experience supervising teams and managing complex workflows in fast-paced environments.

---

## PROFESSIONAL EXPERIENCE

**Founder & Project Manager** | Online Shop for Developmental Children's Toys  
*Kyiv, Ukraine | [Start Date] - Present*

- Lead cross-functional team of four specialists across development, design, sales, and supply chain functions
- Implement structured workflows and time & task management systems using Notion
- Drive project roadmap execution and monitor delivery against key milestones
- Author and maintain project documentation and operational procedures
- Navigate legal and compliance requirements to ensure business continuity

**Project Management Intern** | We Challenge & UNIT.City  
*Kyiv, Ukraine | February 2023 - March 2023*

- Spearheaded intern team delivering IT events organization project
- Developed comprehensive project planning artifacts including Impact Map, WBS, Timeline, and Resource Plan
- Built Risk Register, Stakeholder Register, Stakeholder Map, Matrix, and RACI Matrix
- Designed and executed Stakeholder Communication Plan ensuring alignment across all parties
- Conducted research and analysis to inform project decisions and support objectives

**Legal Counsel** | [Company Name]  
*[Location] | [Dates] | 5+ years total experience*

- Directed team of five legal counsels, coordinating workloads and ensuring deadline adherence
- Implemented task management systems to track project milestones and deliverables
- Developed project plans, maintained documentation registers, and produced executive reports
- Served as primary liaison with customers and stakeholders on legal matters
- Delivered legal support within the IT industry, preparing contracts, invoices, and service acceptance documentation

---

## EDUCATION

**Master's Degree in Law**  
*[University Name] | [Year]*

**Professional Development:**

- **IT Project Management** | Projector (Creative&Tech Online Institute) | November 2021 - February 2022
- **Become a Project Manager** | LinkedIn Learning Path | March 2023
- **Fundamentals of Team and Project Management in IT** | Lviv IT School (LITS) | 2021

---

## TECHNICAL SKILLS

**Project Management:** Jira, Confluence, Notion, Trello, Miro, Gantter, Slack, Gather, Google Meet

**Methodologies:** Scrum, Kanban, Waterfall, Software Development Life Cycle (SDLC)

**Productivity:** Google Workspace (Docs, Sheets, Calendar), Microsoft Office, Canva

**Project Artifacts:** Impact Map, Work Breakdown Structure (WBS), Gantt Chart, Risk Register, Stakeholder Register, Stakeholder Map/Matrix, RACI Matrix, User Stories, User Story Map, Definition of Ready, Definition of Done, Task Estimation (Planning Poker, T-Shirt Sizing)

---

## CORE COMPETENCIES

Team Leadership & Coordination | Stakeholder Communication & Management | Project Planning & Documentation | Risk Management | Time & Task Management | Legal Document Preparation | Cross-Functional Collaboration | Proactive Problem-Solving | Adaptability & Fast Learning

---

## LANGUAGES

**Ukrainian:** Native | **Russian:** Native | **English:** Upper-Intermediate (B2)"
6214,"# [YOUR NAME]

## Junior Project Manager

### PROFESSIONAL SUMMARY

Junior Project Manager with foundational expertise in project management methodologies, including SDLC, Scrum, and Agile frameworks. Proven ability to manage stakeholder relationships, coordinate cross-functional teams, and maintain comprehensive documentation. Dependable professional with a strong work ethic, ready to apply transferable management experience to drive project success.

### SKILLS

**Project Management:** Project Management Fundamentals | SDLC | Scrum | Agile

**Professional Competencies:** Stakeholder Management | Customer Relations | Team Coordination | Project Documentation | Legal Document Preparation

**Technical Proficiencies:** Windows | MS Office | Google Applications

### RELEVANT EXPERIENCE

**Manager** | [Previous Company]

- Cultivated and maintained relationships with customers and key stakeholders to ensure alignment and satisfaction
- Coordinated team activities and workflows to optimize productivity and collaboration
- Directed project management activities from initiation through completion
- Developed and maintained comprehensive project documentation to support organizational objectives
- Prepared and processed legal documents with attention to accuracy and compliance

### EDUCATION & TRAINING

**Project Management Course** — Completed

### CORE STRENGTHS

- Cross-functional team collaboration and coordination
- Consistent reliability and strong work ethic
- Strategic customer and stakeholder engagement
- Meticulous documentation and organizational capabilities"
6231,"**PROFESSIONAL EXPERIENCE**

**Project Management Specialist**
Grant Thornton Ukraine, Kyiv
Financial Consulting Department

**Responsibilities:**
- Managed communication with customers and contractors throughout project lifecycles
- Maintained work documentation and project execution schedules to ensure timely delivery
- Collected and analyzed information to support successful project implementation
- Provided administrative coordination for work meetings
- Prepared and delivered reports to stakeholders

**Completed Projects:**
- Development of a monitoring system for Sustainable Development Goals achievement at Kyiv city level
- Anti-corruption policy audits
- Financial statement audits

**TECHNICAL SKILLS**

Microsoft Office | 1C/BAS | CRM Bitrix 24 | Smart Tender

**LANGUAGE PROFICIENCY**

English – Upper-Intermediate

**CAREER OBJECTIVES**

Information Technology Manager | Product Manager | Assistant Team Manager | Assistant Project Manager | Project Office Coordinator

**PROFESSIONAL PROFILE**

Responsible and detail-oriented professional with strong analytical capabilities and proven experience in project coordination within a Big Four-affiliated consulting environment. Demonstrated ability to manage multiple workstreams, maintain accurate documentation, and communicate effectively with diverse stakeholders. Self-motivated team player who thrives in challenging situations and performs effectively both independently and in collaborative settings."
6232,"**PROFESSIONAL SUMMARY**

Organized and driven manager with excellent communication skills and an innate ability to manage multiple priorities under pressure. Quick learner eager to advance a management career in the IT field.

**KEY ACHIEVEMENTS**

Successfully delivered 20+ educational projects for over 500 members across Boeing, Ubisoft, Xpand, and other organizations.

**CORE COMPETENCIES**

Agile & Scrum Methodologies | Lean Process Improvement | Stakeholder Management | Project Planning & Risk Management | Cost Optimization | Cross-Functional Coordination

**PROFESSIONAL EXPERIENCE**

• Lead Agile and Scrum practices including 1-on-1 meetings, stand-ups, and retrospectives while driving team motivation and engagement

• Apply Lean methodology to achieve continuous project improvement

• Collaborate on project design and set-up, identifying key profitability drivers and delivering cost-saving solutions

• Monitor and enhance field operations performance to ensure timely, accurate delivery

• Serve as primary liaison among stakeholders on all project-related matters

• Engage directly with customers to clarify requirements, manage expectations, and navigate change requests

• Plan projects, track task progress, and prioritize team workload to meet deadlines

• Develop and maintain comprehensive project documentation

• Deliver regular project status updates to stakeholders

• Coordinate project launch schedules and cross-functional activities

• Identify, assess, and mitigate project risks"
6233,"**PROFESSIONAL EXPERIENCE**

**British Autoclub Assistance, Kyiv – IT Manager**
September 2018 – March 2019

- Led requirements gathering for MVP development across Web, mobile application, and CRM system initiatives
- Executed black box and grey box testing alongside acceptance testing for CRM and application deliverables
- Directed application project delivery with international outsource team, including product backlog management, sprint planning, manual testing, and defect tracking
- Supported 1C accounting system administration and feature enhancement

**Pride International LLC, Kyiv – Project Manager Assistant / QA Manager**
August 2017 – September 2018

- Facilitated sprint planning sessions and maintained product backlog priorities
- Conducted quality assurance testing throughout sprint cycles and product releases
- Collaborated on resolution of application and web platform defects
- Supported team efficiency by addressing impediments through mastery of control and release workflows
- Communicated team velocity and sprint/release progress to stakeholders and management
- Contributed to development and implementation of product development processes while driving continuous improvement initiatives

**MBM Partners, Kyiv – Head of Lead Generation and Advertising Departments**
June 2015 – August 2017

- Oversaw comprehensive lead generation and traffic management operations
- Developed strategic direction and tactical plans for social media marketing initiatives
- Delivered social media marketing planning, strategic recommendations, and execution
- Defined requirements for social media lead extraction script development
- Implemented automation solutions and integrated monitoring tools for social media content management"
6239,"**PROFESSIONAL SUMMARY**

Results-driven professional with 4+ years of English teaching experience and demonstrated project management capabilities. TESOL/TEFL certified with advanced English proficiency and strong written and verbal communication skills. Skilled in managing student progress, conducting retrospectives, and applying Agile methodologies. Seeking to leverage customer service expertise, organizational abilities, and stakeholder management experience in a project management role.

**CERTIFICATIONS**

World TESOL Academy — 120-Hour TESOL/TEFL Certificate
Accredited by ACCREDITAT & The CPD Certification Service

**CORE COMPETENCIES**

Project Management & Agile Methodology | Sprint Retrospectives & Goal Achievement (80%+ Success Rate) | Project Lifecycle & Metrics Analysis | Scrum, Kanban & Waterfall Methodologies | Stakeholder Communication & Client Relations | Problem-Solving & Multitasking | MS Office Suite | Content Creation & Copywriting | Cross-Functional Workflow Coordination

**PROFESSIONAL EXPERIENCE**

**ESL Teacher/Tutor (Self-Employed)** | 2018 – Present

• Manage a portfolio of 20+ students while serving as teacher, mentor, and advisor across individual and group online sessions
• Conduct quarterly progress assessments and retrospectives to evaluate performance against established goals
• Create monthly academic status reports based on comprehensive student evaluations
• Develop curriculum and integrate technology solutions to diversify instruction for children and adults
• Facilitate daily meetings and implement class management systems to optimize scheduling and workflow
• Adapt lesson plans for individual needs, improving students' reading, grammar, and speaking proficiency
• Deliver specialized Business English instruction and lead speaking clubs

**Customer Support Specialist (Internship)** | August [Year]

• Resolved product and service issues through text and call interfaces using Crisp platform
• Managed customer relationships through company CRM system
• Supported sales operations utilizing Email Finder, Email Verifier, Email Warm-up, and Drip Campaigns

**Assistant SMM Manager** | [Dates]

• Developed content strategy and created copy for Instagram platform

**Cashier** | [Dates]
McDonald's, Germany

• Participated in international student exchange program ""Work and Travel in Germany""

**EDUCATION & ACTIVITIES**

• Participated in student startups and volunteer initiatives throughout university studies

**CAREER OBJECTIVES**

Seeking a project manager role within a growing team that offers a customer-focused, innovative, and challenging environment to develop skills while managing products and communicating with clients."
6240,"# PROJECT MANAGER

## PROFESSIONAL SUMMARY
Results-driven Project Manager specializing in client communication, resource planning, and cross-functional team coordination. Deep expertise in SDLC methodologies, team management, and successful project delivery.

## PROFESSIONAL EXPERIENCE

**People Coordinator**
Crunch | Present

- Serve as primary client liaison, delivering timely project updates and maintaining transparent communication channels
- Drive stakeholder engagement through strategic meetings, regular correspondence, and comprehensive status tracking
- Lead resource forecasting, tracking, and capacity management to optimize project delivery
- Identify resource requirements and collaborate with company managers to secure appropriate talent
- Build and cultivate high-performing, collaborative project teams
- Foster individual excellence and team performance through proactive leadership
- Manage internal project team assignments and workload distribution
- Proactively monitor team dynamics to identify and mitigate risks including attrition, professional burnout, and interpersonal conflicts
- Advise team members on company social programs and compensation policies
- Design and facilitate targeted team-building initiatives aligned with team needs and objectives

## EDUCATION & CERTIFICATIONS

**Project Manager Profession | 10.0**
GeniusMarketing | May 2022

**Basic Course**
Online Ukrainian School of Project Management by Denys Prylutskyi | July 2022

**Fundamentals of Team and Project Management in IT**
Prometheus | October 2021

## PROFESSIONAL DEVELOPMENT

Continuously advancing expertise through webinars focused on SDLC methodologies, team management, and project management best practices."
6254,"# Professional Summary

Results-driven marketing and business development professional with expertise in lead generation, social media management, and sales. Proven track record in website development and crypto marketing sectors. Skilled in strategic planning, framework development, and cross-functional collaboration, with demonstrated ability to manage client relationships and drive business growth.

# Professional Experience

**Business Developer / SDR / Sales Manager / Account Manager**
Crypto Marketing Agency

- Led end-to-end business development and client relationship management across multiple accounts
- Developed and executed sales strategies to drive revenue and client acquisition
- Demonstrated versatility by excelling across diverse business functions simultaneously

**Lead Generation Manager**
Website Development Company | 1 Year

- Designed and managed lead generation strategies and multi-channel campaigns
- Drove business growth through targeted marketing initiatives and prospect nurturing

**Social Media Manager**

- Directed social media strategy and content management for multiple company accounts
- Created and optimized targeted advertising campaigns on Facebook Ads
- Increased brand visibility and audience engagement across social platforms

# Core Competencies

Lead Generation | Social Media Marketing | Business Development | Sales & Account Management | Strategic Planning | Framework Development | Team Collaboration | Project Coordination

# Technical Skills

**Marketing & Advertising:** Facebook Ads, Instagram, LinkedIn, Expandi

**Project Management & Collaboration:** Miro, Asana, Figma

**CRM & Productivity:** Pipedrive, Google Meet, Google Sheets, Google Docs

# Professional Strengths

- Strong interpersonal and communication abilities
- Creative ideation combined with strategic thinking
- Effective time management and organizational planning
- Committed to continuous professional development
- Collaborative approach to team environments"
6255,"# Delivery Coordinator | Error Manager | Senior Test Engineer

Results-driven professional with 8 years of specialized experience in automotive embedded systems projects. Proven expertise in coordinating deliverables, managing quality processes, and leading test engineering initiatives.

## Professional Experience

**Senior Test Engineer | Delivery Coordinator | Error Manager**
Automotive Embedded Systems Projects | 8 Years

- Coordinate project deliveries and manage error resolution processes for automotive embedded systems
- Lead test planning and execution activities
- Facilitate customer communication and manage stakeholder expectations
- Organize and coordinate cross-functional team activities to ensure project success
- Leverage Jira and Confluence for project tracking, documentation, and workflow management

## Core Competencies

**Delivery & Project Management**
Delivery Coordination | Error Management | Quality Assurance

**Technical Testing**
Automotive Embedded Systems Testing | Test Planning | Strategy Development

**Leadership & Communication**
Customer Communication | Stakeholder Management | Team Organization

**Tools**
Jira | Confluence

## Education

**Master's Degree in Automobile/Automotive Mechanics Technology**
National Transport University

## Professional Focus

Seeking opportunities in automotive projects to leverage extensive industry-specific knowledge and technical expertise developed throughout an 8-year career in automotive embedded systems."
6342,"# PROFESSIONAL RESUME

## AUTOMATION PROJECT MANAGER / BUSINESS ANALYST

---

### PROFESSIONAL EXPERIENCE

**MROWKI-UA** | Consulting, HR
*2021–2022*

**Automation Project Manager**

- Managed automation implementation for company processes
- Directed website development for automation components
- Developed messenger bots to streamline communication

---

**INTERRA** | Online School
www.interra.bz
*2020–2022*

**Automation Project Manager / Business Analyst**

- Analyzed business processes and recommended transformations
- Implemented automation solutions in Bitrix
- Developed analytics dashboards in Power BI
- Delivered cost savings, improved efficiency, and enhanced service quality

---

**RUBLEVFAMILY** | Quest Franchise
fr.fortfamily.ru
*2018–2022*

**Automation Project Manager**

- Implemented automation for franchise sales department
- Expanded automation solutions to all franchise partners' sales departments
- Established marketing analytics systems

---

**BIZRAISE** | Marketing Agency
bizraise.pro
*2017–2018*

**Automation Project Manager / Business Analyst**

- Specialized in business process analysis and automation across diverse business sectors
- Assessed current client processes and identified requirements and challenges
- Designed automation solutions to address business problems

---

### CORE COMPETENCIES

Business Process Analysis | Process Automation | Bitrix Implementation | Power BI | Analytics & Reporting | Website Development | Bot Development | Franchise Operations | Marketing Analytics | Requirements Gathering"
7630,"# MARKETING SPECIALIST

## CORE COMPETENCIES

Market Research | Social Media Marketing | Email Marketing | Google Ads | Instagram Ads | Facebook Ads | SEO | Backlink Strategy | Content Creation | Contractor Management

## PROFESSIONAL SKILLS

**People Management & Leadership**
- Coordinate cross-functional teams and stakeholders to drive project success
- Design streamlined, transparent operational systems
- Resolve conflicts and navigate high-pressure situations effectively
- Build consensus across organizational hierarchies to achieve mutually beneficial outcomes

**Technical Proficiencies**

*Marketing & Analytics Platforms:*
Google Ads | Google Ads Editor | Google Tag Manager | Google Analytics | Facebook Business Manager | LinkedIn | Mailchimp

*SEO & Research Tools:*
Ahrefs | Serpstat | SimilarWeb

*Web & Design:*
Tilda | Wix | Bitrix | Adobe Photoshop | Adobe Illustrator

*Technical Skills:*
HTML | SQL | Excel | PowerPoint

## LANGUAGES

**Native/Fluent:** Ukrainian, Russian (C2)

**Advanced:** English (C1), German (C1)

**Developing:** Spanish (A2), French (A2)

## PROFESSIONAL BOUNDARIES

Not available for opportunities in gaming, gambling, dating, or fraud sectors."
7654,"# PROFESSIONAL SUMMARY

Results-driven telecommunications professional with 14 years of experience in B2B customer service, network coverage solutions, and business process development. Proven expertise in analytical problem-solving, stakeholder negotiation, and cross-functional project coordination. Adept at managing complex technical requests involving financial analysis, contract negotiations, and multi-party collaboration. Dedicated to delivering high-quality service as the foundation for effective sales and long-term customer relationships.

# CORE COMPETENCIES

B2B Customer Service & Sales | Network Coverage Analysis | Business Case Development | Stakeholder Management | Contract Negotiation | Financial Analysis & Payback Calculations | Technical Solutions Optimization | Cross-functional Team Coordination | Training & Presentation Delivery | Content Marketing & Copywriting | English Language Proficiency

# PROFESSIONAL EXPERIENCE

**Network Coverage Request Specialist**
*Telecommunications Industry | 14 Years Progressive Experience*

- Manage network coverage requests for corporate B2B customers, driving service excellence to support sales effectiveness and customer retention
- Design and implement business processes for B2B network coverage request handling
- Develop comprehensive business cases for base station construction projects aligned with B2B customer requirements
- Coordinate complex, multi-stakeholder project chains spanning internal teams, contractors, customers, landlords, and engineers
- Perform financial analysis including payback calculations, revenue projections, and cost optimization assessments
- Negotiate equipment placement terms, rental rates, and technical specifications with property owners and customers
- Communicate radiofrequency radiation information and regulatory compliance requirements to diverse stakeholders
- Optimize technical solutions balancing customer requirements with operational efficiency
- Analyze service relevance and strategic alignment with client business objectives
- Negotiate effectively with management across all organizational levels
- Deliver training on the customer request lifecycle for network coverage using interactive techniques, real-world examples, supporting data, and visual documentation

**B2B Sales Customer Service Division** | *Early Career*

- Built foundational analytical, managerial, and negotiation competencies
- Developed comprehensive understanding of B2B customer service operations

# PROFESSIONAL DEVELOPMENT

**English Language Training** | March 2018 – Present
**Content Marketing & Copywriting Certification** | December 2020

# CAREER OBJECTIVE

Seeking B2B Sales Manager or Project Manager position leveraging telecommunications expertise, analytical capabilities, and relationship management skills in a growth-oriented environment with competitive compensation and opportunities to utilize English language proficiency."
8890,"# Business Analyst / Product Manager

## Core Competencies

**Product Management & Business Analysis**
- Business Analysis & Requirements Management
- Product Management & Product Ownership
- Agile Methodologies (Scrum, Kanban)
- Quality Assurance & Testing
- IT Process Optimization

**Technical Skills**
- HTML5, CSS, JavaScript
- Python
- UML Modeling
- Enterprise Systems (ERP, CRM)

**Project Management & Tools**
- Jira, Confluence, Redmine
- Rational Unified Process (RUP)
- Knowledge Base Management
- UI/UX Design Principles

## Additional Information

Open to opportunities across industries, excluding Forex, gambling, alcohol, and tobacco."
8916,"**PROFESSIONAL SUMMARY**

Results-driven IT professional with 10 years of comprehensive experience in government systems implementation, broadcasting technology, and IT distribution management. Proven track record delivering complex technical projects for governmental organizations and commercial enterprises across banking, public finance, and broadcasting sectors.

**CORE COMPETENCIES**

Project Management & Delivery | Business Development | Channel Management | Government Systems Implementation | Broadcasting Technology Solutions | IT Distribution | Strategic Partnership Development

**PROFESSIONAL EXPERIENCE**

**Business Development Manager & Channel Manager**
IT Distribution Sector | 5 Years

- Directed business development and channel operations, driving partnership growth and revenue expansion
- Built and maintained strategic relationships across IT distribution channels
- Managed end-to-end channel management processes to optimize market reach

**Project Manager & IT Consultant**
Government & Broadcasting Sectors

- Led implementation of card system for the Central Bank of Azerbaijan
- Managed deployment of Inventory System for the Treasury of Azerbaijan Republic
- Directed online TV system projects for the broadcasting industry
- Delivered technology solutions supporting critical national infrastructure

**KEY ACHIEVEMENTS**

- Executed multiple governmental infrastructure projects for Azerbaijan's financial institutions
- Provided cross-sector technology expertise spanning banking, public finance, and broadcasting
- Established lasting strategic partnerships that supported sustained business growth in IT distribution"
9028,"# PROFESSIONAL SUMMARY

Results-driven BI/DWH professional with 10+ years of experience in reporting and development. Deep expertise in Oracle BI, SAP WEBI, Oracle PL/SQL, and ETL processes. Proven expert across Financial, Trading, Accounting, and banking business domains.

**Core Competencies**

- 4+ years in Team Lead and Tech Lead positions
- 9+ years in Data Architecture, Data Modeling, and Data Analysis
- Strong alignment of technical solutions with business goals in financial and product spheres
- Technical Design and Requirements documentation
- Agile development practices (Scrum/Kanban)
- Stakeholder communication and requirements prioritization
- Cross-functional team leadership

## TECHNICAL SKILLS

**Business Intelligence & Reporting:** Oracle BI | SAP BO | Tableau | Pixel Perfect Reporting

**Database & Development:** Oracle PL/SQL | SQL | XML | Visual Basic

**Data Systems:** Siebel | B2 | iFobs | isCard

**Tools & Platforms:** Jira | SVN | Crucible

**Methodologies:** Agile | Scrum | Kanban

**Domain Expertise:** Financial & Management Banking Reports | Bank Accounting | Trading | Financial Data"
9066,"**PROFESSIONAL EXPERIENCE**

**Bid & Proposal Manager**

Delivered end-to-end consulting services for public procurement processes, managing full-cycle tender procedures from issuance of calls for tender documents through bid submission.

**Proposal Development & Coordination**
- Managed and coordinated technical and commercial service proposals, ensuring quality and compliance within stipulated deadlines
- Directed bid logistics, developed team schedules, and established responsibilities and expectations for deliverables
- Coordinated and participated in drafting proposal documents across cross-functional services
- Served as primary contact for preparation of technical, commercial, and contractual submissions

**Stakeholder Management & Collaboration**
- Collaborated closely with account directors on service proposals, submission documents, communications, client discussions, and meetings throughout the proposal development cycle
- Provided liaison and gathered necessary information from internal and external stakeholders including HR, finance, purchasing, legal services, and partners

**Process Improvement & Cost Management**
- Managed proposal costs and deadlines
- Optimized effectiveness of the service proposal process
- Enhanced proposal tools to increase quality of submission documents and ensure compliance with standards and guidelines"
9445,"# BRANCH MANAGER | PROJECT MANAGER

Accomplished Branch Manager and Project Manager with over fifteen years of progressive experience in the IT industry. Proven track record of leading businesses and development teams ranging from five to fifty professionals, delivering complex technical solutions across diverse sectors.

## CORE COMPETENCIES

Project & Product Management | Agile (SCRUM) | Requirements Management | Branch Management | Team Leadership

## TECHNICAL SKILLS

**Project Management:** Atlassian Jira

**Development:** PHP4-5, HTML, CSS, jQuery, AJAX, Bootstrap, SQL

**Infrastructure:** LAMP, PostgreSQL, AWS, Nginx

**Version Control:** CVS, Mercurial, Git

**Systems:** CMS, CRM

## PROFESSIONAL EXPERIENCE

**Development Experience:** 15+ years

### Key Projects

**Legal Management System**
Delivered full-cycle multi-attorney workflow platform managing complete case lifecycle from initial claim filing through executive proceedings.

**CRM System — Major Tourism Wholesale Supplier**
Architected enterprise customer relationship management solution supporting hundreds of clients, tens of thousands of products, and multi-warehouse operations across multiple cities.

**SaaS Management Platform**
Built comprehensive management solution for fitness clubs, dance studios, and similar small businesses.

**E-Commerce Solutions**
Developed multiple online stores of varying complexity and scale.

## CAREER OBJECTIVE

Seeking Branch Manager or Senior Project Management position with an established company to leverage extensive IT management and project delivery expertise."
9542,"**PROFESSIONAL EXPERIENCE**

**Digital Marketing Manager**
Genesis, Keiki

• Develop and scale Facebook advertising campaigns driving measurable results
• Manage $50,000+ monthly ad spend while maintaining positive ROMI
• Partner with content manager to develop high-performing, engaging content
• Analyze key performance metrics to drive data-informed strategic decisions

**Marketing Project Manager**
Silpo

• Plan, execute, and monitor cross-functional marketing projects end-to-end
• Coordinate collaboration across IT, Design, and Operations departments
• Produce creative assets for website, targeted ads, social media, Viber, and email campaigns
• Oversee video production from concept through delivery
• Build comprehensive recipe content database featuring 170+ original recipes
• Lead development of ""Recipes Silpo"" product concept
• Deliver 2 successful video productions and 1 completed project

**Brand Manager**
Red Bull

• Develop comprehensive social media strategy
• Support planning and execution of brand events
• Conduct marketing research to inform campaign decisions
• Process and evaluate 437 applications for Red Bull Basement 2021

**Volunteer Project Coordinator**

• Create compelling content for website and social media channels
• Lead and coordinate 8-member core team
• Build partnerships connecting companies, universities, and students
• Identify and secure partner relationships through ongoing communication
• Track and evaluate event success metrics

**ADDITIONAL PROJECTS**

• Complete website copywriting for Lynksen

**EDUCATION**

Genesis Marketing School"
9546,"# PROFESSIONAL SUMMARY

Project Manager with 7+ years of experience in IT startups and event management. Proven track record of building teams from scratch, managing projects with budgets up to 5 million UAH, and leading teams of up to 25 people. Expertise in budgeting, stakeholder communication, and full-cycle project delivery. Strong analytical and critical thinking skills combined with empathy, conflict resolution, and mediation capabilities. Committed to continuous professional development through 2-3 educational programs annually in psychology, marketing, brand and product management, philosophy, and technologies.

---

# PROFESSIONAL EXPERIENCE

**Business Assistant to CEO**  
*07/2022 – 09/2022*

- Developed company strategy and communication frameworks
- Designed and implemented business processes
- Managed sales team of 5 people
- Created and executed marketing strategy
- Coordinated cross-functional teams including design, development, copywriting, and HR

**Event Project Manager**  
*Ant Hill Event Agency, Kyiv, Ukraine*  
*03/2020 – 10/2021*

Managed full-cycle BTL, marketing, and technology projects for Metro Cash & Carry, Kyivstar, Metinvest, and Intersport.

- Led end-to-end project management from conception to delivery
- Managed client relationships and stakeholder communication
- Oversaw project budgeting, bid preparation, and client presentations
- Delivered turnkey implementation including design, production, and technical support

**Key Achievements:**
- Developed and led online production project for Metro Cash & Carry featuring cooking master classes for Chefs
- Managed 500+ guest conference at Odessa Dramatical Theater during quarantine, featuring world-famous chefs
- Coordinated two-month sports olympiad for Metinvest across 5 cities
- Prepared winning proposals for Kyivstar tenders with total project costs exceeding 5 million UAH
- Managed nationwide BTL projects for Metro Cash & Carry

**Co-Owner & COO**  
*Event Agency ""Believe in you"", Kyiv, Ukraine*  
*03/2019 – 09/2019*

- Led client, partner, and investor outreach and relationship management
- Managed budgeting and documentation
- Directed website development and brand identity design
- Oversaw event delivery and team management

**Project Manager & COO**  
*TAG (Ukrainian Startup), Kyiv, Ukraine*  
*03/2016 – 12/2018*

- Built and managed development team from scratch with limited budget
- Led full-cycle project and product management
- Managed budgeting, documentation, and product development reporting
- Recruited, onboarded, and managed team members
- Brought product to pre-release stage
- Represented company at international exhibitions, road shows, and investor meetings

**Key Achievements:**
- Led startup from inception to pre-launch stage
- Presented to investors at London Road Show 2018

---

# CORE COMPETENCIES

- Full-Cycle Project Management
- Team Building & Leadership
- Budget Management & Resource Optimization
- Stakeholder Communication
- Recruitment & Onboarding
- Public Speaking & Presentations
- Conflict Resolution & Mediation
- Zero-Budget Project Execution (Investor Attraction, Fundraising, Collaborations, Barter)
- Emergency Situation Management

---

# TRAINING & SPEAKING

- Developed and delivered: ""How to Pass Interview"" (IT beginners)
- Developed and delivered: ""Dream Team – Myth or Reality?"" (IT beginners)

---

# LOCATION

Lodz, Poland | Available for Remote Work

---

# POSITION SOUGHT

Project Manager (IT Development) or Event Manager. Open to Junior positions to refresh IT PM skills with opportunity for growth. Seeking collaborative teams focused on creating impactful products."
9547,"# PROFESSIONAL EXPERIENCE

**Philip Morris Ukraine — Brand Executive, Marketing**
*2 years*

- Launched L&M Double Mix new product with integrated marketing campaign, achieving share of market target
- Delivered continuous marketing support for Parliament brand portfolio
- Designed and executed Hostess Project across two successful launches, generating 20,000 consumer contacts per month

**Philip Morris Ukraine — Project Manager Specialist, HR**
*2 years*

- Launched Philip Morris Business Academy with nationwide roll-out, achieving Net Promoter Score of 90%
- Designed and launched nationwide internship program, increasing graduate retention from 50% to 70%
- Led global internship program launch, achieving 80% graduate retention rate
- Spearheaded EVP roll-out, adapting global Employee Value Proposition to local market requirements
- Developed and implemented Employee Ambassador program

**Philip Morris Ukraine — Customer Care, Sales**
*8 months*

**Nestle Ukraine — Purchasing Department**
*6 months*

# CAREER OBJECTIVE

Seeking challenging projects with ownership in a collaborative and open-minded team environment."
9583,"**PROFESSIONAL EXPERIENCE**

**Project Manager** – Distance Selling System
Developed and scaled distance selling system from inception to national coverage, demonstrating end-to-end project ownership and strategic growth execution.

**Manager / Head of Department** – Construction Supermarket Network
Organized and managed procurement system across retail network, ensuring operational efficiency and supply chain coordination at scale.

**Private Business Owner** – Electronic Diary Project
Implemented ""Electronic Diary"" system in schools of Kharkiv, leading all aspects of business development, stakeholder engagement, and system deployment.

**Director** – Scientific Institution
Provided operational management and strategic oversight, directing institutional priorities and ensuring organizational effectiveness.

**CORE COMPETENCIES**

Team Leadership & Management | Human Resources & Recruitment | Financial Management & Budgeting | Remote Team Management | Information Analysis & Structuring | Project Development from Inception to Completion | Procurement & Sales Operations | Transaction Support | Document Preparation

**PROFESSIONAL APPROACH**

Committed to continuous skills improvement and professional development. Applies flexible, solution-oriented methodology to complex challenges. Focused on driving both personal growth and organizational success."
9587,"**PROFESSIONAL CERTIFICATIONS**

Project Management Professional (PMP)

IPMA Level C

ITIL Foundation

Microsoft Certified Technology Specialist (MCTS)

---

**PROFESSIONAL EXPERIENCE**

**Project Manager**

Delivered 40+ internal, national, and international projects and project portfolios using Waterfall and Agile methodologies including XP and Scrum.

---

**CORE COMPETENCIES**

**Business Process & IT Service Management**

Analyze, design, implement, and optimize business processes and IT services. Develop and refine IT processes and procedures to drive operational efficiency.

**Systems Deployment & Implementation**

Deploy and implement production automated systems. Implement and support IT services based on Microsoft products including Exchange, Active Directory, System Center, SharePoint, and SQL.

**Standards & Best Practices**

Deploy and adapt ITIL best practices. Apply CobIT standards and ISO frameworks to ensure compliance and quality.

**Infrastructure & Network Management**

Plan and organize telecommunications networks to support business objectives.

**Leadership & Team Management**

Lead project portfolios and cross-functional teams to achieve strategic goals.

**Professional Development**

Continuously advance expertise in project management, business analytics, quality assurance, and IT administration."
12037,"**PROFESSIONAL SUMMARY**

Results-driven IT professional with 10+ years of experience in web, mobile, and desktop application development. Proven track record of delivering measurable business outcomes, including a 30%+ productivity increase on a Microsoft-recognized CRM implementation. Combines deep technical expertise with strong business analysis capabilities to drive cross-functional success.

**EXPERIENCE**

**Business Analyst**
MS Dynamics CRM Project | Advertisement Company

- Led business analysis for the largest CRM implementation in Siberia (2011)
- Achieved 30%+ productivity increase and measurable improvement in customer loyalty
- Project recognized and featured by Microsoft as a success story

**SKILLS**

**Business Analysis & Project Management**
- Requirements elicitation and documentation
- Team leadership and management
- Cross-functional collaboration across departments and disciplines
- Data analysis and reporting
- Continuous improvement methodology

**Quality Assurance**
- Functional, access control, and cross-browser testing
- Load and performance testing
- Installation and database-driven testing
- Cross-platform compatibility testing
- Test planning and scenario development

**Technical Expertise**
- Programming: C, C++, Python
- Databases: MySQL, Oracle SQL
- Analytics: IBM SPSS
- Infrastructure: VMWare, Linux
- Deployment: Test and production environments
- Project Management: Jira, Asana, Trello, Trac
- Advanced Microsoft Office

**Domain Knowledge**
- eCommerce
- Social Media Management
- Google Ads & SEO
- Game Development

**ACHIEVEMENTS**

First Prize Winner | ""Startup Business Ideas"" Competition | Istanbul, 2019"
12116,"# PROFESSIONAL EXPERIENCE

**Business Analyst & Project Manager**

8+ years of experience driving business analysis and IT systems administration within two of the largest international banks, specializing in financial planning solutions and ERP implementations.

---

## Key Achievements

- Spearheaded two successful Oracle Hyperion Planning implementations at Top 10 Ukrainian Banks, delivering enterprise-wide budgeting and financial planning capabilities

---

## Core Responsibilities

- Directed end-to-end business analysis and administration of budgeting processes and financial reporting systems
- Authored comprehensive technical documentation including business requirements, functional specifications, and user guides
- Managed Oracle Hyperion implementation projects serving as both business and technical specialist
- Executed full testing lifecycle: test case development, quality assurance testing, bug tracking, and resolution
- Developed and maintained SAP ERP modules (HR, LSO, TMC, Portal, Performance)
- Drove IT-Enterprise ERP implementation as business analyst for HR Performance, Payroll, and E-Documentation modules

---

## Technical Skills

**Project Management:** Agile Methodology | Redmine | Jira

**Enterprise Systems:** Oracle Hyperion Planning | MDX | SAP ERP | IT-Enterprise ERP

**Core Competencies:** Business Analysis | Requirements Gathering | Technical Documentation | System Implementation"
12122,"# PROFESSIONAL EXPERIENCE

**Business Process Engineer Lead**
2022-02 – 2022-09

• Led cross-functional implementation team of 17.5 FTE, driving project execution from planning through delivery
• Strategically allocated resources aligned with project requirements, timelines, and evolving business needs
• Directed project progress and timeline management through close collaboration with internal stakeholders
• Delivered comprehensive progress reports to internal stakeholders, ensuring transparency and alignment
• Maintained quality assurance standards for all services delivered to internal and external parties
• Designed and facilitated internal training programs to enhance team capabilities
• Identified and implemented internal process improvements to increase operational efficiency
• Developed and maintained internal documentation to support knowledge management

**Solution Engineer — EMEA, APAC, LATAM & NA**
2019-09 – 2022-01

• Defined and analyzed complex data and system requirements for diverse global clients
• Architected tailored solutions based on client demands and system functionalities
• Partnered with Business Analysts to interpret business rules and translate client requirements into actionable specifications
• Initiated and drove internal projects to enhance service delivery
• Authored project documentation for internal and external users
• Organized, conducted, and participated in client-facing webinars

**Project Manager — EMEA, APAC & NA**
2018-02 – 2019-08

• Managed multiple concurrent implementation projects for multi-national clients across global regions
• Developed comprehensive project plans and secured alignment with internal and external parties
• Communicated project updates to internal and external stakeholders throughout project lifecycle
• Ensured consistent on-time project delivery
• Produced project documentation for internal and external users
• Organized, conducted, and participated in webinars

**Implementation Specialist**
2014-07 – 2018-01

• Analyzed complex requests and data for new carrier implementations including rate cards, shipment data files, and business rules
• Executed new provider implementations to online platform
• Organized, conducted, and participated in webinars
• Led final testing stage to validate implemented logics prior to launch
• Created and maintained internal technical documentation for IT department
• Developed internal and external documentation to facilitate seamless project handover to Operations
• Prepared analytical reports for external users
• Collaborated cross-functionally with Operations and IT departments
• Optimized existing processes to improve efficiency
• Conducted internal training sessions

**Data Analyst**
2012-10 – 2014-06

• Prepared analytical reports for external users
• Led final testing stage to ensure data accuracy and system integrity
• Analyzed rate cards and managed end-to-end implementation to online platform
• Updated and maintained internal and external documentation"
12124,"# PROFESSIONAL SUMMARY

Business Analyst and Project Manager with more than 20 years of experience in business analysis, project management, and process automation across international companies. Expertise in Payment Technologies, Finance, B2B Sales, and IT Service Management. Proven track record of organizing effective communication between IT and business units for development, implementation, and support of new systems and enhancements. Seeking Business Analyst position with capability for partial Project Management responsibilities.

# CORE COMPETENCIES

**Analysis & Documentation:** Business Process Definition and Optimization | Requirements Gathering and Documentation (BRD, SRS, Vision, Project Profile) | Process Automation and Implementation

**Technical:** API Integration Development | CRM System Implementation | ESB and Microservices Development

**Management:** Stakeholder Management and Facilitation | Project Management (PMBOK and Agile Methodologies) | Team and Department Management (up to 100 employees) | Business Development and Project Discovery

# PROFESSIONAL EXPERIENCE

## Banking

**SWIFT Payments Implementation – Mobile Banking Application**
- Collected functional and non-functional requirements and coordinated with business units
- Prepared Software Requirement Specification (SRS)
- Developed and tested Camunda process, ESB, and OKD services

**Mortgage Loan Process Automation**
- Automated mortgage loan process workflow
- Developed customer forms
- Integrated mortgage loan process with Diia API (State Personal Data System)
- Developed and tested integration microservice

**POS-Terminal Software Development**
- Developed POS-terminal software for VISA and MasterCard international payment systems
- Achieved EMV certification

**Payment Cards System**
- Implemented and administered local payment cards system

## B2B Sales

**Sales and Delivery Process Automation**
- Defined business processes and approved Business Requirements Document (BRD) with Business Owner
- Automated processes in Bitrix24 CRM

**HR Process Implementation**
- Defined onboarding, dismissal, and vacation processes
- Approved BRD with HR Director
- Implemented processes in Bitrix24 CRM

## IT Service Management

**Service Delivery Process Automation**
- Created, described, and implemented Service Desk system processes based on Microsoft Dynamics CRM

**Service Desk Integration**
- Created, described, and implemented integration protocol in API
- Integrated Service Desk system with customer issue tracking systems

# LEADERSHIP EXPERIENCE

- Managed project teams of up to 15 employees
- Managed department of up to 100 employees
- Facilitated gathering of business needs and objectives to evaluate new or enhanced functionality
- Participated in business development and project discovery phases"
12141,"# PROFESSIONAL EXPERIENCE

**Head of Outgoing Volunteer Exchanges**
AIESEC in Kharkiv | Current Position

- Lead 13-person department while serving on Executive Board
- Developed and executed comprehensive departmental strategy based on current-state analysis
- Restructured strategy and role definitions to maintain operations during wartime conditions

**Team Leader, Professional Exchanges Promotion**
AIESEC | Previous Role

- Drove 100% increase in monthly lead generation within 30 days
- Directed marketing team operations during transition to Vice-President responsibilities
- Successfully managed concurrent team leadership, academic, and personal obligations

# EDUCATION & PROJECTS

**Kharkiv Polytechnic University**

*Realistic Interference Pattern Generation*
- Defined technical requirements and conducted domain research
- Authored comprehensive project documentation
- Implemented and optimized algorithms

*Business Analysis Team Project*
- Served as liaison between customer stakeholders and academic advisors
- Authored technical specifications
- Designed application prototype using Figma

# SKILLS

**Technical:** Algorithm Development, Technical Documentation, Figma Prototyping

**Management:** Team Leadership, Strategic Planning, Marketing Strategy, Product Management, Time Management

# CAREER OBJECTIVE

Seeking Business Analyst or Project Manager position to leverage technical foundation in algorithm development and documentation with proven managerial experience leading teams and driving measurable results in dynamic environments."
12143,"**PROFESSIONAL EXPERIENCE**

**Business Analyst | Institute | 5 Years**

- Conducted requirements analysis, developed use cases, and created data flow diagrams
- Performed system analysis and designed entity relationship diagrams
- Led detailed analysis initiatives in the e-services domain
- Defined qualitative descriptions and established project goals
- Executed research and development in E-government, E-citizen, and E-democracy
- Authored the ""E-vote"" framework in collaboration with PrivatBank and local government, facilitating G2B4C interaction among government, business, and citizens
- Analyzed mobile applications market and Apple Wallet service for Android and Windows Phone platforms
- Contributed to strategic decision-making for proprietary service development
- Supported sales processes through analytical expertise
- Published approximately 20 scientific articles on e-government topics
- Authored scientific articles, guides, and handbooks

**SKILLS & METHODOLOGIES**

- Frameworks: BABOK, PMBOK
- Methodologies: Agile, Scrum
- Tools: MantisBT, Redmine, MS Project Manager
- Modeling: DFD Diagrams, ERD Diagrams
- CRM Systems: AMO, ZOHO

**LANGUAGES**

- French: Advanced
- Bulgarian: Reading and Verbal Communication

**PROFESSIONAL OBJECTIVES**

- Seeking opportunities to fully leverage analytical and research expertise
- Engaging with challenging and innovative projects
- Pursuing career advancement opportunities
- Continuing professional development through company-sponsored training"
12149,"**PROFESSIONAL SUMMARY**

Results-driven IT professional with over 15 years of experience in Insurance and Investment Banking domains. Proven track record of successfully implementing large-scale, complex systems across multiple enterprise organizations. Developer background with comprehensive understanding of the software development life cycle. Seeking Managing Director / Product Owner / Business Analysis Lead position.

**KEY STRENGTHS**

• Leadership and team management
• Customer needs analysis and prioritization
• Detailed requirements documentation
• Deadline and budget management
• Performance under pressure with strong attention to detail
• Deep expertise in Insurance and Investment Banking industries
• End-to-end software development life-cycle knowledge

**PROFESSIONAL EXPERIENCE**

**Key Employee — Major Enterprise Project**

Led implementation of large-scale, complex system across four enterprise organizations, delivering complete solution meeting all project objectives on time and within budget.

**CORE COMPETENCIES**

Project Leadership & Management | Business Analysis | Product Ownership | Stakeholder Management | Requirements Gathering & Documentation | Insurance Domain Expertise | Investment Banking Domain Expertise | Software Development Background | Time-Sensitive Delivery | Budget Management"
12161,"# Business Analysis Professional

## Education & Training

**Business Analysis Laboratory – Educational Program**
Comprehensive business analysis training program encompassing theoretical foundations and practical methodologies

## Core Competencies

### Business Analysis

- Business, functional, and non-functional requirements documentation
- Business Process Model and Notation (BPMN) design
- Wireframe development
- Applied business analysis methodologies

### Communication & Collaboration

- Written, verbal, and interpersonal communication
- Negotiation and facilitation
- Presentation delivery

### Professional Effectiveness

- Self-organization and time management"
12252,"# Professional Summary

Results-driven Project Manager and Business Analyst with a proven track record of delivering 30+ web projects and multiple mobile applications. Spearheaded two projects that achieved complete ROI within 3 months of launch. Led the development of a High-Load Big Data sports analytics system and mobile applications from inception to global deployment across 100+ domains. Drove the creation of the first AR/VR E-commerce marketplace for Persian Gulf Countries from concept to launch.

# Professional Experience

**Project Manager / Business Analyst / Product Manager**

- Directed 5 cross-functional teams spanning Back-end, Front-end, Mobile App, Design, and QA disciplines
- Led a team of 21 professionals including 6 backend developers, 4 frontend developers, 4 mobile developers (iOS/Android), 2 designers, 4 QA engineers, 1 DevOps engineer, and 1 Technical Writer
- Delivered projects across diverse industries including e-commerce, sports analytics, and emerging AR/VR technologies

# Domain Expertise

- Web Development (websites, web applications)
- Mobile Applications (iOS, Android)
- AR/VR Applications
- Stock Markets, Equities & Trading Platforms
- High-Load E-commerce Marketplaces & Platforms
- Sports Betting & Sports Analytics
- Gambling Industry

# Technical Knowledge

**Backend:**
Microservices Architecture, Kubernetes, PHP Symfony, API, GraphQL, PostgreSQL, Redis, RabbitMQ, ElasticSearch

**Frontend:**
React.js, Redux, React-Router, NPM, Webpack3

**Mobile:**
Kotlin, Swift, Augmented Reality (AR), Virtual Reality (VR)"
12408,"**PROFESSIONAL SUMMARY**

Results-driven professional with 12+ years of experience in Banking and Finance, including 5+ years in business analysis and 2+ years in project management. Proven track record delivering complex solutions across treasury management, ecommerce, and telecom sectors. IREB-certified Requirements Engineering professional combining deep domain expertise with strong analytical and leadership capabilities.

**CORE COMPETENCIES**

Project Management | Business Analysis | Financial Analysis | Risk Management | Banking & Insurance | Treasury & Cash Management Systems | Ecommerce Solutions | Telecom Expense Management | Requirements Engineering

**TECHNICAL SKILLS**

**Software & Tools:** SQL, VBA, Jira, Confluence, ServiceNow, TFS, SAP Hybris, TeamWork, MS Project
**Modeling & Documentation:** MS Visio, Balsamiq, Draw.io
**Languages:** English (Advanced), French (Advanced)

**PROFESSIONAL EXPERIENCE HIGHLIGHTS**

- Led successful end-to-end launch of telecom project for state-level US customer
- Drove ecommerce solution enhancement through platform migration and optimization
- Developed and enriched Treasury Management System for Currencies & Cash Management, serving large corporates and SMEs
- Contributed to development of new banking software, specializing in Treasury module functionality
- Implemented comprehensive information system for financial estimation across CIS banking institutions

**CERTIFICATIONS**

IREB Certified Professional for Requirements Engineering, Foundation Level
Certificate No. 18-CPREFL-137936-20 | 2018

**ADDITIONAL STRENGTHS**

Excellent presentation and communication skills with demonstrated ability to deliver challenging projects leveraging modern technologies."
12409,"**PROFESSIONAL SUMMARY**

Results-driven Project Manager/Business Analyst with extensive experience leading teams of 6 to 40 professionals across diverse projects and international markets. Combines deep expertise in Agile, SCRUM, and KANBAN methodologies with a strong business analysis foundation built on both practical application and theoretical knowledge. Proven ability to launch projects from inception through delivery while managing ongoing operations. Track record of success in process standardization, PMO optimization, and building effective partnerships with clients across Asia, Europe, UK, and US.

**CORE COMPETENCIES**

Project & Team Leadership (6-40 people) | Business & Functional Analysis | Agile, SCRUM, KANBAN Methodologies | Sprint & Release Scope Management | Project Documentation & Requirements Management | Process Standardization & PMO Optimization | Stakeholder Communication & Negotiation | Problem Solving & Strategic Planning | International Client Relations

**TECHNICAL PROFICIENCIES**

**Domains:** Enterprise | E-commerce | Finance | Cryptocurrency

**PROFESSIONAL EXPERIENCE**

**Project Manager/Business Analyst**
Cryptocurrency Platform | Present

Drive end-to-end project delivery for a cryptocurrency platform operating across enterprise, e-commerce, finance, and crypto domains.

**Key Contributions:**

- Lead diverse projects serving international markets across multiple regions
- Develop comprehensive project management frameworks and requirements documentation
- Execute process analysis and functional analysis to drive operational efficiency
- Direct sprint planning and release scope management to ensure timely delivery
- Launch new projects from concept to execution while sustaining ongoing operations
- Standardize and optimize PMO processes, procedures, and governance frameworks

**EDUCATION & CERTIFICATIONS**

PMP Certification – In Progress
PMP Exam Preparation – Completed

**LANGUAGES**

English – Advanced (IELTS 6.0)
Polish – Intermediate"
12410,"# Professional Summary

Finance and software development professional with 16 years of experience in financial markets. Combines hands-on technical development with product ownership expertise, delivering results within professional teams.

# Key Achievements

- Architected a complex information system for real-time financial data processing and led its development as Product Owner

- Instrumental in building a software development department from concept to a 30+ person team, delivering products that enabled strategic growth and generated significant revenue

# Professional Experience

## Product Owner

- Delivered financial software through hands-on coding and team leadership
- Owned product roadmap and backlog management
- Contributed to system architecture design and protocol development
- Specialized in financial market data and FIX protocol implementation

## Business Analyst

- Identified, structured, and prioritized critical business needs
- Transformed business requirements into BRDs, product roadmaps, and technical documentation
- Managed product backlog prioritization
- Synthesized external documentation into actionable project materials
- Delivered data-driven analysis and insights

## Project Manager

- Directed collaboration with US vendors
- Implemented business process improvements
- Contributed to talent acquisition initiatives"
12418,"# BUSINESS ANALYST | PROJECT MANAGER | PRODUCT MANAGER

## PROFESSIONAL SUMMARY

Results-driven Business Analyst with 8+ years of experience in IT and business process consulting and 12 years of progressive experience in sales and services leadership. Proven expertise in enterprise CRM implementations, business process transformation, and cross-functional team leadership. Skilled in managing complete project lifecycles from conceptualization to deployment across IT, e-commerce, telecom, automotive, finance, energy & gas, and agriculture sectors.

## CORE COMPETENCIES

**Business Analysis & Requirements Management**
- Requirements gathering, analysis, prioritization, and lifecycle management
- Functional and non-functional requirements documentation and decomposition
- Stakeholder interview facilitation and customer insights translation into actionable specifications
- Business process modeling using BPMN and UML diagrams
- Rapid prototyping with Moqups, Miro, and Balsamiq

**Technical Expertise**
- CRM Systems: Creatio, Maxbill
- BPM-class solutions and business process automation
- MS Office365, document management systems, contact center solutions
- Video surveillance systems, printing infrastructure management, and security
- Augmented Reality applications

**Project & Product Management**
- Full SDLC ownership and delivery
- Agile methodology implementation
- Enterprise-scale module leadership
- Business process transformation and optimization

**Leadership**
- Multi-regional team management spanning 3 teams and up to 45 team members
- Cross-functional collaboration and stakeholder alignment
- Performance-driven culture development and individualized motivation strategies

## PROFESSIONAL EXPERIENCE

**Module Lead – Enterprise CRM Implementation**
- Directed implementation of Maxbill Billing & CRM system for enterprise-scale deployment serving 1,300 users
- Owned end-to-end delivery of Sales, Retention, and Customer Care modules for B2B clients
- Managed module adoption and optimization for 200 direct users

**Business Analyst – Multi-Domain Projects**
- Led IT product development and CRM implementation projects across e-commerce, marketing, telecom, automotive, finance, energy & gas, and agriculture sectors
- Designed and deployed CRM systems, BPM solutions, document management systems, and contact center solutions
- Drove measurable improvements in sales and service processes for corporate clients

**Sales & Services Leader**
- Built and led 3 high-performing regional teams totaling up to 45 professionals over 12 years
- Developed tailored motivation strategies and cultivated positive team environments
- Delivered consistent performance results through strong organizational leadership

## TARGET ROLES

Business Analyst | Product Manager | Project Manager | CRM Specialist | Business Process Transformation Lead | Head of Customer Care"
12422,"**CERTIFICATIONS**

Certified Associate in Project Management (CAPM)
Project Management Institute

---

**EDUCATION**

**Master of Science in Project Management** | GPA: 3.76/4.0
Concentration: Project Business Analysis
Northeastern University

**Bachelor of International Relations**
Academy of Public Administration

---

**PROFESSIONAL EXPERIENCE**

**Junior Project Coordinator**
PrintInk | Baku, Azerbaijan
May 2023 – Present

• Coordinated and monitored project budgets ranging from $80,000 to $150,000, identifying variances and delivering timely reports to administration
• Managed diverse project resources—materials, equipment, and personnel—across cross-functional teams of 10–15 members
• Maintained and revised project schedules and timelines, ensuring team members delivered tasks and milestones within established deadlines
• Conducted quality assurance testing on new products to verify compliance with organizational standards

**Insurance Business Analyst**
Globe Life Liberty National Division | West Covina, CA
November 2022 – February 2023

• Built productive client relationships through structured 15-minute rapport-building sessions
• Assessed client needs and financial situations via fact-finding appointments and 20-minute coverage and investment presentations
• Aligned product recommendations with clients' long-term goals by presenting more than 10 plan options and supplemental benefits

---

**ACADEMIC PROJECTS**

**Location Scout Training Program Development** | Boston, MA

• Authored SMART business requirements defining in-scope and out-of-scope elements, assumptions, and constraints—reducing planning ambiguity by 60% within an 8-person team
• Delivered project scope, cost, and schedule baseline statements to sponsor within the first 4 weeks
• Created comprehensive project documentation—including contingency reserve policy, communication plan, risk management matrix, quality management plan, and change control policy—consolidated in a 20-page document featuring 5+ tables and 2 matrix sets

**MBTA Transportation App Development** | Boston, MA

• Developed end-to-end project plan encompassing activities, resources, budget, and schedule; coordinated task assignments across 11 team members
• Executed risk management using qualitative and quantitative techniques, preparing 3 contingency plans per identified risk"
12435,"**PROCUREMENT MANAGER**

---

**PROFESSIONAL EXPERIENCE**

**Procurement Manager** | 4 Years

• Developed and executed procurement strategies to optimize inventory levels and maintain warehouse balance
• Conducted comprehensive sales analysis and demand forecasting to drive data-informed business planning
• Negotiated contracts and pricing agreements with suppliers to maximize value and cost efficiency
• Coordinated end-to-end order placement, monitoring fulfillment to ensure timely delivery
• Managed supplier relationships, resolving complaints and overseeing product returns to maintain quality standards
• Directed transport logistics operations to streamline supply chain performance

---

**EDUCATION**

**Master's Degree in HR Management**
• Graduated with Distinction
• 3rd Place, All-Ukrainian Olympiad in Specialty

---

**PROFESSIONAL DEVELOPMENT**

**Data Analysis and Statistical Inference in R Language**
Prometheus.org.ua | November 2016
Certificate: https://courses.prometheus.org.ua:18090/downloads/b2da79bd1b5449a6a2a6a0430dec98ce/Certificate.pdf"
12436,"# PROFESSIONAL EXPERIENCE

**Business Analyst Lead**
- Established business analysis processes and frameworks
- Developed and implemented communication plans driving customer engagement and development team collaboration
- Coordinated cross-location team operations

**Project Coordinator**
- Delivered project for national Canadian corporation

---

## CORE COMPETENCIES

**Business Analysis**
- Requirements elicitation, gathering, prioritization, and management
- Capability gap assessment
- Requirements gathering workshop facilitation
- Elaboration phase facilitation
- Onsite customer engagement

**Leadership & Management**
- Project coordination and management
- Team coaching and mentoring
- Event coordination and training delivery"
12437,"**PROFESSIONAL EXPERIENCE**

Delivered 15+ projects across diverse business sectors, encompassing methodology development, system design, implementation, and financial management system development.

**SKILLS**

• Business Methodology
• System Design & Development
• Financial Management Systems Implementation
• English Language Proficiency"
12447,"# Project Manager

## Professional Experience

**Project Manager | UK Real Estate Startup**
Delivered MVP that secured investment from Google. Leveraged Agile methodologies to drive project success following initial iterations.

**Project Manager | UK Insurance Startup**
Managed concurrent feature delivery for multiple customers with varying requirements and strict deadlines. Implemented priority management frameworks to maintain consistent team performance.

**Presale & Business Development Support**
Partnered with BD managers to win projects during presale phase. Transformed concepts into actionable project proposals. Executed upselling initiatives.

**Team Lead | DevOps Production Support**
Led team responsible for 800+ environments. Enhanced response rate and service quality while expanding the range of support services offered.

## Project Portfolio

- SaaS solutions for real estate and insurance startups (UK)
- E-commerce platforms: Shopify, Magento 1/2, WordPress
- Mobile development: iOS and Android, including VR games and healthcare applications
- Cloud DevOps technical support
- AI-based solutions

## Additional Experience

**Business Analyst**
Developed specifications and designed Figma mockups for projects.

## Client Recognition

Three positive client reviews on Clutch

## Preferences

- SaaS or mobile solutions
- English-speaking customers"
12448,"# BUSINESS ANALYST | PROJECT MANAGER

**Professional Summary**

Business Analyst with 5 years of experience, including 2 years in Project Management. Proven track record transforming stakeholder ideas into successful product launches. Available for part-time or project-based engagements.

**Key Achievements**

• Built and led a team from the ground up for an innovative project, achieving 96% on-time feature delivery across 2 years of development (Jira-verified metrics)

• Designed interactive mockups across multiple projects, earning positive feedback in customer satisfaction surveys

• Relaunched a legacy billing system interface serving 100,000+ users with zero disruption or complaints

• Delivered mockups and requirements documentation for Ukraine's largest petroleum company, contributing to successful project launch

**Core Competencies**

Requirements Gathering & Management | Interactive Mockup & Prototype Development | Business Specification Creation | Roadmap Development | Epic & User Story Structuring | User Guide & FAQ Documentation | Project Lifecycle Management | Market & Competitive Analysis

**Industry Experience**

Online Services | E-commerce | Manufacturing | CRM/ERP Systems | Education | Automotive

**Work Preferences**

Open to part-time and project-based opportunities with organizations that foster collaborative environments and value input from all team members."
12449,"# PROFESSIONAL SUMMARY

Results-driven Business Analyst and Project Manager with expertise in Agile methodologies, requirements management, and full life cycle delivery. Proven track record managing multiple projects, leading cross-functional teams, and establishing effective software delivery processes. Skilled in translating business needs into actionable requirements and ensuring successful solution implementation.

# CORE COMPETENCIES

Business Analysis | Requirements Analysis & Management | Agile & Scrum Methodologies | Jira | User Stories & Use Cases | BPMN | Balsamiq Mockups | Figma | Project Management | Team Leadership | Budget Control & Reporting | Stakeholder Management | Conflict Resolution | Process Improvement | Customer Journey Mapping | Solution Acceptance Testing

# PROFESSIONAL EXPERIENCE

**Agile Project & Delivery Management**
- Directed multiple projects through full software development life cycle using Agile methodologies
- Led cross-functional teams, optimizing performance and fostering collaboration
- Managed project budgets and delivered comprehensive reporting to stakeholders
- Resolved conflicts to maintain project momentum and team cohesion

**Requirements Management & Business Analysis**
- Gathered, analyzed, and documented business requirements through stakeholder engagement
- Established requirements elicitation, approval, and change management processes
- Authored Vision and Scope Definitions and Software Requirement Specifications
- Created detailed user stories and customer journey maps using Figma
- Developed use cases defining system functionality and user interactions
- Monitored requirements implementation and conducted solution acceptance testing

**Process Optimization & Documentation**
- Established software delivery processes enhancing collaboration between Development, QA, and Business Analysis teams
- Created workflow diagrams, charts, and presentations communicating processes and requirements
- Designed UI mockups using Balsamiq to visualize interface requirements
- Applied BPMN standards for process modeling and documentation

# TECHNICAL SKILLS

**Tools:** Jira, Figma, Balsamiq Mockups
**Methodologies:** Agile, Scrum
**Techniques:** User Stories, Use Cases, BPMN, Customer Journey Mapping"
12450,"# Professional Summary

Results-driven Analyst with 7 years of progressive experience delivering enterprise-level technology solutions across CRM, ERP, HR core systems, recruitment automation, and core banking integrations. Proven track record in implementation consulting, business analysis, and project management throughout complete project lifecycles.

# Core Competencies

**Solution Delivery:** CRM & ERP Systems | HR Core Systems Implementation | Core Banking System Integration | Recruitment Process Automation

**Professional Practice:** Implementation Consulting | Business Analysis | Project Management | Full Project Lifecycle Management | Stakeholder Engagement & Negotiation | Time Management

# Professional Experience

**IT Industry Professional**
*7+ Years of Experience*

- Led end-to-end implementation of CRM, ERP, and HR core systems from conception through deployment
- Drove business analysis activities for complex enterprise technology initiatives
- Directed project management across full lifecycles, ensuring on-time delivery
- Negotiated with stakeholders at all organizational levels to align requirements and outcomes
- Automated recruitment processes to enhance operational efficiency
- Integrated core banking systems to support strategic business objectives
- Balanced multiple concurrent initiatives through disciplined time management practices"
12451,"**Business Analyst / Project Manager** (12.2021 - Present)
**Associate Business Analyst / Project Manager** (06.2021 - 12.2021)

- Lead end-to-end management of migration initiatives, application upgrades, and disaster recovery testing across all project phases
- Develop comprehensive project plans at strategic and tactical levels, ensuring alignment with organizational objectives
- Monitor project deliverables and track task performance against established milestones
- Drive stakeholder engagement at all organizational levels, including executive leadership, through targeted communications, meeting documentation, and status notifications
- Coordinate cross-functional project teams and facilitate scheduling across multiple workstreams
- Gather, analyze, and document project requirements, dependencies, and risk factors
- Produce analytical reports and visualizations for vulnerability assessments, infrastructure project status, and test results

---

**Junior Software Engineer** (11.2020 - 06.2021)

- Served as liaison for international client communications, ensuring clear requirements gathering and project alignment
- Analyzed and resolved tickets involving relational databases and CRM systems
- Performed ticket triage, verification, and routing to appropriate resolver groups
- Executed testing protocols for CRM system updates"
12452,"# Professional Experience

**Project Management & Coordination**

- Drove end-to-end project delivery by gathering requirements through direct customer consultation and translating insights into actionable project plans
- Developed comprehensive project plans, timelines, and documentation including commercial proposals, functional specifications, technical requirements, and business process descriptions
- Led cross-functional team coordination, assigning and distributing tasks to optimize workflow and resource allocation
- Ensured on-time project delivery by monitoring timelines, tracking milestones, and maintaining deadline adherence across multiple concurrent projects
- Facilitated Scrum meetings and agile workflows to drive team productivity and continuous improvement
- Maintained proactive stakeholder communication throughout the project lifecycle, ensuring alignment between customer expectations and deliverables
- Contributed to strategic project development initiatives

**Work Environment Preferences**

- Thrives on complex and challenging tasks
- Values collaborative, informal work culture
- Seeks competent leadership and opportunities for professional growth"
12453,"# PROFESSIONAL SUMMARY

Business Analyst with 7+ years of experience in project management and business analysis across fintech, traffic arbitrage, and website development. Industry expertise spans health and beauty, gambling, tourism, manufacturing, and consulting. Proven track record of delivering projects on time, within budget, and exceeding customer expectations. Core strengths include requirements gathering, stakeholder management, UX/UI design collaboration, and Agile methodologies.

# PROFESSIONAL EXPERIENCE

**Business Analyst | Fintech Company (Cryptocurrency)**
*9 months*

- Conduct comprehensive analysis and requirements gathering for cryptocurrency products
- Serve as primary liaison between IT, design teams, and business stakeholders
- Author and maintain technical specifications ensuring alignment with business objectives
- Bridge technical solutions with strategic business goals

# KEY ACHIEVEMENTS

**Arbitration Team**
- Designed and implemented scalable processes generating $90,000–$160,000+ in monthly profit

**Sales Doubler**
- Delivered landing page and promotional materials for Financial Storm 3.0 contest on a 2-week deadline, supporting a 3,000,000 UAH campaign budget

**Zhansaya Sanatorium Website (Kazakhstan)**
- Generated 412 applications and calls within 22 business days
- Achieved $0.30 cost per potential client
- Delivered 4% visitor-to-conversion rate
- Implemented integrated CRM system

**Vintage**
- Managed timely releases and customer support for enterprise clients including Oshadbank and Totis

# CORE COMPETENCIES

**Analysis & Design:** Requirements Gathering | Stakeholder Communication | Pre-Design Studies | UX Prototyping | Technical Specifications | Project Documentation | UX/UI Collaboration

**Project Management:** Multi-Project Management | End-to-End Delivery | Ongoing Support | Process Organization | Team Coordination | Budget & Deadline Compliance

**Methodologies:** Agile | Scrum | Kanban

**Leadership:** Decision-Making | Accountability | Self-Organization | Client-Centric Approach | Adaptive Communication

# TECHNICAL TOOLS

JIRA | Confluence | Trello | YouTrack | Monday | Bitrix | Redmine | Balsamiq | Moqups | Draw.io | Figma

# PROFESSIONAL OBJECTIVES

Seeking a Business Analyst or hybrid PM/BA position focused on developing user-centric products while advancing analytical and product management expertise."
12454,"# PROFESSIONAL SUMMARY

Results-driven professional with BA degree and proven experience in project management, commercial intelligence, and business analysis. Demonstrated ability to manage teams, analyze complex information, and drive measurable improvements. Strong analytical and communication skills with expertise in stakeholder management and strategic planning.

# CORE COMPETENCIES

Project Management & Scrum Methodology | Commercial Intelligence & Research | Business Analysis & Reporting | Stakeholder Communication & Partnership Management | Risk Management & Resource Planning | Data Analysis & Information Synthesis | Team Leadership & Performance Management | Cost Estimation & Budget Development

# PROFESSIONAL EXPERIENCE

**Project Manager | ArtHome | Dnipro, Ukraine**
June 2019 – January 2020

- Led scrum team and coordinated cross-functional project activities to ensure timely delivery
- Developed and maintained comprehensive project plans, detailed stage plans, and Gantt diagrams for planning and tracking
- Managed project risks, resource utilization, and budget development, initiating corrective action where necessary
- Built and sustained effective communications with stakeholders, partners, and interior designers, representing company interests
- Negotiated and concluded cooperation agreements with Ukrainian artists
- Conducted project evaluation reviews to assess management effectiveness and prepared follow-on action recommendations
- Created company website using Tilda, managed content development and social networking activities
- Prepared company and individual reviews, conducted vertical analysis

**Researcher, Commercial Intelligence | Noosphere | Dnipro, Ukraine**
April 2019 – July 2019

- Conducted vertical research and comprehensive niche reviews for future customer product releases
- Analyzed country-specific features and identified market trends through venture capital deals analysis
- Performed open source intelligence research on IT companies, entrepreneurs, and industry events
- Uncovered hidden links and relations between people and businesses through detailed investigative research
- Identified company risk factors including court cases, staff changes, public statement inconsistencies, business model changes, financing structures, and regulatory compliance issues
- Prepared comprehensive profiles analyzing individual factors including business connections, public statements, social media activity, and biography

**Auditor | Bartolomeo Resort**

- Conducted comprehensive audit of the resort complex
- Improved staff training results from 52% to 93%

**Analyst | Global Fertilizer Market**

- Communicated with market players and facilitated information exchange
- Prepared analytical reports on global fertilizer market trends

# EDUCATION

Bachelor of Arts

# PROFESSIONAL SKILLS

- Advanced analytical skills with ability to synthesize and interpret large volumes of information
- Strong communication skills with ability to defend viewpoints effectively
- Proven ability to build relationships and manage task implementation
- Commitment to continuous learning and professional development"
12455,"**PROFESSIONAL EXPERIENCE**

**Lead Account Project Manager**
*FinTech Company*
Apr 2021 - Oct 2022

- Led end-to-end client onboarding and platform integration, defining launch plans, conducting demos, and providing API documentation consulting
- Partnered with sales teams to analyze customer needs and deliver strategic consultation during the sales cycle
- Managed full client task backlog lifecycle: requirements analysis, specification writing, timeline management, implementation oversight, testing, and delivery
- Performed API documentation analysis and validated integrations through Postman testing to ensure alignment with client requirements
- Translated customer feature requests into actionable development tasks with clearly defined business and technical requirements
- Orchestrated project workflows using Jira; documented processes using BPMN notation and Confluence

**Account Project Manager**
*FinTech Company*
Oct 2019 - Apr 2021

- Executed client onboarding and platform integration initiatives, including launch planning, product demonstrations, and API consulting
- Provided needs analysis and consultative support throughout the sales process
- Owned client task backlog management from analysis through delivery, ensuring timely implementation and quality control
- Conducted API documentation reviews and integration testing via Postman
- Captured and prioritized customer feature requests, translating them into development-ready requirements
- Maintained project documentation using Jira, BPMN, and Confluence

**Project Manager**
*UVK Ukraine*
Jun 2017 - Oct 2019

- Increased container turnover profitability from 0% to 40% on average
- Implemented automation of accounting processes, resulting in reduced operational losses
- Managed client relationships and container reconciliations across approximately 40 clients
- Coordinated reconciliation processes with regional offices spanning 23 regions
- Authored technical specifications for development teams, monitored implementation timelines, and conducted testing
- Developed regulatory documents and work instructions; consistently achieved KPI targets

**DOMAIN EXPERTISE**

FinTech: 3+ years | Transport & Logistics: 2+ years"
12456,"# Professional Experience

**Project & Product Management**

• Led team initiative to develop and implement integrated CRM and ERP system for logistics company while supporting multiple concurrent projects
• Drove increased sales performance through strategic planning and execution
• Diagnosed internal operational challenges and implemented targeted IT solutions

**Core Competencies**

• Data analysis, evaluation, and strategic planning
• Budget planning, forecasting, and financial analysis
• User story development and backlog prioritization
• Stakeholder engagement and requirements gathering
• Product roadmap development and feature prioritization
• Executive reporting and presentation to senior management and department heads
• Project team leadership and coordination
• Risk identification, assessment, and mitigation
• Project scope and timeline management

**Professional Values & Interests**

• Committed to transparent project management, including clear budget communication and proactive issue identification
• Strong advocate for team clarity, ethical conduct, and value-driven delivery
• Seeking opportunities within the non-governmental organization (NGO) sector"
12457,"**PROFESSIONAL SUMMARY**

Results-driven Business Analyst with 10 years of experience delivering solutions across diverse industries and complexity levels. Proven expertise in requirements analysis, stakeholder management, and solution design aligned with architectural drivers and market needs.

**CORE COMPETENCIES**

Business Analysis & Requirements Gathering | Solution Architecture & Design | Project Management | SDLC & Quality Assurance | Pre-Sales & Client Engagement | Stakeholder Training & System Deployment | Process Development | Proposal Development & Scope Analysis

**PROFESSIONAL EXPERIENCE**

**Engagement Manager – Pre-Sales**

Served as client-facing lead for engagement planning and solution development. Prepared initial proposals and conducted comprehensive scope analyses to align client needs with deliverable solutions.

**Business Analyst & Project Manager** | 1 Year

Drove product delivery through combined business analysis and project management responsibilities. Developed product concepts and collaborated with technical experts on architecture planning. Led user training initiatives and system deployment activities.

**Business Analyst**

Identified client and market needs to recommend optimal solutions. Collaborated with stakeholders to define architecture drivers and solution requirements. Leveraged QA background to ensure quality throughout the solution lifecycle.

**QA Engineer** | 4 Years

Gained comprehensive understanding of the Software Development Life Cycle. Ensured quality standards across testing and delivery phases.

**Business Owner**

Established and managed independent business venture. Developed operational processes from the ground up. Acquired hands-on experience in sales processes and business development.

**PROFESSIONAL OBJECTIVE**

Seeking challenging opportunities to leverage business analysis expertise in helping clients achieve strategic success."
12458,"**PRODUCT MANAGER**

**Key Responsibilities & Achievements**

• Defined product strategy and specifications through comprehensive stakeholder requirements gathering and analysis

• Built end-to-end product roadmap and user flows for SaaS platform from inception to delivery

• Authored user stories and use cases driving development priorities and sprint planning

• Designed permission structure and access controls ensuring platform security and scalability

• Created technical specifications enabling seamless data integration between data science and backend teams

• Partnered with design team to optimize user experience across platform touchpoints

• Managed Product Backlog and Sprint Backlogs, decomposing user stories into actionable tasks with clear prioritization frameworks

• Facilitated Agile ceremonies including daily standups, backlog grooming sessions, and retrospectives

• Maintained comprehensive product documentation throughout the development lifecycle"
12459,"# Alex
**Project Manager**

## Professional Summary
Project Manager at Marrix Power with extensive experience in business analysis and full-cycle project development. Expert in transforming initial concepts into feasible, well-designed projects through comprehensive requirement gathering, strategic planning, and stakeholder collaboration.

## Professional Experience

**Project Manager**
Marrix Power

- Led 16 distinct projects, directing cross-functional teams of 3-5 members from concept through successful delivery
- Drove end-to-end project development, encompassing strategic planning, requirements analysis, and coordinated execution
- Cultivated strong client relationships through consistent communication throughout project lifecycles
- Translated business ideas into actionable, design-ready solutions through thorough requirements gathering and analysis
- Documented comprehensive project requirements to ensure alignment between stakeholder vision and deliverables

## Core Competencies
- Project Management
- Business Analysis
- Requirements Gathering & Documentation
- Client Communication & Stakeholder Management
- Project Planning & Development
- Team Leadership"
12460,"# PROFESSIONAL EXPERIENCE

**Sales Manager | Project Manager | Business Analyst**
4 Years of Experience

## Core Competencies

- Client Relationship Management: Nurturing, engagement, and full lifecycle account management
- Cross-Functional Team Leadership: Managing development teams and coordinating stakeholders
- Interactive Prototyping & Wireframing: MockingBot, Figma
- Business Process Modeling: BPMN using draw.io and Camunda
- Requirements Engineering: Elicitation, analysis, and definition
- Agile Documentation: User stories and use case development
- Revenue Growth: Strategic up-selling initiatives
- Technical Documentation: Development, review, and validation"
12461,"# Project Manager / Business Analyst

Accountable for end-to-end project delivery, ensuring client requirements are met within agreed timelines and budget.

## Requirements Analysis & Documentation
- Elicit, elaborate, and document business and functional requirements through user stories, process flow diagrams, block diagrams, and wireframes using Visio

## Cross-Functional Collaboration
- Partner with Developers, Engineers, and QA teams on solution architecture, estimation, and acceptance criteria
- Prototype solutions and present to clients and internal stakeholders

## Scope & Change Management
- Manage client requirements including new requests and change requests in Confluence
- Secure client approvals on scope and estimations

## Agile Project Management
- Prioritize and plan sprint scope in Jira
- Facilitate sprint planning and retrospectives to ensure delivery aligns with agreed priorities and timelines
- Monitor and report project progress to stakeholders

## Quality Assurance & Delivery
- Develop use cases and test scenarios
- Review test results with QA and validate custom solutions prior to deployment
- Present solutions to clients and facilitate User Acceptance Testing to ensure customer satisfaction and sign-off"
12462,"**PROFESSIONAL EXPERIENCE**

**Systems Analyst**

Delivered technical solutions that reduced implementation time by up to 90% compared to initial estimates, driving significant operational efficiency gains.

Partnered with senior management on solution architecture, evaluating alternative approaches and successfully advocating for optimal technical decisions that aligned with organizational objectives.

Redesigned documentation processes, minimizing manual effort while maintaining compliance with technical documentation standards.

Contributed to development of a core application platform serving as a template for app creation, server management, and front-end libraries—architected to enable seamless integration with other applications through a fully-featured API.

**Key Responsibilities:**

- Authored comprehensive Business Requirements Documents (BRD), Software Requirements Specifications (SRS), API Specifications, and User Guides
- Architected database structures to support application requirements
- Estimated effort and strategically prioritized backlog requests
- Led demonstration meetings to present completed deliverables to stakeholders
- Facilitated retrospective meetings to drive continuous team improvement
- Executed API testing, manual testing, and automated testing protocols
- Developed smoke test scope, regression test suites, test cases, and test scenarios
- Prepared release notes and delivery protocols for production deployments
- Served as acting team lead during team lead absences, ensuring continuity of operations"
12463,"**EDUCATION**

**Lviv Polytechnic National University (LPNU)**
Business Analysis Coursework

- Executed 3 comprehensive business analysis projects encompassing problem definition, stakeholder analysis, solution prototyping, persona development, and use case modeling
- Conducted current-state operational assessments and formulated strategic ""TO BE"" process improvement recommendations
- Applied structured requirement elicitation techniques to gather and document business needs
- Completed machine learning coursework

**EXPERIENCE**

**Java Developer Intern**
novomind | Germany | 3 months

- Designed and implemented Java-based solutions for assigned development cases
- Contributed to cross-functional Agile team, participating in iterative development cycles
- Collaborated effectively with international team members in English-speaking environment"
12464,"# PROFESSIONAL EXPERIENCE

**Project Manager / Business Analyst (1 Year)**
- Managed end-to-end lifecycle processes for multiple concurrent projects
- Elicited and analyzed requirements through documentation review, stakeholder interviews, workflow analysis, business modeling, and requirements review sessions
- Coordinated development processes and served as Scrum Master, ensuring adherence to established methodologies
- Tracked project progress, monitored risks, and managed change through backlog grooming, velocity charts, Gantt charts, and retrospective meetings
- Translated stakeholder requirements into user stories, use cases, visual models, and functional/system requirements specifications
- Facilitated clear communication across multiple stakeholder groups
- Developed technical standards governing development processes
- Contributed to the ground-up creation of software, business models, and operational procedures for a new delivery service venture

**Business Owner (5 Years)**
- Built and operated an e-commerce business selling products in the US market, sourced and manufactured in China
- Directed daily operations including customer support, procurement, promotional campaigns, and logistics management
- Negotiated contracts and pricing with international suppliers and contractors
- Adapted business strategy continuously in response to evolving market conditions

**Efficiency Manager (1.5 Years)**
- Re-engineered business processes through analysis of scope, business rules, existing practices, and alternative solutions
- Designed new functionality enhancements for the internal ERP system
- Designed and implemented a routing system for Sales Departments
- Authored detailed technical specifications for the development team
- Trained employees and supported adoption during change integration initiatives"
12465,"# BUSINESS ANALYST | PROJECT MANAGER

Results-driven Business Analyst and Project Manager with 6+ years of commercial experience delivering strategic solutions across diverse industries. Combines strong technical acumen with exceptional communication and organizational capabilities to drive business objectives and achieve organizational goals.

## CORE COMPETENCIES

Business Analysis & Requirements Management | Project Management & Delivery | ERP/CRM Systems Implementation | Cross-functional Team Leadership | Stakeholder Communication & Engagement | Process Optimization & Strategic Planning

## PROFESSIONAL EXPERIENCE

**ERP/CRM Systems** | 5 years
Implemented and optimized enterprise resource planning and customer relationship management platforms

**Retail** | 6 years
Developed business solutions and managed initiatives within retail operations

**IT Outsourcing** | 2+ years
Delivered technology solutions and managed client relationships in outsourcing environments

**Project Management** | 2 years
Led cross-functional projects from initiation through delivery, ensuring on-time and on-budget completion

**Healthcare** | 2 years
Analyzed and improved business processes in healthcare settings

**Sales & Marketing** | 2 years
Supported revenue-generating activities through analytical insights and project coordination

## KEY STRENGTHS

- Proactive problem-solver with disciplined approach to project execution
- Technical proficiency combined with business acumen
- Strong communicator skilled in translating complex requirements
- Goal-oriented professional focused on measurable results"
12466,"# PROFESSIONAL SUMMARY

Results-driven analyst specializing in data analysis, business process optimization, and project management. Proven track record in public procurement analysis, business intelligence implementation, and stakeholder management. Multilingual communicator with advanced technical expertise.

# CORE COMPETENCIES

**Analytical & Technical**
- Complex problem analysis and solution development
- Statistical analysis and data interpretation
- Business process optimization and modeling
- Advanced Excel, PowerPoint, and Microsoft Office Suite
- Business Intelligence platforms: QlikView and QlikSense
- Data trend identification and pattern analysis

**Professional**
- Project management and multi-engagement coordination
- Technical documentation development
- Research methodology and analytical reporting
- Negotiation and conflict resolution
- Presentation and public speaking
- Independent and collaborative work styles

**Languages**
- Ukrainian (Native)
- English (Fluent)
- Russian (Fluent)
- German (Basic)

# PROFESSIONAL EXPERIENCE

**Public Procurement & Business Intelligence Analysis**
- Leveraged QlikView and QlikSense to analyze public procurement procedures across Ukraine
- Monitored e-procurement system ProZorro for IT product company, ensuring compliance and conducting investigations
- Delivered trend analysis and reporting on public procurement procedures for government institutions
- Contributed to development of e-procurement risk indicators system
- Developed terms of reference and technical specifications for e-procurement system aligned with Open Contracting Data Standard
- Presented as BI expert at public events, conferences, and lectures
- Managed relationships with diverse stakeholders including BI users, procurers, suppliers, controllers, and clients
- Executed catalogue searches, information gathering, and data processing

**Strategic Analysis & Consulting**
- Produced comprehensive analytical reports through research and data analysis
- Conducted functional and effectiveness analysis across business operations
- Analyzed best practices and international experience of central purchasing bodies
- Developed strategic proposals for Ukraine's Central Purchasing Body
- Identified, analyzed, and interpreted data trends and patterns
- Documented and optimized business processes

**Technical Documentation & Data Management**
- Authored terms of reference and technical requirements for projects
- Created specifications for construction and equipment procurement
- Designed and implemented data processing systems
- Executed data verification and compilation procedures"
12467,"**PROFESSIONAL SUMMARY**

Business Analyst with cross-functional expertise spanning pre-sales and delivery. Combines FMCG marketing analytics background with IT project execution, leveraging strong business acumen and client-focused methodology. Delivers comprehensive Business Analyst functions while managing Project Manager responsibilities.

**CORE COMPETENCIES**

• Software Requirements Specifications (Use Cases, UML)
• Backlog Management (User Stories, Acceptance Criteria)
• User Experience Design
• Agile & Scrum Methodologies
• Pre-Sales & Delivery Operations
• Cross-Functional Collaboration
• Client Relationship Management

**TECHNICAL SKILLS**

• MySQL
• HTML
• CSS

**PROFESSIONAL EXPERIENCE**

**Business Analyst**

• Author Software Requirements Specifications incorporating use cases and UML diagrams
• Lead backlog creation and management, defining user stories and acceptance criteria
• Drive pre-sales initiatives and oversee delivery phase execution
• Execute Project Manager responsibilities alongside core Business Analyst functions
• Implement UX principles within Agile frameworks

**Marketing Analyst / Marketing Coordinator**
FMCG Sector

• Built client-oriented methodologies and deep business understanding
• Strengthened analytical capabilities and cross-functional coordination expertise

**CERTIFICATIONS**

Agile Certified Professional (IC Agile)

**CAREER OBJECTIVES**

Seeking opportunities featuring dynamic projects within fast-paced, evolving environments."
12468,"**BUSINESS ANALYST & PROJECT MANAGER**

Results-driven Business Analyst and Project Manager with three years of experience delivering projects in the Healthcare domain. Adept at rapidly mastering technical details, leveraging professional expertise to achieve project objectives, and providing comprehensive support across all execution stages.

**CORE COMPETENCIES**

Business Analysis & Project Management | Healthcare Domain Expertise | Business Intelligence Tools | Technical Analysis & Problem-Solving | Team Leadership & Collaboration | Conflict Resolution | Soft Skills Training & Facilitation | Team Motivation & Development

**PROFESSIONAL SUMMARY**

Dynamic professional integrating technical proficiency with exceptional interpersonal capabilities. Demonstrated success analyzing complex project requirements, managing stakeholder expectations, and driving projects to successful completion. Background as a soft skills trainer brings unique strengths in cultivating productive, high-energy team environments and resolving conflicts effectively."
12469,"# PROFESSIONAL EXPERIENCE

## Translator & Proofreader
*Healthcare & Pharmaceutical Industry*

Delivered precise translations and proofreading services for reports, presentations, and digital content in English for premier healthcare and pharmaceutical organizations, including Novo Nordisk, Bayer, Parexel, and EURORDIS. Ensured accuracy and cultural relevance across all materials to support effective global communication.

## English Language Instructor
*Online Education*

Facilitated engaging English language instruction through the Zoom platform, leveraging diverse online resources and Google tools to enhance the learning experience. Designed customized educational plans tailored to individual student needs while conducting comprehensive assessments to track progress and optimize outcomes."
12470,"**Product Strategy & User Research Professional**

Strategic partner to startup founders and established product teams, driving product success through rigorous validation, deep user research, and design leadership. Core competencies span product idea validation, user research execution, product strategy development, and design team management across multiple ventures.

---

**Seeking Opportunity**

Multi-platform product environment where I can apply and advance my business analysis expertise on challenging projects.

---

**Core Competencies**

- Product Idea Validation
- User Research Execution
- Product Strategy Development
- Design Team Management
- Cross-Functional Collaboration
- Startup & Enterprise Environments"
12471,"# PROFESSIONAL SUMMARY

Results-driven IT Project Manager and Business Analyst with 7+ years of experience delivering successful digital solutions across diverse industries. Proven track record leading teams of up to 15 members, launching 9 new internet projects, and enhancing 22+ existing platforms. Expert in stakeholder management, strategic planning, and workflow optimization that eliminates overtime while maintaining quality standards. Experience spans startups (5–10 employees) to enterprise organizations (8,000+ employees, 800+ IT staff) with international operations.

# CORE COMPETENCIES

**Project & Program Management:** Agile | SCRUM | Kanban | Strategic Planning | Timeline Management | Budget Negotiation | Stakeholder Relations

**Business Analysis:** User Stories | Process Design | Requirements Gathering | Quality Assurance | Usability Testing

**Technical Proficiency:** Jira | Confluence | Asana | CRM | ERP | BPMN | Power BI | HTML/CSS | CMS (WordPress, Drupal)

**Digital & Analytics:** SEO | Email Marketing | Google Analytics | Hotjar | VCC

**Design Tools:** Adobe Photoshop | Adobe Illustrator | Adobe InDesign

**Communication:** Client Negotiations | Business Correspondence | Commercial Proposals | Event Management | Public Speaking

# PROFESSIONAL EXPERIENCE

**IT Project Manager / Business Analyst**

- Led cross-functional teams of up to 15 members across in-house and remote environments
- Delivered 9 new internet projects from conception to launch while enhancing 22+ existing platforms
- Designed and optimized processes aligned with client pipelines and business objectives
- Cultivated team environment that eliminated overtime through strategic work organization
- Managed concurrent portfolios of 3–10 projects simultaneously in digital agency settings
- Navigated complex budget and deadline negotiations while maintaining strong client relationships
- Executed end-to-end project activities: stakeholder negotiations, business correspondence, commercial proposals, task acceptance, and testing
- Coordinated multidisciplinary teams of developers, designers, copywriters, and advertising specialists
- Conducted usability testing and quality assurance to ensure optimal user experience
- Created designs for individual blocks and pages as required

# INDUSTRY EXPERTISE

Education | Educational Tourism | Medical Tourism | Sailing & Tourism | Entertainment/Showbiz | E-commerce | Fintech

# MARKET EXPERIENCE

**Business Models:** B2C | B2B

**Geographic Markets:** Ukraine | Arab Countries | China | United Kingdom | United States

# WORK PREFERENCES

Open to full-time or part-time opportunities | Office-based or remote | Results-focused"
12472,"# Professional Summary

Results-driven Business Analyst and Project Manager with 9 years of entrepreneurial experience founding and scaling a web studio. Demonstrated expertise leading cross-functional teams of 5–20 professionals while simultaneously executing project management, business analysis, sales, and development functions. Successfully delivered complex digital solutions including e-commerce platforms, B2B web applications, billing systems, and cryptocurrency exchanges.

# Professional Experience

**Founder & Manager | Web Studio**
*9 years*

- Founded and scaled web studio from inception, directing all business development, operations, and project delivery functions
- Built and led cross-functional teams of 5–20 employees spanning multiple technical and business disciplines
- Executed concurrent leadership roles: Project Manager, Business Analyst, Sales Manager, and Developer
- Delivered end-to-end complex digital solutions including e-commerce platforms, B2B web applications, enterprise billing systems, and cryptocurrency exchanges
- Established quality assurance processes through systematic manual testing protocols
- Defined product vision, developed strategic roadmaps, and managed full product lifecycle
- Translated business requirements into actionable mockups and comprehensive user stories for development teams
- Implemented Agile and Scrum frameworks to streamline workflows and optimize project delivery

# Skills

**Project & Product Management:** Project Management, Product Management, Product Roadmap Development, Scrum, Agile Methodologies

**Business Analysis:** Requirements Gathering, User Stories, Analytics, B2B Solutions

**Tools & Platforms:** Jira, Trello, Mockup Tools

**Technical:** HTML, PHP, MySQL, Manual Testing, QA

**Additional:** Marketing, UX/UI, Sales, Team Leadership

# Career Objective

Seeking a Business Analyst or Project Manager position with a large IT company."
12473,"**PROFESSIONAL SUMMARY**

Results-driven Business Analyst and Project Manager with 6+ years of experience delivering 50+ projects across diverse business environments. Proven track record leading cross-functional teams of 2-7 members and managing budgets up to $250,000. Expertise in Agile and Waterfall methodologies with hands-on Product Owner experience in IT startup settings.

**CORE COMPETENCIES**

**Project & Process Management**
• Agile Frameworks: Scrum, Kanban
• Traditional Methodologies: Waterfall
• Lean Management Principles
• BPMN Process Modeling & Optimization
• Cross-Functional Team Leadership
• Budget Planning & Control

**Technical Proficiencies**
• Project Management: Jira, Asana, Trello
• Business Analysis: MS Visio, BPMN
• Collaboration: Zoom, MS Teams, Google Meet
• Data & Documentation: Google Docs, Excel, SQL
• Programming Fundamentals: Java

**Leadership & Analytical Strengths**
• Strategic Planning & Execution
• Complex Problem-Solving
• Business Process Systematization
• Stakeholder Communication
• Proactive, Goal-Oriented Approach

**LANGUAGE PROFICIENCY**

English — B1 Upper-Intermediate

**CAREER OBJECTIVE**

Seeking to leverage extensive project management expertise and analytical capabilities within a values-driven organization committed to meaningful business outcomes and professional development."
12474,"**PROFESSIONAL EXPERIENCE**

**Teacher**
Quality Assurance Group
November 2019 – February 2020

Delivered comprehensive instruction in Software Testing curriculum, including Quality Assurance fundamentals and Business Analysis principles.

**Business Analyst**
QArtrock
September 2019 – February 2020

**Corporate Website | Turkish International Trading Company**
Led full business analysis lifecycle for official company website, encompassing project definition, requirements elicitation, concept creation, system modeling, requirements analysis, and documentation.

**E-Commerce Platform | Electronics Retailer**
Conducted end-to-end business analysis for online trading platform, including project scoping, stakeholder requirements gathering, system modeling, and comprehensive requirements documentation.

**QA Trainee**
Quality Assurance Group
May 2019 – August 2019

**Pharmacy Management System**
Executed full QA cycle for web-based pharmacy management application, including requirements analysis, test design, test case development and execution, and defect reporting.

**Online Education Platform**
Performed specialized testing including performance testing using JMeter, database validation in MySQL, and API testing via Postman.

**Construction Online Store**
Managed comprehensive QA deliverables: test planning, test design, test case creation and execution, defect documentation, and test summary reporting.

**Scientific Consultant**
October 2011 – April 2019

Delivered diagnostic, analytical, and strategic support for scientific project development and implementation. Key focus areas included integration of innovative technologies within educational systems and psychological frameworks supporting innovation initiatives."
12475,"**PROFESSIONAL SUMMARY**

Project and Business Analyst with over 3 years of experience spanning jewelry, eco-friendly paper packaging production, and the beauty industry. Demonstrated success in end-to-end project management and implementation. Expertise in building and leading remote teams of 5–7 professionals, developing technical specifications, managing client relationships, and delivering ongoing customer support. Strong capabilities in task decomposition and project structure development.

**PROFESSIONAL EXPERIENCE**

**Business Analyst**
IWIS LLC | October 2020 – January 2021

**Project Manager**
LLC «Politara» | March 2019 – December 2019

**Lead Analyst**
ITek | 2016 – 2018

**Implementation Specialist & System Administrator**
LLC «Sky» | 2013 – 2015
Led implementation of accounting systems for production and trading processes.

**EDMS Analyst**
SC «Zovnishtorhvydav» | 2012 – 2013

**System Administrator**
PrJSC «UkrSRINDT» | 2011 – 2012

**System Administrator**
LLC «PIPING INTEGRATION COMPANY» | 2010 – 2011

**PROFESSIONAL SKILLS**

- ERP Implementation & Project Management
- Requirements Gathering & Technical Documentation
- User Acceptance Testing & Reporting
- Technical Specification Development & Task Definition
- Conflict Resolution
- 1C Platform Expertise (7.7, 8.2, 8.3): Development, Testing & Configuration
- Proficiency in UPP, UTP, UNF, Retail, and Production Configurations
- User Training & Technical Support
- User Manual Development
- Server Administration (MS Server 2008, 2012; Unix Systems)
- MS SQL Database Administration
- Virtual Environment Administration (VMware, VirtualBox)

**EDUCATION**

**Specialist Degree** | Theoretical and Applied Mechanics
Taras Shevchenko National University of Kyiv | 2006 – 2011

**Master's Degree** | Common Law
Institute of Postgraduate Education | 2014 – 2017

**CERTIFICATIONS**

MindsetPM
- Big IT Project Management Program | July 2019 | Certificate №PM-EDU-20190728-03
- Manipulations Practice and Defence | August 2019 | Certificate №PM-EDU-20190804-07

**PROFESSIONAL OBJECTIVE**

Seeking an opportunity to contribute knowledge and expertise as a dedicated team member. Capable of managing complex assignments effectively, with confidence to work independently or collaboratively. Committed to approaching each new goal as a personal challenge."
12476,"# Professional Summary

Results-driven data professional with eight years of ICT sector experience spanning business analysis, project management, and business intelligence. Proven track record of leading data-driven initiatives, managing cross-functional teams, and delivering actionable insights. Currently expanding expertise in data science through comprehensive training in Python, machine learning, SQL, R, deep learning, and NLP.

# Professional Experience

**Business Intelligence Manager**
Helind Company

- Delivered data analysis and visualization solutions to enhance strategic decision-making for a renewable energy and alternative energy electronics manufacturing company
- Applied business intelligence expertise to support data-driven strategic initiatives across the organization

**Project Manager**
Business Insights International Research Group

- Led cross-functional teams in evaluating individual and branch KPIs for insurance sector client
- Partnered with stakeholders to define project scope, needs, and requirements
- Directed data collection, data entry, and data preprocessing teams through complete project lifecycle
- Synthesized findings and delivered actionable insights to client leadership

**Business Analyst**
Sumaks Technologies

- Conducted business needs analysis and identified process improvement opportunities for hardware development startup
- Built foundational expertise in business analysis methodologies and requirements gathering

# Technical Skills

**Programming Languages:** Python, SQL, R
**Data Science:** Machine learning models, preprocessing methods, deep learning algorithms, NLP
**Business Intelligence:** Data analysis, data visualization, reporting
**Project Management:** Team leadership, stakeholder management, KPI evaluation

# Education & Training

Data Science with Python
SQL for Data Science

# Industries of Interest

Healthcare | Energy | Manufacturing | Marketing | Fintech | Retail

# Work Preferences

Remote positions only"
12477,"# PROFESSIONAL SUMMARY

Product Manager with expertise in feature development, roadmap planning, and cross-functional team leadership. Proven ability to drive product strategy from concept to launch using multiple project management methodologies. Skilled in translating user research into actionable product decisions while managing diverse stakeholder expectations.

# CORE COMPETENCIES

**Product Strategy & Development**
- Product Roadmap Development & MVP Definition
- Specification & Feature Breakdown Structure
- User Stories & Change Request Management
- Risk Matrix & SWOT Analysis
- Sprint Release Planning

**Project Management Methodologies**
- Scrum, Kanban, Waterfall, LEAN, RAD
- Sprint Planning & Retrospectives
- Communication Planning & Daily Standups

**Technical Proficiency**
- REST API & Postman
- Relational Databases & SQL
- Microsoft SQL Server Management Studio
- Python

**Platforms & Integrations**
- E-commerce: Magento, OpenCart
- CMS: WordPress, BPMonline
- Payment Systems: WayForPay, Bitcoin

**Design & Prototyping**
- Mobile UI/UX: Android & iOS Guidelines
- Prototyping Tools: Axure, NinjaMock

**Analytics & Data Visualization**
- Excel (Pivot Tables, Statistical Analysis)
- QlikView & QlikSense
- Google Analytics
- Kibana

**Tools**
- Jira, Asana, Redmine, Bitrix24, Trello

**User Research**
- Brainstorming & Focus Groups
- User Interviews

**Leadership & Communication**
- Cross-Functional Team Facilitation
- Conflict Resolution & Problem Solving
- Public Speaking & Presentation
- B2B Negotiations

# CAREER INTERESTS

**Focus Areas**: Big Data, Artificial Intelligence, Augmented/Virtual Reality, Gaming

**Ideal Role**: Complex products requiring emerging technologies and innovative solutions

**Culture Fit**: People-oriented, progressive organizations that value initiative, team development, and passionate execution"
12478,"# Professional Summary

Results-driven project manager with proven expertise in enterprise software delivery and process optimization. Delivered Samsung mobile firmware to production factories and implemented end-to-end internal processes from development through sales management. Skilled in UX prototyping and agile methodologies.

# Core Competencies

**Project Management:** Agile, Scrum, Kanban, Project Planning, Budget Planning

**Product Development:** Requirements Analysis, Use Cases, Wireframes, Prototyping, UX Design

**Tools & Platforms:** Jira, Trello, Axure, MS Project

# Key Achievements

- Delivered Samsung mobile firmware to manufacturing facilities, ensuring production readiness
- Designed and implemented company-wide processes and workflows spanning development and sales management functions
- Created preliminary UX designs and prototypes to support product development

# Career Objectives

Seeking challenging opportunities in international or enterprise-level projects to leverage comprehensive experience in driving successful product launches and delivering exceptional results. Open to startup environments."
12479,"• Analyzed and documented business processes, identifying improvement opportunities and driving operational efficiencies

• Elicited customer needs and requirements through strategic stakeholder interviews and collaborative working sessions

• Developed comprehensive technical documentation including User Stories, Use Cases, and Software Requirements Specifications (SRS)

• Managed end-to-end requirements throughout the complete Software Development Life Cycle (SDLC)

• Led cross-functional teams by providing guidance, instruction, and mentoring while establishing effective processes

• Directed projects and coordinated teams to drive process improvements and ensure successful delivery outcomes"
12480,"**Customer Success Project Manager & Business Analyst**
Revenue Grid
2023–Present

**Presale Business Analyst**
Soft-Industry Alliance
2022–2023

• Led elicitation sessions and delivered comprehensive project documentation
• Collaborated with solutions architect to develop compelling proposals, solutions overviews, and value propositions
• Designed, tested, and implemented processes and tools for Partner Success Management team utilizing BPMN methodology
• Conducted comprehensive audit of company business processes to identify optimization opportunities
• Established organization-wide OKR/KPI framework with smart goal setting and real-time performance management using Excel-based team screens and dashboards

**Revenue Operations Analyst (PMBA)**
OpenText Corporation, Waterloo, Canada
2021–2022

• Drove development of CRM and ERP features while providing data-driven support for system changes
• Defined project scope and gathered functional and non-functional requirements
• Authored user stories leveraging Agile methodologies including Scrum, Waterfall, and Kanban
• Managed Salesforce releases utilizing CI/CD deployment practices
• Partnered with internal stakeholders to troubleshoot and resolve user issues in Salesforce and SAP environments
• Executed regression testing in ALM and developed comprehensive test cases
• Created and maintained customer reports and executive dashboards for ELT

**Billing Coordinator (Operations Management)**
OpenText Corporation, Waterloo, Canada
2018–2021

• Supported sales team by evaluating legal, financial, product, and pricing components of deals submitted through Salesforce
• Ensured accurate fulfillment of each transaction in SAP ERP through cross-functional collaboration with Fulfillment, Customer Support, and Renewals teams
• Configured, maintained, and audited Changepoint engagements and projects
• Delivered data solutions including reports and data sets to support sales organization
• Drove continuous process improvement initiatives as member of Streamline Process Committee
• Provided SAP ERP support to finance organization as member of SAP Tier 1 group
• Contributed to finance reconciliation projects and audit activities
• Participated in strategic pricing discussions
• Executed testing activities in ALM (Application Lifecycle Management)
• Authored Standard Operating Procedures for corporate processes across multiple lines of business
• Mentored junior team members through buddy program and facilitated global training programs

**Customer Records & Entitlements Associate**
Nuance Communications Inc. (Imaging), Waterloo, Canada
2017

**Order Fulfillment Clerk**
Canadian General Tower, Cambridge, Canada
2016"
12481,"# Jane Gurovich

## Professional Summary
Results-driven Business Analyst with expertise in requirements analysis, product management, and cross-functional team leadership. Skilled at bridging technical and business stakeholders to drive product delivery and quality outcomes. Adept at managing product lifecycles using Agile methodologies, with hands-on technical proficiency in development tools and systems.

## Core Competencies
- Requirements Collection & Analysis
- Product Management & Delivery
- Stakeholder Negotiations & Alignment
- Functional Testing & Quality Assurance
- Product Support Implementation (Level 1 & 2)
- Cross-Functional Team Coordination
- Agile Methodologies (Scrum)
- Product Presentations & Training
- Technical Documentation

## Technical Skills
**Project Management:** JIRA, Confluence  
**Development Technologies:** SQL, HTML, CSS, XML  
**Systems:** UNIX-like environments

## Professional Experience

### Business Analyst

- Translated customer requirements into formalized specifications, enabling development teams to deliver aligned solutions
- Negotiated product delivery terms with stakeholders, balancing business needs and technical constraints
- Executed comprehensive functional testing to validate product quality prior to release
- Designed and implemented product support procedures for streamlined issue resolution
- Led product presentations and awareness sessions to drive stakeholder engagement
- Delivered first and second level product support, ensuring timely resolution of user issues
- Coordinated small and medium-sized development and QA teams to meet project milestones
- Applied Agile (Scrum) practices, leveraging JIRA and Confluence to manage workflows and documentation"
12482,"# PROFESSIONAL SUMMARY

QC Engineer with 6 years of experience in quality assurance, business analysis, and team leadership. Proven track record managing customizations of employee management and timekeeping systems. Seeking to leverage analytical and project management expertise in a new role focused on business analysis or project management.

# PROFESSIONAL EXPERIENCE

**QA Leader & QC Engineer**
*6 years*

## Leadership & Team Management (1.5 years)
- Led cross-functional QA team of 3-4 members, coordinating daily priorities across 2-4 concurrent customization projects
- Drove team engagement on employee management and timekeeping system customizations, ensuring consistent delivery standards

## Business Analysis
- Conducted comprehensive functional requirements analysis to align technical solutions with business objectives
- Facilitated stakeholder requirement clarification through multi-channel communication including Skype, phone meetings, and email
- Prepared customer proposals translating business expectations into actionable project scopes
- Identified, defined, and mitigated product and project risks throughout delivery lifecycle
- Developed user guides and technical documentation to support implementation and adoption

## Project Delivery
- Successfully delivered 40-45 customizations for employee management and timekeeping systems across project timelines of 2 weeks to 4 months
- Coordinated customization teams of 1-4 members from requirements gathering through development implementation
- Analyzed customer requests to ensure alignment between business needs and delivered solutions

## Technical Scope
Multi-module system expertise spanning scheduling, timekeeping, vacation and leave management, salary and payments processing, personal data management, and analytics.

# SKILLS

Quality Assurance & Testing | Business Analysis | Requirements Analysis | Team Leadership | Risk Assessment | Stakeholder Communication | Project Coordination | Documentation & User Guides | Employee Management Systems"
12483,"# BUSINESS ANALYST

## PROFESSIONAL SUMMARY

IT professional with over 10 years of experience in business analysis, software maintenance and support, and project management. Demonstrated expertise in requirements gathering, stakeholder communication, system migrations and integrations, and cross-functional team coordination. Strong business acumen focused on delivering value through analytical thinking, incident and problem management, and results-driven execution. Extensive background across Ecommerce, Logistics, and Finance sectors, including over 9 years in banking.

## CORE COMPETENCIES

**Business Analysis & Documentation**
Requirements analysis and documentation (PRD, SRS, API specifications, A/B testing specifications) | User stories and use cases | Process modeling (BPMN, UML diagrams) | Data analysis | Competitive analysis

**Technical Skills**
SQL (MS SQL Server, Sybase SQL Anywhere) | Atlassian Jira & Confluence | Visio | Balsamiq | Firebase | XML | JSON | MS Office

**Methodologies & Frameworks**
SDLC | Agile | Scrum | Waterfall | Incident and problem management

**Key Strengths**
Stakeholder communication | Business-to-technical translation | Project coordination | System migrations and integrations | Team motivation | Self-directed collaboration

## PROFESSIONAL EXPERIENCE

**Business Analyst** | Epicentr M
*October 2020 – Present*

**Business Analyst** | Scallium
*December 2019 – October 2020*

**Business Analyst** | NullGravity
*September 2018 – December 2019*

**Business Analyst** | Coreteca
*August 2017 – September 2018*

- Engaged stakeholders to understand, gather, and analyze business requirements
- Conducted competitive analysis to identify opportunities for product enhancement
- Designed process diagrams (BPMN, UML) to document business processes and future functionality logic
- Translated business requirements into actionable technical specifications for development teams
- Authored comprehensive software documentation including specifications, user stories, use cases, API specifications, product metrics specifications, A/B testing specifications, and procedural guidelines
- Established specification templates to standardize documentation processes across projects
- Participated in daily scrum meetings, sprint planning, and retrospectives
- Served as primary liaison between business stakeholders and technical teams

**Senior Software Analyst (Project Manager)** | OJS Company ""Universal Bank""
*June 2013 – August 2017*

**Senior Engineer** | Intesa Sanpaolo Group Ukraine (Pravex Bank)
*July 2011 – May 2013*

**System Administrator** | BMS SERVICE
*February 2011 – July 2011*

**Lead Software Engineer** | Prominvestbank
*September 2007 – December 2010*

**Engineer - Programmer** | Nikolaev Petroleum
*May 2007 – August 2007*

**Engineer** | Information Technology. Services & Solutions
*November 2006 – May 2007*"
12484,"**PROFESSIONAL EXPERIENCE**

**Business Analysis & Requirements Gathering**
- Gathered requirements for project initiation in public health and monitoring & evaluation domains
- Studied and analyzed business processes at Synergy International Systems and IDeA Foundation, delivering actionable recommendations for improvement

**Project Management**
- Prepared comprehensive project plans using MS Project, including risk management plans, communication plans, and budgets for multiple projects
- Served as focal point for project status reporting

**Technology & Collaboration**
- Collaborated with IT Specialists to design and implement two internal portals using MS SharePoint, both achieving widespread organizational adoption"
12485,"# PROFESSIONAL SUMMARY

Results-driven professional with 12+ years of experience spanning Project Management, Business Analysis, Marketing Analysis, and Business Process Analysis. Proven expertise in project management, business requirements analysis, and business process optimization. Graduate with honors in Management and Project Management. Seeking to leverage comprehensive analytical and project management experience in IT.

# CORE COMPETENCIES

**Project Management & Business Analysis**
- 7+ years specialized experience as Business Analyst
- SMART task planning and methodology
- Customer business requirements determination and optimal solution development
- Requirements change management
- Business process analysis and optimization

**Documentation & Technical Writing**
- Technical project documentation and concept creation
- Use Cases, Business Rules, Functional and Non-Functional Specifications
- Automated control systems implementation

**Quality Assurance**
- QA Manual certified
- Test plan and test case creation
- Test design and execution
- Bug report compilation

**Professional Skills**
- Cross-functional stakeholder management
- Client relations and negotiation
- Communication across technical and business teams

# TECHNICAL SKILLS

Jira | SQL (basic) | HTML/CSS (basic) | 1C | Microsoft Office Suite (Word, Excel, Outlook, PowerPoint)

# EXPERIENCE HIGHLIGHTS

- 12+ years in project management and business analysis roles
- 7+ years dedicated Business Analyst experience
- Led automated control systems implementation initiatives
- Managed cross-functional stakeholder relationships and client engagements

# EDUCATION

**Management and Project Management** — Graduated with Honors

**QA Manual Certification**"
12486,"# Professional Summary

Results-driven professional with over 9 years of experience implementing IT and transformation projects across retail, mining engineering, energy, and government sectors. Demonstrated expertise in process modeling and analysis, stakeholder interviews and workshop facilitation, and requirements documentation through use cases and user stories. Adept at building productive stakeholder relationships through strong leadership and influencing capabilities.

# Career Objective

Seeking a Business Analyst or Project Manager position with an organization whose service or product delivers meaningful benefits—whether significant impact for targeted groups or valuable improvements for large populations. Drawn to opportunities involving innovative problem-solving approaches and cutting-edge technologies.

# Core Competencies

**Project Delivery:** IT & Transformation Project Implementation | Cross-Industry Experience

**Analysis & Documentation:** Process Modeling & Analysis | Requirements Documentation (Use Cases & User Stories)

**Stakeholder Relations:** Interviews & Workshop Facilitation | Engagement & Management | Leadership & Influence

# Professional Experience

**IT & Transformation Project Delivery** | Retail, Mining Engineering, Energy, Government Sectors | 9+ Years

- Delivered IT and transformation projects across retail, mining engineering, and energy industries
- Supported government reform programs, including auctions for state property sales
- Conducted stakeholder interviews and facilitated workshops to gather and validate requirements
- Created process models and documented requirements using use cases and user stories
- Engaged and managed stakeholders across multiple organizational levels"
12487,"# PROFESSIONAL SUMMARY

Results-driven Business Analyst and Project Manager with expertise in online platform development for satellite imagery analysis in international markets. Combines 8 years of engineering leadership in spacecraft design with proven capabilities in requirements management, product analysis, and market research.

---

# PROFESSIONAL EXPERIENCE

**Business Analyst & Project Manager**
Product Company

- Led development of online platform for satellite imagery analysis targeting international markets
- Elicited, analyzed, and designed detailed requirements translating business needs into technical specifications
- Developed comprehensive use cases, user stories, and acceptance criteria
- Managed requirements lifecycle including SRS documentation and backlog tracking
- Defined story task descriptions to guide development execution
- Conducted product analysis identifying strengths and improvement opportunities
- Performed market research and competitor analysis to inform product strategy
- Maintained and enhanced product documentation

**Head of Group**
Spacecraft Design

- Led engineering team for 8 years in spacecraft design
- Contributed to development and promotion of promising projects

---

# CORE COMPETENCIES

Requirements Elicitation & Analysis | Use Case & User Story Development | SRS Documentation | Backlog Management | Product Analysis | Market Research | Competitor Analysis | Project Management | Stakeholder Management | International Markets

---

# CAREER OBJECTIVE

Seeking a Business Analyst position within a progressive team offering opportunities for professional and personal growth."
12488,"# Senior Business Analyst

**Location:** Texas, USA | **Work Preference:** Remote with travel flexibility across USA and Canada

## Professional Summary

Senior Business Analyst with over 10 years in IT, including 7+ years specializing in B2C software development for websites and iOS/Android applications. Demonstrated success launching products from concept to deployment, validating business ideas through customer research, and optimizing processes to create new revenue streams. Skilled in requirements gathering methodologies with experience delivering measurable business impact.

## Key Achievements

• Launched web application for IT career planning from concept through deployment

• Validated dozens of business ideas using customer interview methodologies

• Delivered millions of dollars in savings for a FinTech startup through strategic analysis

• Optimized internal processes for a B2C company, creating a new revenue stream through process improvement initiatives

## Core Competencies

**Business Analysis:** Requirements Gathering Methodologies | Customer Interviews & Research | Process Optimization

**Technical Domains:** B2C Software Development | Web Applications | iOS/Android Development

**Strategic Impact:** Product Launch & Validation | Revenue Generation | FinTech Industry Experience"
12489,"# SENIOR BUSINESS CONSULTANT

**EY, Ukraine**

Results-driven business consultant with 4 years of experience delivering business process optimization, financial analysis, and operational excellence. Demonstrated expertise in strategic planning, data analytics, and cross-functional team leadership.

## CORE COMPETENCIES

**Business Process Optimization**
- Business process modeling utilizing EPC and BPMN notations
- Proficient in MS Visio and ARIS

**Strategic Planning & Analysis**
- IT strategy development
- Organizational structure review and design
- KPI framework development

**Data Analytics & Reporting**
- Advanced data analysis and modeling
- Management reporting development
- Expert-level proficiency in MS Excel, MS Power Query, and MS Power BI

**Documentation & Delivery**
- Methodology and operational regulations development
- Presentation design in MS PowerPoint

**Leadership**
- Project management
- Cross-functional team leadership

## PROFESSIONAL ATTRIBUTES

Disciplined professional committed to operational excellence and delivering measurable business impact."
12490,"**PROFESSIONAL SUMMARY**

Results-oriented professional with solid experience in internal quality control, process standardization, and automation. Proven track record establishing processes following international company mergers, implementing business requirements across departments, and ensuring compliance with global standards and policies. Skilled in process description, as-is and to-be business process analysis, and report automation.

**CORE COMPETENCIES**

Internal Quality Control & Standards Implementation | Business Process Automation & Standardization | Post-Merger Process Integration | Business Requirements Analysis & Implementation | Software Development Lifecycle Understanding | UML & BPMN Business Process Modeling | Process Description & Documentation | Cross-Departmental Collaboration | Global Policy Compliance

**PROFESSIONAL EXPERIENCE**

**Project Lead – International Standards Implementation**
Craft Brewery, Prague

- Led implementation of global internal standards for craft brewery operations following international company merger
- Established compliant processes across the organization, ensuring adherence to company standards and global policies
- Translated business requirements into actionable departmental processes through cross-functional collaboration
- Designed and automated standardized reporting processes to improve operational efficiency

**EDUCATION & PROFESSIONAL DEVELOPMENT**

Business Analyst Certification – Hillel
Project Management Courses
Public Speaking Courses

**TECHNICAL SKILLS**

UML & BPMN Modeling | Business Process Analysis | Report Automation | Process Documentation"
12491,"**PROFESSIONAL SUMMARY**

Results-driven Business Analyst and Project Manager with 7+ years of experience delivering technology solutions across fintech, CRM/ERP, data processing, QA, and software development domains. Five-time award recipient, including recognition for successful Agile implementation across 3 teams at a Fortune 500 company.


**CORE COMPETENCIES**

Project Management & Business Analysis | CRM/ERP Implementation | Agile Methodologies (Scrum Certified) | Software Development Life Cycle (SDLC) | Technology Evaluation & Roadmap Development | Data Manipulation, Processing & Reporting | Quality Assurance & Testing Principles | Stakeholder Management


**TECHNICAL PROFICIENCIES**

**Methodologies:** Scrum, Agile, Waterfall, LeSS, Iterative
**Tools:** Jira, Confluence, Visio, Aha, Hygger


**PROFESSIONAL EXPERIENCE**

**Business Analyst / Project Manager** | Past Year
- Led end-to-end CRM/ERP project implementation from inception through deployment
- Managed full lifecycle sales application development and delivery

**Business Analyst / Project Manager** | Past 4 Years
- Spearheaded Agile transformation across 3 teams at Fortune 500 company
- Recognized with 5 professional awards for project excellence and innovation
- Delivered technology solutions across fintech, data processing, and enterprise software domains


**LANGUAGES**

English | Spanish


**PROFESSIONAL OBJECTIVES**

Seeking opportunities with a strong organizational reputation, challenging environment, and meaningful career development potential."
12492,"**PROFESSIONAL EXPERIENCE**

**Business Analyst/Project Manager**
WePlay Esports | July 2020 – Present
- Leading product development initiatives in the esports industry

**Associate Product Manager**
WePlay Esports | July 2020 – January 2021
- Contributing to product development processes

**Business Analyst Team Lead**
E-consulting | April 2020 – June 2020
- Overseeing CRM systems development team

**Business Analyst**
E-consulting | July 2019 – June 2020
CRM Systems Development
- Created comprehensive documentation including terms of reference, user manuals, and test cases
- Designed process flows using BPMN notation
- Developed system architecture diagrams using UML
- Authored user stories to capture requirements
- Created Entity Relationship Diagrams (ERD) for database design
- Conducted functional testing of developed features
- Provided technical consultation to development team during product implementation

**Advertising Manager**
Megogo | September 2017 – June 2019
OTT/VOD Video Service
- Configured and launched advertising campaigns
- Monitored and optimized campaign performance
- Forecasted inventory and volumes for upcoming campaigns
- Analyzed campaign metrics and effectiveness
- Prepared and delivered comprehensive performance reports

**Office Manager**
Megogo | December 2016 – August 2017
OTT/VOD Video Service

**SMM Manager**
Social Media Marketing Agency | February 2016 – December 2016
- Managed social media marketing initiatives for agency clients

**Mathematics and Physics Tutor**
2011 – 2016
- Provided individualized instruction in mathematics and physics"
12493,"# PROFESSIONAL SUMMARY

Results-driven Business Analyst with expertise in business model development, process analytics, and requirements documentation. Proven track record in business development, marketing, people management, and content management. Adept at leveraging SDLC methodologies to optimize business processes and deliver measurable outcomes.

# CORE COMPETENCIES

**Business & Strategic**
- Business Model Development
- Business Process Analytics
- Business Development & Marketing
- Content Management
- People Management & Education

**Technical & Analytical**
- SDLC Methodologies: Agile, Scrum, Kanban
- Business Process Modelling: BPMN, UML
- Requirements Documentation: SRS, Functional, Business & System Specifications
- Tools: Jira, Confluence

**Professional**
- Problem-Solving & Analytical Thinking
- Strong Communication Skills"
12494,"**PROFESSIONAL SUMMARY**

Results-driven IT professional with 3 years of progressive experience in technical support and business analysis. Demonstrated expertise in process optimization, cross-functional collaboration, and department establishment. Proven ability to analyze workflows, implement improvements, and create foundational documentation. Strong analytical and communication skills with excellence in written and spoken English.

**CORE COMPETENCIES**

Requirements Management | SDLC Methodologies | Process Analysis & Improvement | User Stories & Use Cases | Technical Support | BPMN & UML Diagrams | Vision & Scope Documentation | Risk Management | Roadmap Development | Cross-Department Communication | Documentation Creation | Stakeholder Engagement

**PROFESSIONAL EXPERIENCE**

**Current Position**

• Contributed to the establishment of a new department, developing processes and foundational documentation from inception
• Established cross-functional communication channels to support departmental operations
• Analyzed existing processes, identified improvement opportunities, and implemented enhancements to increase operational efficiency

**Technical Support**

• Provided technical support to international clients across multiple regions, maintaining high customer satisfaction
• Communicated effectively with stakeholders from diverse cultural backgrounds to resolve technical issues

**EDUCATION & PROFESSIONAL DEVELOPMENT**

**Business Analysis Training**

Software Development Life Cycle (SDLC) | Requirements Management | User Stories and Use Cases Creation | Product Roadmaps | Vision & Scope Documents | Risk Management | BPMN (Business Process Model and Notation) | UML Diagrams"
12495,"**BUSINESS ANALYST / PROJECT MANAGER**

**DOMAINS**

Pharmacy & Healthcare | E-Commerce | Marketing Automation | FMCG | Photography & Video Production | Social Networking | Sports Management

---

**PROFESSIONAL EXPERIENCE**

**Business Analyst / Project Manager**

**Electronic Prescriptions Mobile Application & Medical Information System (MIS) Web Service**

- Led comprehensive requirements elicitation through stakeholder interviews, document analysis, workshops, surveys, site visits, business process modeling, use cases, scenarios, and workflow analysis
- Facilitated cross-functional elicitation sessions with clients, system integrators, government representatives, physicians, and patients
- Executed market research including competitor analysis, target audience segmentation, competitive positioning, design system development, user personas, user flow mapping, and stakeholder expectation alignment for cost, volume, and timeline parameters
- Interpreted technical documentation for the eHealth IT system, translating complex requirements into actionable specifications for design and development teams
- Developed interactive prototypes for mobile and web product versions
- Managed contract drafting, invoicing, work breakdown structures, risk assessments, and project scheduling

**B2B Marketing Automation Website (beeway.com.ua) & Photo/Video Production Website (recartframe.com)**

- Directed end-to-end requirements gathering, stakeholder communication, and comprehensive market and competitor analysis
- Established competitive positioning, user personas, system design frameworks, and brand strategy
- Authored WordPress technical specifications and created mobile and web prototypes
- Oversaw contract administration, invoicing, project planning, timeline management, and risk mitigation strategies

---

**Junior Business Analyst / Sales Manager**

**Medical Messenger Mobile/Web Application**

- Performed market and competitor analysis, audience segmentation, hypothesis development and validation, and brainstorming facilitation; authored recommendations for promotional materials and web content
- Built physician and patient databases; led customer negotiations for products and module expansions; developed demand generation strategies for new services
- Created sales scripts, product roadmaps, and promotional videos; hosted webinars and delivered in-person presentations at outpatient and clinical facilities
- Represented the organization at MedExpo 2020, the All-Ukrainian specialized medical exhibition
- Provided cross-departmental support to design, development, QA, marketing, and customer support teams"
12496,"# PROFESSIONAL SUMMARY

Detail-oriented Business Analyst with project management and technical writing expertise. Proven track record across product and outsource company environments spanning financial, healthcare, travel, services, and video streaming domains. Dedicated to driving project success through meticulous attention to detail and effective stakeholder engagement.

# CORE COMPETENCIES

• Pre-sale Activities & Research
• Requirements Elicitation & Documentation
• SRS Development
• Technical Writing
• Stakeholder Communication
• Project Planning & Prioritization
• Project Supervision
• Training & Presentations
• Product Demonstrations

# PROFESSIONAL EXPERIENCE

**Business Analyst**

• Led pre-sale and research activities, contributing to project acquisition and strategic planning
• Elicited, analyzed, and documented requirements in comprehensive Software Requirements Specifications (SRS)
• Developed end-to-end documentation for end-users, customers, and developers, including requirements specifications, acceptance test plans, product descriptions, and vision and scope documents
• Delivered trainings, presentations, and product demonstrations to diverse audiences
• Managed full project lifecycles from inception, encompassing pre-sale activities, requirements gathering, planning, and prioritization
• Coordinated project activities while maintaining clear and consistent stakeholder communications
• Bridged communication gaps between technical and non-technical stakeholders through targeted documentation
• Applied domain expertise across financial, healthcare, travel, services, and video streaming industries"
12497,"**OBJECTIVE**

Seeking challenging opportunities with a product-focused company to leverage comprehensive project management, business analysis, and technical skills in developing exceptional software products.

---

**PROFESSIONAL EXPERIENCE**

**Project Manager**
US Product Company (Lead Generation)

• Manage end-to-end product roadmap creation, maintenance, and backlog prioritization
• Direct stakeholder communication, project reporting, and change request management with impact assessments
• Plan and coordinate Business Analysis, development, and QA phases across the full project lifecycle
• Facilitate agile ceremonies including daily stand-ups, grooming sessions, demos, and retrospectives
• Design and implement development processes, workflows, and risk mitigation strategies
• Provide technical and procedural support to developers, Business Analysts, and QA teams
• Oversee effort estimations and release management
• Contribute to performance reviews, newcomer onboarding, and BA candidate interviews
• Perform requirements elicitation, analysis, documentation review, and gap analysis

**Business Analyst**
Online Travel Agency

• Analyzed and verified business cases, eliciting requirements from business and technical stakeholders
• Conducted market and competitor analysis to inform solution design
• Transformed business requirements into actionable user stories, use cases, and development tasks
• Designed solutions, workflows, and logic aligned with business needs and market trends
• Developed wireframes and presented solutions to customers and cross-functional teams
• Managed product backlog with requirements tracing, impact analysis, and gap analysis
• Documented current state logic and functionality
• Facilitated planning sessions, grooming meetings, estimation sessions, and demos
• Supported UX designers, technical teams, UAT, and QA teams

**Data Analyst**
Media Agency

• Administered databases and ensured data integrity through custom SQL queries and functions
• Prepared analytical reports and dashboards to drive business insights
• Utilized specialized media software platforms

---

**PROFESSIONAL DEVELOPMENT**

• Software Product Management Specialization: Introduction to Software Product Management | Software Processes and Agile Practices | Agile Planning for Software Products | Client Needs and Software Requirements (Coursera)
• Design Thinking for Innovation (Coursera)
• How to Start a Startup (Stanford University, Prometheus)
• Google Analytics for Beginners (Google Analytics Academy)
• Advanced English Course (Green Forest)"
12498,"**PROFESSIONAL SUMMARY**

Business Analyst with cross-functional experience spanning system administration, project management, and trade marketing. Passionate about web and UI design. Committed to developing products that meet customer needs within budget and timeline constraints. Seeking opportunities with digital, product, or web agencies focused on delivering exceptional solutions.

**PROFESSIONAL EXPERIENCE**

**Business Analyst**
E-commerce Product Company | Current Position
- Drive implementation of new functionality from initial concept through delivery to end customers

**Project Manager**
IT Outsource Company | 1 Year
- Led team of 5 developers across CRM, e-commerce, and mobile application domains
- Managed up to 5 simultaneous projects, ensuring coordinated delivery across various domains

**Trade Marketing Manager**
Distribution Company | 1 Year
- Managed performance of 3 trademarks across Ukraine
- Oversaw minor retail and Ukrainian TOP chain partnerships

**Commercial System Analyst**
Distribution Company | 1 Year
- Supported systems for field forces across 3 markets serving more than 500 users
- Earned Recognition of Excellence Award

**Administrator of Application for Retail Partners**
Distribution Company | 1 Year
- Promoted to Commercial System Analyst based on performance

**EDUCATION**

Master's Degree in Management of International Business and English Translation

**PROFESSIONAL DEVELOPMENT**

- Business Analysis Fundamentals | Web Academy
- Product Management Internship | Tonti Laguna Mobile
- Project Management Basics | Web Academy
- IT Business Fundamentals | Genesis IT School (3-month program)
- Marketing for Mobile Apps | Wikr Group
- Web UI Development | Lviv IT School
- Web Design | Projector Design School"
12499,"# PROFESSIONAL SUMMARY

Results-driven IT Project Manager and Business Analyst with over 6 years of experience delivering successful project outcomes for clients and organizations. Proven expertise in analytical thinking, strategic planning, and leadership. Skilled at building strong relationships with business partners and stakeholders. Excel at working directly with clients to identify problems and needs, developing optimal technical solutions. Demonstrate superior interpersonal skills and facilitate clear, effective communication across teams. Experienced in researching and analyzing business processes and procedures to design and implement effective business solutions."
12500,"**PROFESSIONAL SUMMARY**

Results-driven Junior Project Manager/Business Analyst with 6 years of experience in the construction industry. Demonstrated expertise in managing substantial volumes of information, performing comprehensive data analysis, and coordinating with diverse stakeholders. Consistent record of maintaining strict deadline control and delivering timely project completion through meticulous attention to detail and regulatory compliance.

---

**LICENSES & CERTIFICATIONS**

- Attorney License
- Project Management Certificate – IT-Cluster Academy
- Business Analysis Certificate – IT-Cluster Academy

---

**PROFESSIONAL EXPERIENCE**

**Registrar** | Construction Industry | 6 Years

- Managed substantial information volumes with exceptional accuracy, supporting seamless project operations
- Conducted comprehensive data analysis to inform decision-making and optimize workflows
- Enforced strict deadline control, consistently ensuring timely project completion
- Coordinated cross-functional communication among diverse stakeholders across multiple concurrent projects
- Applied regulatory expertise to maintain full compliance with construction industry requirements

---

**CORE COMPETENCIES**

**Project Management:** Deadline Control | Task Prioritization | Risk Identification & Mitigation | Stakeholder Coordination

**Business Analysis:** Data Analysis & Interpretation | Analytical Tools Application | Information Synthesis | Decision Support

**Industry Knowledge:** Construction Regulations & Compliance | Process Optimization | Problem Resolution

---

**PROFESSIONAL ATTRIBUTES**

- Exceptional organizational and time management abilities
- Strong communicator across all organizational levels
- Proactive, solution-oriented approach to challenges
- Unwavering commitment to accuracy and detail
- Adaptable to dynamic and innovative project environments"
12501,"# Professional Experience

**Head of Department**  
KB ""Yuzhnoe"", Dnipro  
1995 – Present

## Notable Achievement

Contributed to projects resulting in dozens of satellites successfully launched into Earth orbit.

## Key Responsibilities & Expertise

**Strategic Planning & Analysis**
- Economic project assessment and management utilizing NPV and IRR analysis
- Marketing research and analysis to drive business decisions
- Project audit and performance evaluation

**Quality & Compliance**
- Quality assurance management in accordance with ISO 9001 standards
- Certification oversight and regulatory compliance

**Leadership & Operations**
- Business management and operational oversight
- Human resources management and team development"
12502,"**PROFESSIONAL SUMMARY**

Results-driven professional with extensive project management expertise and a proven track record in business analysis and product ownership. Published author of 15+ scientific articles on business analysis, project management, project communication, and team management. Demonstrated success partnering with start-ups across e-commerce, healthcare, and finance sectors.

**CORE COMPETENCIES**

Project Management & Planning | Risk Management | Business Analysis | Product Ownership | Team Management | Project Communication | Stakeholder Engagement | Cross-functional Leadership

**INDUSTRY EXPERIENCE**

E-commerce | Healthcare | Finance

**PROFESSIONAL EXPERIENCE**

**Business Analyst & Product Owner**
Start-up Organizations

• Directed business analysis initiatives and product ownership responsibilities across multiple start-up environments
• Managed complex projects from inception through delivery, ensuring alignment with business objectives
• Developed and executed comprehensive risk management and project planning strategies
• Orchestrated communication across cross-functional teams and stakeholders to drive project success

**PUBLICATIONS**

Published author of 15+ scientific articles in professional journals:
• Business Analysis
• Project Management
• Project Communication
• Team Management

**PROFESSIONAL OBJECTIVES**

Seeking opportunities to leverage expertise in dynamic environments featuring challenging projects, innovative communication strategies, and unique business cases."
12503,"# BUSINESS ANALYST

## PROFESSIONAL TRAINING

**Business Analysis in IT**

Comprehensive training in business analysis methodologies and tools

**Requirements Management & Documentation**
• Identified, presented, and documented project requirements
• Developed Epics, User Stories, and Use Cases
• Created MVP specifications

**Stakeholder & Business Analysis**
• Conducted stakeholder analysis using Stakeholder Maps and Registers
• Performed competitive analysis
• Applied Business Model Canvas framework

**Process & Data Modeling**
• Designed UML diagrams including Sequence Diagrams and ERD
• Developed BPMN diagrams for process documentation"
12504,"# PROFESSIONAL SUMMARY

Results-driven Auditor/Business Analyst with 4 years of experience in retail operations, market analysis, and team management. Demonstrated expertise in stakeholder presentations, competitive research, sales analysis, and cross-functional collaboration. Seeking to leverage analytical and operational skills in IT-related opportunities.

---

# PROFESSIONAL EXPERIENCE

**Auditor/Business Analyst**
Roshen | 4 years

- Conducted comprehensive retail audits to ensure product representation standards and equipment availability across outlet network
- Delivered strategic presentations to customers, established objectives, and facilitated cross-functional meetings
- Partnered with distributors to optimize product assortment and strengthen market positioning
- Executed competitor research and marketing analysis to inform business strategy
- Enforced policy compliance across retail operations, maintaining brand standards
- Led and supervised team to achieve operational targets and performance goals
- Evaluated retail premises for strategic expansion opportunities and brand alignment
- Analyzed sales data and coordinated with vendors to drive measurable business performance
- Developed and implemented advertising initiatives to increase market presence
- Identified, pursued, and secured new customer accounts to expand client base

---

# CORE COMPETENCIES

Business Analysis | Retail Auditing | Market Research | Competitive Analysis | Sales Analysis | Vendor Management | Team Leadership | Stakeholder Presentations | Policy Compliance | Distributor Relations | Retail Operations | Client Acquisition | Strategic Planning | Cross-Functional Collaboration

---

# PROFESSIONAL OBJECTIVES

- Transition analytical expertise to engaging IT-related projects
- Pursue professional growth and development opportunities
- Contribute within a collaborative team environment
- Gain exposure to modern technologies"
12505,"# LIMS SPECIALIST

**TerraLab IT, LTD | Khmelnytskyi, Ukraine**
June 2014 – December 2021

## Project Implementation

- Gathered and analyzed user requirements to inform system design and configuration
- Contributed to LIMS implementation planning and execution
- Configured and maintained database management systems and reference laboratory data
- Performed comprehensive LIMS configurations, settings, and laboratory equipment integration
- Designed custom reports using FastReport software
- Developed user guides, manuals, and training programs for end users
- Delivered ongoing laboratory support throughout implementation lifecycle

## Project Support & Maintenance

- Administered and maintained laboratory information management systems
- Performed system administration, software configurations, and database maintenance
- Diagnosed and resolved user technical issues and inquiries
- Collaborated with development team on software process improvements
- Designed printing forms and reports to meet operational requirements
- Provided onsite client consulting and technical guidance

## Integration & Technical Solutions

- Developed and implemented integration solutions for laboratory systems
- Configured, customized, and built new technical solutions based on gathered requirements
- Participated in technical integration planning and presales discussions
- Troubleshot code and configuration issues across all managed environments
- Communicated effectively with cross-functional teams and stakeholders through multiple channels"
12506,"**OBJECTIVE**

Junior Business Analyst or Project Manager Assistant position with opportunity for professional growth and mentorship, leveraging banking and entrepreneurial experience in banking product and process automation projects.

---

**PROFESSIONAL EXPERIENCE**

**Owner and Platform Maintainer**
Trading Platform Based on Social Networks and Messengers | 2015 – Present

- Developed platform concept and monetization strategy
- Created feature requirements specifications and oversaw implementation
- Drove business growth initiatives and risk diversification
- Scaled platform to 85,000+ users

**Head of Corporate Business Credit Operations Administration Department**
Banking | 2007 – 2013

- Created and developed centralization project for credit administration functionality
- Collected, aligned, and implemented requirements across departments
- Developed processes, logistics, budget planning, and responsibility frameworks

**Head of Small and Medium Enterprises Credit Risk Analysis Department**
Banking | 2007 – 2013

- Managed department operations and coordinated team of 6 subordinates
- Analyzed document packages and financial statements for legal entities and entrepreneurs with annual turnover up to 30 million UAH
- Provided lending recommendations and risk assessments for Head Office Credit Committee
- Restructured and modified credit operations to minimize risk exposure
- Improved and developed products, processes, and methods for retail and SME credit operations

**Credit Expert, Small and Medium Business Services Department**
Banking | 2007 – 2013

- Identified and consulted new clients on loan eligibility
- Assessed borrower financial status using IPC methodology
- Collected and analyzed deal documentation
- Participated in borrower lending ability committees
- Compiled deal documents and agreements"
12507,"# [Your Name]

## Professional Summary

Recent IT graduate with a strong foundation in technology resource management and optimization. Passionate about emerging technological advances. Quick learner and excellent problem-solver eager to contribute fresh perspectives and innovative ideas while supporting seamless IT strategy integration. Seeking to apply technical knowledge to create positive impact in IT Management.

## Education

**Degree in Information Technology**
[Institution Name] | [Graduation Year]

## Core Competencies

- Technology Resource Management
- IT Strategy Integration
- Problem-Solving & Troubleshooting
- Rapid Learning & Adaptability
- Emerging Technology Research
- IT Operations Optimization

## Professional Objective

Contribute to organizational success through application of IT management principles, innovative thinking, and commitment to technological excellence."
12508,"# Professional Summary

Results-driven Business Analyst and Project Manager with proven expertise in coordinating diverse teams and stakeholders to deliver successful project outcomes. Skilled in translating complex business objectives into actionable requirements while building strong working relationships based on trust and collaboration. Adept at applying business analysis and project management principles, techniques, and tools to execute projects with precision and excellence. Committed to delivering projects on time, within budget, and within scope while maintaining high quality standards.

# Professional Experience

## Business Analyst & Project Manager

- Partnered with business stakeholders to develop shared understanding of solutions addressing critical business needs
- Translated business objectives into detailed, actionable requirements and tasks to guide development teams
- Supported functionality development through the complete production lifecycle
- Managed development of clinical outcome assessments for use in clinical trials
- Led multiple concurrent projects, each with distinct objectives, stakeholders, timelines, and budgets
- Coordinated cross-functional teams and stakeholders throughout project lifecycles
- Cultivated and maintained productive relationships with internal teams, external parties, and suppliers

# Core Competencies

Business Analysis | Project Management | Stakeholder Coordination | Requirements Gathering & Translation | Cross-functional Communication | Clinical Outcome Assessment Development | Budget & Timeline Management | Solution Design & Implementation"
12509,"# PROFESSIONAL EXPERIENCE

**CRM System Administrator & Business Analyst**

• Administered enterprise CRM system, overseeing operations, business processes, transactions, transactional mailings, and loyalty program rules

• Led international CRM implementation initiatives, managing requirements gathering, business process configuration, loyalty program setup, and comprehensive system testing

• Collaborated with contractors to track and resolve system bugs; authored technical specifications for system improvements and new functionality

• Developed test cases and executed manual testing to ensure system quality and reliability

• Designed feature prototypes and process workflows using MS Visio

• Managed database operations including uploading discounts, bonuses, coupons, and customer data

• Monitored product receipts and performed transaction audits and manual verification checks

• Delivered staff training programs on CRM system functionality and best practices

• Produced weekly and monthly analytical reports using Excel

• Conducted end-to-end business analysis for new projects

• Analyzed system logs and diagnosed issues using JSON

• Performed API testing using Postman

• Executed database queries using SQL

# TECHNICAL SKILLS

CRM Administration | Business Analysis | Manual Testing | API Testing (Postman) | MS Visio | Excel Reporting | SQL | JSON | Requirements Gathering | Technical Documentation | User Training

# PROFESSIONAL INTERESTS

Seeking opportunities involving challenging projects, skill development, and collaboration with open-minded teams under competent management."
12510,"**PROFESSIONAL EXPERIENCE**

**Over 5 years of experience across multiple projects**

---

**BA/PM | ValueTek**
Banking | Mobile Application

**PM/BA | Viseven**
Event-Driven Architecture

**BA Implementation | ISD**
Healthcare | Product

**IT Analyst | PrivatBank**
Web Development

---

**SKILLS**

**Project Management:** Scrum, Kanban, Jira, Confluence

**Business Analysis:** UML, Draw.io, Miro, Figma

**Technical:** SQL

**Tools:** Hibob, Photoshop"
12511,"# PROFESSIONAL EXPERIENCE

**Business Analyst**
**OVR360**
May 2020 - Present

- Lead requirements collection and technical specifications development for diverse applications including real estate photography (Schlep), healthcare digital wallet, and custom tailoring platforms
- Translate complex business needs into detailed technical documentation across multiple project domains

---

**Business Analyst**
**JV ""OptimaPharm LTD""**
December 2019 - May 2020

- Managed end-to-end business analysis for three concurrent systems: High-Risk Employee Training System, 1C Warehouse Management System, and Driver Weekend Standby System
- Delivered comprehensive requirements documentation and technical specifications using DA Directum, 1C, and logistics applications
- Developed test cases, executed process testing, and created user documentation for all projects
- Organized training sessions and provided ongoing support for data integration and product management

---

**Business Analyst (Freelance)**
**CIT Global Consulting**
September 2019 - December 2019

- Drove requirements collection and test case development for Polycard Application integrating Polycard, Poster, and business process automation tools
- Executed process testing while supporting product management and data integration initiatives

---

**Business Analyst (Freelance)**
August 2019 - December 2019

- Developed requirements and technical specifications for SmartVillage smart home management platform
- Created test cases and conducted process testing with data integration support

---

**Business Analyst (Freelance)**
March 2018 - September 2018

- Delivered requirements collection, technical specifications, and process testing for Expert Order Management System using business process automation tools

---

**Business Analyst (Freelance)**
June 2019 - July 2019

- Conducted requirements collection and technical specifications development for e-commerce and web application projects in children's goods and manual therapy services sectors"
12512,"**LOCAL COORDINATOR**
Kyiv Branch, 15x4 Science Communication Project (15x4.org)

---

**PROFESSIONAL SUMMARY**

Versatile professional with 20+ years of experience spanning IT, film production, and automotive industries. Demonstrated success in regional management, business development, production leadership, and IT operations across six countries. Combines deep technical expertise with cross-functional leadership and strong interpersonal capabilities.

---

**PROFESSIONAL EXPERIENCE**

**PRODUCER / LINE PRODUCER / PRODUCTION MANAGER / ASSISTANT DIRECTOR**
Generator Productions / Kiev Design Works / Freelance
2003–2006, 2019–Present

**REGIONAL MARKETING AND CUSTOMER RELATIONS AGENT**
World's End Motorcycles (UK) | 2012–Present
- Direct regional operations across Ukraine, Russia, Belarus, Moldova, Kazakhstan, and Kyrgyzstan
- Drive business development initiatives and IT operations support

**REGIONAL MANAGER**
Infopulse Ukraine (TietoEVRY subsidiary) | 2016–2019
- Reported directly to EVP Business Development
- Spearheaded company expansion across Ukraine and the European Union

**IT SPECIALIST**
Mindspeed Technologies UDC (MACOM Technologies) | 2009–2014
- Oversaw IT asset management, procurement, and vendor relations
- Led infrastructure project management and cross-team supervision

**FOUNDER AND ENTREPRENEUR** | 2003–2014
- Founded and operated Kiev Design Works
- Built and managed motorbike parts online dealership and trade sales operations (2007–2014)

**FOUNDER AND EDITOR-IN-CHIEF**
Motomania Magazine (ISSN 1993-8306) | 2007–2008

**FREELANCE WEB DEVELOPER** | 2003–2006
PHP, JavaScript, MySQL, Apache

**PROJECT MANAGER**
Web Design Studios | 2000–2003

---

**EDUCATION**

**MSc COMPUTER SCIENCES**
National Technical University of Ukraine | 1994–2000
Applied Mathematics | System Analysis | Mathematical Modelling | Statistics

---

**AVAILABILITY**

Part-time / Flexible hours preferred

**COMPENSATION**

Full-time: $3,000–$4,000 | Part-time: Negotiable"
12513,"**Project Management**

- Served as a member of the Project Management Office
- Analyzed project implementation processes to minimize delays and mitigate key result dismissals
- Reviewed project manager reports for accuracy and completeness
- Prepared quarterly and annual project portfolio reports for the National Bank of Ukraine
- Conducted configuration testing for Jira & Confluence
- Developed and delivered 3 Project Management training courses on Jira & Confluence for diverse participant groups

**Compliance Specialist**

- Serve as a member of the AML team
- Ensure Bank operations comply with local and Group AML and Compliance legislation by updating and creating internal banking documents and procedures
- Prepare and submit statistical forms to the National Bank of Ukraine
- Initiate IT developments to streamline processes and eliminate manual work, including preparing business requests, collaborating with analysts on functional specifications, and participating in user testing
- Contribute to Credit Agricole Group initiatives and projects

**Business Analyst**

- Write and consolidate requirements from involved parties
- Work with FBL and Data Model
- Utilize management tools including JIRA & Confluence
- Apply Python and SQL in analytical work
- Participate in user testing"
12514,"# Professional Summary

Product Owner and Project Manager with 5+ years of experience in blockchain, cryptocurrency, and SaaS products. Proven ability to manage multiple concurrent projects, lead cross-functional teams, and deliver results in challenging environments. Recognized for strong collaboration skills and client retention during critical business periods.

---

# Professional Experience

**Product Owner / Business Analyst**  
Blockchain Storage Startup | 1 year

- Conducted market research and competitive analysis to inform product strategy for storage solutions
- Systematized product ideation through structured sessions and frameworks
- Created comprehensive documentation including BRDs, user stories, and product backlogs
- Defined acceptance criteria and managed end-to-end product requirements lifecycle

**Project Manager / Business Analyst / Product Owner**  
Crypto-Based Outsource Company | 1.5 years

- Led discovery sessions and requirements gathering for client blockchain projects
- Developed business requirements, user stories, and acceptance criteria for multiple engagements
- Provided development time and cost estimations to support project planning and pre-sales activities
- Managed client communications and stakeholder relationships across project lifecycles
- Executed sprint planning, daily standups, and estimation sessions using Agile methodologies
- Successfully launched NFT marketplace white label solution, leading a junior development team to delivery
- Delivered internal training courses on ""Blockchain for Project Managers""
- Maintained client relationships and ensured project continuity during full-scale war

**Project Manager**  
Blockchain Travel Industry Startup | 10 months

- Managed sprint planning and developed weekly, monthly, and semi-annual project roadmaps
- Oversaw Jira workflow optimization and release management processes
- Coordinated recruitment and team building to scale project capacity
- Delivered projects on schedule through effective resource coordination
- Conducted R&D initiatives and proof-of-concept development for emerging opportunities

**Project Manager / Product Owner**  
Out-Stream Commercials Service | 10 months

- Developed and implemented project management processes from the ground up
- Evaluated new product launch opportunities through feasibility assessments and cost-benefit analysis
- Managed release cycles and delivery operations to ensure consistent output
- Led QA team of 2 members

**Project Manager / Head of QA**  
Silicon Valley Blockchain Trading Platform & ICO Launcher | 15 months

- Directed project management operations and release management for trading platform and ICO products
- Led QA team of 4 members, ensuring quality standards across product delivery
- Managed client communications and expectations throughout engagement

---

# Core Competencies

Product Ownership & Roadmap Development | Business Analysis & Requirements Documentation | Project Management & Agile Methodologies | Blockchain & Cryptocurrency Domain Expertise | Client Relations & Stakeholder Management | Team Leadership & Cross-functional Collaboration | Release & Delivery Management | QA Leadership

---

# Technical Environment

Blockchain ecosystems | NFT platforms | Cryptocurrency applications | SaaS products"
12515,"# Professional Summary

Results-driven professional with proven expertise in Business Analysis, Project Management, and Business Development. Demonstrated track record of improving team productivity and velocity while delivering successful projects and maintaining high client satisfaction across global markets.

# Core Competencies

**Project Management**
- End-to-end web project management
- Project execution, monitoring, and control
- Estimation and cost management
- Concurrent multi-project delivery
- Work Breakdown Structure (WBS) development

**Business Analysis**
- Business requirements elicitation and documentation
- Business Requirements Document (BRD) development
- Backlog grooming and prioritization
- SDLC and WDLC methodology application

**Leadership & Management**
- People management and team leadership
- Change management
- Risk identification, assessment, and mitigation
- Crisis management and resolution

**Business Development**
- Pre-sale strategy and execution
- Contract negotiations
- Market research and analysis
- Research and development initiatives

**Stakeholder Engagement**
- Executive and stakeholder communication
- Cross-functional team coordination
- Client relationship management

# Professional Experience

**Business Analyst | Project Manager | Business Developer**

- Directed web-based projects through complete lifecycle, from inception to successful delivery
- Elicited, analyzed, and documented high-level business requirements from diverse stakeholders
- Authored comprehensive Work Breakdown Structures and Business Requirements Documents
- Designed and implemented risk mitigation strategies while managing dynamic project backlogs
- Delivered projects with emphasis on estimation accuracy and cost control
- Spearheaded people management, change management, and crisis management initiatives
- Orchestrated stakeholder communication across multiple concurrent projects
- Drove pre-sale activities, led negotiations, and conducted strategic marketing research
- Applied SDLC and WDLC methodologies to optimize project lifecycles
- Advanced research and development initiatives to support organizational growth"
12516,"# Professional Summary

Results-driven sales manager with 7 years of managerial experience in one of Ukraine's largest retail companies. Proven track record of building high-performing teams and driving sales performance that consistently exceeded targets. Expertise in advanced product management, market research, new product implementation, and staff training. Skilled in identifying growth opportunities, leveraging emerging technologies, and creating technology roadmaps in collaboration with R&D teams.

# Core Competencies

- Sales Team Leadership & Development
- Advanced Product Management
- Market Research & Analysis
- New Product Implementation
- Staff Training & Performance Optimization
- Growth Strategy Development
- Technology Roadmap Creation
- Cross-functional R&D Collaboration
- Emerging Technologies Integration

# Professional Experience

**Managerial Position**  
Major Retail Company, Ukraine  
7 years

- Built and led high-performing sales teams that consistently exceeded all initial targets
- Managed advanced product portfolios and drove strategic product decisions
- Conducted comprehensive market research to identify and capitalize on business opportunities
- Spearheaded successful implementation of new products and product lines
- Designed and delivered staff training programs that enhanced team capabilities
- Partnered with R&D teams to create and execute technology roadmaps
- Integrated emerging technologies to improve operational efficiency and sales performance

# Education

**Master's Degree in Economics**  
National Technical University of Ukraine 'Kyiv Polytechnic Institute'

**Bachelor's Degree in Metrology and Measurement Technologies**  
National Technical University of Ukraine 'Kyiv Polytechnic Institute'"
12518,"# PROFESSIONAL SUMMARY

Versatile manager with 5 years of experience developing new business initiatives and leading high-impact projects. Combines entrepreneurial mindset with passion for technology and intellectual curiosity. Seeking to leverage project management expertise while expanding technical capabilities.

# CORE COMPETENCIES

**Business & Strategy**
Product Development | Project Management | Business Development | Product Marketing

**Technical Skills**
Blockchain | Google Analytics | HTML5 | CSS | Agile Methodology

**Tools & Platforms**
Microsoft Office Suite | Excel | PowerPoint | Jira | Azure"
12519,"# PROFESSIONAL SUMMARY

Results-oriented professional with extensive experience in project management, business analysis, and risk and compliance. Proven track record leading multinational teams through complex enterprise system implementations and business process transformations. Strong focus on delivering measurable results in fast-paced, cross-functional environments.

---

# CORE COMPETENCIES

Project Management | Business Analysis | Risk & Compliance | Enterprise Information Systems | CRM Implementation | Business Process Transformation | Change Management | Cross-Cultural Team Leadership | Stakeholder Management | Multinational Team Collaboration

---

# PROFESSIONAL EXPERIENCE

**Head of Sales Support** | 2016 – Present

**Business Analyst / Project Manager / Risk and Compliance** | 2009 – 2016

---

# KEY PROJECTS & ACHIEVEMENTS

**Enterprise Information System Implementation**
- Led multinational project team through successful company-wide information system implementation
- Drove comprehensive business process change and organizational adoption

**CRM System Implementation**
- Managed end-to-end CRM system delivery with multinational team members
- Spearheaded business process transformation and user adoption initiatives

**Satellite Applications Integration**
- Directed implementation of multiple satellite applications integrated with core enterprise information system

---

# PROFESSIONAL SKILLS

- Multinational team leadership with cross-cultural collaboration experience (Indian, French, and Spanish teams)
- End-to-end project lifecycle management
- Business process analysis and optimization
- Results-driven delivery focus"
12520,"**PROFESSIONAL SUMMARY**

Project Manager with 5+ years of experience leading web and mobile Android development projects. Proven track record managing teams of 7-10 people across e-commerce, B2B, corporate, and media initiatives with integrated account program solutions including 1C and Капитал.

**CORE COMPETENCIES**

Strategic Planning & Execution | Risk Management | Budget Control | Resource Optimization | Multi-Project Leadership | Stakeholder Relations | Business Requirements Analysis | Scope Management

**SKILLS**

- Detail-oriented with strong analytical and organizational capabilities
- Effective communicator across customers, teams, and stakeholders
- Collaborative approach fostering productive team environments
- Customer-focused mindset aligned with business and IT strategy

**TECHNICAL PROFICIENCIES**

Jira | Teamwork | Trello | Photoshop | MS Office

**PROFESSIONAL EXPERIENCE**

**Project Manager** | 5+ Years in Information Technology

Led end-to-end delivery of web and mobile Android development projects across diverse sectors:

- Managed cross-functional teams of 7-10 members through full project lifecycles
- Directed e-commerce solutions, B2B platforms, corporate systems, and media projects
- Integrated account programs including 1C and Капитал
- Created and maintained project plans, schedules, and budgets
- Identified and resolved issues while leading risk tracking processes
- Aligned project objectives with company goals and ensured team clarity
- Monitored scope and optimized resources to meet delivery timelines
- Developed partnerships with customers, stakeholders, and sponsors
- Delivered comprehensive project reporting across multiple concurrent initiatives"
12521,"**PROFESSIONAL SUMMARY**

Results-driven Project Manager and Business Analyst with more than 5 years of experience leading project teams through complete IT implementations from inception to completion in telecommunications and banking sectors. Holds additional education in project management with expertise in waterfall, Scrum, and Agile methodologies.

**CORE COMPETENCIES**

Project Management & Business Analysis | IT Project Implementation | Telecommunications & Banking Domains | Waterfall, Scrum & Agile Methodologies | Task Decomposition & Prioritization | Systems Thinking & Strategic Planning | Data Management | Stakeholder Communication | Team Leadership | Deadline Management

**PROFESSIONAL EXPERIENCE**

**Project Manager & Business Analyst**
5+ Years

- Led end-to-end IT project implementations across telecommunications and banking industries, managing full project lifecycles from inception to completion
- Directed multiple concurrent projects and products in high-volume data environments
- Decomposed complex initiatives into actionable subtasks with defined priorities and timelines
- Evaluated and selected tools, information sources, and implementation strategies to optimize project execution
- Partnered with cross-functional teams and stakeholders across varied communication styles to drive alignment
- Resolved project challenges through strategic problem-solving and proactive stakeholder engagement
- Delivered consistent results through both collaborative team efforts and independent execution
- Met strict deadlines while managing diverse daily operational demands

**EDUCATION**

Additional Education in Project Management

**PROFESSIONAL STRENGTHS**

Analytical mindset with strong research capabilities and organizational skills. Systems thinking approach to project planning and execution. Effective communicator with diverse stakeholder groups. Proven ability to identify new project opportunities."
12523,"**PROFESSIONAL SUMMARY**

Results-driven Product Owner and Business Analyst with 17 years of banking experience and deep expertise in digital retail banking. Seven years of hands-on IT project delivery across BA, PM, and PO roles. Proven track record implementing complex systems from inception to production using Agile methodologies and frameworks. Skilled in requirements documentation, business process modeling, project planning, backlog management, and UX/UI team supervision. Proficient in Jira, Confluence, and Figma with comprehensive SDLC knowledge.

**KEY PROJECTS**

**Front-Office System for Retail Banking**
*Product Owner / Business Analyst*
- Delivered comprehensive front-office platform for credit card sales, cash loans, refinancing, current and deposit account opening, debit cards, and CRM functionality

**Payment Tokenization System**
*Product Owner / Business Analyst*
- Led end-to-end implementation from concept to production in partnership with Visa and MasterCard, enabling Google Pay, Apple Pay, and Garmin Pay integration

**Internet Banking Platform for Retail Business**
*Product Owner / Business Analyst*
- Implemented digital banking solution featuring P2P transfers including cross-border capabilities, account-to-account transfers including SEPA, card management, online currency exchange, and deposit and card account opening

**CORE COMPETENCIES**

Digital Retail Banking | Product Ownership | Business Analysis | Project Management | Agile Methodologies & Frameworks | Requirements Engineering (BRD) | Business Process Modeling (BPMN 2.0) | Project Planning & Backlog Management | UX/UI Team Supervision | SDLC Management | Jira | Confluence | Figma"
12525,"# Professional Summary

Results-driven Product Owner with proven expertise in bridging technical teams and business stakeholders to deliver customer-focused solutions. Skilled in fostering collaborative team environments, facilitating ideation, resolving conflicts, and removing obstacles to drive product success. Strong technical background enables effective translation of business requirements into actionable solutions.

# Professional Experience

## Product Owner

**Product Strategy & Roadmap**
- Gathered requirements and vision from strategic Product Owner to inform product direction
- Contributed to global product roadmap development through cross-functional collaboration
- Established clear product goals and vision aligned with customer needs

**Backlog & Release Management**
- Managed end-to-end product backlog including specification, prioritization, and testing of features, evolutions, and bug fixes
- Organized product releases and communicated roadmap updates across the team
- Collaborated on UX/UI improvements to enhance user experience

**Team Leadership & Facilitation**
- Facilitated product development discussions and ideation sessions, fostering a collaborative team atmosphere
- Resolved team conflicts and eliminated obstacles to maintain delivery momentum
- Leveraged technical expertise to serve as effective liaison between customers and development team

**Support & Stakeholder Management**
- Managed product support function
- Organized team to deliver optimal solutions to customers

# Industry Experience

Printing & Publishing | Retail | CRM/ERP | E-commerce | Healthcare | VR/AR Entertainment

# Professional Development Interests

Seeking opportunities for growth through mentorship, training, and challenging projects within a collaborative, creative team environment with regular performance reviews."
12526,"# Professional Experience

**Project Portfolio**

- Architected and implemented core systems from ground up
- Developed internet marketing and sales platforms
- Integrated supply chain management systems

**Key Responsibilities**

- Managed scope and deliverables across 3 cross-functional teams
- Led Sprint planning and Quarterly roadmap development
- Served as Scrum Master, facilitating agile ceremonies and removing team blockers
- Translated stakeholder requirements into technical specifications
- Designed and evaluated workflow solutions to optimize business processes
- Established technical specifications and quality standards for solution delivery
- Coordinated cross-functional integration of business processes
- Created comprehensive documentation for features and system modifications

**Technical Skills**

JIRA | Rally | MS Office Suite | e-Commerce Platforms | CRM Systems | SAP ERP

**Core Competencies**

Initiative | Analytical Thinking | Accountability | Proactive Problem-Solving | Creative Solutions | Attention to Detail | Strong Communication | Fast Learner | Results-Driven | Continuous Improvement"
12527,"**CERTIFICATIONS**

Professional Scrum Master I (PSM 1)
SAFe 5 Agilist
SAFe Scrum Master
SAFe Product Owner & Product Manager

**PROFESSIONAL EXPERIENCE**

**Senior Business Analyst | EPAM**
December 2020 - Present

- Lead discovery phases and deliver strategic solutioning for quarterly scope initiatives
- Validate requirements and provide UX recommendations utilizing prototyping tools
- Build and maintain comprehensive Confluence knowledge base for project requirements and documentation
- Organize and facilitate workshops with end-user focus groups to elicit requirements and align stakeholder expectations
- Conduct insurance product research to identify opportunities for enhanced business value delivery

**Middle Business Analyst | GlobalLogic**
November 2019 - December 2020

- Created detailed requirements documentation using user story format
- Organized and facilitated Scrum ceremonies including daily standups, sprint planning, and estimation sessions
- Developed UX prototypes for web interfaces using Wireframepro and Axure
- Managed full requirements lifecycle: elicitation, clarification, documentation, and maintenance
- Facilitated impediment removal to enable Development Team progress

**Business Analyst | Nix Solutions**
May 2018 - November 2019

- Translated stakeholder needs into requirements specifications, user stories with acceptance criteria, and workflow diagrams
- Supported Product Owner with backlog prioritization and grooming
- Provided continuous requirements support for development team throughout project lifecycle
- Contributed to sales and presale activities, gathering initial requirements for project estimation
- Conducted competitive UX research and created UI prototypes for web and mobile interfaces in Axure

**Sales Manager / Business Analyst | Galaxy IT**
December 2017 - May 2018

- Drove business development through identification of potential customers via Upwork, Freelancer.com, and LinkedIn
- Gathered business requirements and translated them into actionable development tasks
- Configured JIRA and managed projects using Agile methodologies (Scrum/Kanban)
- Conducted sprint demonstration sessions with customers
- Facilitated sprint planning sessions with development team"
12528,"# PROFESSIONAL EXPERIENCE

**HCM Configuration Specialist** | Aug 2019 - May 2021
- Initialized and managed customer data to ensure accurate system setup
- Diagnosed and resolved customer issues through dedicated technical support
- Customized HCM systems to align with client-specific requirements
- Authored detailed specifications and collaborated with development teams to deliver solutions matching requirements
- Conducted testing and validated requirements throughout all development stages

**Configuration Manager** | Feb 2013 - July 2019
- Configured and managed end-to-end build release processes for software products
- Established and maintained test and production environments across multiple software products
- Developed comprehensive technical design documentation
- Supported project delivery and maintained customer database integrity

**Software Implementation Specialist** | May 2010 - Feb 2013
- Created user instructions and documented manufacturing processes
- Performed data imports in Oracle and administered system operations
- Configured products to customer specifications, developed custom reports, and prepared releases for revision
- Designed and wrote automated QA tests to ensure product quality
- Delivered user training and ongoing customer support

**Software Implementation Specialist** | May 2008 - Apr 2010
- Maintained and supported accounting software systems
- Prepared and managed test environments for product validation
- Configured products to customer requirements, developed custom reports, and coordinated product revisions
- Conducted user training and provided customer support
- Developed solutions using HTML, CSS, PHP, and VBasic

---

**Areas of Interest:** Finance | Big Data | AI | Blockchain"
12529,"# PROFESSIONAL SUMMARY

Dual-role Business Analyst and Project Manager with proven expertise in delivering successful project outcomes through Agile methodologies and stakeholder collaboration. Delivered project MVP with Agile team in 4 months while introducing Scrum practices that improved planning and work organization. Built stakeholder relationships that elevated trust and collaboration. Developed team members to advance their professional growth.

Currently leading requirements analysis and documentation for new systems, partnering with development teams to align solutions with business needs, and driving successful implementation and adoption.

## CORE COMPETENCIES

**Project Management:** Project Planning & Prioritization | Team Management & Development | Budget Management | Risk Management | Quality Management | Change Management | Reporting & Communication

**Business Analysis:** Requirements Gathering & Analysis | Solution Development | Documentation | Process Improvement & Optimization | Stakeholder Engagement | Value Delivery & Waste Elimination

## KEY RESPONSIBILITIES

**Project Management:** Drive projects to completion on time, within budget, and aligned with client objectives while managing teams, stakeholders, risks, and changes.

**Business Analysis:** Identify improvement opportunities, develop solutions, and bridge communication between stakeholders and technical teams to ensure projects meet business objectives and deliver organizational value.

**Stakeholder Communication:** Keep project stakeholders informed, engaged, and aligned with goals, progress, and results through consistent collaboration.

**Process Optimization:** Evaluate and improve processes and systems to increase efficiency, productivity, and profitability while eliminating waste to maximize project and product value.

## CAREER OBJECTIVES

Seeking a product-focused role with active involvement in product strategy, collaborating to ensure products meet business goals and customer needs through customer problem analysis, solution development, data-driven decision making, and value delivery."
12530,"**PROFESSIONAL EXPERIENCE**

**Amdocs Israel**
**Program Manager**
2020 – Present

**Pasha Bank Georgia**
**IT Section Manager**
June 2018 – December 2019
• Directed three operational units: IT Operations, Software Development, Business Analysis and Service Quality
• Orchestrated cross-functional department activities and strategic initiatives

**Geocell – TeliaCompany – Telecommunications**
**Technology Division, Services – Products and IT Section Manager**
February 2015 – June 2018
• Led five business units: Billing and Charging, Product and Services, Software Development, Enterprise IT, Business Support and Reporting
• Drove department coordination and operational alignment

**Geocell – TeliaCompany – Telecommunications**
**ICT Division, Service Network Department Manager**
January 2006 – February 2015
• Managed mission-critical systems including Prepaid Charging, Ericsson Billing Gateway platform, and VAS platforms (SMSC, CRBT, WAP GW, Voice Mail)
• Delivered technical helpdesk support (1st and 2nd line)
• Directed systems administration and maintenance operations
• Spearheaded implementation and deployment of new products

**Geocell LLC – Telecommunications**
**Service and Product Operations Team Coordinator, Technical Department**
March 2004 – January 2006
• Coordinated team managing Prepaid Charging system, Ericsson BGW (EMM) platform, and Value Added Systems (SMSC, CRBT, WAP GW, Voice Mail)
• Delivered 24x7 technical helpdesk support (1st and 2nd line) for internal customers

**Geocell LLC – Telecommunications**
**Prepaid Charging System Engineer, Technical Department**
March 2000 – March 2004
• Administered and maintained Ericsson (PPL) prepaid charging system
• Provided 24/7 technical helpdesk support (1st and 2nd line)
• Executed configuration and implementation of new products and tariff plans

**New Net Georgia LLC**
**Digital PSTN Switching Center Technical Manager**
February 1997 – March 2000
• Administered and maintained PSTN switching center operations
• Managed shift staff planning and scheduling
• Delivered 24/7 technical helpdesk support (1st and 2nd line)

---

**KEY PROJECTS**

**Retail Bank Launch (Cash-Loan and TopCard)**
August 2018 – August 2019
Led comprehensive banking transformation encompassing Processing Center swap and Core Banking integration with client migration, Core Banking system release upgrade, CRM and Sales Force deployment (BPM platform from Terrasoft), Internet Banking and Mobile Banking launch, Contact Center PBX system swap, and integration with Terminal Payment system (TBC Pay)

**Prepaid Billing System Swap – Amdocs/Comverse One to Peter-Service BSS**
August 2017 – December 2017
Executed migration from Amdocs/Comverse One Prepaid Billing System to Peter-Service BSS featuring on-line credit and balance control

**Post-paid Billing and Interconnect Systems Swap – CBOSS to Peter-Service BSS**
May 2016 – December 2016
Delivered Post-paid and Interconnect Billing System migration from CBOSS to Peter-Service BSS with on-line credit and balance control

**Deep Packet Inspection, Policy and Charging Rules Function Platform Swap**
January 2017 – December 2017
Managed PCRF/PCEF platform swap tender process

**Prepaid Billing System Swap – Orga OPSC Classic to Comverse ONE BSS**
January 2014 – September 2014
Completed Prepaid Billing System migration from Orga OPSC Classic to Comverse ONE BSS"
12531,"# PROFESSIONAL SUMMARY

Results-driven professional with 10+ years of experience in Project Management and B2B Sales within the agribusiness sector. Certified in IT Project Management and IT Business Analysis, seeking to leverage transferable skills and technical knowledge in the IT sphere. Strong analytical, planning, organizational, and communication capabilities with proven expertise in documentation and presentation development.

# CORE COMPETENCIES

**Project Management & Analysis**
- Project Planning & Risk Management
- Business Analysis
- Software Development Lifecycle
- Software Development Methodologies

**Business & Communication**
- B2B Sales
- Stakeholder Management
- Documentation & Presentation Development

**Professional Skills**
- Analytical & Problem-Solving
- Organizational & Planning
- Communication

# PROFESSIONAL EXPERIENCE

**Project Management & B2B Sales Professional**
Agribusiness Sector | 10+ Years

- Managed projects and drove B2B sales initiatives within the agribusiness industry
- Developed well-structured documentation and presentations for stakeholders
- Applied analytical, planning, and organizational skills to achieve business objectives

# EDUCATION & CERTIFICATIONS

**IT Project Management Certificate**
IT Education Academy (ITEA)

**IT Business Analysis Courses**
BA Space School

# CAREER OBJECTIVE

Seeking a long-term position in the IT industry to apply project management and business analysis skills while continuously developing through challenging and meaningful projects."
12532,"# PROFESSIONAL SUMMARY

Business Analyst and Project Manager with extensive SAP ERP implementation experience in the metallurgical industry. Demonstrated success leading cross-functional teams, bridging communication gaps between IT and business stakeholders, and delivering system solutions on time. Seeking a Business Analyst or Project Manager role in a fast-paced organization to leverage expertise and drive continued professional growth.

---

# PROFESSIONAL EXPERIENCE

## Head of SAP Project Team | Metallurgical Company
*SAP ERP Implementation Project*

**Key Achievements:**
- Promoted to Head of SAP Project Team based on performance
- Delivered all system refinements and solutions on schedule, meeting 100% of project deadlines
- Strengthened cross-functional communication between IT, business stakeholders, project team members, and developers, significantly reducing misunderstandings and scope ambiguity
- Mentored team members to career advancement: one progressed to Senior Business Analyst at a leading Ukrainian IT company; another advanced to lead an implementation project
- Recognized on Staff Roster multiple times at Metinvest-SMC based on staff assessment results (2015–2017)

**Responsibilities:**
- Led team coordination and stakeholder engagement across TOP management and technical managers to ensure business needs were met with quality and timeliness
- Managed and prioritized Product Backlog
- Elicited and documented business requirements for Sales, Marketing, Finance, and Procurement departments
- Executed testing of IT solutions, system improvements, refinements, and bug fixes
- Directed migration from 1C: Enterprise 8.2 to SAP ERP
- Delivered first-line user support
- Developed training materials, instructions, and conducted user training sessions

## Business Analyst | Beauty Sphere | 1+ year
- Configured and customized software solutions (YClients, now Altegio)
- Streamlined operational working processes

## Administrative Officer | OSCE SMM in Ukraine | 1.5 years
- Earned contract extension based on high-performance evaluation
- Executed administrative duties, contract management, and Human Resources functions

## Sales and Marketing Professional | 1+ year
- Developed foundational experience in sales and marketing operations

---

# SKILLS & COMPETENCIES

**Methodologies & Frameworks:**
SDLC, Agile, Scrum, BPMN, RACI Matrix, Product Vision Boards, Story Mapping

**Tools & Technologies:**
MS Office Suite (Word, Excel, Project, Outlook, Skype for Business) | JIRA | Confluence | Miro | Basilique | SAP ERP Test Systems

**Business Analysis:**
User Stories, Use Cases, Scenarios, Backlog Management, Project Documentation, Process Diagrams, Prototypes

---

# CAREER OBJECTIVE

Pursuing Business Analyst or Project Manager positions, including junior roles, within dynamic organizations offering opportunities for knowledge application and professional development."
12533,"# Professional Summary

Experienced project manager with expertise in web platform development and Telecom solutions. Proven track record of delivering high-quality projects on time and within budget through Agile frameworks and development methodologies.

# Core Competencies

Project Management | Scrum Master | Agile Frameworks | Web Platform Development | Telecom Solutions | Stakeholder Communication | Budget Management | Timeline Management | Team Leadership | Business Strategy

# Professional Experience

**Scrum Master**
Current Company

- Facilitate Agile development processes for cross-functional teams delivering web platforms and Telecom solutions
- Partner with multiple stakeholders to ensure project alignment, quality deliverables, and client satisfaction
- Drive on-time, on-budget delivery through proactive timeline and budget monitoring
- Implement and refine Agile frameworks and development philosophies to optimize team performance

**Project Manager**
NFT Project (Self-Managed)

- Led end-to-end project development and execution, maintaining detailed oversight of all deliverables
- Achieved deadline and budget targets through systematic project controls
- Applied Agile methodologies to streamline workflow and ensure quality outcomes

# Skills & Expertise

- Stakeholder management and relationship building
- Communication and active listening
- Problem-solving and analytical thinking
- Time management and efficiency optimization
- Technology trend awareness and application
- Business-oriented approach to project delivery"
12565,"**PROFESSIONAL SUMMARY**

Results-driven Business Analyst and Scrum Master with 4 years of business analytics experience and 5 years of sales background. Proven track record managing cross-functional development teams of up to 15 members, launching projects from inception, and delivering successful MVPs. Expertise in stakeholder communication across USA and EU markets, agile methodologies, and technical documentation. Combines strong analytical capabilities with interpersonal skills developed through extensive sales and business analysis experience.

**CORE COMPETENCIES**

Agile/Scrum Methodologies • Business Analysis • Cross-Functional Team Leadership • International Client Communication
Requirements Gathering & Analysis • Technical Documentation • Project Management • Budget Planning & Estimation
Risk Management • Sales Strategy Development • Stakeholder Management • Process Optimization

**PROFESSIONAL EXPERIENCE**

**Business Analyst / Scrum Master**

Led cross-functional development team of 15 members comprising iOS, Android, Frontend, and Backend developers alongside QA specialists. Directed second development team of 9 members across mobile, frontend, backend, and QA functions. Successfully implemented 5+ integrations and released MVP for second project. Currently managing portfolio of 3 projects spanning healthcare applications and cryptocurrency/crowdfunding platforms. Delivered projects across diverse domains including fitness applications and finance systems.

**Scrum & Agile Delivery**
- Facilitate all Scrum ceremonies including sprint planning, grooming, estimations, retrospectives, and backlog management
- Plan and schedule project timelines and sprints, ensuring on-time delivery of planned scope
- Maintain transparent backlog and dashboards accessible to team members and clients
- Monitor team performance and provide regular visibility to clients and stakeholders

**Business Analysis & Documentation**
- Collaborate with developers, QA engineers, UI/UX designers, and Business Owners throughout development lifecycle
- Create and maintain detailed technical documentation in Confluence including user stories, use cases, and wireframes
- Produce UML diagrams: Use Cases, Functional & Non-Functional Specifications, and Sequence diagrams
- Analyze change requests, prepare and update changelogs

**Stakeholder & Project Management**
- Present progress reports, identify problems, and propose solutions to Product Owners and stakeholders
- Manage project budgeting, estimations, and risk management
- Support development team throughout sprint cycles

**Sales Department Manager**

Managed and coordinated sales department of 8 sales managers and pre-sales managers. Established and implemented Affiliate Program. Developed and executed comprehensive Sales Strategy. Built strong client relationships through solutions-oriented problem solving.

**TECHNICAL SKILLS**

**Databases:** MS SQL, MySQL
**Web Technologies:** HTML, CSS, PHP
**Tools & Methodologies:** Confluence, UML, Gantt Charts

**EDUCATION & PROFESSIONAL DEVELOPMENT**

**Technical Training** – March 2020 - July 2020
MS SQL, MySQL, HTML, CSS, PHP

**Quantitative and Qualitative Market Research Course** – November 2019

**IT Project Management Course** – April 2019

**ADDITIONAL INFORMATION**

- Experienced in startup environments and outsourcing projects
- Proven ability to launch projects from inception through MVP delivery
- Strong communication and relationship-building skills developed through sales experience
- Committed to continuous learning and professional growth"
12656,"# PROFESSIONAL SUMMARY

Experienced IT professional with expertise in Business Analysis, Web Analytics, and Project Management. Proven track record of driving profitability, automating complex processes, and scaling digital projects. Seeking opportunities to leverage analytical skills and strategic thinking in a collaborative environment.

# PROFESSIONAL EXPERIENCE

**Web Analyst / Business Analyst**
Current Position | Large National Retail Company

**Business Analyst / Web Analyst**
2021–2022

- Restructured company reporting into dynamic formats across approximately 10 projects
- Automated daily reporting and developed universal algorithms for streamlined processes
- Established cross-departmental collaboration, accelerating internal process exchange
- Increased analytical project capacity by 2.5 times

**Chief Executive Officer**
2017–2021 | Online IT Project

- Developed and implemented comprehensive business model achieving approximately 90% average monthly profitability
- Fully automated technical, managerial, and business processes within 14 months
- Successfully transitioned project to content manager support

**Project Manager (Remote)**
2016–2021

- Grew website monthly traffic nearly 5 times over 4 years, from 1.5 million to 7 million users
- Expanded advertising partner network by 3 times
- Successfully transitioned project to freelance developer support

**Lecturer (Part-time)**
2020–2023 | Ukrainian University

- Authored more than 10 scientific and expert publications indexed in Scopus, Web of Science, and other scientometric databases
- Conceptualized and launched educational YouTube channel"
12674,"# PROFESSIONAL SUMMARY

Results-driven IT professional with over 10 years of experience in software development lifecycle management. Proven expertise in gathering, analyzing, and documenting business requirements while automating software selling and support processes across global operations spanning approximately 15 offices. Skilled in building and leading agile teams, serving as Scrum Master and Proxy Product Owner to deliver successful software solutions.

# CORE COMPETENCIES

**Agile & Leadership:** Scrum Master | Proxy Product Owner | Team Building & Facilitation | Agile Methodologies (Scrum, Kanban)

**Analysis & Delivery:** Business Process Analysis & Automation | Requirements Engineering | Change Management | Software Testing

**Project Execution:** Project Management (4+ years) | Business Analysis (8+ years) | Mobile & Desktop Application Development | Multitasking & Performance Under Pressure

# PROFESSIONAL EXPERIENCE

## Senior Business Analyst & Proxy Product Owner | 8+ Years

- Gathered, analyzed, and documented software selling and support processes for large-scale organization with approximately 15 global offices
- Bridged business stakeholders and development teams as Proxy Product Owner, ensuring alignment with organizational objectives
- Created comprehensive software requirements including use case diagrams (Visio, Star UML), use cases, user stories, and cascaded requirements
- Led requirements validation and change management across multiple development projects
- Developed complete project documentation ensuring compliance with organizational standards
- Applied formal software testing training to quality assurance processes
- Delivered mobile and desktop application development projects from conception through deployment

## Scrum Master

- Built scrum team process from the ground up, establishing frameworks and ceremonies for high-performing teams
- Facilitated daily standups, sprint planning, retrospectives, and reviews
- Removed impediments and fostered collaborative team environment
- Coached team members on agile principles and best practices

## Project Manager | 4+ Years

- Managed end-to-end project delivery using Waterfall, Agile (Scrum), and Kanban methodologies
- Coordinated cross-functional teams to meet project milestones and deadlines
- Conducted trainings, brainstorming sessions, and strategic meetings
- Delivered projects successfully while managing multiple priorities under pressure

# TECHNICAL SKILLS

Process Documentation & Automation | Requirements Management Tools | Visio | Star UML | Waterfall | Agile | Scrum | Kanban

# TRAINING

- Coach Training: Training Facilitation, Brainstorming, Meeting Management
- Software Testing

# CAREER OBJECTIVE

Seeking opportunity with a small, enthusiastic, product-oriented team focused on long-term project engagement."
12687,"# ANDRII [LAST NAME]
**Visionary Engineer | Top Rated Plus Upwork Freelancer**

## PROFESSIONAL SUMMARY

Automation engineer and low-code/no-code specialist with 14+ years of expertise analyzing, optimizing, and automating business processes across diverse industries. Develops custom workflows, automation tools, dashboards, and sophisticated calculations that unify digital environments. Maintained 100% Job Success Rate on Upwork serving 2,500+ clients across the US, Canada, UK, and Australia, with 50+ successful long-term projects.

## EDUCATION

**Master of Arts with Honors – Financial Management**
Erasmus+ MA Student | Krakow, Poland

**Bachelor of Arts – Corporate Finance**

**Bachelor of Arts – English Translation**

## CORE EXPERTISE

- Business Process Analysis, Optimization & Automation
- Workflow Development & Digital Environment Integration
- Data Processing, Transformation & API Integration
- Dashboard Creation & Data Visualization
- Software Architecture & Interface Development
- Automated Reporting & Financial Modeling
- IT Project Management

**Industries:** Finance | Marketing | Sales | Insurance | Manufacturing | Construction | Real Estate | Government | Healthcare | Education | Agriculture | Media

**Clients:** Crypto Traders | Investors | Stockbrokers | CEOs | CFOs | Senior Management | Startups

## PROFESSIONAL EXPERIENCE

**Top Rated Plus Freelancer | Upwork**
- Served 2,500+ clients across US, Canada, UK, and Australia
- Completed 50+ successful long-term projects
- Maintained 100% Job Success Rate
- Partnered with three international companies

**IT Project Manager | ThinkWider App**
Managed end-to-end development of an idea submission application for factory workers to improve manufacturing processes. Oversaw full lifecycle from review and discussion through staging, implementation, and reward distribution.

**Manager & Developer | IShare Educational Platform**
Built and managed a digital educational platform featuring training materials and live online training capabilities.

## TECHNICAL SKILLS

**Spreadsheet Development & Automation**
Microsoft Excel | Google Sheets | Advanced VBA | Google Apps Script (JavaScript) | Complex Calculations | Dynamic Conditional Formatting | Pivot Tables & Charts | Macros | User-Defined Functions | UI Forms | Data Scrapers | Web Connections | Automated Backups | Email Automation

**Data & Reporting**
Automated Reporting | Data Analysis | Complex Dataset Processing | Data Transformation | File Generation | Database Management | Data Visualization | Dashboards | KPIs | Financial Modeling | Analytics Planning | Forecasting

**Integration & Automation Platforms**
Microsoft Office Suite (Word, PowerPoint, Outlook, SharePoint, InfoPath, OneNote) | Google Workspace (Admin Console, Drive, Gmail, Docs, Slides, Calendar, Forms, Sites, Keep) | Zapier | Power Automate | Microsoft Flow | IFTTT | Integromat | Automate.io

**Development & Databases**
WinAPI | FileSystemObject | ADODB | MS Access | MS SQL | Web APIs | HTML | CSS | JavaScript | PHP | SQL | Python | Java

**Low-Code/No-Code Platforms**
Airtable | Power BI | Google Data Studio | Databox | Power Query | Power Pivot | FileMaker Pro | Power Apps | AppSheet | Bubble.io | Webflow | Telegram Bots

**Tools & Project Management**
WordPress | Trello | Jira | Confluence | ServiceNow | Microsoft To-Do | Canva | diagrams.net | Photoshop | Paint.net | Sony Vegas | DaVinci Resolve

**Documentation**
Flowcharts | Business Cases | Project Charters | SLAs | Test Scenarios | Technical Requirements

## LANGUAGES

**English:** Fluent (IELTS C1)
**Ukrainian:** Native"
12736,"# Professional Experience

**Co-founder and Business Manager**
Whales of Design

- Founded company and drove successful foreign market expansion, generating $20,000 in first-year revenue
- Led cross-functional project teams of 4–12 members from initial client consultation through final delivery
- Established and maintained strategic partnerships with external contractors and designers
- Directed business operations and represented company at industry conferences to cultivate new partnerships
- Negotiated client conflict resolution while ensuring seamless order management

**Recruiter and Manager**

- Managed full-cycle recruitment and staff onboarding
- Implemented quality control processes to monitor and improve team performance
- Contributed to production of major events including Ocean Elzy concert, Atlas Weekend, and Imagine Dragons concert

# Career Objective

Seeking a position within a large organization offering opportunities for intellectual challenge and professional advancement."
13078,"# Yelyzaveta

**Business Development Manager | Project Manager | IT Professional**

---

## Professional Summary

Accomplished IT professional combining project management expertise with business development acumen and financial operations proficiency. Demonstrated success in resolving complex technical challenges, cultivating client relationships, and driving project profitability through strategic resource allocation and margin analysis.

---

## Core Competencies

- Project Lifecycle Management
- Client Relationship Development
- Financial Analysis & Margin Optimization
- Technical Problem Resolution
- Cross-Functional Team Collaboration
- Resource Cost Calculation
- Process Configuration & Coordination
- Invoicing & Time Tracking

---

## Professional Experience

**Project Manager**

- Directed technical aspects of project development lifecycles from initiation through delivery
- Resolved complex technical issues escalated beyond sales department capabilities
- Coordinated cross-functional efforts to ensure successful project outcomes
- Managed documentation and optimized data exchange processes

**Business Development Manager**

- Oversaw financial interactions and maintained strong client communication channels
- Calculated specialized resource costs for individual projects to support accurate pricing
- Conducted company-wide project margin analysis to assess and optimize profitability
- Partnered with Delivery Managers to streamline client-side processes and configurations
- Identified opportunities to deliver additional services and supplementary solutions
- Managed invoicing and time tracking inquiries, ensuring accuracy and client satisfaction

---

## Professional Goals

Committed to continuous learning and professional growth. Seeking opportunities to contribute to organizational success while advancing expertise in IT project management and business development."
13080,"# PROFESSIONAL SUMMARY

IT professional with 7 years of comprehensive experience in Business Development Management and Business Analysis. Proven expertise in full-cycle sales, client relationship management, and requirements analysis with a track record of driving business growth through strategic lead generation, stakeholder collaboration, and cross-functional team coordination.

---

## PROFESSIONAL EXPERIENCE

### Business Development Manager

**Sales & Business Development**
- Executed full-cycle sales processes encompassing lead generation, prospect qualification, opportunity development, and deal closure
- Prepared comprehensive contract documentation including Estimates, Proposals, Master Service Agreements, and Statements of Work
- Managed end-to-end email marketing campaigns to drive business growth
- Served as primary point of contact for prospects during pre-sale stage, eliciting client requirements and ensuring seamless handoff to project execution
- Coordinated between Project Managers and clients to ensure smooth project delivery

**Technology Proficiency**
- CRM Systems: Salesforce, Zoho, Dynamics, Act!
- Email Marketing Platforms: SendGrid, Reply, Outreach
- Project Tracking Tools: Jira, Trello

**Stakeholder Engagement**
- Partnered with cross-functional teams including recruiters, Project Managers, and company executives throughout the pre-sale stage
- Facilitated technical interviews, gathered client feedback, and resolved objections to advance sales opportunities

**Marketing & Content Development**
- Developed marketing collateral including case studies, press releases, and website content

**Team Leadership**
- Screened and interviewed candidates for Sales & Marketing department positions
- Mentored junior team members across domestic and international offices, including remote teams in Ukraine

---

### Business Analyst

**Requirements Management**
- Elicited, evaluated, and documented client requirements
- Authored Software Requirements Specifications and User Guides
- Maintained and updated project documentation throughout development lifecycle

**Communication & Design**
- Liaised between customer representatives and development teams to ensure alignment
- Designed UI Wireframes to visualize and communicate product requirements"
13146,"# PROFESSIONAL SUMMARY

Management professional with 7 years of international experience across Ukraine, Qatar, UAE, and Lebanon. Career progression from Assistant to Project Manager to Director of Business Development & Production. Dean's Honor List recipient at American University in Dubai. ISO22000 Certified Internal Auditor.

# CORE COMPETENCIES

**Leadership & Team Management**
- Supervised up to 15 team members including engineers, designers, and sales managers
- Coordinated approximately 10 third-party service provider personnel
- Skilled at translating complex concepts into clear, actionable instructions

**Communication & Documentation**
- Fluent English for reports, presentations, and correspondence
- International contract experience including supply agreements, logistics, and outsourcing
- Confidential document management under NDA requirements

**Project & Operations Management**
- Strategic planning and organizational leadership
- Project management using Trello, Google Suite, and collaboration platforms
- Cross-departmental coordination

**Industry Knowledge**
- Business Development & Production Management
- Quality Management Systems (ISO22000)
- eCommerce operations
- Online news publications

# PROFESSIONAL EXPERIENCE

**Director of Business Development & Production**
International Companies — Ukraine, Qatar, UAE, Lebanon

- Advanced progressively from Assistant to Project Manager to Director
- Maintained 5+ year tenure at one organization
- Led teams of up to 15 internal staff and coordinated 10 external personnel
- Managed international contracts, supply agreements, and outsourcing arrangements

# CERTIFICATIONS & EDUCATION

**ISO22000 Certified Internal Auditor**

**American University in Dubai**
Dean's Honor List

# ADDITIONAL EXPERIENCE

Personal ventures in eCommerce and online news publications"
13147,"**PROFESSIONAL SUMMARY**

Results-driven professional combining 3+ years of project management expertise with 2 years of business development leadership in IT. Proven track record of building strategic partnerships and managing cross-functional teams in fast-paced outsourcing/outstaffing environments. Skilled communicator who thrives on new challenges and delivers measurable outcomes.

**KEY ACHIEVEMENTS**

• Built and cultivated a partnership network spanning 150+ IT companies across Ukraine, Poland, Bulgaria, and additional European markets
• Delivered 10+ projects to completion while simultaneously managing multiple concurrent support initiatives

**PROFESSIONAL EXPERIENCE**

**Partnership Manager | Outsourcing/Outstaffing Agency**

• Drove strategic client and supplier relationships through regular stakeholder meetings, aligning objectives to achieve mutual growth
• Streamlined client communication and onboarding workflows to enhance engagement and retention
• Directed cross-functional teams of developers and designers, ensuring project delivery and team alignment

**TECHNICAL SKILLS & TOOLS**

**Project Management:** Jira | Trello | Notion | Agile Methodologies
**Communication & CRM:** Slack | ActiveCampaign | CRM Systems

**CAREER OBJECTIVES**

Seeking a collaborative environment that values continuous learning, professional development, and opportunities to drive strategic partnerships."
13148,"**PROFESSIONAL OBJECTIVE**

Seeking a collaborative team environment where I can contribute to company and project success.

---

**PROFESSIONAL EXPERIENCE**

**Business Development Manager and Fundraiser** | 5 Years

Established and cultivated strategic stakeholder relationships to secure startup investment, raising $30,000 within one week.

**Key Responsibilities:**

- Identified and pursued new business opportunities through targeted market research
- Prospected and engaged potential clients to build rapport and schedule meetings
- Communicated product developments to prospective clients and stakeholders
- Set strategic goals for business development team and designed strategies to achieve them
- Trained and mentored business development staff
- Developed and monitored business growth objectives, ensuring targets were met
- Represented the company at conferences, industry events, and stakeholder meetings
- Researched organizations and individuals within target markets to identify prospects

---

**Project Manager** | State Enterprise

- Defined project scope, objectives, and deliverables
- Managed project budgets and tracked costs to maintain fiscal targets
- Monitored project progress and implemented adjustments to ensure timely delivery
- Evaluated project performance metrics to identify improvement opportunities"
13149,"# PROFESSIONAL SUMMARY

Results-driven professional with 2 years of international project management experience across B2B and B2C sectors spanning Europe, Asia, America, CIS, and Africa. Specialized in telecommunications with 1.5 years managing interconnection processes and expanding partnership networks. Demonstrated success establishing 48 new international interconnections and identifying 5 fraudulent entities within 6 months.

# PROFESSIONAL EXPERIENCE

**Telecommunications Company**
*Partnership Development & Project Manager*

- Secured 48 new interconnections with partner companies across Europe, CIS, America, and Asia within 6 months
- Identified and prevented 5 fraudulent company engagements, protecting organizational interests and resources
- Managed end-to-end interconnection processes from partner prospecting through negotiation to agreement execution
- Developed comprehensive business cases with financial analysis to evaluate partnership opportunities
- Coordinated commercial, technical, and legal workstreams across partnership projects
- Led cross-departmental collaboration ensuring seamless integration of new partners
- Cultivated international B2B and B2C client relationships across multiple regions
- Executed multi-channel outreach strategies via cold and warm calling, email, Skype, and LinkedIn
- Leveraged CRM and project management tools including Pipedrive, Odoo, Confluence, Jira, and Mattermost

# CORE COMPETENCIES

**Partnership & Relationship Management**
International Partnership Development | B2B & B2C Relationship Management | Contract Negotiation | Multilingual Communication

**Project Management & Analysis**
Project Management & Coordination | Business Case Development | Fraud Detection & Risk Assessment | Cross-functional Team Collaboration

**Technical Proficiency**
CRM Systems (Pipedrive, Odoo) | Project Management Tools (Confluence, Jira, Mattermost)

# PROFESSIONAL INTERESTS

Seeking challenging opportunities in international, multilingual environments emphasizing communication, customer service, and project management."
13150,"# PROFESSIONAL SUMMARY

Accomplished Enterprise Sales Professional, Project Manager, and Business Development Leader with 9 years of experience across Enterprise, B2B, and B2C environments in team lead and manager positions. Proven track record of exceeding targets, building profitable partnerships, and maximizing customer lifetime value in Renewable Energy, Enterprise Tech, and AgTech industries. Deep expertise in Sales Strategy, Project and Account Management, Business Process Development, and Cloud Computing Solutions (SaaS, API, Cloud Services). Demonstrated success driving digital transformation, executing high-value sales, and cultivating strong relationships with colleagues, partners, and C-level executives. Entrepreneurial mindset complemented by change management capabilities, persuasive communication and presentation skills, and a solution-oriented approach in fast-paced environments.

# KEY ACHIEVEMENTS

**Business Development, Sales & Project Management**

- Manage portfolio of 10 active customers and 40+ prospects representing $1M in total ARR across FMCG, Agro, and Manufacturing sectors
- Closed 15 deals within 1.5 years, consistently exceeding sales targets
- Drive annual engagement with 10+ clients generating €300,000 in sales turnover
- Developed strategic account plans for top FMCG clients, increasing sales conversion rates
- Built and managed partner ecosystem of 5+ partners annually, generating €220,000 in partner network revenue

**Product Development & Strategy**

- Spearheaded CRM product creation from concept through execution, including business case development, technical requirements, roadmap definition, UX/UI design, and resource allocation
- Developed commercial and marketing strategies across full product portfolio, crafting compelling value propositions to acquire new clients
- Contributed to comprehensive marketing strategy encompassing brand promotion, customer loyalty programs, lead generation, media relations, and social campaigns

**Project Management & Implementation**

- Directed end-to-end implementation of IT solutions for humanitarian initiative, including value proposition design, CRM deployment, website development, and fundraising infrastructure
- Institutionalized project management and business analysis standards within strategic corporate sales function
- Led cross-functional projects spanning sales strategy, product development, IT implementation, trade marketing, and business planning
- Applied Agile and Waterfall methodologies to consistently achieve project milestones and sales objectives

# CORE COMPETENCIES

Enterprise Sales | Business Development | Project Management | Account Management | Strategic Partnerships | CRM Development | Cloud Computing Solutions (SaaS, API, Cloud Services) | Sales Strategy | Marketing Strategy | Digital Transformation | Value Proposition Development | Client Relationship Management | Negotiation | Team Leadership | Change Management | Agile & Waterfall Methodologies"
13196,"**PROFESSIONAL EXPERIENCE**

**Operations Manager**
- Managed team of 4 Team Leads and 42 Sales Development Representatives across international locations in Mexico and Ukraine
- Awarded Best Manager within the company every month
- Delivered business development services to 3-4 clients simultaneously while handling responses for 10 active clients concurrently with personalized communication
- Contributed to testing and refinement of internal company tool

**Team Lead**
2021-2022
- Led sales development team operations

**Sales Development Representative**
2019-2021
- Executed multi-channel cold outreach campaigns via email, LinkedIn, and phone calls for B2B clients across various industries

**SKILLS & EXPERTISE**

- International Team Management
- Client Relationship Management
- Team Leadership & Development
- B2B Sales & Business Development
- Multi-channel Outreach (Email, LinkedIn, Cold Calling)
- Cross-functional Team Coordination
- Multi-client Account Management

**CAREER INTERESTS**

Seeking opportunities in Business Development or Project Management with emphasis on client-facing responsibilities and daily client communication."
13382,"# PROFESSIONAL SUMMARY

Highly motivated Business Process Architect and Project Manager with over 10 years of experience delivering projects within scope, budget, and timeline. Skilled communicator with proven stakeholder management and problem-solving capabilities. Proficient in Agile, Waterfall, and hybrid methodologies to drive project success and customer satisfaction. Active PMI chapter member with access to current project management resources and training opportunities. Currently pursuing Project Management Professional (PMP) certification. Seeking complex, challenging projects utilizing modern technology stacks.

## CORE COMPETENCIES

**Methodologies & Frameworks:** BPMN 2.0 (Certified) | Agile | Scrum | Waterfall (Certified) | SDLC

**Project Management Tools:** Microsoft Project (Certified) | Jira | Confluence (Certified)

**Enterprise Systems:** ERP | CRM | Microsoft Dynamics | ManageEngine ServiceDesk Plus

**Technical Proficiencies:** Microsoft Office Suite (PowerPoint, Excel, Power BI, Visio, Access) | WordPress | WooCommerce

**Certifications:** PMP (In Progress)

## KEY ACHIEVEMENTS

**Enterprise Resource Planning (ERP) Implementation**
- Led comprehensive ERP system implementation, delivering on time, within budget, and to high quality standards despite evolving business requirements
- Consolidated organizational databases from 13 to 3, streamlining system architecture and reducing maintenance complexity
- Improved data exchange efficiency by 95%, reducing processing time from 40 minutes to 2 minutes
- Accelerated full-cycle processing from 3 hours to 15 minutes, significantly enhancing operational speed
- Architected scalable solution supporting 2,500 concurrent user sessions within a single database
- Established comprehensive productivity metrics with proactive threshold alerts for system monitoring
- Unified balance data across all store locations into a single centralized database

**Customer Relationship Management (CRM) Implementation**
- Delivered Microsoft Dynamics CRM implementation within 6-month timeline

**IT Service Management (ITSM) Implementation**
- Implemented ManageEngine ServiceDesk Plus for Level I and II support operations and project management"
13461,"**PROFESSIONAL EXPERIENCE**

**Chief Accountant & Director**
Bank

- Designed and deployed banking automation products from inception to full production
- Led implementation of software solutions for treasury operations, transaction processing, and agency sales
- Built and managed software development team of up to 10 professionals
- Managed complete project lifecycle: requirements gathering, task delegation, quality assurance testing, and customer deployment
- Delivered complex, large-scale projects across 10+ years in leadership roles

**CAREER OBJECTIVES**

Seeking professional growth through new projects and strategic initiatives within an international organization."
13475,"# PROFESSIONAL EXPERIENCE

**Business Transformation Manager** | Digital Studio | 1 year
- Scaled organization 3x in one year, growing team from 12 to 36 members
- Reduced client-reported bugs by 80% through quality improvement initiatives
- Increased project margins by 27%
- Streamlined parallel processes to accelerate project delivery timelines
- Increased volume of projects delivered
- Identified bottlenecks through business process and workflow analysis
- Prioritized and executed business process transformation plans
- Established and maintained company-wide documentation standards
- Led project management team: coached managers, facilitated resolution of complex project challenges
- Recruited and interviewed QA specialists and managers
- Partnered with HR and team leads to conduct performance reviews and develop personal growth plans
- Directed operations for 35-person cross-functional team including PMs, front-end developers, back-end developers, QA, designers, and sales managers
- Delivered e-commerce solutions (Shopify, WooCommerce) and creative projects featuring animations and custom designs

**Head of PM** | 8 months
- Improved developer utilization by 20%, reducing inter-project downtime to near zero and increasing revenue
- Drove 40% increase in company profit
- Managed team of 17 including 2 managers and 15 developers
- Implemented OKR methodology at management level to align team efforts with company objectives
- Developed and trained project managers from entry level

**IT Project Manager** | 1 year 10 months
- Successfully launched 40+ website projects
- Designed and implemented standardized time-tracking system, improving estimate accuracy and virtually eliminating budget overruns
- Managed projects across Front-End and CMS platforms including WordPress and Kirby
- Performed manual testing throughout development cycles
- Delivered web design for 3 personal projects and 1 commercial project

# CAREER OBJECTIVES

Seeking opportunities with high-performing teams in product development or game development. Focused on growth as a specialist across multiple disciplines, with particular interest in transforming business processes to advance company goals."
13477,"**HEAD OF BUSINESS ANALYSIS**

---

**PROFESSIONAL SUMMARY**

Results-driven Head of Business Analysis with 8 years of progressive experience in IT and financial services. Proven track record of leading high-performing teams, optimizing operational processes, and delivering strategic solutions for top-tier banking clients. Expert in requirements analysis, project management, and cross-functional team leadership.

---

**PROFESSIONAL EXPERIENCE**

**Head of Business Analysis | IT Company**
*4 years*

- Lead business analysis team, developers, and project delivery across 20+ enterprise-level projects
- Develop and optimize project management processes for internal teams and client stakeholders
- Direct sprint planning and resource allocation to maximize team productivity and project outcomes
- Establish requirements gathering frameworks and formalize documentation in Software Requirements Specifications (SRS)
- Define labor cost estimates and resource planning for project execution
- Create comprehensive user guides and administrator documentation

**Project Manager | Financial Company**
*4 years*

- Managed strategic partnerships with five leading Ukrainian banking institutions: Alfa Bank, Ukrsotsbank, Aval Bank, Bank Credit Dnipro, and Idea Bank
- Designed and implemented loan portfolio segmentation strategy, improving operational efficiency by 8–10%
- Developed predictive scoring model utilizing 50+ performance indicators, enabling data-driven resource allocation that reduced costs by 15% and increased efficiency by 20%
- Unified call center and legal teams into cohesive operational unit, streamlining cross-functional collaboration

---

**CORE COMPETENCIES**

Strategic Planning & Execution | Business Analysis & Requirements Management | Team Leadership & Development | Process Optimization | Stakeholder Communication | Agile Methodologies & Sprint Planning | Resource Planning & Cost Management | Change Management

---

**PROFESSIONAL ATTRIBUTES**

- Analytical problem-solver with strong systems thinking capabilities
- Skilled communicator who builds productive stakeholder relationships
- Adaptable and creative approach to evolving business challenges
- Detail-oriented with commitment to excellence
- Proactive leader and collaborative team player"
13537,"**PROFESSIONAL EXPERIENCE**

**Team Lead / Senior Customer Service Representative**

• Lead and develop a team of junior customer service representatives, establishing performance goals and objectives while ensuring consistent deadline achievement

• Train and onboard new staff members, delivering comprehensive orientation programs and providing ongoing internship supervision

• Coordinate cross-functional initiatives to drive timely project development and completion

• Prepare monthly KPI reports analyzing operator performance and generate strategic data to optimize work process planning

• Monitor working groups and communication channels, identifying and disseminating critical product updates to team members

• Analyze product and service issues to develop actionable recommendations for resolution

• Facilitate interdepartmental collaboration to deliver prompt, high-quality solutions and maximize customer inquiry outcomes

**Customer Service Representative**

• Deliver online customer support and consultation across multiple channels including live chat, ticketing systems, messengers, and social networks

• Serve English-speaking clients across India, Australia, Canada, Nigeria, and Pakistan, resolving complex service issues and ongoing concerns

• Transform customer problems into effective solutions through exceptional service delivery and thorough, timely responses

• Navigate CRM systems across various functions and applications, adapting quickly to new programs and evolving work processes

• Handle diverse customer requests, consistently delivering outstanding service experiences"
13893,"# PROFESSIONAL SUMMARY

Results-driven sales and business development leader with proven expertise in revenue generation, team building, and strategic planning. Achieved $1,000,000 in revenue within 9 months and built a high-performing lead generation and sales team in 4 months. Skilled in implementing OKR and KPI frameworks to drive performance and deliver measurable results.

# CORE COMPETENCIES

- B2B Sales & Business Development Leadership
- End-to-End Sales Process Management
- Team Leadership (Sales, Business Development, Account Management)
- Deal Negotiation & Closing
- Strategic Planning & Budgeting
- Partnership Program Management
- Product Advocacy

# KEY ACHIEVEMENTS

- Drove $1,000,000 in revenue within 9 months
- Established high-performing lead generation and sales team in 4 months
- Implemented OKR and KPI frameworks to optimize performance tracking and results

# PROFESSIONAL EXPERIENCE

**Sales & Business Development Leader**

- Directed end-to-end B2B sales and business development operations, spanning lead generation through customer support
- Led and managed teams of sales professionals, business development representatives, and account managers
- Negotiated and closed deals to drive revenue growth
- Executed strategic planning and budgeting processes to align resources with business objectives
- Managed partnership programs to expand market reach
- Championed product advocacy initiatives to strengthen brand positioning"
13897,"# Commercial Director

**International Trading Company** | Four Years

## Professional Profile

Results-driven commercial leader with comprehensive experience directing strategic operations and driving organizational growth within international trade environments.

## Commercial Leadership

- Directed full scope of commercial operations and strategic initiatives across the organization
- Negotiated high-value contracts with suppliers and buyers to optimize business outcomes
- Managed key accounts while cultivating and sustaining partnerships with international stakeholders

## Team & Cross-Functional Management

- Led team responsible for executing core commercial functions
- Partnered with sales, marketing, finance, and logistics departments to drive organizational alignment and coordination

## Business Impact

- Contributed to company growth and success through strategic commercial leadership and operational execution"
14744,"# PROFESSIONAL SUMMARY

Seasoned transformation leader with extensive experience managing organizational change in large trading and manufacturing companies. Proven expertise in business and system analysis, project management, and process ownership across warehouse logistics, supply chain management, production management, and planning functions. Track record of designing and implementing enterprise systems and leading cross-functional teams.

# PROFESSIONAL EXPERIENCE

**Production Management**
Designed and built management resource system based on MRP II principles, eliminating raw material stockouts, increasing production planning efficiency, and minimizing force majeure occurrences.

**Retail Operations Management**
Oversaw and automated operational activities across grocery and electronics supermarket chain, including corporate directory administration, marketing promotions management, and loyalty program operations.

**Logistics Center Implementation**
Implemented address storage, goods consignment accounting, and WMS, reducing warehouse performer errors in goods selection, placement, and order picking while increasing service levels.

**Distribution System Development**
Developed and implemented S&OP, WMS, SCM, and BI systems, driving increased business efficiency.

**Remote IT Project Management**
Managed IT projects across four countries, establishing and consolidating management accounting systems.

# CORE COMPETENCIES

- Project Management at the Business Analysis and System Analysis intersection
- Process Ownership: warehouse logistics, supply chain management, production management, sales planning, shipping planning, production planning, supply planning, and budgeting
- Enterprise System Design and Implementation: MRP II, ERP, WMS, CRM, BI, MDB
- CIS Design and Consolidated Accounting
- Cross-functional Team Leadership (programmers and analysts, up to 20 people)
- Specialized Division Organization
- Change Management"
14862,"**PROFESSIONAL SUMMARY**

Results-driven executive with 11+ years of expertise in business and project management across Innovative Technologies, Entertainment, Media, and Fashion. Proven track record of building companies from the ground up, optimizing operations, and driving substantial revenue growth. Experienced people leader with 10+ years managing teams of 5 to 500+ members across international markets including France, Italy, Great Britain, UAE, USA, Germany, Saudi Arabia, and Spain.

**KEY ACHIEVEMENTS**

• Built company from the ground up, establishing operational infrastructure and strategic foundation

• Assembled high-performing team that achieved annual plan targets in 7 months

• Drove 102% revenue growth and 58% net profit increase above planned indicators

• Developed and executed rebranding strategy, implementing new organizational structure and operational regulations

• Streamlined business processes, reducing costs by 30%

**CORE COMPETENCIES**

**Business & Project Management**
11+ years of experience spanning Innovative Technologies, Entertainment (3+ years), Media, and Fashion (8+ years)

**People Management**
10+ years leading teams of 5 to 500+ members

**Operations Management**
End-to-end operational development, business process systematization and automation, document digitization

**Financial Management**
Strategic planning and financial performance oversight

**International Project Leadership**
Cross-functional team management across France, Italy, Great Britain, UAE, USA, Germany, Saudi Arabia, and Spain"
14882,"# PROFESSIONAL SUMMARY

Product and project manager with 7+ years of experience in local and international IT companies. Founded and led two software technology startups as CEO, overseeing all business functions including HR, finance, technology development, legal, marketing, fundraising, and business partnerships. Launched web and mobile products for local and international companies, managing full lifecycle from concept through technical implementation to market launch. Developed and executed comprehensive marketing strategies including referral programs, cash back campaigns, and offline partnerships through research, evaluation, concept development, and implementation.

# CORE COMPETENCIES

Startup Leadership & Management • Product Development & Launch • Cross-Functional Team Leadership • Stakeholder Coordination • Marketing Strategy & Execution • Business Partnerships & Fundraising • Agile Project Management • Process Optimization & Automation • Blockchain & Exponential Technologies

# PROFESSIONAL EXPERIENCE

**Founder & CEO | Software Technology Startups**

• Founded and led two software startups, directing comprehensive business operations across HR, finance, technology development, legal, marketing, fundraising, and business partnerships

• Guided technical teams toward roadmap implementation within allocated resources

• Coordinated internal and external stakeholders across 10+ IT projects spanning web and mobile platforms

• Led cross-functional local and remote teams in fast-paced, agile business environments

**Product & Project Manager**

• Launched web and mobile products for local and international companies, owning full lifecycle from concept through technical implementation to market launch

• Developed and executed product-tailored marketing strategies including referral programs, cash back campaigns, and offline partnerships

• Drove research, evaluation, concept development, and implementation for product marketing initiatives"
14890,"# BUSINESS ANALYST | PROJECT MANAGER | CEO

## PROFESSIONAL EXPERIENCE

**Business Analyst**
- Led requirements gathering, consolidation, analysis, and documentation for 1C Enterprise system implementation
- Engaged stakeholders through oral and written communication to elicit and validate business needs
- Mapped and documented cross-departmental business processes
- Optimized 1C Enterprise workflows and enhanced system performance
- Liaised with 1C developers to deliver technical solutions aligned with business requirements

**CEO | Business Analyst | Project Manager**
- Drove end-to-end requirements management for project deliverables, from collection through documentation
- Orchestrated communication with local and global development teams across verbal and written channels
- Led project coordination and facilitated cross-functional team collaboration
- Designed analytical frameworks for marketing cost analysis and effectiveness measurement
- Authored technical specifications and defined functional responsibilities throughout project lifecycle
- Identified and implemented process optimization initiatives
- Leveraged CRM systems for data collection, analysis, and decision support
- Spearheaded charitable NFT project launch
- Executed market research, developed SEO architecture and UX prototypes, and directed team operations

**Project Manager | Business Analyst**
- Managed comprehensive requirements gathering, analysis, and documentation processes
- Architected SEO structure and enhanced website usability
- Coordinated cross-functional activities and streamlined team interactions
- Formulated and executed comprehensive marketing strategies
- Pioneered process optimization initiatives
- Built CRM system for centralized data collection and analysis

**Owner | CEO | Business Analyst**
- Championed Internet business opportunity awareness and adoption
- Crafted business models and strategic plans
- Designed SEO architecture and optimized website usability
- Established company operations infrastructure including documentation, recruitment, and role allocation
- Developed and executed integrated marketing strategies and campaigns
- Drove continuous process improvement initiatives
- Engineered CRM system for data collection and analysis"
14906,"**PROFESSIONAL EXPERIENCE**

**Development Director** | Restaurant Business
- Generated over UAH 10,000,000 in revenue within one month through strategic partnership initiatives
- Systematized and automated company processes, driving operational efficiency
- Implemented 45 staff efficiency indicators and task management systems, resulting in increased revenue and higher project completion rates

**Project Manager | Partnership Department Head | PR Specialist**
- Spearheaded 10x revenue growth within one year (UAH 100,000 to UAH 1,000,000)
- Managed cross-functional projects and organizational initiatives
- Developed and executed partnership strategies and public relations campaigns

**Business Owner | Director**
- Established and managed end-to-end business operations
- Led strategic planning and organizational development

**Political Worker**
- Executed political campaign activities and stakeholder engagement

**EXPERIENCE**
6 years

**LANGUAGES**
Ukrainian – Fluent | Russian – Fluent | English – B2/C1 | German – Beginner | Spanish – Beginner

**EDUCATION**
Bachelor of International Relations"
14907,"# PROFESSIONAL SUMMARY

Results-driven executive with 16+ years of experience spanning investment banking, cryptocurrency markets, and product leadership. Proven track record leading high-growth products with 10%+ monthly user growth, managing profitable trading strategies with 5%+ monthly returns, and scaling from individual contributor to department head. Deep expertise in business transformation, fundraising, algorithmic trading product development, and cross-functional team leadership.

---

# PROFESSIONAL EXPERIENCE

**Head of Liquidity** | Well-Known Crypto Exchange | 2021 – Present
- Lead Listings and Liquidity products, driving userbase growth exceeding 10% monthly
- Progressed through three roles—Business Analyst to Product Manager to Department Head—demonstrating consistent advancement and expanding scope of responsibility

**Founder** | Crypto Hedge Fund | 2013 – 2021
- Managed cryptocurrency portfolios utilizing market neutral strategies, achieving 5%+ monthly profitability
- Raised capital across fixed income allocation, venture investments, and directional trading strategies
- Oversaw development of algorithmic trading systems generating 50% annual returns with maximum 5% equity drawdown
- Delivered accurate forecasts for stock market direction, economic crises, EUR/USD, and oil prices one year in advance

**Product Owner** | Algotrading Bot Development | 2017 – 2021
- Directed product strategy for algorithmic trading bots deployed across cryptocurrency exchanges
- Managed portfolio allocation between Bitcoin and USD to optimize risk-adjusted returns

**Business Development, B2B Sales** | Classical Bank | 2011 – 2013
- Executed business development initiatives within traditional banking environment
- Built two years of B2B sales experience

**Analyst → Portfolio Manager** | Investment Bank | 2008 – 2011
- Advanced from Analyst to Portfolio Manager
- Established foundation in investment analysis and portfolio management

---

# EDUCATION

MBA Coursework in Business Transformation and Systematic Organizational Development

---

# CORE COMPETENCIES

**Leadership & Strategy:** Business Transformation · Product Leadership · Team Management · Strategic Forecasting · Fundraising

**Trading & Finance:** Market Neutral Strategies · Algorithmic Trading Product Ownership · Portfolio Management · Risk Management · Directional Trading

**Technical:** Python · REST API · Websockets · Excel Macros · VPN

**Tools:** Bloomberg · TradingView · Ctrader · Metatrader · Jira · Confluence · ClickUp · Coda · Miro · Slack · Teams · Discord · Zoom

---

# CAREER OBJECTIVES

Seeking CEO, Head of Product, CTO, or Head of Sales role with significant responsibility and growth potential in organizations with strong alignment between leadership incentives and company outcomes."
14914,"# PROFESSIONAL EXPERIENCE

**Chief Executive Officer / Project Manager**
LLC «ДБК-7» | 2017–2022

- Directed cross-functional teams and led strategic team-building initiatives to enhance organizational performance
- Managed full project life cycles from inception through commissioning, ensuring timely delivery and quality outcomes
- Conducted high-level negotiations across all organizational tiers, securing favorable terms with stakeholders and partners
- Oversaw contractual processes and regulatory compliance, including permitting documentation with government authorities
- Spearheaded tender participation and organization, driving competitive positioning
- Led comprehensive planning, budgeting, and financial reporting to support strategic decision-making
- Executed risk analysis and implemented proactive risk management strategies to safeguard project objectives
- Facilitated stakeholder meetings to align project goals and maintain transparent communication
- Developed and executed targeted marketing initiatives to expand business opportunities
- Supervised commissioning processes to ensure operational readiness and client satisfaction

**Deputy Head, Own Forces Department**
LLC «KAN BUD» | 2012–2017

- Planned and coordinated departmental operations and construction site activities to maximize efficiency
- Implemented cost optimization and profit maximization strategies, improving financial performance
- Streamlined work processes through operational analysis and continuous improvement initiatives
- Managed budgeting, tender submissions, contract negotiations, and detailed cost estimations
- Verified and approved «КБ-2» documentation to ensure accuracy and regulatory compliance
- Directed procurement management operations, optimizing vendor relationships and supply chain efficiency
- Collaborated with contractors and project organizations to achieve project milestones
- Monitored and controlled project timelines to ensure on-schedule delivery
- Reviewed and refined pricing policy to maintain market competitiveness"
14916,"**Professional Experience**

**Chief Executive Officer**
CitySites (citysitesglobal.com)
8+ Years

Directed multinational operations spanning 115 branches across seven countries with a team of 200+ employees. Oversaw diverse digital portfolio including 057.ua, inalmaty.kz, comoros24.com, and vilniuje.info.

**Recognition**

Named to Top Young Media Managers of Ukraine—an industry ranking by Talent Advisors and mmr.ua in partnership with PwC.

**Core Competencies**

**Leadership & Management**
- Executive oversight of teams up to 200 employees
- Talent acquisition, development, and training
- End-to-end project management

**Business Development**
- International market entry and expansion strategy
- Large-scale project creation and execution
- Business process analysis and optimization
- Strategic documentation and reporting

**Sales & Customer Relations**
- Sales operations management
- Customer service infrastructure development
- Executive-level client presentations
- Negotiation and objection resolution

**Digital Marketing**
- Search Engine Optimization
- Performance Marketing and PPC
- Social Media Marketing
- Integrated Internet Marketing Strategy

**Professional Profile**

Results-driven executive with demonstrated persistence, initiative, and collaborative leadership style."
14930,"# Professional Summary

Certified Project Manager, Scrum Master, and Team Leader with 3+ years of experience delivering successful projects for demanding clients including Siemens. Proven track record managing timelines, resources, and budgets while ensuring high-quality deliverables on time and within scope. Skilled in project planning, goal setting, task delegation, and team development. Experienced in performance monitoring, risk mitigation, stakeholder management, and transparent communication. Background includes 2 years as Business Analyst and 2 years as Quality Assurance Engineer.

# Key Achievements

**Reversed Client Dissatisfaction and Expanded Project Portfolio**

Inherited two Siemens projects facing significant client dissatisfaction due to previous management. Addressed concerns through effective timeline, resource, and budget management. Delivered both projects on time and within budget with exceptional quality. Reinstated client confidence—Siemens recognized the team as the most professional they had worked with. Secured continued cooperation and additional projects, expanding the company portfolio and demonstrating ability to navigate challenging situations while fostering long-term partnerships.

**Developed Junior Teams into Skilled Mid-Level Professionals**

Designed and implemented a comprehensive six-month training program for two teams of junior members with no commercial experience. Provided structured guidance including task management, simulated commercial projects, and case studies focused on .NET and Node.js skills. Successfully transitioned both teams to mid-level professionals capable of delivering results on par with counterparts having two to three years of experience.

# Professional Experience

**Project Manager, Scrum Master & Team Leader** | 3+ Years
- Managed project timelines, resources, and budgets ensuring high-quality deliverables
- Created project plans, established team goals, and delegated tasks effectively
- Monitored team performance and proactively identified potential issues
- Implemented corrective actions to maintain project alignment
- Managed stakeholder expectations through regular project updates
- Delivered projects for demanding clients including Siemens

**Business Analyst** | 2 Years
- Gathered and translated business requirements into user stories and process diagrams
- Communicated requirements to development teams
- Collaborated with UX teams to ensure design compatibility with business requirements
- Moderated and facilitated client meetings and workshops
- Identified challenges and recommended project improvements

**Quality Assurance Engineer** | 2 Years
- Contributed to development of clinical communication tool combining secure instant messaging with medical imaging
- Contributed to product identifying licensed code areas in projects
- Ensured products met quality standards and specifications"
14932,"# Professional Summary

Blue Prism Professional Developer certified RPA specialist with 5 years of experience delivering enterprise automation solutions. Expert in process analysis, solution architecture, end-to-end development, production support, and technical documentation. Proven track record of delivering complex RPA and data processing solutions for international clients across Europe, Asia, and Australia. Demonstrated leadership through successful project management of RPA teams for global EU clients.

# Technical Skills

**RPA Development:** Blue Prism, Process Automation, Solution Architecture, Production Support

**Backend Development:** Node.js, Express.js, MS SQL, Sequelize ORM

**Core Competencies:** Process Scope Identification, Robust Architecture Design, End-to-End Development, Industry Best Practices, Production Maintenance, Technical Support, Documentation

# Professional Experience

**RPA Developer**

- Delivered complex RPA and data processing solutions for international clients, achieving successful regional deployment across Europe, Asia, and Australia
- Led RPA development team as Project Manager, driving automation delivery for global EU client
- Architected and implemented robust, scalable automation solutions aligned with industry best practices
- Conducted process scope identification and designed automation architectures optimized for scalability
- Managed production process maintenance and delivered technical support
- Created comprehensive technical documentation

**Backend Developer**

- Built backend solutions using Node.js, Express.js, MS SQL, and Sequelize ORM
- Developed automated Blue Prism process monitoring integrated with web-based solutions
- Strengthened technical capabilities by bridging automation and backend development disciplines

# Certifications

Blue Prism Professional Developer"
14939,"**PROFESSIONAL SUMMARY**

Certified Scrum Master with over 8 years of experience at a leading global IT company. Skilled in Agile methodologies and Kanban, with proven success implementing Scrum frameworks from inception. Adept at coaching and mentoring teams to achieve optimal performance while leveraging Agile/Scrum/Kanban practices to drive project success. Proficient in Agile metrics collection and analysis using PERF, Azure DevOps, Jira, and Excel.

Comprehensive expertise in project management including timelines, resource planning, roadmap creation, risk management, hiring and staffing initiatives, and status reporting to clients and management. Skilled in stakeholder management, scope definition, prioritization, and team performance optimization.

**KEY ACHIEVEMENTS**

**Project Leadership in Complex Programs**
Guided a challenged project within a large program as Scrum Master. Identified issues and bottlenecks, implemented process improvements, and addressed resource constraints to ensure on-time delivery and program adherence.

**Dual Role Excellence**
Performed as both Scrum Master and Resource Manager for a 34-member team, delivering results in project delivery and people management.

**Agile Community Leadership**
Contributed to Agile community events, sharing expertise on Agile metrics analysis, Scrum-Kanban integration, effective Retrospectives, and Agile certification preparation.

**CERTIFICATIONS**

- Professional Scrum Master II (PSM II)
- Professional Scrum with Kanban I (PSK I)
- Kanban System Design (KSD)

**CAREER OBJECTIVE**

Seeking a role as Scrum Master or Project Manager in an organization that embraces Agile methodologies. Eager to leverage extensive expertise in an environment that values collaboration, continuous improvement, and innovation. Committed to working with cross-functional teams to ensure efficient Agile processes that foster transparency and adaptability while guiding teams to achieve their full potential."
14947,"# PROFESSIONAL SUMMARY

Outcome-focused Program Manager (PMP, PMI-ACP) and Professional Scrum Master I (PSM I) with 8 years of experience leading development teams. Proven track record delivering web, mobile, and API projects for clients across the USA, Great Britain, and Western Europe. Experienced in managing delivery cycles for small, mid-sized, and enterprise-level companies.

Skilled in process development, people management, and problem solving. Effective collaborator with project teams, senior management, and key stakeholders. Committed to building long-term client relationships through transparent and professional communication.

# CERTIFICATIONS

- Project Management Professional (PMP)
- PMI Agile Certified Practitioner (PMI-ACP)
- Professional Scrum Master I (PSM I)

# CORE COMPETENCIES

**Program & Project Management** | **Agile & Scrum Methodologies** | **Development Team Leadership**

**Process Development & Optimization** | **Stakeholder Management** | **Client Relationship Management**

**Web, Mobile & API Project Delivery** | **Cross-functional Team Collaboration** | **Problem Solving & Decision Making**"
15180,"**PROFESSIONAL EXPERIENCE & QUALIFICATIONS**

• Led and supervised teams of 10+ project managers and IT developers, driving successful project delivery and team performance

• Spearheaded enterprise-wide Cloud Jira implementation, including project architecture design, employee training, and ongoing support infrastructure

• Built and launched Service Desk system from conception to deployment, including comprehensive testing and bug identification

• Developed and implemented business process improvements, including controls for working time record contemporaneity

• Managed Pearson VUE certification center modernization project

• Participated in compliance audits for ISO 9001, ISO 27001, and CISCO Golden Partnership standards

• Conducted quality assurance testing for multiple platforms, including mobile food ordering application and training company website

• Created dedicated support framework for stakeholders following Cloud Jira introduction"
15240,"# PROFESSIONAL PROFILE

**Data Science & Technology Executive | C-Level Officer | Senior Data Scientist**

Strategic leader with 15+ years of IT and business management experience driving enterprise transformation and innovation. PhD-qualified professional with dual postgraduate degrees in Engineering and Economics, combining deep technical expertise with strong business acumen. Proven track record implementing complex enterprise systems, leading data science initiatives, and managing high-performing international teams across nine countries.

---

## CORE COMPETENCIES

**Executive Leadership**
Chief Operating Officer | Chief Financial Officer | Chief Strategy Officer | Chief Performance Officer

**Senior Technical Leadership**
Senior Project Manager | Senior Business Analyst | Senior Data Scientist

**Research Interests**
Management | Modern Inductive Logic | Causality | Evidence | Philosophy of Science | Control Systems | System Analysis

---

## KEY ACHIEVEMENTS

- Directed SAP ERP R/3 full-module implementation (SD, MM, PP, FI, CO) integrated with Business Intelligence and AI capabilities—recognized as one of the most complex IT development projects across industries
- Pioneered SAP and AI integration, completing implementation two years before the first industry publication on the subject
- Built and led data science teams comprising PhD-level professionals
- Successfully managed multicultural teams spanning Ukraine, Russia, USA, UK, Germany, Turkey, India, China, and Belarus

---

## TECHNICAL EXPERTISE

**Enterprise Resource Planning**
SAP ERP R/3 (SD, MM, PP, FI, CO) | SAP BI (Business Objects) | SAP AI Implementation | MS Axapta | MS Navision | QuickBooks EE | Sage Line 50 | 1C

**Business Intelligence & Visualization**
SAP Business Objects | IBM Cognos BI | Tableau | PowerBI | Qlik | Dundas | BIStudio

**Artificial Intelligence & Data Science**
Machine Learning | Deep Learning | Business Statistics | Natural Language Processing | Text Mining | Recommendation Systems | Fraud Detection | Clinical Trials & Diagnostics | Drug Development | Game Analytics | Computer Vision | Object Detection | Image Text Recognition | SparQL

**Analytics Platforms**
R | Python | SPSS | SAS | JMP | MiniTAB | OriginPro | Statsgraphics

**Project & Process Management**
PMBOK 6 | BABOK | Agile | SCRUM | Kanban | Scrumban | SAFe | Lean Six Sigma

**Additional Capabilities**
Digital Marketing | Web Development | Developer Performance Management | Code Metrics | 3D Modelling | Geocoding Systems

---

## PROJECT EXPERIENCE

**Industries & Applications**
Antonov | MoSi GT Engines | Enterprise Resource Planning Systems | Business Intelligence Platforms | Customer Relationship Management Solutions | Advanced AI & Data Science Applications

---

## EDUCATION

**Ph.D.**

**Postgraduate Studies:** Engineering | Economics

**Higher Education:** Technical | Economics (Dual Degree)

---

## PROFESSIONAL SERVICES

- IT Development Department establishment and management (Kharkiv, Ukraine)
- Enterprise-level data science and AI implementation
- Business transformation through AI integration, strategy development, business model optimization, process improvement, organizational design, and metrics development
- Complex IT development and data science initiatives encompassing AI, Machine Learning, Deep Learning, and Time Series analysis
- Long-term product company engagements

---

## AVAILABILITY

CFO | COO | CPO | CMO | Senior Project Manager | Senior Business Analyst | Senior Data Scientist"
15339,"# PROFESSIONAL SUMMARY

Results-driven advertising professional with 6 years of experience managing multi-platform digital campaigns. Proven track record in e-commerce optimization, community growth, and team leadership.

---

# PROFESSIONAL EXPERIENCE

## Digital Advertising Manager

**Campaign Management**
- Managed paid advertising campaigns across Facebook Ads (6 years), Google Ads (2 years), Yandex.Direct (1.5 years), myTarget, and VK Ads (1 year)
- Drove e-commerce sales optimization for grocery online supermarket
- Executed mobile app install campaigns across Google Play and App Store
- Maximized revenue through strategic traffic arbitrage initiatives
- Developed player retention strategies for social casino platform

**Audience & Community Growth**
- Scaled social media presence across Facebook, Instagram, and VKontakte
- Grew Telegram and Viber channel audiences
- Increased YouTube channel subscriber base and engagement
- Generated targeted website traffic through paid acquisition

**Team Leadership**
- Led team for 3 years, specializing in social network and messenger community growth and monetization strategies

---

# CORE COMPETENCIES

- Paid Social Advertising
- Search & Display Advertising
- E-commerce Marketing
- Mobile User Acquisition
- Traffic Arbitrage
- Community Management
- Team Leadership
- Multi-Platform Campaign Strategy"
15419,"# PROFESSIONAL SUMMARY

Results-driven operations executive with 8 years of experience in the telecom sector, specializing in enterprise large systems. Proven track record of developing innovative solutions from concept through successful implementation.

---

# PROFESSIONAL EXPERIENCE

**Chief Operating Officer**
NDA, Ukraine
September 2020 - Present

- Direct management and oversight of company-wide operating activities across all divisions
- Lead strategic planning, business plan development, risk assessment, and business process optimization
- Drive achievement of organizational strategic objectives
- Build and develop high-performing teams while establishing efficient operational processes
- Spearhead product promotion initiatives

**Project Manager / Scrum Master**
NDA, Ukraine
March 2020 - September 2020

- Managed company financial performance, budget execution, and cost optimization initiatives
- Ensured seamless operations across telemarketing, order processing, design, IT, accounting, and finance departments
- Maintained quality standards for all service contract deliverables
- Acquired new clients and projects, managing end-to-end launch processes
- Cultivated strong client relationships through effective stakeholder communication
- Coordinated daily team activities, establishing clear objectives, deadlines, and accountability measures
- Developed and implemented regulatory documentation including instructions, standards, and contracts
- Maintained comprehensive records and internal reporting systems

**Head of Sales Department**
Ukraine
September 2018 - March 2020

**Team Lead, Dealer Department**
Kharkiv, Ukraine
April 2016 - September 2018

**Head of Corporate Sales, Eastern Region**
Ukraine
November 2009 - April 2016

---

# PROFESSIONAL APPROACH

Committed to collaborating with motivated professionals who share a passion for achieving collective goals and celebrating shared success."
15425,"# EXECUTIVE MANAGER | CHIEF OPERATIONS OFFICER

Experienced executive in operations, business development, and employee relations with 10+ years as right hand to ownership and Chief Operations Officer across IT, Consulting, IoT Products, Hospitality, Manufacturing, Parcel Locker Chains, and Logistics industries.

## CORE COMPETENCIES

**Strategic Planning:** OKRs, SMART Methodology, Strategic Decomposition

**Project Management:** Agile, Scrum, Kanban, LeSS, Waterfall, SAFe

**Project Delivery:** Negotiations, Financial Reporting (Plan/Fact), Execution, Risk Management, Problem-Solving, Legal Support, B2B Sales

**Executive Leadership:** Coaching, Cross-Functional Team Management

**Financial Management:** P&L, Cash Flow, Forecasting, Unit Economics, Accounting

**Talent Management:** Recruitment, HR, Talent Development, Compensation & Benefits

**Operations:** Team Culture, KPI Systems, Motivation Systems

**Business Development:** Business Scaling, Market Expansion

**Tools & Automation:** Peopleforce, Pipedrive, 1C, CRM, Jira, Confluence, Slack, Bots

## KEY ACHIEVEMENTS

**Strategic Planning & Execution**
- Implemented comprehensive system linking strategic sessions and financial planning to daily task execution, driving measurable goal achievement
- Created framework for launching new projects encompassing budget calculation, risk assessment, strategy development, and management decision-making

**Culture & Team Performance**
- Developed corporate culture incorporating gamification elements to maximize team performance
- Established culture of continuous learning across the organization
- Launched KPI system tracking individual and team efficiency with direct impact on financial motivation

**Project & Product Leadership**
- Led three parallel B2B projects across two countries, delivering four new products within six months
- Managed three major B2B projects end-to-end from product creation through client launch and ongoing support

**Process Optimization & Automation**
- Automated processes across HR, procurement, production, project implementation, customer service, finance, and sales using 1C, CRM, bots, Jira, and Slack
- Implemented Scrum methodology for 200-person team across multiple countries using Atlassian products

**Financial & Operational Management**
- Recovered $200,000 in long-term overdue receivables from multiple clients
- Secured loans in compressed timeframes for complex products
- Managed production line launch including contractor negotiations, contract execution, and process oversight

## VALUE PROPOSITION

- Launching new businesses or scaling operations to new countries
- Establishing and optimizing new business directions
- Transitioning from manual to systematic team management
- Structuring processes and implementing automation
- Managing complex cross-functional projects
- Building high-performance culture
- Creating stable planning systems through strategic sessions, OKRs, SMART methodology, and daily activity management
- Implementing KPI, metrics, and motivation systems
- Training and knowledge transfer for sustainable organizational capability"
15426,"**PROFESSIONAL SUMMARY**

Dynamic IT professional with 15+ years of experience delivering results in the finance technology sector. Proven expertise in binary options, Forex, and cryptocurrency projects, combined with strong capabilities in remote team leadership, multi-project coordination, and operational process development and optimization.

**EXPERIENCE**

**Remote Chief Operating Officer** | 4 Years
Directed operational processes and organizational strategy in a remote environment, ensuring seamless coordination across teams and projects.

**Remote Project Manager** | 10 Years
Led multiple concurrent projects from initiation through delivery, managing remote teams and maintaining alignment with business objectives.

**Advertising and Marketing Manager** | 1.5 Years
Developed and executed marketing strategies to drive brand awareness and customer engagement.

**Software Tester and Reviewer** | 4 Years
Conducted comprehensive software testing and quality reviews to ensure product reliability and performance standards.

**Support Service Representative** | 2.5 Years
Delivered customer support services, resolving inquiries and maintaining high satisfaction levels.

**PROJECTS & MARKETS**

**Project Types:** Review websites, Forex platforms, binary options, cryptocurrency solutions
**International Markets:** United Kingdom, Canada, United States, Europe

**CORE COMPETENCIES**

• Remote Team Management & Leadership
• Multi-Project Coordination & Delivery
• Operational Process Development & Optimization
• Finance Technology Sector Expertise
• International Client Relations"
15474,"# Professional Summary

Results-driven Product Manager with 4 years of experience in fintech, high-load systems, and platform development. Proven track record of transforming underperforming teams, navigating complex regulatory environments, and driving products from concept to profitability. Deep technical expertise in payment systems, tokenization, cryptography, and AWS-based architectures.

# Key Achievements

- Transformed sprint completion rate from 55% to 117%, sustaining 101.5% average performance
- Navigated complex regulatory requirements to successfully register and operate a company in the Eurozone under strict compliance conditions
- Optimized budget during pandemic downturn while preserving full team capacity, enabling subsequent fundraising success and client acquisition
- Drove product development from initial concept through profitability across both B2B and B2C channels
- Established role as the organization's subject matter expert on tokenization, serving as sole PM capable of addressing technical implementation questions

# Professional Experience

## Product Manager - Payment Systems
**2 years**

- Spearheaded Visa and Mastercard tokenization implementation across the platform
- Built specialized expertise in cryptography and payment security protocols
- Led cross-functional team of up to 11 members, establishing priorities and driving sprint planning
- Partnered with engineering teams to resolve complex tokenization challenges through deep technical collaboration

## Product Manager - Social Platform
**2 years**

- Directed high-load platform development utilizing AWS serverless architecture (Node.js, Vue.js, React.js, React Native)
- Led team of up to 6 professionals across product and development functions
- Owned end-to-end organizational operations including Eurozone company registration, banking coordination, and legal documentation review
- Drove client acquisition and business development initiatives
- Implemented Agile methodology to optimize delivery processes
- Built dual-market platform serving B2B and B2C segments to profitability
- Defined and optimized performance metrics: MAU, ARPU, CAC, Churn, Conversion, and Retention

# Core Competencies

**Product & Strategy:** Product Management, Roadmap Development, B2B & B2C Product Development, Business Metrics Analysis

**Leadership & Operations:** Team Leadership (up to 11 members), Agile Methodology, Process Optimization, Budget Management, Cost Optimization

**Technical Expertise:** Payment Systems (Visa/Mastercard Tokenization), Cryptography & Security, AWS Serverless Architecture

**Business Operations:** Regulatory Compliance, Legal Coordination, Client Acquisition

# Technical Knowledge

Payment tokenization systems | AWS serverless architecture | Node.js | Vue.js | React.js | React Native

# Professional Attributes

- Rapid learner who efficiently masters unfamiliar domains
- Initiative-driven with creative approach to problem-solving
- Strong interest in sports, lifestyle, and healthcare sectors"
15519,"**PROFESSIONAL SUMMARY**

Senior Technology Leader with 12 years of experience in Internet technologies and over 5 years in management. Proven track record of launching projects and building technical infrastructure from the ground up. Built and led development teams of 20+ professionals, including programmers, administrators, and QA specialists. Deep expertise in budgeting, strategic planning, office infrastructure architecture, security, and high-load systems.

**EXPERIENCE**

Delivered projects across varying complexity levels, including multiple high-load applications. Oversaw all aspects of technical operations from initial setup through team scaling and project execution.

Led end-to-end technical infrastructure development, encompassing architecture design, security implementation, and ongoing support. Directed recruitment, team building, and resource management for development organizations.

**MARKETS & CLIENTS**

International experience spanning the USA, Ukraine, Russia, Kazakhstan, Azerbaijan, and Georgia. Developed software solutions for diverse clients across multiple business environments and contexts.

**CAREER OBJECTIVES**

Seeking opportunities in fast-growing markets or dynamic environments that present new professional challenges. Open to startup environments and relocation."
15524,"# PROFESSIONAL SUMMARY

Engineering leader with 17 years of enterprise project experience and 11 years in engineering leadership. Established and streamlined DevOps, Backend, QA, and Frontend teams. Directed enterprise application and monitoring architecture planning and execution. Spearheaded distributed teams across time zones and countries. Eight years specializing in banking, healthcare, robotics, and automotive sectors with expertise in software development, architecture design, API integration, project planning, and team building. Proven ability to communicate complex technical concepts to stakeholders, business teams, sales, QA, development, and DevOps audiences.

# OBJECTIVE

Seeking a leadership role to drive significant impact on product development and user experience by simplifying and improving products to meet evolving consumer needs. Leveraging project management and data analysis expertise to streamline processes, enhance user satisfaction, and increase business profitability.

# CORE COMPETENCIES

**Technical Leadership**
- Development: Java, NodeJS, PHP, Bash, Python, Angular
- Databases: SQL, NoSQL, DWH, PL/SQL
- Software Architecture: Microservices, Messaging, Legacy Wrappers
- DevOps: Docker, GitLab, GitHub, Jenkins, Bitbucket
- Cloud Platforms: AWS, Azure, GCP, DigitalOcean
- Monitoring: Splunk, ELK, Grafana, Prometheus, Nagios, Zabbix
- Web Servers: Apache, Nginx, Tomcat, Grassfish
- Operating Systems: Linux (DEB, RPM, APT), Windows, macOS

**Management & Delivery**
- Methodologies: Waterfall, Agile (Scrum, Kanban), SAFe, XP
- Risk Management, Project Estimation, Planning, and Presales
- Team Building, Hiring, and Management
- Documentation: Markdown, Wiki, Confluence
- Ticketing Systems: ServiceNow, Jira, Trello, Redmine
- Database Design, Data Modeling, and Data Warehousing Planning"
15589,"**IT EXECUTIVE | CIO | PROJECT MANAGER | BUSINESS ANALYST**

---

**PROFESSIONAL SUMMARY**

Accomplished IT executive who built an enterprise IT service from the ground up for a modern holding company, delivering comprehensive technology support to thousands of corporate users. Proven track record of 100% project success rate, including large-scale implementations spanning 34 companies and branches, approximately 20,000 employees, across a 250-kilometer radius—completed in 8 months.

---

**CORE COMPETENCIES**

**Technical Expertise**
SAP ERP | OEBS | Hyperion | Parus | 1C | Custom Software Development

**Project Management Tools**
MS Project | Jira | Azure DevOps | Clarity PPM | ConnectWise Manage

**Methodologies**
Agile | Waterfall | Hybrid

---

**LEADERSHIP PROFILE**

- Direct management responsibility for 65 employees
- Project team leadership spanning up to 250 FTEs

---

**INDUSTRY EXPERIENCE**

Information Technology | Consulting | Oil Production & Refinery | Fertilizers | Mining | Insurance | Non-Governmental Organizations

**Geographic Scope:** Large-scale Ukrainian and international enterprises

---

**KEY ACCOMPLISHMENTS**

- Established complete IT service infrastructure for a holding company, supporting thousands of corporate users
- Delivered enterprise-wide implementation across 34 companies and branches (~20,000 staff) within 8 months
- Executed business transformation initiatives
- Directed personnel optimization programs
- Implemented cost reduction strategies
- Safeguarded information assets from enforcement agency interference
- Cultivated stakeholder relationships across complex, multi-entity organizational structures"
15679,"# DARIA MALININA

## PROFESSIONAL SUMMARY

International professional with seven years of experience in China and Italy. Proven track record in cross-cultural communication, team leadership, and creative project management. Expertise in arts management, journalism, and theater criticism. Fluent in five languages with extensive international exposure across 23 countries.

## CORE COMPETENCIES

Cross-Cultural Communication | International Partnership Development | Team Leadership & Delegation | Arts & Culture Management | Project Coordination | Creative Writing & Editorial Production | Training & Development

## PROFESSIONAL EXPERIENCE

**Art Manager**
- Managed arts-related projects and initiatives from concept to completion
- Coordinated creative programs and cultural events with international partners
- Led teams and delegated responsibilities to achieve project objectives

**Theater Critic**
- Analyzed and reviewed theatrical productions for publication
- Produced critical commentary and written evaluations demonstrating strong aesthetic judgment

**Journalist**
- Researched, developed, and produced editorial content
- Built relationships with sources across cultural and linguistic boundaries

## EDUCATION

Three full-time higher education degrees completed across three countries

## LANGUAGE PROFICIENCIES

English | Chinese | Italian | Ukrainian | Russian

## INTERNATIONAL EXPERIENCE

Seven years living and working abroad in China and Italy | Professional collaboration with foreign partners | Cultural immersion across 23 countries

## PROFESSIONAL ATTRIBUTES

- Results-oriented with high standards for self and team members
- Intuitive interpersonal communication and relationship-building skills
- Strong aesthetic sensibility and attention to detail
- Available for immediate employment"
15743,"# PROFESSIONAL SUMMARY

Lead Cloud Architect with extensive experience delivering large-scale cloud projects across FinTech, Oil & Gas, Retail, and Public sectors. Proven expertise in designing and implementing enterprise cloud environments within a Cloud Centre of Excellence framework, serving as the primary point of contact for complex customer engagements.

# PROFESSIONAL EXPERIENCE

**Lead Cloud Architect | Cloud Centre of Excellence**

Lead architect responsible for end-to-end design and implementation of cloud environments for large enterprise customers in Financial Services, Oil & Gas, Retail, and Public sector organizations.

**Key Responsibilities:**

- Serve as single point of contact for all cloud-related activities with enterprise customers, delivering customer-facing presentations and solutions architecture support
- Design and architect cloud solutions addressing complex enterprise requirements across multiple industries
- Lead cross-functional technical teams spanning CloudOps, DevOps, Infrastructure, and Security disciplines
- Facilitate Architect Forums and technical consultations to drive alignment and best practices
- Execute complex migrations of solutions to new cloud platforms
- Provide technical leadership and project management across multiple concurrent workstreams

# CORE COMPETENCIES

- Enterprise Cloud Architecture & Design
- Large-Scale Cloud Migrations
- Technical Leadership & Project Management
- Customer Engagement & Stakeholder Management
- Multi-Industry Solutions: Financial Services, Oil & Gas, Retail, Public Sector
- Cross-Functional Team Leadership: CloudOps, DevOps, Infrastructure, Security"
16036,"# PROFESSIONAL SUMMARY

Marketing and operations leader with 14+ years of experience spanning FMCG, chemical, hospitality, and blockchain industries. Demonstrated expertise in Brand Marketing, Trade Marketing, Innovation Project Management, NRM, Strategic Marketing, and Strategic Supply Chain. Accomplished in building and directing teams of 5 to 40 professionals across DE, PL, RU, UA, CZ, and HR, encompassing in-house, remote, and contractor models.

# KEY ACHIEVEMENTS

**Global Brand Relaunch**
Directed Fa brand relaunch across 50 markets, managing €20 million total budget

**Innovation & Incubation**
Delivered 4 new brand launches within 6 months through incubator projects spanning e-commerce and D2C channels

**Global Category Development**
Created Global Category Vision for Laundry and HomeCare, securing adoption by 20 global clients

# CORE COMPETENCIES

- Brand Marketing
- Trade Marketing
- Innovation Project Management
- New Revenue Models (NRM)
- Strategic Marketing
- Strategic Supply Chain Management
- Cross-functional Team Leadership
- E-commerce & D2C
- Multi-market Operations

# PROFESSIONAL INTERESTS

Pursuing challenging projects with preference for emerging and unfamiliar categories."
16039,"**PROFESSIONAL EXPERIENCE**

**Team Lead – Email Marketing**
Digital Connect Ukraine (IT Consulting / Services)
October 2017 — Present

- Launched and optimized email marketing and lead generation operations for US-affiliated division in Ukraine
- Designed and implemented workflow optimization strategies to improve team performance and campaign effectiveness

**Channel Development Executive**
Viseven Group (IT Consulting / Services)
August 2017 — November 2017

**Project Manager – Web Front End Applications Development**
Viseven Group (IT Consulting / Services)
July 2016 — August 2017

- Led and managed a team of 12–17 front end developers specializing in e-detailing web applications
- Investigated and resolved technical issues escalated by customers, business stakeholders, and technical teams
- Oversaw deployment releases, bug fixes, and business requests to ensure timely delivery of web front end applications

**Chief Marketing Officer**
Pub Club and Natsionalna Restoratsiya Groups (Hotels / Restaurants / Entertainment)
February 2012 — July 2016

- Restructured marketing department and developed a comprehensive new marketing strategy
- Drove 15%–20% return-on-sales growth across a portfolio of six establishments, including three restaurants and three pubs"
16064,"**PROFESSIONAL SUMMARY**

Results-driven marketing professional with extensive experience in e-commerce and Information Technology. Proven track record developing and launching over 20 e-commerce products on leading marketplaces, achieving bestseller and trending status. Progressed from Technical Writer to Chief Marketing Officer and Release Manager, leading teams of 30+ professionals and directly managing cross-functional teams of 5+ members including writers, designers, and developers.

**CORE COMPETENCIES**

E-Commerce Product Development & Launch | Strategic Marketing & Brand Management | SEO & Content Optimization | Digital Marketing | Market Analysis & Performance Optimization | Partnership Development | Team Leadership & Cross-Functional Coordination | Product Positioning & Branding

**PROFESSIONAL EXPERIENCE**

**Chief Marketing Officer & Release Manager**

Led team of 30+ professionals while directly managing a cross-functional team of 5+ writers, designers, and developers. Developed and launched over 20 e-commerce products on leading marketplaces, with multiple products achieving bestseller and trending status. Established and maintained robust brand identity and corporate reputation through comprehensive marketing strategies aligned with business objectives.

Directed digital initiatives encompassing social media, SEO, content marketing, and online advertising campaigns. Analyzed marketing performance data to identify optimization opportunities and extract actionable insights from large data sets. Forged strategic partnerships and collaborations to drive business growth. Oversaw end-to-end e-commerce product creation processes, collaborating on product launches and positioning refinement while promoting cross-functional collaboration to enhance overall content strategy.

**Technical Writer & Documentation Developer**

Created and developed technical documentation while progressing through increasingly responsible roles. Expanded practical knowledge through contributions to product branding.

**TECHNICAL SKILLS**

**Platforms:** WordPress, Shopify, PrestaShop
**Analytics & SEO:** Google Analytics, Google Search Console, SimilarWeb, Ahrefs, Ubersuggest
**Marketing:** Mailchimp
**Project Management:** Jira, Trello

**KEY STRENGTHS**

SEO-optimized content creation and blog management | Data-driven decision making and performance analysis | Comprehensive product lifecycle management | Strong attention to detail and communication skills | Team coordination and collaboration"
