,Modified_meta-llama/llama-3.3-70b-instruct:free_of_resume_Modelmeta-llama/llama-3.3-70b-instruct:free
6018,"As a web and UX/UI designer, I have had the opportunity to work on several projects, including website redesign and UX/UI design. One notable project was the redesign of the Children's Music School website, where I aimed to create a visually appealing and easy-to-navigate landing page.

To achieve this, I conducted a thorough analysis of the existing website, identifying its strengths and weaknesses. I then created a detailed wireframe of the new landing page, incorporating a news block and a prominent call to action, while ensuring consistency with the school's brand identity through careful selection of color scheme and typography.

Upon wireframe approval, I focused on the visual design of the landing page, prioritizing user experience and ease of navigation. I ensured that important information was easily accessible and incorporated responsive design principles for a seamless user experience across devices.

Another significant project was Pet-Saver-Hub, a web service for rescuing lost and found animals. My primary focus was on creating a user-friendly interface for searching lost or found pets. Through user research, I identified key pain points and created a detailed user flow and wireframe, ensuring an intuitive and easy-to-navigate user interface. I also incorporated interactive elements, such as a map feature, to facilitate the search process.

Through my experience as a web and UX/UI designer, I have developed skills in wireframing, visual design, user research, and responsive design. Projects like the Children's Music School website redesign and Pet-Saver-Hub have provided me with valuable experience in developing user-friendly designs that meet client and user needs.

I am eager to further develop my UI/UX design skills and contribute to projects with significance and impact. I look forward to collaborating with professionals who can help me grow and learn, and to participating in challenging projects that allow me to develop my creative potential and stay updated with the latest design technologies and trends. I value effective communication and teamwork, recognizing their importance in achieving results.

I intend to actively engage with users, collecting feedback to improve the user experience. I understand the crucial role of creativity and attention to detail in the design process and am committed to delivering high-quality work through maximum effort."
6021,"Over 50 Websites
More than 30 Logotypes
4 Mobile Apps
3 Games
1 Social Network

Facility, Kiev — Head of Design Department
Mar 2018 - Present
Organising design team process, optimisation of design flow for different project types. Developing concepts for websites, brands and other products; creating UI/UX, animations, logo books, brand guidelines and brandbooks. Taking a leading role in tenders and offline company activity.
- Publications on medium.com, mmr.ua, cases.media, vc.ru;
- Judging on CSSDA, Ukraine Creative Week. Now on the final stages to joining awwwards judge team;
- Educational lectures in Underhub co-working.

Kiev Smart City, Kiev
Work on concept and final product visualisation for Kiev Smart Card. Developing a row of dynamic city ads concepts.

Mastercard, Kiev
Creating illustrations and limited edition products for 2018 UEFA Champions League Final in Kiev, concept for brand activating program on Ukraine Independence Day 2018.

“Stampede Games”, Kiev
Worked on mobile games, developing visual concepts and UI. Creating concept arts for the second part of game.
Games that were featured and took a place on top-charts:
- Evo Explores
-.projekt

Seeking opportunity for career and financial growth, interesting projects, and good management."
6026,"**Summary**
Highly experienced designer with over 12 years of experience, having created over 300 projects, including 30 products from scratch, 30 mobile applications, 80 websites, and 100 logos and corporate styles. Proven track record of managing a studio with 20 employees and teaching over 150 students in UI/UX and brand design.

**Experience**

* CEO & Designer, Own Design Studio (2014)
* UI/UX & Brand Designer, Art. Lebedev Studio (2015)
* UI/UX & Brand Designer, Forforce (2016)
* UI/UX & Brand Designer, M2E pro (2017)
* UI/UX & Brand Designer, Ardas (2019)
* Lead Product Designer, Innovation Box (2020)
* UI/UX Design Teacher, Hillel IT School (2020)
* UX Designer, Bank BVR (2021)
* NDA (2022)

**Education**

* Master's degree in Engineering Design
* Currently studying for MBA

**Skills**

* UI/UX design
* Brand design
* Frontend development (HTML5/CSS3/TypeScript/Vue.js)
* Backend development (Python, Swift)

**Industries**

* eCommerce
* Finance
* Banking
* Investments
* Marketing
* Social Media
* Laws
* Education
* Development
* NFT
* Art
* Auto
* Game
* Building
* Agro
* Food
* Coffee
* Fashion
* Beauty
* Service
* Music
* Dance
* MMA
* Medicine
* Space
* Sex
* Sport
* Technique
* Weapon
* Insurance

**International Experience**

* Created designs for clients from USA, United Kingdom, Germany, Netherlands, Italy, France, Greece, Estonia, Australia, China, and Ukraine."
9479,"Summary:
Highly skilled Graphic Designer with experience in designing key visuals, SMM, and printing materials. Proven track record of successfully designing logos and identities for new brands. Proficient in Adobe Photoshop, Illustrator, InDesign, and Figma, with some skills in Blender and After Effects.

Experience:
Graphic Designer & UI/UX Designer at QA Madness (Nov 2022 - Present)
- Contributed to the company's global redesign, significantly impacting the final result
- Redesigned the website to reflect the new vision and style
- Introduced and implemented a fresh visual style for presentations
- Redesigned all SMM materials, including LinkedIn, Instagram, and created a page for DOU
- Utilized self-created 3D designs in projects

Graphic Designer at Kronas (Aug 2020 - Feb 2022)
- Designed logos, identities, and printing materials for new company brands
- Developed 3-6 advertising key visuals monthly for the site, social networks, and printing
- Introduced a new visual style for the Instagram profile
- Created multi-page catalogs and brochures in InDesign
- Updated the YouTube channel's look and designed video covers
- Created a sticker pack for Telegram and Viber
- Developed the design for a new trade hall, including branding stands and navigation

Graphic Designer at Design Studio ToTop (Oct 2019 - Aug 2020)
- Designed for various companies across different fields
- Created logos and identities
- Designed outdoor advertising, including roadside billboards, citylights, and car branding
- Produced realistic product visualizations in Photoshop
- Designed printing materials, such as calendars, business cards, postcards, and stickers
- Created multi-page catalogs and brochures
- Successfully designed a 16-page brochure in one working day, from concept to print-ready

Education:
- Completed a UI/UX course at Beetroot Academy, focusing on user-centered design and user experience

Skills:
- Expert in Adobe Photoshop and Illustrator
- Proficient in Adobe InDesign and Figma
- Some skills in Blender and After Effects
- Experience with managing a small team of junior designers"
16980,"Depositphotos | Content Researcher

Researched and created content, including collections and PowerPoint presentations, for client advertisements, email distribution, and publication on the official website. Collaborated with content managers to analyze development and metrics. Organized advertisements for prominent clients such as Coca Cola, H&M, Colgate, Vogue Ukraine, and Marie Claire Maison Italy. Utilized Jira and CRM systems, ensuring localized content aligned with the brand's tone and style.

Depositphotos | Contributor Relations Manager

Researched and identified potential photographers in EMEA and North America, working closely with contributors to develop their portfolios on cloud services. Led training seminars for new employees and collaborated with contributors to enhance their work.

Teacher of English Language

Mentored students with physical or psychological needs, developing personalized techniques and lectures tailored to each individual. Restructured the educational process to meet the unique needs and capabilities of each student, creating a personalized connection to facilitate learning and advancement.

Liberty Power | Door-to-Door Sales Agent

Conducted door-to-door sales, merchandising and advertising products to the general public. Created presentations highlighting product features and benefits, convincing clients to purchase using a scripted approach and finalizing agreements between clients and Liberty Power."
17014,"English Philology Student
4 years of academic study in English philology, with extensive experience in:
- Editing text
- Writing
- Translating

Social Media Enthusiast
Regularly engage with various social media platforms, staying updated on trends and developments.

Highly Motivated and Eager to Learn
Although currently limited in direct work experience, possess a strong desire to learn, work, and pursue a career in the IT sphere."
18230,"Creative/Art Director, Graphic and UI/UX Designer
Ukraine

Highly experienced professional with over 10 years of expertise in Branding, Marketing, Advertising, Graphic Design, Web Design, and Mobile App Design. Proven track record of creating and implementing innovative solutions that drive business growth.

Key Highlights:
- Created over 20 brands in Ukraine
- Collaborated with international clients from the USA, Canada, Australia, New Zealand, Austria, and Finland

Core Values:
- Mutual respect
- Honesty
- Decency
- Punctuality

Delivered unique and bright ideas, effectively developing businesses through creative and innovative approaches. Successfully managed numerous projects, including a particularly interesting and notable project."
18348,"Highly Experienced Designer
Professional website, mobile, and graphic designer with over 6 years of commercial experience in various agencies, contributing to the creation of more than 100 website designs, brand, and advertising projects.

Summary:
Results-driven designer with extensive experience in UX prototyping, UI design, and motion design for desktop and mobile applications, possessing a strong understanding of user personas, user flows, and the principles of atomic design.

SKILLS:
• Graphic Design: Printed Products, Banners, Illustrations, Icons
• Web Design: Responsive, Adaptive
• Mobile Design: iOS, Android
• Wireframes
• Interactive Prototypes
• Atomic Design Principles
• User Personas and User Flows
• HTML, CSS Basics

TOOLS:
• Figma: Team Libraries, Auto Layout, Components Properties, Branches
• Adobe Photoshop: Excellent Proficiency
• Adobe Illustrator: Excellent Proficiency
• Adobe After Effects: Confident Proficiency

Career Ambition:
Seeking a challenging role in a strong team to realize my potential in innovative projects, leveraging my artistic taste to make a significant contribution to contemporary design."
26715,"Results-driven technology leader with approximately 20 years of experience in web design, UI/UX, 3D graphics, and animation, with a strong background in creating own products.

Proven track record as CTO and Tech Lead, successfully growing a team of 25 office developers and over 20 freelancers in an outsource studio, with expertise in art direction and design team management.

Co-owner of a small mobile game studio, with hands-on experience in the full cycle of game development, including concept creation, UI/UX design, visual design, animation, Unity VFX, communication, and sound editing.

Seeking new opportunities for growth and challenge."
26747,"• 8 Design Awards on Behance
• Honorable mention in San Francisco Design week
• Ukrainian design The very best of
• Contributed to the development of an Australia-based digital home loan product, from concept to MVP, over the past year
• Designed and implemented a comprehensive design system from scratch as part of a 3-person team

Highly experienced designer with over 6 years of commercial experience in startups, fintech, organization management, crypto, insurance, and healthcare environments. Skilled in designing for Web, Mobile, Dashboard, and Web applications.

Key skills include:
- Hypothesis generation
- Research
- Wireframing and prototyping
- Usability testing and analysis
- Design system creation
- Team leadership and collaboration

Project stages expertise:
- Stakeholder and product manager communication
- Research
- Functionality mapping and process flow creation
- Low and high fidelity wireframing
- UI research and design
- Team leadership, including managing a team of 8 people

Collaboration and teamwork strengths:
- Mentoring junior designers
- Conducting 1-on-1 meetings for issue resolution and growth planning
- Providing feedback and support to teammates"
29788,"As a self-educated Digital 2D Artist & UI/UX Designer from Kyiv, I possess a strong foundation in design and technology, with advanced knowledge and experience in Adobe Photoshop, Illustrator, Figma, and Procreate App. My skills include:

- Advanced knowledge and experience working with Adobe Photoshop, Illustrator, Figma, and Procreate App
- Strong technical understanding of the subject
- Understanding of current design and technology trends
- Upper-Intermediate English level
- Effective verbal and written communication skills
- Time and self-management skills

With a background in freelance web design (Dec 2018 - Nov 2019) and UI/UX design (Nov 2019 - Aug 2021), I have developed a versatile skill set. Currently, I work as a full-stack UI/UX Designer, Illustrator, and Graphic Designer (Apr 2021 - present).

My technical skills include:
- UI/UX Design and Adaptive design
- Illustration (raster/vector)
- Banner design
- Logo design

I am proficient in the following tools:
- Adobe Photoshop
- Adobe Illustrator
- Procreate App
- Figma
- Midjourney

Notably, I received the RED DOT award in Brands & Communication Design (Aug 2022). I am eager to join a successful company with a friendly team, where I can continue to develop and learn, and contribute my skills and experience to achieve excellence."
29835,"Digital Designer

Summary:
Highly skilled digital designer with extensive experience in marketing, proficient in Photoshop, Illustrator, and Figma. Proficient in Webflow, with expertise in animation, CMS, and more. Proven track record of creating visually stunning designs that drive brand growth.

Skills:
- Color sense, Color Theory, Composition
- Branding, Advertising, Illustration
- Web ads, Social media ads, Digital Design, Digital imagery, Digital Analytics, E-blast
- UI/UX design
- HTML/CSS
- Webflow
- Figma (advanced user)
- Photoshop
- Illustrator

Soft Skills:
- Confidence to work independently and in a team
- Creative
- Interface directly with customers

Education:
- Dare IT - PRODUCT DESIGN
- HILLEL (IT SCHOOL) - BASIC WEB DESIGN
- CASES MEDIA - FIGMA (90)
- CASES MEDIA - Graphic design. Composition (91)

Experience:
Freelance and in-house manager with experience working with over 5 companies from different countries, including an American company. Skilled in team collaboration and client communication, with a focus on delivering designs that engage and grow target markets.

Career Goals:
Seeking a long-term partnership with opportunities for growth, where skills and experience can be utilized to create products that simplify customers' lives."
30606,"Figma:
- Design System Development: Created UI kits and utilized Auto Layout
- Interactive Components and Prototyping
- Utilization of Figma Plugins

Projects at Beetroot Academy (Mentorship):
- UX Research
- Competitors Research
- Sketching and Prototyping
- Understanding of Design Principles:
  - Composition
  - Typography
  - Color Theory
  - Design Trends
- Team Collaboration Experience
- Project Presentation Experience
- Proficient in Google Documents and Google Forms"
30845,"Dynamic junior UI/UX designer with a passion for creating seamless and visually captivating user experiences. Proficient in design software including Figma, Photoshop, and Illustrator, with a solid foundation in design principles and user-centered methodologies. Skilled in producing interactive prototypes, wireframes, and mockups to enhance user engagement and product usability. Collaborative team player dedicated to continuous learning and adapting design strategies to meet evolving user needs.

Completed a 6-month UI/UX design course, with additional studies in HTML/CSS. Successfully defended and presented three projects:
- Redesigned a website for a real estate company in Destin, Florida, focusing on modernizing the design, improving user-friendliness, and incorporating essential features such as user-friendly feedback and property valuation.
- Created a travel website that enables users to find and book excursions, tours, and entrance tickets worldwide, including features for travel agents and companies to post their offers.
- Developed a mobile application for booking tables in restaurants.

Key skills and experiences include:
- Conducting research and analysis of competitors to inform design decisions.
- Creating user personas and customer journey maps to guide the design process.
- Designing adaptive and user-friendly interfaces for various digital products.
- Utilizing design tools such as Figma, Photoshop, and Illustrator to produce high-quality designs.
- Collaborating with others to achieve design goals and continuously learning to improve design strategies.

Seeking a full-time position in a product company that focuses on creating digital products for everyday life and business, where I can apply my skills and experience as a quick learner, responsible team player, and performer of complex tasks."
32072,"UI/UX Designer

Current Role:
- Improved the onboarding process of a financial institution app by 35%
- Led a team of 4 designers in creating visually appealing and functional products that resonate with users and meet business objectives
- Utilized Agile planning principles to deliver tailored solutions meeting customer requirements
- Employed wireframes, mockups, and prototypes to establish user interface design and architecture

Previous Role:
- Enhanced the audience management system of a SaaS tool by 25%, demonstrating ability to design solutions that drive business results and are aesthetically pleasing"
46443,"Over 10 years of commercial experience in design and development of web solutions.

I design large CRM and SaaS projects, mobile and desktop applications, with a focus on creating and maintaining Design Systems to simplify and accelerate the product development process. 
I have experience in creating large design systems from design to implementation in React and Storybook.
My career has spanned positions from Graphic Designer to Product Designer, with achievements including managing the creation of products from scratch to release version in 3-4 weeks on multiple occasions.
My design and development portfolio includes over 50 landing pages, promo pages, and 10 user cabinets, with implemented functionalities ranging from dashboards to smart timers and photo editors.
I am proficient in Figma, Sketch, Adobe CC suite, HTML, CSS, JS, React, Next.js, WordPress, and Storybook.
I am seeking a company or team of developers that prioritizes quality and user experience, and is looking for a professional to handle UI/UX, branding, and corporate style matters, or maintain a product's design system.
Key interests include:
- Developing interesting and useful products for people
- Collaborating with high-engagement and professional teams
- Influencing product development and working under proper management
- Leading products or parts of them."
46506,"Software Developer
Experience: Small IT Company
- Utilized JavaScript technologies and React framework to develop software projects
- Created web pages using JSX, incorporating HTML and CSS
- Implemented animations using Framer Motion and utilized Mui components
- Collaborated with various tools including Bootstrap, Materialize, Figma, and Adobe Photoshop for development and design purposes"
50300,"Results-driven software developer with a proven track record of delivering high-impact projects, including the successful deployment of a groundbreaking customer engagement suite for a major e-commerce business. This project, designed from the ground up, leveraged innovative technologies and processes to drive incremental revenue through enhanced customer acquisition, satisfaction, and retention. The project's timely completion, adherence to budget, and positive reception from users and clients underscore my technical expertise and meticulous project management skills.

Technical expertise includes developing interfaces, integrating APIs, and creating custom plugins with React, Vue, and Flutter. Proficient in backend development using Node.js for website and application development. 

Currently, I serve as a frontend developer, responsible for crafting interfaces that meet client specifications while prioritizing system usability. Key responsibilities encompass ensuring top-notch application user experiences aligned with industry standards, collaborating with development teams, debugging issues, performance checking, and optimizing code as necessary. Additionally, I contribute to project planning and strategize information flows between backend databases and user interface components.

Committed to continuous learning, I aim to expand my technical skillset by staying updated on the latest industry trends and technologies. Through collaboration with experienced engineers, I seek to deepen my understanding of software architecture designs, ultimately striving to become a reliable and skilled professional in the software industry."
51419,"Results-driven UI/UX developer with a background in programming, seeking a full-time remote position. Proven experience in freelance design work and a year of out-staff UI/UX development for an IT company. Skilled in solving complex problems and eager to continue tackling challenging projects."
53971,"Senior Graphic Designer
5 years of experience

Game UI/UX Designer
3 years of experience, currently employed

Indie Game Development Experience
2019-Present
- Contributed to various projects in roles including 3D modeling, texturing, and 3D animation
- Utilized graphic design background to specialize in creating game interfaces

Game UI Designer, Major Game Development Company
1.5 years of experience

Seeking new opportunities in Game Development industry"
53972,"Highly motivated and experienced graphic designer with 2+ years of experience in creating websites, banners, and emails, and 1 year in GameDev industry.

Proven track record of delivering high-quality visual content, including offers, decorations, and banners for mobile games. Skilled in creating layouts based on provided graphics or designing navigation elements and decors from scratch.

Proficient in utilizing industry-standard tools such as Photoshop and Figma, with additional expertise in creating animations using After Effects and Figma.

Seeking a challenging and rewarding role in mobile game development, with a strong desire for long-term cooperation with a GameDev company and opportunities for professional growth and development."
53973,"Game UI/UX Designer & UI Artist

Summary:
Highly motivated and experienced Game UI/UX designer with a strong background in web design, proficient in UI art and animation since 2019. Profound understanding of the full project cycle, with expertise in HTML, CSS, and JavaScript.

Experience:
- Developed and implemented intuitive UX flows aligned with the overall game design
- Created UI screens, UI elements, and prepared assets for programmers
- Communicated UX vision and design ideas to team members, collaborating to integrate designs into the game
- Utilized skills to support game development
- Participated in updating official websites and redesigning logos for sites and applications
- Mentored and carried out independent client acquisition
- Contributed to building a design process and skill development for staff

Skills:
- Figma
- Adobe Photoshop
- Unreal Engine 4
- Unity
- HTML
- CSS
- JavaScript

Education & Teaching:
- Teach design at IT Academy (Lviv)

Personal Interests:
- Learning new languages
- Sports: basketball, Brazilian jiu-jitsu
- Yoga and maintaining a sporty, healthy lifestyle

Team Values:
- Collaborative and flexible work environment
- Valuing each team member
- Focused on delivering useful product results"
53974,"Game UI/UX Designer/Artist

Highly motivated and detail-oriented game UI/UX designer and artist with experience in creating engaging and user-friendly interfaces for casual games. Proficient in designing UI visuals from concept to final rendering and preparing sprites for Unity development.

Key Responsibilities:
- Research game interfaces and functional solutions to develop convenient, visually attractive, and unique interfaces
- Create UI visuals, logos, icons, buttons, pop-ups, and unique mechanics for casual games
- Collaborate with cross-functional teams including designers, managers, 2D and 3D artists, and programmers
- Monitor interface layout in game engines and stay updated with the latest UI/UX design trends and techniques

Education:
- Bachelor's degree in ""Artist-performer"" from Kyiv National University of Construction and Architecture

Experience:
- Participated in the development of a released mobile casual game
- Currently working as a game UI/UX designer/artist at a Ukrainian game company, creating UI visuals for casual games and collaborating with a team of designers, managers, artists, and programmers

Seeking a challenging role with a strong team where I can apply my skills and knowledge to deliver high-quality results and continue to grow professionally."
53975,"Graduated with honors from Web Design courses and supervised the final group project
Successfully organized the printing of materials for two exhibitions in different cities at the same time
Developed a welcome-box for new employees of the company
Completed 248+ projects
3+ years of experience
Completed English courses in 2022 with honors
Continuing to work actively in challenging times

UI/UX game designer with 4 years of commercial experience in Design and 2 years in GameDev
Worked on various projects, including mobile shooters, educational games, tactical MOBAs, and multiplayer casual games
Participate in and support the full cycle of UI and UX creation: information architecture, player flows, UI research, wireframing, style research, prototyping, resource implementation, and game testing
Utilize Figma, Photoshop, Unity3d, Jira, Confluence, and Plastic SCM daily, with a willingness to learn new technologies

Key accomplishments:
Led full UI development for an educational mobile game with over 100,000 downloads
Participated in the development of a AAA PC MOBA
Updated the design and transferred a PC simulator to a mobile platform for cybersportsmen
Created game graphics using a graphics tablet

Seeking a company with a friendly team, high-quality projects, and a supportive environment, where I can contribute to innovative and challenging projects, regardless of size or complexity."
53976,"Here is the rewritten resume:


Summary:
Results-driven team player with expertise in UI art, 3D modeling, and concept art. Proven ability to quickly acquire new knowledge and skills. Effective teacher and leader with excellent communication skills.


Skills:
- Game UI art
- UI design
- 3D modeling and sculpting
- Texturing
- Character concept art
- Environment concept art
- Illustration
- Character design
- Creative design
- Fluent in English
- Rapid knowledge acquisition
- Team collaboration
- Teaching and leadership


Software Proficiency:
- Photoshop
- Daz Studio
- Blender
- Substance Painter
- Substance Designer
- ZBrush"
53977,"Results-driven professional with expertise in motion design, team management, and UX/UI design. 

Key Achievements:
- Created exceptional motion design for worldwide poker and casino products
- Improved design and animation export pipeline in multiple projects
- Successfully managed a team of 7+ onboard and outsourced professionals across design, graphics, motion, animation, sounds, and development

Experience:
- Contributed to the rebranding of poker brands
- Designed UX/UI for poker applications
- Developed, organized, and distributed project style guides, design systems, and asset libraries
- Created motion graphics and animations for poker and casino games, including slots, betting, and blackjack
- Established clean and scalable After Effects project architecture
- Produced motion graphics for live online events
- Played a key role in creating and organizing the gaming design team
- Collaborated with the development team to improve design and animation consistency, introducing new technologies to the workflow
- Enhanced the visual and gaming experience of products
- Prepared detailed briefs and specifications, guiding design, graphic, motion, sound artists, and developers to achieve final results
- Designed storyboards and concepts for promotional videos

Career Goals:
- Leverage experience in the gaming industry to acquire new skills from leading specialists
- Produce high-quality products
- Effectively manage tasks and take responsibility for outcomes
- Motivate teams to strive for excellence in product creation"
53978,"UI/UX Designer
Proven track record of utilizing prototyping skills to enhance UI and game experience, with a focus on improving performance, streamlining development, and simplifying UI layouts. Consistently delivered high-quality results ahead of schedule, resulting in high customer satisfaction.

Key Skills and Experience:
- Implemented 9-Slice Scaling on various projects
- Successfully imported finished interfaces from Figma directly into Unity
- Developed comprehensive User Flows and Wireframes
- Created UI elements from scratch
- Selected and implemented appropriate fonts for projects
- Prototyped interfaces to test and refine user experience
- Collaborated with cross-functional teams, including UI/UX developers, game designers, artists, and programmers
- Designed and developed UI for projects across multiple platforms, including PC, consoles, and mobile devices"
53979,"UX/UI Designer (2020-2022)

Second Half of the Year:
- Developed an indie game's interface based on self-conducted UX research
- Created low- and high-fidelity wireframes
- Collaborated with developers and game designers
- Designed and implemented surveys and exercises for user testing to gain in-depth understanding of the game

First Half of the Year:
- Developed UX/UI solutions using user-centered design principles
- Conceptualized ideas from low-fidelity wireframes to interactive visual designs and prototypes
- Designed site maps and information architecture
- Demonstrated how design solutions address core user needs and add value
- Utilized storyboards, process flows, and sitemaps to illustrate design ideas
- Created adaptive and responsive UX/UI wireframes for web-based applications
- Considered negative paths and ensured design covered full customer loops
- Developed customer journey maps and guides to support product vision

Visual and Graphic Designer (2019-2022)
Key Responsibilities:
- Created logos, conceptual identities, banners, posters, and ads
- Generated ideas and styles, staying up-to-date with design trends
- Paid attention to details and structured work results
- Presented and defended design ideas to clients
- Collaborated with a strong team to implement knowledge and skills into products"
53981,"UI/UX Designer & Artist
Experienced in game development since 2020, with a background in creating engaging graphic works and a deep understanding of design principles.

Professional Experience:
UI/UX Designer/ UI Artist at Game Insight, 101XP, Playrix, and WhaleApp

Key Skills:
- Graphic Design: Comprehensive knowledge of graphic development cycle, including website and application design, branding, polygraphic design, and 2D animation
- Technical Expertise: Proficient in adhering to technical requirements for printed materials and digital layouts
- Project Management: Proven ability to manage projects effectively, ensuring high work organization and timely completion
- Creative Problem-Solving: Skilled in critical thinking and bringing creative solutions to the table

Work Environment:
- Collaborative team player with experience in qualified management and creative spaces
- Proven ability to work on interesting projects, driving innovation and excellence in design"
54796,"Designer from Kharkiv with over 10 years of experience in graphic and UI/UX design. Proven track record of working with European clients and leading Ukrainian real estate companies.

Experience:
- Created numerous logos and styles for outdoor advertising in Kyiv, Kharkiv, and other cities in Ukraine and Europe
- Worked in advertising and marketing agencies, printing houses, and as a freelancer
- Developed company identities for prominent Ukrainian real estate companies
- Designed websites using the Tilda constructor

Services:
- Creation of landing pages and websites
- UX research
- Logo design
- Social network design
- Layouts for printed materials
- Presentations
- Outdoor advertising
- Transport branding

Skills:
- Excellent organizational and planning skills
- Strong team player
- User-friendly design expertise

With a strong desire to grow and develop as a UX/UI designer, I look forward to collaborating and exploring new opportunities."
54797,"UX/UI Designer
Remote Graphic, UI/UX Designer from Ukraine with 4+ years of experience in creating user-centric designs for complex and specialized software products, including SaaS services, web apps, and mobile apps.

Summary:
Led UX/UI design project at Stress Point Health Ltd, designing from idea to full UI. Proven experience in reworking UX & UI, iterating designs based on feedback, and creating on-brand solutions that meet business goals.

Experience:

UX/UI Designer, ManyRequests (Aug 2020 - Nov 2020)
- Reworked UX & UI of an existing product to enhance user experience
- Iterated designs based on feedback, user testing, and feature response
- Created on-brand design solutions that met measurable business goals and requirements
- Integrated new features according to user needs

Product Designer, Stress Point Health Ltd (Apr 2018 - Jun 2020)
- Designed a mobile app for patients to access stress, anxiety, and trauma treatment
- Led design from idea to full UI, combining metrics and visualizing data for users
- Created wireframes, user journeys, and prototypes for testing
- Facilitated usability testing sessions with 22 volunteers to ensure usability

UI/UX and Web Designer, Propeller Digital Company (May 2016 - Dec 2019)
- Led design decisions as the sole designer
- Designed all visible pixels, from websites to print materials and infographics
- Analyzed briefs to define user experience approaches and activities
- Translated concepts into wireframes, designs, and mockups for B2B and B2C markets
- Redesigned business presentations, logo, brand identity, and visual design of existing websites"
54798,"Creative Intern, Phiture (6 months)
- Created illustrations and design assets for marketing team
- Adjusted designs to brand guidelines
- Conducted print design and photo retouching
- Developed marketing assets for clients, including Ad Hoc Labs and Tipp24
- Participated in A/B testing for Adobe
- Assisted in Quality Assurance processes

Master's Degree in Design and Journalism (3 years)
- Completed non-profit projects for a charitable organization, refining graphic and UI/UX design skills

Skills:
- Vector graphics, icons, and logos
- Application prototyping and branding
- Video editing and motion graphics
- Information and text management, with experience in multimedia journalism"
54799,"Design Teacher & Freelance Designer

Summary:
Results-driven design teacher and freelance designer with 3 years of teaching experience and a strong background in graphic design, web development, and digital media. Proficient in a range of design programs and technologies, with a strong passion for creative and complex projects.

Experience:
Design Teacher, Itstep Academy
- Currently teaching design to students, sharing knowledge and expertise in design principles and software.

Freelance Designer
- Developed a multi-page website for Softkit IT company
- Created a corporate identity and website for Ugtransresurs coal company from scratch
- Collaborated with clients such as Hipinspire.com, SmartJ, and Softkit
- 2 years of freelance experience, with a strong portfolio of work

Intern, Peace IT
- Completed a 2-month internship, gaining valuable industry experience and skills

Skills:
- Proficient in design programs such as Adobe Illustrator, Photoshop, InDesign, Premiere Pro, After Effects, 3D Max, Maya, 3D Coat, and Figma
- HTML and CSS skills
- Intermediate level English language skills
- Strong understanding of design principles and practices
- Ability to work independently or as part of a team, in an office or remote setting

Career Goals:
Seeking a challenging and creative role in a young and dynamic team, with opportunities for growth and self-realization as a designer."
54800,"Mary
Graphic Designer

Summary:
Highly motivated graphic designer with over 3 years of experience in designing various projects, including logo design, banner design, outdoor advertising, and personal/corporate landing page design.

Technical Skills:
- Proficient in Adobe Photoshop, Illustrator, and XD

Experience:
Graphic Designer
- Designed multiple layouts for various projects
- Utilized Photoshop, Illustrator, and XD to create visual content
- Specialized in logo design, banner design, outdoor advertising, and personal/corporate landing page design
- Managed file printing for completed projects

About:
Dedicated and open to new design opportunities, with a strong willingness to cooperate and collaborate on diverse projects."
56453,"Results-driven design and computer graphics professional with 12 years of experience in the field. Proven ability to develop new skills and expand areas of research. Seeking a challenging role that utilizes creative, technical, and management skills to drive team success and deliver high-quality results. Committed to continued growth as a versatile specialist, contributing to the completion of assigned tasks to the highest standard."
56528,"Finalist, Hublot Design Prize (2022)

Personal Illustrations Exhibitions:
Ukraine, Germany, France

Illustrator, 100Roads (USA, remote) 2021-2023
- Concept development
- Sketching
- 2D digitalization of onboarding backgrounds for EdTech platform

Art Director, Kukuruza Video Production (Ukraine) 2022-2023
- Concept idea creation
- Style mood board development
- Department management
- Collaboration with top retailers, IT companies, government, and worldwide businesses

Stage Designer, Kukuruza Video Production (Ukraine) 2021-2022
- Storyboard creation
- Location art direction
- Prop design for videos
- Collaboration with top retailers

Printing Designer, Picasso Art Wedding (Ukraine) 2017-2020
- Watercolor illustrations
- Calligraphy
- Prepress and printing (invitations, menus, name cards, envelopes)

Graphic Designer - Contractor, SSN Design Bureau (Ukraine) 2019
- Branding
- Illustrations
- Logo design
- Packaging
- Prepress for FMCG, restaurants, and coffeeshops

Freelance Contractor (Ukraine, Europe, USA) 2014-Present
- Web design
- UI/UX
- Illustrations
- Brand identity
- Prepress
- Social network design (Vogue Ukraine project)
- Collaboration with FMCG, fashion brands (Elle magazine cover), start-ups, galleries, and small to medium-sized enterprises

Results-driven team player, open to new tasks, projects, and experiences."
56542,"Ann
Passionate Graphic Designer

Summary:
Results-driven graphic designer with over 4 years of professional experience creating effective designs for big and small companies. Proven ability to generate innovative ideas and work efficiently in fast-paced environments.

Experience:
In-house Graphic Designer & Freelance Designer
- Designed press media kits for bloggers, logos and song covers for singers, websites for creative agencies, presentations for branding and marketing courses, stickers and postcards for brand touchpoints
- Developed brand identity and logo designs, presentations, infographics, layouts, print materials, and web marketing materials
- Created landing pages, multi-page websites, product sites, and email newsletters

Skills:
- Brand identity and logo design
- Presentations
- Infographics
- Layouts
- Print materials (menus, business cards, flyers, brochures, stickers)
- Web marketing
- Web design (studied at Projector)
- UI/UX design
- Collaboration and teamwork
- Original, engaging, and functional design solutions

Education:
- Studied Web Design at Projector
- Background in Graphic Design

Personal Qualities:
- Attention to detail (lines, points, details, edges, corners, and distances)
- Empathetic understanding of people's needs
- Ability to create functional designs

Career Goal:
To bring creativity, teamwork, and skills to a new company and contribute to its growth and development."
56543,"Graphic Designer
- 3+ years of experience in graphic design
- Proven expertise in marketing and corporate design
- Skilled in creating and maintaining visual identity
- Proficient in design thinking process
- Experienced in creating graphics for media and communications
- Proficient in infographics, illustration, animation, UX/UI design
- Proficient in Figma, After Effects, Photoshop, Illustrator
Recent Project:
Worked on an animation project for a Ukrainian channel in Poland, collaborating with a team to gain valuable knowledge and experience."
56544,"Summary:
Highly motivated and detail-oriented Graphic and UI/UX designer with experience in creating innovative designs, meeting deadlines, and working with various visual elements.

Experience:
Graphic and UI/UX Designer
- Designed the Lomogram app, a top 5 photography app on the Windows Phone Store with 20M downloads (2012-2013)
- Produced competitive design advertisements and created 2D banners and animations for social media resources at Plarium
- Developed branding identity, advertisements, and connections between the company and users at Grls Gang
- Created social media materials, advertisements, and printing materials for various companies and freelance projects

Skills:
- Graphic design
- UI/UX design
- Color theory
- Shape and composition
- Typography
- Illustrations
- Layout design
- Advertising design
- Social media design
- Branding identity
- Animation

Education:
Nurtured interest in design through education and practical experience as a Graphic and UI/UX designer

Continuous Learning:
Committed to staying updated on industry trends and best practices, ensuring the delivery of high-quality designs and solutions."
56545,"Advertising Agency:
Development of visual communications for brand representation

Digital Agency:
Maintenance of social network pages for brands and influencers

Key Creative Outputs:
- Printing design
- Poster design
- Social network design
- Advertising banners
- Web design
- Animation"
56618,"7+ years of experience as a Graphic Designer
Graphic Designer, Manufacturing Company (5 years)
- Developed a wide range of products, including print and digital materials (outdoor advertisements, web banners, social media posts, etc.)
- Provided UI/UX guidance and improved the main e-commerce website (last 2 years)
Seeking a UI/UX Designer position with opportunities for growth and professional development
Additional interests include game development and 3D modeling"
56619,"Liudmila

Summary:
Highly experienced graphic designer with over 10 years of experience in logo design, corporate identity, social media, web design, and more.

Professional Experience:
Over 10 years of experience in graphic design, with a focus on:
- Logo and corporate identity design
- Design for various social media networks
- Web design

Professional Skills:
- Proficient in Adobe Illustrator, Adobe Photoshop, InDesign, Corel Draw, Google Slides, Canva, Figma
- Expertise in creating and preparing graphics for digital and print design
- Proven track record of creating over 100 logotypes and new style guides for various business spheres

Design Expertise:
- Logo and corporate identity design
- Social media design creation
- Web-sites and user interfaces design
- Packaging and printing products design
- Presentation design"
56629,"Creating intuitive and visually appealing interfaces that ensure a pleasant user experience with the product. 
Conducting user research, including observations and analysis of user behavior, to gather insights that contributed to design improvements and enhanced user satisfaction. 
Participating in a team project where I had a significant role in designing the interface of the service, leveraging my experience in graphic design. 
Developing a design system for the team project.

From 2016 to 2022, I worked as a graphic designer, specializing in the development and execution of visual design projects.
I created logos, corporate identities, advertising materials, and other graphic solutions.
Half a year of practice in UI/UX design, where I already have experience in creating a landing page, redesign, a team project for a web service, and team project for  mobile app.
I am currently actively looking for my first job as a UI/UX designer.

Team project ""LifeLandscape"" web service for landscape design. I have worked extensively on the ""LifeLandscape"" web service for landscape design, gaining valuable experience in the following areas:
Collaborative Teamwork: I actively participated in a my team, working closely with UX designers to ensure seamless integration of design elements into the web service.
User-Centric Design: I focused on creating intuitive and visually appealing user interfaces that enhance the overall user experience. I conducted user research, analyzed user feedback, and iterated on designs to optimize usability. 
Responsive Design: I implemented responsive design principles to ensure the web service is accessible and optimized for various devices and screen sizes. This involved adapting layouts, optimizing images, and maintaining consistency across different platforms.  
Overall, my experience working on the ""LifeLandscape"" project has equipped me with a solid understanding of UI/UX design principles, a keen eye for aesthetics, and the ability to translate complex requirements into visually appealing and user-friendly designs. 

The project I worked on as a UI/UX designer involved the redesign of a website for a tattoo studio located in Destin, Florida.
The primary objective of the project was to create a visually appealing and user-friendly website that would effectively showcase the studio's work, attract new clients, and provide an enhanced user experience.
To achieve this, I conducted extensive research into the target audience and their preferences. This research informed the design decisions, ensuring that the website resonates with the studio's target demographic.
I focused on creating a modern and engaging interface, utilizing a clean and intuitive layout that allows visitors to easily navigate through different sections of the website.Overall, my role as a UI/UX designer involved conceptualizing and executing a visually striking and user-centric website redesign

Seeking a job that aligns with my skills and interests in the UI/UX design field.
Opportunities to develop and enhance my UI/UX design skills, learn from experienced professionals, and work with modern tools and technologies.
Working on interesting and diverse projects where I can apply my creativity and innovative design approaches.
Working in a supportive team environment that values collaboration, idea exchange, and collective growth.
Having the opportunity to make a significant impact on the end product by ensuring high-quality design and an excellent user experience.
Being part of a team of professionals, receiving recognition for my work, and contributing to the success of the company or project.
Having the flexibility to work according to a flexible schedule that allows for a balance between work and personal commitments.
Considering the possibility of career advancement, taking on new responsibilities, and accessing better opportunities in the future."
56630,"Web / Graphic Designer
Summary:
Highly experienced Web and Graphic Designer with over 7 years of experience in the field, utilizing expertise in visual design and technical skills to deliver high-quality designs.

Tools:
- Figma
- Adobe Illustrator
- Adobe Photoshop
- Sketch

Experience:
IT Companies (Early Career)
- Worked as a designer in two different IT companies, gaining foundational experience in design principles and practices.
Freelance Designer
- Collaborated with various companies on remote projects, expanding portfolio and adapting to diverse design requirements.
- Successfully managed independent projects, applying creative skills and technical knowledge to achieve client satisfaction.

Key Skills:
- Logo and Brand Identity Creation
- Designing Banners (Print and Social), Flyers, Posters, and other visual materials
- Social Media Post Design
- Unique Icon and Illustration Creation
- UX/UI Website Design, Redesign, and Responsive Design

Strengths:
- Exceptional drawing skills, enhancing understanding of color sense and composition, allowing for the creation of visually appealing and effective designs."
56631,"iOS and Android App Designer
UX Design Expertise
Website Design
Responsive Design
Landing Page Creation
Promotional Design (Banners, POSM, etc.)
Logo Design
Animation
GUI Design
Experience working with Product and Outsourcing companies

Proficient in:
Figma
Adobe Photoshop
Adobe Illustrator
Adobe After Effects
Lottie
Sketch
Affinity
Procreate
Freehand Drawing

Familiarity with project management tools:
Slack
Jira
Confluence
Keybase
Trello
Redmine

Experience with:
InVision
Hotjar
Wordpress

Technical Skills:
HTML
CSS
Python Core
JavaScript

Additional Skills:
Marketing Knowledge
Visual Communications

Available for new challenges, open to relocation or remote work opportunities."
56632,"Summary:
Highly skilled graphic designer and UI/UX designer with 4 years of experience, possessing a strong portfolio and excellent communication skills. Proficient in industry-standard design software, with a strong understanding of web design principles, typography, and visual design.

Experience:
Graphic Designer & UI/UX Designer
- Freelance (initially)
  - Created logos and social media posts for brand pages
  - Designed landing pages
- Typography
  - Prepared designs for printing
  - Designed merchandise for brands
- Branding Agency ""onO"" Nova Market
  - Collaborated on brand identities and strategies, including a project for a furniture store

Design Process:
- Gather requirements
- Create user stories
- Conduct user research
- Develop intuitive and engaging visual designs

Skills:
- Graphic design
- UI/UX design
- Strong communication and presentation skills
- Attention to detail and excellent documentation skills
- Analytical skills, including application performance analysis and trend identification
- Proficient in industry-standard design software (Photoshop, Illustrator, Adobe XD, Figma, etc.)
- Strong people skills, with ability to communicate effectively verbally and in writing
- Creative, logical, and able to work in dynamic environments

Personal Qualities:
- Passion for design
- Positive attitude
- Ability to work creatively within agile development processes
- Enjoys working under deadlines to deliver high-quality results"
56633,"Recent Design Graduate
Highly motivated and diligent individual seeking an entry-level design position to apply skills and knowledge gained through education and personal projects.

Education: Completed design courses
Projects: Successfully created 2 non-commercial design projects
Career Goal: To join a team of talented professionals and contribute to innovative projects while continuing to learn and grow as a designer."
56634,"Summary:
Highly skilled designer with expertise in visual content creation, social media management, and website design.

Experience:
- Created engaging banners, social media posts, and print materials
- Developed brand identities and managed visual content production
- Utilized photomanipulation, illustration, and 2D character design skills
- Produced animations and designed interactive site prototypes

Skills:
- Proficient in Figma, Adobe Photoshop, Adobe Illustrator, and Adobe After Effects
- Strong understanding of design principles and visual storytelling
- Experienced in designing and prototyping websites

Tools:
- Figma
- Adobe Photoshop
- Adobe Illustrator
- Adobe After Effects"
56635,"Experienced Graphic Designer
Seeking a role in UI/UX design for mobile applications, with a strong foundation in graphic design.

Summary:
Highly motivated and detail-oriented graphic designer with extensive experience in creating visual content. Proficient in adapting to new design challenges and eager to expand skills in UI/UX design for mobile applications.

Experience:
Graphic Designer
- Created numerous graphic design projects, with a focus on visual aesthetics and effective communication.
- Developed a strong understanding of design principles and their application in various mediums.

Skills:
- Graphic Design
- UI/UX Design (interested in development)
- Mobile Application Design (interested in development)

Portfolio:
Available upon request, with a limited selection of work accessible via Google Drive link.

Career Interests:
UI/UX design for mobile applications, graphic design, and related creative fields."
56637,"Svitlana
Graphic & Web Designer

Summary:
Highly motivated and deadline-driven graphic and web designer with 8+ years of experience, currently working at Libertex Group, an international financial services company specializing in online trading and investment.

Experience:
8+ years in Graphic Design
2+ years in UI/UX design

Skills:
- Designing advertising materials (web banners, social media creatives)
- Creating UI interfaces, including elements and layouts, style guides, icons
- Presentation design (digital, print)
- Preparing design drafts and mock-ups
- Preparing design for offline exhibitions
- Designing illustrations
- Designing educational materials
- Creating brand books and pitch decks
- Infographic design
- Print design
- Logo design

Tools:
- Figma
- Adobe Photoshop
- Adobe Illustrator
- Adobe XD
- Adobe InDesign
- Sketch
- Principle
- Jira, Trello, Asana

Project Areas:
- FinTech
- Trading
- Investing
- Marketing
- Cryptocurrencies
- Blockchain

About Me:
Passionate about design, ambitious about personal growth, and a deadline-driven creative. Strong understanding of briefs, with the ability to work well in a team or individually. Possess strong self-management and analytic skills, good collaboration skills, and an understanding of users' thoughts and feelings, as well as clients' goals and needs.

Job Preference:
Seeking a full-time remote position."
56638,"Results-driven and enthusiastic graphic designer and UI/UX specialist with 8 years of industry experience. Proven track record of delivering high-quality projects with efficiency, excellent communication, and unique design solutions.

Recognized for exceptional communication skills and ability to work effectively under various conditions. Completed numerous projects, consistently meeting high standards and deadlines.

Seeking a collaborative team environment to leverage my skills and expertise, while continuing to grow and develop as a professional."
56639,"UI/UX Designer

Summary:
Highly motivated and detail-oriented UI/UX designer with a strong foundation in composition and excellent communication skills, seeking to gain experience and work on innovative projects.

Skills:
- UI/UX design
- Composition basics
- Strong communication skills

Tools:
- Adobe Illustrator (high level)
- Adobe Photoshop (high level)
- Figma (high level)
- InVision (average level)
- After Effects (average level)
- Adobe Lightroom (average level)

Career Objective:
To obtain experience and expand my knowledge in UI/UX design, while working on engaging and challenging projects that foster growth and creativity."
56641,"Professional Skills:
- Proficient in Figma, Adobe Photoshop, Adobe Illustrator, Microsoft Word, Microsoft Excel, and Procreate
- English language proficiency: B2 level
- Skilled in hand drawing and graphic tablet drawing
- Experienced in graphic design

Personal Qualities:
- Responsible and reliable
- Creative thinker with a keen sense of taste
- Inquisitive with a strong desire for self-improvement and professional development
- Persistent with excellent time management skills
- Adept at seeking new solutions

Work Experience:
Designer, Photo Center
- Utilized Adobe Photoshop and Illustrator to create patterns, prints, and design templates in the company's style
- Created portrait arts in various styles and edited photos

Illustrator, NFT Project
- Designed illustrations in diverse styles for the project

Illustrator, YouTube Channel
- Created illustrations based on specified storylines for video content"
56642,"Experienced Graphic Designer, Motion Designer, and Illustrator
--------------------------------------------------------

Summary:
Highly skilled graphic designer with 5 years of professional experience in freelance and marketing agencies, complemented by skills in motion design and illustration. Proficient in UI/UX design, with a strong passion for combining design and illustration.

Professional Experience:
- Collaborated with international clients, including WADA and POLADA
- Served as Art Director on animation projects, overseeing creative direction and development

Skills:
- Illustration and drawing
- Proficient in Figma and Adobe Creative Suite
- Fluent in English

Career Interests:
Seeking a role that combines design and illustration, with opportunities to create custom interface designs, character and illustration sets for apps, websites, or marketing campaigns, and design edutainment projects or casual games. Open to exploring various positions and collaborations."
56643,"Graphic Design Specialist, SMM Manager
LG Electronics

Awarded as The Most Innovative Employee of the Year (2019)

Key Responsibilities:

Advertising Campaigns:
- Developed visual concepts for advertising campaigns across multiple platforms
- Collaborated with sales and product marketing teams
- Produced visuals and resized materials (approximately 170 units)

Production of Printed Materials:
- Created and adapted printed materials for various product categories (OOH, catalogues, leaflets, business cards, postcards, stickers, banners, rollups, etc.)
- Designed POSM materials (toppers, stickers, banners, posters, etc.)
- Prepared materials for printing

LG Website:
- Produced and adapted banners for all product categories
- Supported the transition to a new visual concept of the website (2020)
- Created and adapted product card materials

Social Media Management:
- Referenced and controlled the annual strategy
- Prepared and adjusted monthly content plans
- Produced approximately half of the published materials
- Curated a digital agency
- Approved visuals and copyrights
- Coordinated between the agency and product managers
- Presented weekly reports including key indicators, competitor analysis, and activity results
- Designed social network elements (profile headers, thumbnails, covers, Instagram guides, Facebook shop, etc.)
- Curated competitions on social platforms"
56644,"Freelance Professional
Experienced in graphic design, brand book development, and logo creation
Skilled 2D artist
Seeking remote or part-time opportunities
Available for non-gaming projects"
56645,"Graphic/UI/UX Designer

Located in Ukraine, open to new opportunities and collaborations.

Results-driven designer with a portfolio of successfully implemented commercial projects across various companies.

Key Skills and Expertise:

• Website, landing page, information panel, and mobile application design/redesign
• Digital marketing design
• Adaptive design development
• Corporate style and identity creation
• POS material design and print preparation
• Souvenir product development
• Web banner, social media visual, and graphic material design
• Infographic and presentation design
• Illustration

Seeking engaging projects and a dynamic team to leverage my skills and experience."
56646,"Serhii
Graphic Designer, Kyiv, Ukraine

Summary:
Highly experienced graphic designer with over 14 years of experience in design, proficient in creating packages, posters, flyers, banners, collages, catalogs, logos, and corporate identities.

Professional Experience:
- Design of packages (gift boxes, carton-transport boxes)
- Posters, flyers, and banners for social media
- Collages and layout of catalogs
- Logo and corporate identity design
- Infographic design

Skills:
- Typography
- Color theory
- Composition
- Pre-print
- Adobe Photoshop
- Adobe Illustrator
- Adobe InDesign
- UX/UI Design
- Figma

Language:
- English: B1/B2 level

Availability:
Available for remote part-time or project-based work as a graphic designer. Registered to work as a private entrepreneur."
56647,"Results-driven designer with 9 years of experience in branding, dedicated to delivering effective solutions that make a lasting impact on customers.

Key Skills and Experience:

- Branding: Logo design, corporate identity, brand book, guidelines, and website design
- Proficient in Adobe Illustrator, Photoshop, and Figma
- Efficient and quick turnaround times
- Personalized service with direct communication
- High-quality, studio-level design
- Responsive to edits and feedback
- Reliable and punctual, with a proven track record of meeting deadlines
- Owner of a printing house, with in-depth knowledge of printing rules and requirements

Career Aspirations:
Developing expertise in UX/UI design to further enhance customer experience and engagement."
56648,"Anastasia
Graphic Designer, Co-Founder of Otrazhenie Studio

Highly skilled graphic designer with 5 years of experience in branding and web development, specializing in creating unique visual identities for companies across various industries.

Key Achievements:
- Consistently delivered high-quality designs that led to client retention and referrals.
- Successfully co-founded and managed Otrazhenie Studio, operating primarily in the Ukrainian market until business was impacted by the war.

Experience:
- Branding development for companies in fashion, architecture, education, HoReCa, finance, and industrial sectors.
- Created and developed visual design styles for personal, product, and corporate brands, including logos, slogans, font selection, colors, illustrations, and photographic styles.
- Developed user-first website interfaces focused on business goals, creating and transferring adaptive layouts to developers using Figma.
- Managed the development process and controlled the work of developers.
- Provided graphic design consultations to clients based on their marketing goals.
- Created promotional materials including postcards, flyers, posters, billboards, infographics, brochures, vehicle wraps, email marketing templates, social media ads, banners, and graphics.
- Led the design, development, and implementation of graphic, layout, and production communication materials.
- Delegated tasks to a team of three designers and provided project counsel.
- Managed the production of printed products from layout creation to final delivery.
- Created engaging presentations to convey clients' messages effectively.
- Produced photos and videos for unique business illustrations.

Skills:
- Branding and web development
- Visual design style creation
- Website development and management
- Graphic design consultation
- Promotional material creation
- Team management and leadership
- Presentation and communication

Portfolio available on Behance: besdna."
56649,"Winner of the ""Nanoscience as Art"" contest at the IEEE NAP-2021 conference for the work ""Invisible Orchid"", a scanning electron microscope image of calcium carbonate powder, conducted under the PROM Program ""International Scholarship Exchange of PhD Candidates and Academic Staff"" at Lodz University of Technology.

Highly experienced graphic designer with over 4 years of experience providing graphic support for university information campaigns, creating hundreds of banners, flyers, advertisements, greeting cards, presentations, posters, and infographics for electronic and print use.

Key campaigns include:
- The 100th anniversary celebration of the university, involving logo adaptation, branded products, presentation design for the rector, and postage stamp design.
- The university's annual admissions campaign, including media plan development, design of printed and digital materials, banners for the website and social networks, and billboards.

Achievements include:
- 73% of surveyed applicants learned about the university through social networks and the official website.
- Establishment of an international partnership following the rector's speech with my presentation at an international conference in Budapest.

Freelance work for a foreign beauty school, creating social media materials, packaging, and educational materials with diagrams and step-by-step instructions.

Skilled in:
- Logo and brand design
- Presentation design
- Design of materials for printing
- Preparation of graphics, mockups, and technical design
- Photo editing and manipulation"
56650,"Summary:
Highly skilled Graphic Designer with 2 years of professional experience, proficient in industry-standard design software including Adobe Photoshop, Adobe Illustrator, Adobe InDesign, Adobe Premiere Pro, Adobe After Effects, and Adobe Figma.

Experience:
Graphic Designer
- Developed a captivating brand identity for a startup
- Executed successful marketing campaigns with engaging visuals
- Managed multiple projects, meeting deadlines and exceeding expectations
- Received recognition for attention to detail and creativity

Skills:
- Proficient in Adobe Photoshop, Adobe Illustrator, Adobe InDesign, Adobe Premiere Pro, Adobe After Effects, and Adobe Figma
- Strong understanding of graphic design principles
- Excellent attention to detail and creativity
- Ability to understand client requirements and translate concepts into compelling visual solutions
- Strong foundation in delivering high-quality designs that exceed expectations

Career Goals:
Seeking a creative and collaborative environment to utilize skills in graphic design, with opportunities for professional growth and a positive work environment. Prefer diverse projects that allow for expertise showcase and staying up-to-date with emerging design trends, while avoiding monotonous tasks, unclear direction, and excessive administrative work."
56651,"UI/UX Designer
4 years of experience in designing user interfaces and user experiences
Proficient in Figma, Sketch, Photoshop, Illustrator, Axure, and Principle
Passionate about working with enterprise startups and projects"
56652,"Results-driven designer with 9 years of combined experience in freelancing and product development, driving growth and innovation through creative solutions.

Summary:
Highly motivated and dedicated professional with a strong passion for continuous learning and professional growth. Seeking a dynamic company with opportunities for expansion and development, where I can leverage my skills to contribute to the company's success and advance in my career.

Experience:
Freelancer (3 years)
- Created prototypes and UI designs for various projects
- Developed banners and creatives for advertising and promotional campaigns
- Designed print production materials
- Conceptualized and designed landing pages and other digital assets

Company Product Developer (6 years)
- Contributed to the design and development of company products
- Utilized design skills to create engaging and effective marketing materials
- Collaborated on cross-functional teams to achieve project goals

Skills:
- Proficient in Figma and Adobe Creative Cloud
- Familiarity with 3ds Max
- Strong understanding of UI design principles and prototyping
- Experience with print production design and landing page development
- Proficient in creating banners and creatives for advertising and promotions

Career Goals:
Seeking a company with opportunities for growth and expansion, where I can apply my skills and experience to drive success and advance in my career."
56653,"Graphic Designer-Marketing Specialist

Experience:
Graphic Designer, 3 years
Graphic Designer-Marketing Specialist, current

Skills:
- Social media posts design
- Sticker pack design
- Landing pages
- Marketing materials
- Proficient in Figma, Photoshop, Illustrator"
56654,"Summary:
Highly skilled designer with expertise in branding, web design, and print media, delivering visually captivating and effective design solutions to diverse clients across various industries.

Experience:
- Managed multiple design projects from concept to completion, collaborating with clients and cross-functional teams to ensure high-quality designs within strict deadlines.
- Utilized strong communication and presentation skills to foster strong client relationships, resulting in repeat business and positive feedback.

Technical Skills:
- Proficient in industry-standard design software, including Adobe Creative Suite, Blender, and Figma.
- Stay up-to-date with the latest design trends and techniques, continually seeking new sources of inspiration to enhance work.

Career Overview:
Results-driven designer with a deep understanding of visual aesthetics, combining technical skills to deliver effective design solutions that meet unique client needs and objectives."
56656,"UMO Global Innovation Challenge 2022 Finalist
Designed project for the ""Designing for Crisis"" theme, conducting primary and secondary research and leading the ideation phase.

Volunteer Experience:
One Heart
- Created posters and illustrations
Creative Sich
- Created posters and illustrations

Skills:
- Proficient in Adobe Illustrator, Adobe Photoshop, and Figma
- Familiar with Canva, Trello, and Invision
- Currently learning Adobe After Effects

Seeking opportunities to collaborate with talented individuals and further develop Graphic Design, UI/UX Design skills."
56657,"UI/UX Designer & 2D Graphic Designer

Summary:
Highly skilled UI/UX designer and 2D graphic designer with 4 years of experience in digital design, proficient in Adobe Photoshop and Adobe Illustrator.

Education:
- ArtCraft Education LLP – Online Course Game Graphics (2021)
- ArtCraft Education LLP – Online Course Anatomy (2020)
- ArtCraft Education LLP – Online Course Digital Drawing (2019)
- IT School “Advanced graphic design” course Adobe Photoshop, Adobe Illustrator (2017)

Experience:
UI/UX Designer & 2D Graphic Designer
- Creation of icons, logos, and layouts of various degrees of complexity
- Designing marketing materials, including press-wall illustrations, banners, notebooks, and social media posts
- Working with UI/UX design for websites and mobile applications (iOS/Android)
- Creation of workflow diagrams
- Preparing templates for presentations, portfolios, and backgrounds for mobile games

Skills:
- Proficient in Adobe Photoshop and Adobe Illustrator
- Knowledge of basic rules and principles of drawing and painting in CG, including light, shadow, tone, color, perspective, anatomy, etc.
- Proficient in drawing by hand using Wacom Intuos 4 Digital Tablet
- Knowledge of Sketch, Figma, InVision, Abstract, and Craft plugin
- Experience working with international clients and communicating via email and calls"
56661,"Highly Skilled Graphic and Web Designer

Results-driven designer with over 10 years of experience in creating modern, visually appealing designs for web and mobile applications, logos, and corporate identities. Proven track record of delivering high-quality solutions by combining extensive experience with the latest design trends and technologies.

PROFESSIONAL EXPERIENCE:

UI/UX Designer
May 2019 - October 2022
- Collaborated remotely with team members on B2B projects, designing and optimizing corporate websites, dashboards, and mobile apps using Figma.

UI/UX and Graphic Designer
November 2015 - June 2019
- Spearheaded design for websites and mobile interfaces at a Canadian real estate startup, utilizing Photoshop and Figma to create engaging visuals and user interactions.
- Developed printed promotional materials for presentations and international trade shows, supporting brand identity.

Web Designer
February 2012 - March 2019
- Contributed to internal projects and client designs at an Israeli digital agency, collaborating with a team of designers to deliver top-notch designs, including a website for fashion design software.
- Utilized Sketch, Figma, and Photoshop to bring projects to life.

Seeking remote positions with exciting projects and opportunities for skill development, thriving in team-oriented environments where collaboration and exceptional results are key."
56662,"Results-driven Web/UI/UX and Graphics Designer with over 5 years of experience, skilled in HTML and CSS development. Proven track record in preparing publishing materials, including booklets, flyers, and brochures, with expertise in brand design. Adept at collaborating on large team projects and managing smaller-scale initiatives. Experienced in working with international clients, with strong communication skills demonstrated through successful meetings, calls, and correspondence."
56725,"Professional Passion: Logo Design and Brand Identity

Highly motivated designer with a focus on creating meaningful and effective designs that balance technical expertise with creative ideas. Proven ability to distill complex concepts into simple, easy-to-understand forms.

Specializations:
- Logo Design and Brand Identity
- Web Design
- UX/UI Design

Key Strengths:
- Balancing client needs with fundamental design principles, including composition, typography, visual hierarchy, and user convenience
- Creating designs that are both aesthetically pleasing and functional, with a focus on simplicity and clarity."
56795,"Alina
Web Designer

Highly motivated and detail-oriented professional with experience in web design and graphic design. Utilize a combination of creative and technical skills to deliver high-quality results.

Key Skills:
- Web Design
- Graphic Design

About Me:
Results-driven and open-minded, with a strong passion for continuous learning and self-improvement. Committed to staying up-to-date with the latest design trends and technologies.

Contact: Available upon request."
56796,"Ann
Graphic Designer and UI/UX Designer

Summary:
Highly motivated and creative Graphic Designer and UI/UX Designer with 5 years of experience in graphic design in the IT industry and several months of experience in UI/UX design, seeking a challenging role that offers opportunities to work on innovative projects.

Skills:
- User Research
- User Interface (UI) Design
- Graphic Design
- Ideation
- Typography
- Designing for Print
- User Experience (UX) Design
- Advertisement
- Wireframing and Prototyping
- Prototyping and Testing
- Digital Illustrations
- Interaction Design

Experience:
Graphic Designer, IT Company (5 years)
- Utilized graphic design skills to create visual elements for various projects
- Contributed to the design of print and digital materials

UI/UX Designer (several months)
- Applied UI/UX design principles to create user-centered designs
- Conducted user research and created wireframes, prototypes, and tested designs"
56797,"Graphic and UI/UX Designer
Highly creative professional with 1 year of experience in designing visually appealing graphics. 
Key strengths include:
- Designing Banners, Flyers, and Posters for both print and social media platforms
- Meeting deadlines and delivering projects on time
- Collaborating effectively in a team of creatives to achieve shared goals."
56798,"Graphic Designer

Highly responsible and team-oriented creative professional with expertise in logos, brand identity creation, and business presentations. Possess excellent listening skills, calm demeanor, and ability to understand and empathize with others.

Technical Skills:
- Adobe Illustrator
- Adobe InDesign
- Adobe Photoshop
- Microsoft Word
- PowerPoint"
56799,"Rafael Abasov
www.rafaelabasov.com

Highly skilled and creative graphic designer with experience in various design software and techniques. Currently based in Azerbaijan, relocating to Prague in September 2023 for Master's studies in Design. Available for remote work until then.

Freelance Graphic Designer
- Create visual content, including logos, marketing materials, and web graphics
- Specialize in branding, content creation, UI/UX, album cover, packaging, clothing, and poster design
- Experienced in video editing with Adobe Premiere Pro and Final Cut
- Enrolled in Google UX Design Professional Certificate program to expand UX knowledge
- Collaborate with clients to understand their needs and develop effective designs

Passionate about graphic design, with a focus on improving skills and staying current with design trends. Prefer a minimalistic and effective approach, combining original ideas with well-thought functionality.

Goal-oriented and communicative, with a focus on bringing clients' visions to life.

Skills:
- Adobe Illustrator (Advanced)
- Adobe Photoshop (Advanced)
- Figma (Advanced)
- Adobe XD (Advanced)
- Sketch (Advanced)
- Adobe Premiere Pro (Intermediate)
- Design Thinking
- Branding
- Design principles
- Typography
- Prototyping
- Wireframing
- User flows
- Mock-ups
- Visual design
- User research"
56800,"GRAPHIC AND BRAND IDENTITY DESIGNER

Upwork (2022.06 - Present)
- Create marketing materials for YouTube, including banners, logos, and watermarks
- Design logos for clients based in the USA
- Develop packaging designs for clients from the Netherlands and the USA
- Design labels for Dutch craft beer
- Implement projects focused on brand formation, development, and creation of marketing materials for web and print

Graphic Designer, Citrus - Odessa (2021.09 - 2022.02)
- Design layouts for promoting household and computer equipment for websites and outdoor advertising
- Create printed products to support corporate style
- Adapt layouts for Samsung, BOSCH, Philips, JBL, XIAOMI, OPPO, HUAWEI, and others to Citrus corporate identity
- Adapt banners for social networks, Google advertising, and mass media
- Prepare printed materials using Corel Draw

Upwork (2021.02 - 2021.09)
- Collaborate with clients from the Netherlands and the USA
- Design labels for beer products
- Create banners for Instagram, Facebook, and Google advertising
- Prepare a brand book for a private clinic in Gayvoron, Ukraine
- Design a logo for a music equipment supplier in Lozova, Ukraine
- Create labels for beer products in Folsgare, Netherlands
- Design stickers for Telegram and prepare them for printing in AI and Corel Draw"
56801,"Results-driven Graphic Designer with 10+ years of experience in creating visual content, including illustrations, advertising banners, social networking materials, logotypes, animations, and presentations.

Recently expanded skill set to include UI and UX Design, with a focus on User Interface Design. Successfully prototyped a SaaS Design System in Figma as a key team member."
56802,"Graphic Designer
Experienced in designing backgrounds and characters for games at an IT company, with additional expertise in freelance graphic design, presentation design, market design, and packaging design. Proficient in a range of design tasks, with a focus on 2D design, as 3D modeling is not a primary area of focus."
56803,"Designer with 7 years of experience in the design field, holding a bachelor's degree. Proven ability to approach problems from multiple angles, having worked with a variety of design areas, including a startup company, advertising agency, publishing house, and manufacturers. Skilled in considering both UX solutions and marketing aspects to create comprehensive designs, with a thorough understanding of resource allocation for final design creation. Committed to continuous skill development and eager to take on challenging and complex projects as part of a professional team."
56804,"UI/UX Designer with 3 years of experience, focused on creating clear and intuitive designs that provide the best user experience and increase user engagement. Specialize in developing layouts, prototyping, testing user interfaces, analyzing user behavior, and technical integration, with a passion for creating high-definition interfaces and improving people's lives through simple, discreet, yet useful products that carry value.

Independent Designer (Freelance)
- Created websites for small and medium-sized businesses, including banners and landing pages, and print design.

UI/UX Designer, Comportal
October 2022 - Present
- Create landing pages for small and medium-sized businesses
- Develop layouts and prototypes for websites
- Evaluate and test user experience
- Develop user interfaces
- Collaborate with development teams and project managers to ensure seamless integration of design into projects

Graphic Designer (Freelance), Resource Group
February 2021 - Present
- Develop marketing materials to increase reach, trust, and loyalty of the target audience
- Develop layouts for print
- Develop banners for targeted advertising
- Create banners for news on the website
- Work with marketers and project managers to ensure timely and quality project completion

Graphic Designer, Liga.net
September 2021 – December 2021
- Develop marketing materials to increase reach, trust, and loyalty of the target audience
- Develop layouts for print
- Develop banners for targeted advertising
- Create collages for news on the website
- Work with marketers and journalists to ensure timely and quality project completion"
56805,"Web Developer and Designer

Experience:
- Developed websites on the Web Flow platform
- Created interfaces and sites using Figma
- Completed projects on Upwork and Fiverr, including NFTlook
- Designed sites for Shopify, including a winning product kit
- Built a car parts landing page for a local Ukrainian company

Skills:
- Web development on Web Flow
- Interface and site design using Figma
- Freelance project management on Upwork and Fiverr
- E-commerce site design for Shopify

Career Goals:
Looking forward to growing and developing in web design and building a successful career or website development company."
56807,"Junior UX/UI Designer

Summary:
Results-driven and creative professional with a strong background in team management, photography, and graphic design. Proven ability to quickly adapt and grow in new roles, with a passion for UX/UI design and a strong foundation in psychology.

Experience:
HR Manager
- Led a team of 65 people, utilizing strong interpersonal skills to drive success
- Demonstrated rapid growth, advancing from junior specialist to average specialist in 8 months

Photographer and Graphic Designer
- Contributed to a large team of 600 people, creating content for a YouTube channel
- Developed strong creative skills, with 3 years of experience in photography and graphic design

Education:
- Bachelor's Degree in Computer Technology, with a foundation in programming principles
- Self-taught in psychology, with 10 years of study and a strong understanding of human behavior

Skills:
- UX/UI design, with current coursework and a strong desire to apply skills in a team setting
- Team management and leadership, with experience in large and small teams
- Photography and graphic design, with a creative portfolio and 3 years of experience
- Strong communication and interpersonal skills, with a ability to work with diverse groups
- Reliable, responsible, and creative, with a passion for continuous learning and growth

Personal Projects:
- Traveled to over 15 countries, with a year-long residence in Thailand
- Certified diver, with a notable achievement of overcoming a fear of water"
56809,"Results-driven designer with experience in developing personal styles for clients, creating engaging visual content, and delivering marketing materials. Proven skills in:

* Illustration and banner design for social networks
* Magazine and book layout
* Preparation and development of marketing materials for printing
* Presentation creation and delivery to clients
* Collaborative team discussions for future project ideas
* UI/UX design for e-commerce platforms
* Landing page design for marketing companies

Seeking a role that leverages my existing experience in design and marketing, excluding the gaming and casino industries, as well as photo retouching."
56859,"Graphic Designer with over 5 years of experience in publishing, complemented by knowledge in Web Design and UI/UX Design acquired through training courses.

Experience:
IMEX LTD, Kropyvnytskyi (2014)
Designer Assistant
- Created corporate catalogs, brochures, certificates, and business cards

PRAGMATIKA.MEDIA, Kyiv (2018-2023)
Graphic Designer
- Developed magazine designs, including layout and visual design
- Prepared graphic documentation such as presentations, forms, and media
- Created visual content for social networks and sites, including post design, page appearance, collages, and leaflets

Freelance (in cooperation with Inka), Kyiv (2020-2023)
Graphic Designer
- Designed a magazine for the Premier Hotel
- Developed corporate catalogs and brochures

Education and Training:
- ""Web Design"" by Skvot
- ""Work with Figma"" by Creative Practice
- ""UX/UI. Projecting and designing of interfaces"" by Creative Practice"
56860,"As a seasoned graphic, web, and UI/UX designer, I've achieved remarkable success in crafting visually appealing websites with seamless navigation and user-friendly interfaces. My meticulous attention to detail and deep understanding of user experience principles have allowed me to create immersive digital experiences that receive positive acclaim from clients and users. Additionally, my expertise extends to developing captivating graphics, logos, and branding materials that effectively communicate brand identities and captivate audiences.

With nearly 9 months of comprehensive design course experience and approximately 6 months of freelance designing, my portfolio showcases a diverse range of projects. I've designed welcome brochures for a country, constructed websites for various businesses, including perfume stores, photographers, start-ups, and hotels. I've also designed a dashboard for a local bank, a website for a solar panel company, a menu for a local restaurant, and a cinema app. These projects have provided me with a range of exciting and diverse experiences that I'm proud of.

I'm now seeking new opportunities to further refine and expand my skills in the world of design, focusing on projects that align with my values and interests. I prefer to contribute to projects that have a positive impact and cater to a wider audience, and I'm eager to bring my skills and creativity to new and challenging projects."
56861,"UI/UX and Graphic Designer

Summary:
Highly motivated and detail-oriented UI/UX and graphic designer with 2+ years of experience in creating user-friendly and aesthetically pleasing interfaces.

Experience:
UI/UX Designer, Liga Zakon
- Currently working on designing intuitive and visually appealing interfaces

Previous Experience:
- Coming Agency
- Come Back Agency
- Fawn Agency

Projects:
- Created a brand book for Kiton furniture store
- Created a brand book for Lviv Botanic garden

Skills:
UI/UX design, graphic design

About:
Responsible and outgoing person with a passion for design, basketball, skiing, and other interests."
56862,"Digital Designer
5 years of experience

Graphic Designer, Network Advertising Agency (2 years)
- Collaborated with various teams to develop concepts and corporation styles for over 8 brands
- Worked with large corporate clients, delivering artistically and punctually
- Developed technical and communication skills

Freelance Designer (1 year)
- Served clients from around the world

UX Designer, Projector (course completion, May 2022)
- Gained understanding and desire to work in UX design
- Completed UX designer courses

Portfolio:
- Multiple finished working sites"
57384,"T-Shape Design Generalist
-------------------------

Highly experienced design leader with 15+ years of experience in product design, team management, and product launching. Proven track record of designing over 40 successful digital products and creating over 30 brands and trademarks.

Key Experience
---------------

* Led design teams and projects worldwide, with expertise in setting up product design teams and processes
* Mentored junior designers, provided lectures, and workshops, with a strong focus on UX design and product management
* Managed UI/UX design teams, with a clear understanding of the full design process, from business analysis and research to detailed visual design and implementation

Expertise
----------

* UX architecture and design
* Data mining and data-driven design
* User testing and usability evaluation
* Visual design, UI design, and logo design
* Product management and product identity design
* Prototyping, iOS, and Android development
* HTML/CSS principles and AR/VR technologies
* Business and requirement analysis, user and marketing research
* Photography, direction, and management

Achievements
------------

* Respected UX certification
* International design awards
* Jury member at international design competitions

Career Preferences
-----------------

* Seeking a product company with the possibility to influence direction and product vision
* Open to part-time design consultancy services in processes or products
* Prefer remote or relocation opportunities in the USA, UK, or Europe
* Interested in cross-disciplinary design projects, including AR/VR projects (excluding game development)"
57400,"Results-driven Design Leader with 10+ years of experience in UI/UX Design and 5+ years in Design Team Management, overseeing 20 team members. Proven track record of driving business growth through the creation of a design department, attracting projects and clients, and delivering 50+ successful projects.

Key Achievements:
- Saved the business several times through strategic design initiatives
- Improved existing products through design enhancements
- Successfully managed and implemented multiple projects across various industries, including Fintech, Healthcare, Telco, Gaming, E-commerce, Enterprise, Banking, Real Estate, Manufacturing, Start-ups, Blockchain and crypto, Legal, and Sports

Design Team Management:
- Resource management and planning
- Full-cycle hiring, including interviewing, on-boarding, feedback, and coaching
- Design strategy development, performance monitoring, and evaluation
- Project distribution and team member growth from interns to senior team leads

Operational Management:
- Design department budgeting
- Pre-sales participation, project estimation, and specification
- Payment and delivery control between company and customers
- Review of contract documentation

Skills:
- Strong self-management and analytical mindset
- Good collaboration and interpersonal skills
- Passion for problem-solving and ability to work under pressure
- Analytical approach to design, with strong knowledge of the design process, including research, prototyping, testing, interviews, usability audits, and design systems
- Creative solutions and interface concept development

Career Goal:
To leverage my experience in creating concepts and entering the market to develop and launch a product, driving profit and quality growth through a complete design process."
62042,"2023-Present
Beetroot Academy
Experience in performing practical tasks in the learning process:
  • Writing short first letters
  • Finding candidates using search systems: Boolean Search, X-RAY search
  • Conducting interviews

2020-Present
Freelance Web Designer, UX/UI Designer
Completed projects include:
  • Website for Fortified Capitals (an exchange trading platform)
  • Landing page
  • Business card creation
  • Smart Home mobile app

2020-2023
Partner Ukraine LLC
Part-time Personal Assistant, Project Manager
  • Maintained project documentation, negotiated contracts
  • Found solutions to recurring problems
  • Set tasks for all project participants, monitored implementation
  • Motivated team members
  • Worked with suppliers and customers
  • Maintained documentation, negotiated contracts
  • Created and implemented business processes (BPMN) for all structures and departments

2018-2020
LLC Trade House Alfa-Komplekt EKB
Deputy General Director for Quality
  • Conducted quality control of supplied products
  • Carried out reclamation work
  • Developed and implemented the organization's QMS policy and goals
  • Prepared documents for obtaining necessary Certificates and Licenses
  • Prepared events for participation in exhibitions, conferences, seminars

2015-2018
Alfa-Sert LLC
Marketer
  • Developed, implemented, and improved company branding
  • Prepared, approved, and launched advertising campaigns
  • Developed a product catalog
  • Developed, approved, and launched POSM (leaflets, booklets, souvenirs, etc.)
  • Worked with contractors (designers, web developers, printing houses, developers, exhibition organizers)

2012-2014
Albion Trading Company LLC
Marketer"
63086,"Young Web Designer

Highly motivated and efficient web designer with practical experience in design tools, eager to learn and adapt to new software and processes.

Education:

* LevelUP School, UI/UX Web Designer Course, October 2018 - April 2019
* Spalah IT-School, UI/UX Web Designer Course, May 2018 - Present

Technical Skills:

* Proficient in Sketch, Figma, Adobe Photoshop, and Adobe Illustrator"
63087,"Recent Graduate Seeking Entry-Level Design Position

Summary:
Highly motivated and enthusiastic individual with basic skills in graphic design software, including Adobe Photoshop, Adobe Illustrator, and Figma. Proven soft skills gained from experience in the restaurant industry, with a strong foundation in adaptability, sociability, conflict resolution, and discipline.

Skills:
- Adobe Photoshop
- Adobe Illustrator
- Figma
- Excellent communication and interpersonal skills
- Adaptability and flexibility in fast-paced environments
- Strong discipline and work ethic
- Open to feedback and criticism

Career Goals:
Seeking an entry-level position in a design team to gain practical experience and knowledge from experienced professionals. Committed to dedicating time and effort to quickly contribute to the team's success and provide a return on investment in training and development."
83710,"Graphic and UI/UX Designer

Summary:
Highly motivated and detail-oriented Graphic and UI/UX designer with experience in creating web and mobile apps from scratch, as well as various graphic design projects. Proficient in working with clients and solving their problems.

Experience:
Graphic and UI/UX Designer, Outsource Company (Fintech and Blockchain)
- Designed web and mobile apps from scratch for clients in the USA, Canada, and the UK
- Worked on a blockchain corporate project, a tokenized game
- Created graphic design projects, including Brand Books, corporate products (branding cups, hoodies, t-shirts, pens, etc.), banners, printouts, and posters
- Designed a corporate interactive notebook for an employee anniversary, featuring custom characters and thematic pages

Freelance Graphic and UI/UX Designer
- Designed a logo for a Ukrainian bag manufacturer
- Redesigned an old-fashioned website

Projects:
- Designed a website for a blockchain trading company from scratch
- Created an Instagram corporate post that served as an example for future posts
- Developed an animation for a case study on Behance

Skills:
- Graphic design
- UI/UX design
- Web and mobile app design
- Branding and corporate identity
- Print design (banners, printouts, posters)
- Illustration and character design

Personal Statement:
I am eager to work with a friendly team and receive feedback from experienced designers and business analysts. I am looking for structured tasks with clear deadlines and am committed to continuous learning and improvement. Note: I am not proficient in converting my own designs to HTML."
83711,"Marketing and Communications Professional

Key Responsibilities:
- Created newsletters from scratch for three distinct target groups
- Designed and developed all graphic elements for websites and social networks
- Developed marketing plans and provided analytical analysis of company advertisements
- Contributed to the medical aid infoline for refugees from Ukraine
- Managed social network accounts for Medimost and its subsidiary projects"
86666,"Web Designer
Over 2 years of experience in creating modern, responsive corporate websites and landing pages for a digital marketing agency

Key Strengths:
- Designing visually appealing and user-friendly digital experiences
- Proficient in a variety of design tools and software

Career Goal:
To transition into a UI/UX Designer role, recognizing the importance of UI/UX in effective digital experiences and seeking to expand my skillset."
87779,"Bank Gutmann
Design and Digital Marketing

Deutsche Börse
Global Relationship Manager, Sales, Client Services

727.ventures
Growth Assistant/Product Manager

Contact available upon request for full CV."
97622,"UI/UX Designer with 1.5 years of hands-on experience in designing for desktop and mobile applications.

Additionally, I have 3 years of experience in creating illustrations, graphics, and content for books, booklets, and social media posts.

As a proactive designer, I work closely with clients to deliver tailored solutions. My design process involves face-to-face communication, project roadmap creation, and design matrix development. I conduct user experience research, creating empathy maps, user scenarios, and identifying problems and needs. Using this data, I design and test clickable prototypes.

I possess experience with web and mobile application design patterns and behaviors. My goal is to create clear, easy-to-use, and attractive designs that enhance the user experience, making a positive impact on customers' lives."
98134,"Master's Degree Holder with Project Management Experience

Summary:
Results-driven professional with a Master's Degree and 3 years of experience as a project manager in an NGO, seeking a junior UI/UX design role or trainee program to leverage skills in IT and drive professional growth.

Education and Skills:
- Completed courses in Illustrator, Photoshop, and Web Design
- Completed a course in animation and motion design using After Effects

Experience:
Project Manager, NGO (3 years)
- Analyzed, planned, and solved problems to achieve results
- Developed strong project management skills, ensuring timely and effective project delivery

Career Objective:
To secure a junior UI/UX design position or trainee program where I can apply my skills and experience to contribute to innovative IT projects and continue professional development."
98135,"UI/UX Designer
Highly motivated and detail-oriented UI/UX designer with over 1 year of experience, seeking a new opportunity to further develop skills and gain experience.

Key Responsibilities and Experience:
- Employed industry and design best practices throughout the website build process
- Conducted analysis of user behavior, detection, and troubleshooting in UX
- Created prototypes in Figma for landing pages
- Worked with style, selecting fonts, colors, and illustrations
- Ensured website functionality across devices, including desktop, mobile, and tablet
- Designed logos

Seeking a new challenge to continue growing as a UI/UX designer and expanding my skill set."
98136,"UI/UX Designer
1.5 years of experience
Proficient in Figma and Adobe Photoshop
Fluent in English

Freelance Experience (8 months)
- Worked on various small projects utilizing Figma and Adobe Photoshop

Start-up Experience (4 months)
- UI/UX Designer for an online clothes shop targeting the EU market
- Collaborated with a team consisting of a Product Manager, 2 developers, and 1 QA
- Utilized Figma and Adobe Photoshop for design tasks

British Clothing Store Project (2 months)
- UI/UX Designer responsible for:
  - Creating prototypes
  - Developing layouts
  - UI design
  - UX design"
98137,"UI/UX Designer

Location: Lviv, Ukraine

Education:
- Graduated from Projector Institute, Web Design Beginning course
- Completed online courses on UI and UX design basics on Udemy.com

Mentorship:
- Mentored by Valentine Skliarov, Lead Designer at Cieden

Career Objective:
To assist enterprises in designing and launching new digital products or redesigning existing projects, utilizing user-centered design principles to create user-friendly products.

Skills and Qualities:
- Fast learner
- Responsible
- Sociable
- Strong desire for continuous learning and skill improvement

Professional Approach:
- User-centered design principles
- Focus on creating easy-to-use products"
98138,"I'm a detail-oriented individual with a strong emphasis on organization and cleanliness in design. As a team player and quick learner, I thrive in collaborative environments.

Although I don't have direct experience in commerce, I have developed a range of skills through creating and maintaining personal projects for educational purposes, including landing pages and authorization forms. Proficient in Figma, I utilize its features such as components, variants, auto layout, bootstrap, prototyping, and mockups to create effective designs.

For image editing, I employ Adobe Photoshop, and have basic experience with Adobe Illustrator. My understanding of design principles includes typography, grid systems, composition, color theory, and usability principles. I prioritize user-friendly design, simplicity, and aesthetics in my work, always seeking innovative ideas to incorporate into my designs.

Currently, I am expanding my skill set by learning Webflow and improving my English language proficiency."
98171,"UI/UX Designer

Summary:
Highly motivated and creative UI/UX designer with approximately one year of experience in developing innovative projects as a freelancer and collaborating with a team in a startup environment.

Experience:
Freelancer
- Developed creative projects utilizing design skills and software proficiency
- Demonstrated self-motivation and proactive approach to project completion

Startup
- Collaborated with a team to achieve project goals and objectives
- Applied cooperative and polite communication skills to ensure effective teamwork

Skills:
- Proficient in Figma, Photoshop, Illustrator, AutoCad, and Blender
- Strong creative skills with additional interests in photography and music

Personal Qualities:
- Ambitious and proactive with a strong work ethic
- Cooperative and polite with excellent communication skills
- Creative with a passion for innovative design

Note: Areas for personal growth include diligence, modesty, and managing demandingness to achieve a balanced approach to work and collaboration."
98172,"Dmitry
UI/UX Designer

Highly motivated and detail-oriented designer with a passion for creating modern and stylish designs. Proficient in continuously improving skills and seeking inspiration to stay up-to-date with the latest design trends.

Key Strengths:
- UI/UX design
- Modern and stylish design creation
- Continuous skill improvement
- Inspiration research

About Me:
As a dedicated UI/UX designer, I am eager to apply my skills to real-world projects and deliver high-quality results."
98173,"I designed websites and mobile applications utilizing various tools and technologies, including graphic editors such as Figma, Adobe Photoshop, Adobe Illustrator, and Coral Draw to create layouts and designs for websites.

As a collaborative team member, I worked with other designers to ensure the successful completion of projects on time and according to user needs, while continuously updating my skills to stay current with the latest web design trends and technologies.

Key projects include:
- GetPet, a web service for finding lost animals, where I conducted competitor assessments, created personas, user maps, and user flows, and worked on wireframes and interface design as part of a team.
- The redesign of the Poltava music school website, transforming the interface into a modern and user-friendly design.

I am seeking a remote position with a flexible schedule in a company that values collaboration among designers, striving to produce competitive, high-quality products."
98245,"Education:
Successfully completed design courses and defended thesis, currently pursuing professional course.

Experience:
Freelancer (6 months)
- Created posters and logos, including a logo for a dance festival
- Rendered videos

Design Skills:
- UX research
- Audience research
- Competitor analysis
- Design system development
- UI kit creation
- Prototyping
- Adaptive design
- Animation (basic)"
98250,"05.2021 - 08.2021
Hillel (IT School)
Design Basic

10.2021 - 05.2022
Hillel (IT School)
UI/UX Design Pro

03.2016 - 05.2022
Innovation Group - Media Buyer/Marketer
- Worked with advertising networks
- Set up and distributed traffic for advertising campaigns
- Prepared and created creatives and landing pages
- Monitored and analyzed the quality of advertising campaigns
- Optimized campaigns

01.2013 - 02.2016
Sprava - Account Manager
- Built partnerships and strategic relationships with clients
- Developed accounts and introduced new customers
- Worked closely with clients to establish regular customer status
- Assisted in setting up SEO for successful monetization of partner accounts"
98251,"2022
Successfully completed the course “Basics of web UI development” on Prometeus
2023
Successfully completed the course “UI/UX design basic” on Prometeus

Work Experience

Aviation Security
PLC “Master-Avia”, Kyiv
April 2017 - December 2017
Field of activity: Airport Passenger Safety
- Conducted timely and systematic monitoring of baggage
- Collaborated with diverse groups of people

Photographer
The Svadba, Kyiv
March 2018 - April 2019
Field of activity: Wedding Photography
- Captured images of brides, grooms, and guests in wedding halls and photo studios
- Retouched photos
- Sold photographs
- Designed and printed photo album layouts

Photographer
The Moment, Kyiv
September 2020 - February 2022
Field of activity: Photo Sessions, Retouching, Photo Album Design
- Took photographs of groups of people
- Retouched photos
- Worked collaboratively as part of a team

UX/UI Designer
Freelance
March 2023 - Present
Field of activity: User Research, Wireframes, User Flow, Mockups, Prototypes, User Personas, Figma
- Conducted user research
- Created wireframes, user flows, and mockups
- Developed prototypes and user personas using Figma"
98252,"05.2021
VBakery
E-commerce website for sweet lovers, featuring:
- Catalog of pastries and cakes
- Online ordering and custom confectionery design
- User registration and personal account management
- Review and order history tracking
- Information about the bakery and location

06.2021
Dim Kultury
Website for attracting investment in local cultural projects, including:
- Renovation of monuments and creation of a cultural center
- Restoration of the ЖИВОТ nightclub as a youth center
- Development of a community hub with three main areas:
  - ЖИВОТ: a full-fledged youth center with day and night activities
  - ДІМ КУЛЬТУРИ: a cultural center uniting social business projects
  - ДВІР: a common urban space with a green theater, summer stage, and food court"
98253,"06.2023 - Present
Baza Trainee, Ukraine
- Led design teams for two projects: 
  * Website for Volunteer organization ""4.5.0.""
  * “1000+1 song. Kolyskovi.”
- Finalist of the Hahathon 4.0: Ukraine Heritage Edition project
- Utilized tools: Figma, Trello, Slack, Discord, Time tracking

01.2023 - 06.2023
CURSOR Education
- Contributed to the development of an e-commerce platform for a real craft business
- Conducted:
  * Stakeholder interview
  * Competitor analysis
  * User research
  * SWOT analysis
  * CJM (Customer Journey Map)
  * IA (Information Architecture)
- Developed wireframes and initiated UI design and prototyping"
98254,"UX-UI Designer

Summary:
Highly motivated UX-UI designer with a strong foundation in design principles and proficiency in Figma. Proven ability to create user-friendly and interactive designs that enhance user experience.

Experience:

* Completed a comprehensive UX-UI design course, mastering the fundamentals of design and Figma tool
* Redesigned a website interface, implementing improvements that enhanced user-friendliness
* Created interactive designs that improve user interaction with products

Projects:

* Designed banners for social media for a charitable organization
* Redesigned the webpage for a Fitness Coach, simplifying the overloaded design and highlighting key elements to attract future clients
* Created a landing page for a handmade artist, including a wireframe, natural color scheme, and light parallax animation
* Developed a mobile app for remote gift selection and sending, complete with recommendations and special occasion features

Skills:

* UX-UI design
* Interactive design
* Figma
* Landing page development
* Mobile application design
* Web services development

Industry Experience:
Worked with agencies, startups, and product companies on various projects, including landing pages, mobile applications, and web services."
98255,"I am a highly motivated UI/UX Designer with a passion for crafting user-centric digital experiences. Proficient in translating complex ideas into intuitive and visually appealing designs. Equipped with a solid foundation in design principles, user research, interactive prototyping, and adaptive design.

Experience:

1. DeliverEats Mobile Service
Created a mobile design for a food delivery service, conducting UX research, wireframing, UI design, prototyping, and launching it on Behance. The design included features such as:
	* Search on the home page
	* Filter for quick sorting
	* Ability to add products to favorites
	* Convenience and simplicity for easier understanding

2. PetSearch Web Service
Participated in a team project, creating a web service to search for lost animals. Conducted UX research, created user flows, personas, JTBD, and CJM, and designed the UI, including:
	* Warm color scheme
	* Functionality to help users take action faster
	* Adaptive design for mobile devices
	* Convenience and clarity

Skills:
UX Research, Wireframing, UI Design, Prototyping, Adaptive Design, User-Centric Design, Interactive Prototyping, Design Principles."
98256,"Here is the rewritten resume in a more traditional and polished format:

**Experience**

1. **FlowerLower**: Landing Page for Flower Delivery Company (Case Study)
	* Conducted competitor analysis and research
	* Created high-fidelity wireframes
	* Developed UI style guides, including typography, responsive layouts, color palette, and buttons

2. **Mimino**: Redesign of Georgian Cuisine Website (Case Study)
	* Conducted competitor analysis and research
	* Created high-fidelity wireframes
	* Developed UI Kit, including typography, responsive layouts, color palette, and components
	* Created prototypes
	* Adapted design for mobile and tablet devices

3. **Wanderstay**: Couchsurfing Web-Service (Team Project, Case Study)
	* Conducted competitor analysis and research
	* Applied design thinking principles
	* Created JTBD (Jobs To Be Done) and user personas
	* Developed Information Architecture and User Flow
	* Created Customer Journey Map (CJM)
	* Designed wireframes, dashboards, and 404 page
	* Implemented parallax effect
	* Adapted design for mobile and tablet devices
	* Created prototypes"
98257,"Independently developed a web cleaning service, completing all stages from competitor analysis to design.

Experience:
1. Led the development of a marketing strategy for a barbershop ""BARBER"", conducting competitor and target audience research, and utilizing this insight to inform design decisions and create an effective leading strategy.

2. Redesigned the website ""India Cafe"", researching the target audience to determine their needs and improve the site's design for enhanced visual perception and usability.

3. Created the web service ""CLEAN"", a platform connecting cleaners with clients, navigating all UX/UI stages including user flow, prototyping, sitemap, payment pages, and design.

Career Aspirations:
I aim to join a company with a collaborative and results-driven team, where I can work flexibly in both office and remote settings. I am eager to continuously learn, develop professionally, and advance rapidly in my career."
98258,"Master’s Degree in Law, 2018

Key Strength: Responsibility

Professional Experience:

1. Notary Assistant (3 years)
   - Prepared and worked with documents
   - Conducted client consultations
   - Managed electronic registers
   - Handled business correspondence

2. Customer Support Manager (1 year)
   - Provided service support for site issues
   - Transferred requests to relevant departments
   - Industry: Gambling

3. Head of Quality Control Department of Customer Support at Rocket Delivery, Cyprus (6 months)

Education and Training:
- Master’s Degree in Law, 2018
- Completed UI/UX Design course at DanIT Academy

Current Interests: IT sphere, specifically UI/UX design"
98259,"I conduct competitor analysis, create user flow, site maps, mood boards, develop landing pages, websites, and web services, and engage in prototyping and adaptive design. 

Key Projects:
- OURPAWS: Redesigned search service for missing animals, utilizing Figma, Adobe Illustrator, and Adobe Photoshop to enhance the user experience for those searching for lost animals.
- LA MESA: Contributed to the development of a mobile application for booking tables in restaurants, leveraging Figma, Adobe Illustrator, and Adobe Photoshop.

Professional Expectations and Goals:
- Continuous development and learning of new skills and technologies.
- Advanced training in Adobe Illustrator to enhance proficiency.
- Improvement in vector graphics skills to deliver high-quality designs.
- Foster effective communication and collaboration among colleagues and management, promoting a culture of mutual respect and support."
98260,"Results-Driven Designer
Highly skilled in creating user-friendly designs that attract customers

Project Experience:

1. Landing Page for FlowerLover Flower Shop
   - Designed a user-friendly landing page in accordance with client requirements
   - Conducted competitor research and target audience analysis
   - Developed a clear interface and worked on User Interface (UI) design

2. Redesign of Alaska Pete's Restaurant Website
   - Redesigned the website to create a modern and user-friendly interface
   - Improved the overall aesthetic appeal to attract potential customers
   - Added a reservation form to enhance user experience

Skills:
- User Interface (UI) design
- User Experience (UX) design
- Competitor research and analysis
- Target audience analysis
- Designing for customer attraction and engagement"
98261,"Team Leader, Project ""See World""
Project ""See World""
- Led the development of a user-friendly interface for searching and finding affordable living spaces
- Implemented a robotic method for streamlining the process of discovering new places to live
- Ensured the design was intuitive, allowing users to easily navigate and submit applications

Project ""GenieTable""
- Contributed to the design concept of a mobile application for restaurant table reservations
- Developed an association with a cartoon character to create an engaging user experience
- Designed a color scheme and theme to attract users and provide a seamless booking service

Project ""Nice View"" (Team Project)
- Collaborated on the creation of a landing page for a residential complex presentation
- Designed the page to promote the complex as an ideal location for family life and work
- Implemented a minimalist style to convey a sense of calmness, safety, and professionalism"
98262,"Here is the rewritten resume:

**Experience**

* Completed 3 PET projects during studies, focusing on:
	+ Analyzing competitors and company nuances
	+ Developing minimalism sites and landing pages
	+ Creating CRM systems and mobile applications
	+ Prototyping and responsive design
* Redesigned a tattoo salon website as an individual project for GoIT, including:
	+ Reference selection
	+ Audience analysis
	+ UI-kit creation
	+ Adaptation for tablet and mobile versions
	+ Link creation
* Created a landing page, including:
	+ Reference selection
	+ Moodboard creation
	+ UI-kit development
	+ Main page design
* Collaborated on a web service project to organize affordable stays in another country, including:
	+ Reference selection
	+ Audience analysis
	+ USER FLOW and CJM preparation
	+ Design system selection
	+ Adaptation for tablet and mobile versions
	+ Link creation

**Preferred Work Environment**

* Results-driven and design-focused team
* Open and respectful team atmosphere
* Friendly and mutual respect
* Partially remote work options
* Corporate training and development opportunities"
98263,"Summary:
Highly motivated individual with experience in designing and developing innovative projects, including 2 personal and 2 team-based initiatives. Proven ability to establish effective communication and collaboration, resulting in the creation of user-friendly and engaging products.

Experience:

1. Redesign Tattoo Company: Full Cycle Design
   - Updated the company's website design to align with the target audience's needs and modern trends, enhancing user experience and conversion rates.

2. Easy Yoga Web Service: Desktop and Adaptation Design
   - Conceptualized and designed the web service from scratch, streamlining communication between yoga instructors and individuals seeking suitable teachers.

3. Mobile Application for Performance Enhancement
   - Designed a mobile application aimed at boosting productivity, featuring day planning and monitoring of physical and mental health through various integrated functions.

Projects:
- 2 personal projects
- 2 team projects, including the development of a web service for yoga classes and a mobile application for productivity enhancement."
98264,"Team Leader & UX/UI Designer
Project ""Travelhaven""
- Led team and designed user experience and user interface for project

Personal Projects:
- Developed 2 personal projects, focusing on innovative solutions and user-centered design

Social Project:
- Contributed to the development of a website for volunteers, enhancing online presence and community engagement

Key Projects:
1. Alaska Pete's Roadhouse Grille Website Redesign
   - Conducted competitor analysis to inform design decisions
   - Redesigned website for alaskapetes.com, enhancing user experience and visual appeal

2. Web Service for Affordable Travel
   - Designed interface for a web service facilitating affordable stays in new locations
   - Conceptualized platform for users to exchange work for accommodation, targeting students and young travelers seeking budget-friendly options"
98265,"Team Leader, SweepUp Cleaning Web-service

Project Experience:

1. TimeWell Daily Planner Mobile App
    Created detailed analysis of competing applications, User Personas, and User flows
    Developed high-fidelity prototypes and UI design
    Designed detailed animation in Protopie
    Instruments: Figma, Photoshop, Illustrator, Protopie

2. SweepUp Cleaning Web-service
    Conducted market and competitor analysis, brainstorming, and developed User Personas, JTBD, CJM, and User flows
    Created prototypes, UI design, and relinking and adaptation within the existing design system
    Instruments: Figma, Photoshop, Illustrator

3. Bravo Furniture Site Redesign (Personal Project)
    Performed market analysis, competitor research, and screen prototyping
    Designed UI, responsive layouts for mobile and tablet versions, and developed a UI-kit
    Instruments: Figma, Photoshop, Illustrator

4. Citroen C4 Landing Page (Coursework)
    Conducted market analysis and competitor research
    Created a moodboard, wireframes, and a final animated interface using Figma

Additional Experience:
Participated in an addendum project for GoIT, with landing design implemented by students-developers"
98266,"Summary:
Highly motivated and experienced team leader and designer with a strong background in web service and landing page design. Proven track record of successfully leading teams and delivering high-quality designs that meet client needs.

Experience:
Team Leader, Travel Joy Project
- Led a team in the design of a web service that facilitates work and rest in a new environment
- Conducted competitor analysis, created user flow, and developed wireframes and prototypes
- Successfully developed a well-designed web service with convenient functionality and a good user interface

Designer, Nice View Project
- Created a landing page for selling apartments in a new residential complex
- Conducted competitor analysis, studied target audience, and developed low-detailed and high-detailed prototypes
- Selected fonts and color palette to attract maximum number of new buyers

Current Project:
- Working on a mobile app for table booking in a restaurant as part of a team

Skills:
- Team leadership
- Web service design
- Landing page design
- Competitor analysis
- User flow development
- Wireframing and prototyping
- Font and color palette selection
- Figma

Projects:
- Travel Joy: web service for travel and work in a new environment
- Nice View: landing page for selling apartments in a new residential complex
- Mobile app for table booking in a restaurant (current project)"
98267,"Volunteering Projects Aggregator for Ukraine
Created a user-friendly platform showcasing various volunteering initiatives in Ukraine, providing detailed project information, enabling donations, and facilitating exploration of related projects and volunteer organizations to promote engagement and support for meaningful causes.

Landing Page for Kickstarter Project
Designed a landing page for a nightstand that transforms into four chairs, utilizing the AIDA marketing model to promote the product and encourage purchases. Developed skills in competitor analysis, reference selection, high-fidelity wireframing, and creating an adaptive website.

Landing Page about Rihanna
Developed a landing page introducing users to Rihanna and generating interest in her, honing skills in mood boards, references, wireframes, complex composition, typography, and prototyping."
98268,"Here is the rewritten resume:

**Personal Projects**

* Mobile Event App (in progress)

**Web Design Experience**

1. **A Kids Place Childcare Website Redesign**
	* Conducted full-cycle redesign of the preschool website for parents
	* Improved site attractiveness and user experience
	* Performed competitor analysis
	* Ensured adaptability for mobile and tablet devices
2. **Pet Service Team Project**
	* Collaborated on full-cycle design of a web service for finding pets
	* Created a one-stop platform for pet-related services
	* Studied target audience market and worked on team collaboration skills
	* Ensured adaptability for mobile and tablet devices"
98269,"Brilliantly finished Projector UX Beginner Course
KronaStudio&School Web Design Course
2 months of internship working on pet project with a small dev team

Projector UX Beginner: 
  - Stakeholder project as self-dependent designer 
  - Stakeholder project in a design-team 
  - UX research 
  - Problem-solving 
  - Transforming into UI solutions

1 year of volunteering in University IT HUB: 
  - Redesigning university websites 
  - Designing interfaces for university needs 
  - Cooperating with a team 
  - Managing tasks in Jira

Rapidly improving UI skills by: 
  - Working with a UI library 
  - Being mentored 
  - Participating in UX research 
  - Evaluating solutions 
  - Cooperating with developers and PM to enrich teamwork experience"
98270,"Summary:
Highly motivated and detail-oriented individual with experience in 3D graphics, UI/UX design, and team leadership. Proficient in HTML, CSS, and SketchUp.

Experience:
3D Graphic Specialist, HOVER Ukraine (Feb 2021 - Jun 2023)
- Created 3D exteriors and interiors using SketchUp
- Reviewed and checked finished 3D models from other modelers

Project Experience:
- Redesign of the Sophie Scholl Realschule website: researched and analyzed school websites and web design best practices, redesigned the site to be aesthetically pleasing and user-friendly
- YoHome web service: developed interface from scratch, created simple user flow, and adapted design with minimal changes

Leadership Experience:
- Team Leader, YoHome project: led the team in creating a website for hosting and renting housing

Skills:
- HTML
- CSS
- SketchUp
- UI/UX design
- 3D modeling
- Team leadership

Personal Projects:
- 3 pet projects on various topics

Work Environment:
- Seeking a full-time or part-time position with a mutual respect and friendly atmosphere
- Interested in training and development opportunities within the company
- Focused on achieving results"
98271,"4 years of experience in designing various types, including interior, graphic, and industrial design.
Master's degree in Environmental and Industrial Design.
Developed interior design projects, created graphic designs, logos, business cards, banners, and artwork while studying. Worked as a freelancer and as an interior designer for a company.
Since 2022, focused on web design, completing courses from GENIUS, including ""Fundamentals of Web Design"", ""Working with Figma"", and ""UX/UI: Projecting and Design of Interfaces"".
Aiming to specialize in UI/UX design.
Language skills: English (B1), Polish (B2), Spanish (B1)."
98272,"UI/UX Designer

Summary:
Highly motivated UI/UX designer with 6 months of experience in creating designs for various platforms, including landing pages, e-commerce sites, portfolio sites, and mobile applications. Proficient in the full design process, from competitor analysis to responsive design.

Experience:
UI/UX Design Experience (6 months)
- Created designs for landing pages, e-commerce sites, portfolio sites, and mobile applications (iOS, Android)
- Conducted competitor analysis, user flows, wireframing, prototyping, and built unique UI designs for websites
- Adapted websites for mobile and tablet devices, ensuring responsive design
- Collaborated with front-end developers to bring designs to life
- Utilized basic website animation techniques to enhance user experience

Education:
UI/UX Design Coursework (5 months)
- Studied principles and technologies of the full UI/UX design process
- Gained in-depth understanding of Google Material Design Guidelines and Human Interface Guidelines
- Applied knowledge in coursework to develop comprehensive design skills

Career Goals:
Seeking a UI/UX design position to apply skills and knowledge, with a strong desire to continue improving design abilities and contributing to innovative projects."
98273,"Entry-Level UX Designer

Summary:
Highly motivated and detail-oriented individual with a strong foundation in UX design principles, seeking an entry-level position in a collaborative environment.

Experience:
Freelance UX Designer (6 months)
- Created social media banners for Instagram, Twitter, and Facebook
- Assisted in planning applications and websites
- Developed a blog using Webflow
- Designed landing pages and banners

Education:
Hillel IT School, Course Completion
- Studied foundational concepts in UX design, including user-centered design, the design process, accessibility, and equity-focused design
- Gained understanding of design sprints and their importance in UX design

Skills:
- User-centered design
- Design process
- Accessibility
- Equity-focused design
- Design sprints
- Webflow
- Social media banner design
- Landing page design
- Blog development
- Application and website planning"
98274,"Junior UI/UX Designer

About me:
As a Junior UI/UX Designer, I am passionate about creating effective and aesthetically pleasing designs that improve the user experience. I offer full-cycle design services and specialize in landing pages, e-commerce, website redesign, and web services.

Project experience:
During my 6-month UI-UX Design course, I worked on 3 individual and 2 team projects.

* ""Wish"" - gift delivery mobile app: I designed a full-cycle process, including competitive analysis, UX personas, user flow, wireframes, and UI design, for a flower and gift delivery app.
* ""Fitroom"" - corporate website redesign for a fitness studio: I performed competitor analysis, established a stylistic direction, built prototypes, optimized interfaces for phone and tablet, and developed a UI kit to create a modern and attractive user interface.
* ""VDOMA"" - Ukrainian couch-surfing web service: I applied a full-cycle design process, including competitive analysis, UX personas, empathy map, sitemap, definition MVP, and user flow diagram, and created tablet and mobile adaptations, followed by A/B testing to correct disadvantages.

Additional projects:
* Designed UI for a cleaning company's service accounting table
* Created UI for a website's sidebar
* Developed a team page with AutoLayout-based paddings
* Designed a user page for an online learning resource
* Created a dashboard for an ed-tech product for school students
* Designed a site's start screen desktop UI with animation
* Developed a modal window for confirming card-to-card money transfers
* Designed a dashboard for managing user rights for administrators

I am excited to bring my knowledge, skills, and passion to your team and help create designs that elevate business. Thank you for considering me for your next project."
98275,"Junior UX/UI Designer

As a passionate and creative designer, I am driven by my love of design and commitment to creating exceptional user experiences. With a strong foundation in design principles and a keen eye for aesthetics, I continually seek innovative ways to improve digital interactions and positively impact users. I stay updated on industry trends and evolving technologies to improve and innovate in my field.

PROJECT EXPERIENCE

I have developed three personal projects that showcase my skills in UX/UI design.

Petsearch is a web service designed to help shelters and promote volunteerism by connecting lost and found animals with their owners. The goal was to create a user-friendly service that provides quick results and a positive user experience. The service offers various functionalities to facilitate the reunion of pets with their owners.

I also redesigned the website for ""A kids place childcare"", a children's project. The project involved analyzing the old design, researching competitors, and identifying user expectations. I created a UI kit with all the UI elements and formed the visuals of the pages based on the research.

Additionally, I designed a landing page for the FlowerLover flower shop. The project included competitor analysis, moodboard creation, page structure determination, and color palette selection. I aimed to create a high-quality and useful product that meets user needs.

I am excited to contribute my skills to new and challenging projects that align with my passion for design and user experience. I am committed to delivering top-quality products that make a positive impact on users."
98276,"Junior UI/UX Designer

About Me
Hello, I am a Junior UI/UX designer with a desire to grow and develop in this field. I have experience working on individual design projects and have a foundation in design principles, including color theory, typography, and design. I am looking for an opportunity to expand my experience in this area and am willing to learn and grow with a team to create the best user experience.

Self-Education
I have pursued self-education in UI/UX design through online courses, literature, and learning about cutting-edge design technologies. I am continuously developing my portfolio, adding new projects, and improving the quality of my work.

Project Experience

Website Redesign | Tattoo Studio
December 2022 – January 2023
I redesigned the tattoo studio website to create a more modern and user-friendly interface. The new site design includes clearer navigation elements, new functions for ordering tattoos, improved image quality of tattoo artists' work, and customer reviews.

UI/UX Design | Service for Finding Lost Animals
February 2023 – March 2023
This study project involved designing a web service for finding lost pets. The functionality includes creating and publishing ads about lost or found animals, aiming to facilitate quick and efficient information dissemination and communication between pet owners.

Career Goals
I am seeking opportunities to work in a team with experienced designers, receive assignments, and engage in exceptional communication. I aim to develop my professional skills, learn new technologies and trends in UI/UX design, and work on a variety of projects to explore new areas of design."
98277,"UX/UI Designer

About me
I am a creative and skilled UX/UI Designer with a passion for developing aesthetically pleasing products. I specialize in designing websites, web services, mobile apps, logos, advertisements, and posters.

Work experience

Korg sound library cover design
Created two illustrations serving as covers for sound libraries, analyzing reference photos and designing the covers accordingly after discussing project details with the client.

Sinevibes logo (3D animation)
Designed an animated 3D logo, creating the model, shading, and rendering the final animation after client approval.

My projects

UrbanFest landing page design
Designed a landing page from scratch, creating a moodboard, wireframe, and final design, resulting in a minimalistic landing page.

CustomConcepts tattoo website redesign
Redesigned an existing website, analyzing related websites, prototyping, and creating a modern and comprehensive website.

Web service UX and UI design
Created a web service for finding accommodation abroad at a low price, conducting UX analysis, creating user personas and a customer journey map, and designing the interface.

Beatcraft mobile app design
Designed a music-related app, analyzing the target audience, creating wireframes, and designing the interface, including details like two-factor authentication and in-app achievements.

Completed four individual projects, conducting extensive UX research and designing UI for dashboards, tables, websites, and web services. Collaborated in a team, leading the design and presentation of a literature-related project.

I am looking for a remote opportunity to work with like-minded people, leveraging my ability to quickly learn new skills and take on challenges."
98278,"About Me
I am a dedicated UI/UX designer from Ukraine, specializing in creating intuitive, convenient, and beautiful design projects. I believe that understanding user problems is the starting point for creating design solutions. Overall, my passion for design, attention to detail, and willingness to learn and grow make me a valuable asset to any team committed to creating outstanding products.

Skills
· Figma (auto layout, styles, components, design systems)
· Creating user-centered designs by understanding business requirements
· Identifying and troubleshooting UX problems

Project Experiences
Lunushka Shop mobile app 
The main task was to create a mobile application for an online store. Before starting the work, a study was conducted, which included such main points as: analysis of competitors, analysis of the target audience, personas and their needs, wishes and fears, creation of user flow, detailed wireframes were developed, development of an intuitive and good design for the project, onboarding, creation animated prototype for the customer and protopie for onboarding.

Globetrot web service 
This project is devoted to the creation of a web service for the organization of an economic stay in different countries. An in-depth study was conducted with the help of which problems were formed and the design of solutions for their solution was proposed. Based on this, detailed wireframes and UI for the web service, adaptive design and animation of prototypes were developed.

Redesign Website Tattoo Studio
As part of this project, after a detailed analysis, the website was updated, modern design was developed, an understandable interface was created, and informative pages were developed to attract new customers and tattoo artists to cooperate with the tattoo studio.

Flower shop with delivery landing page
The project is dedicated to creating a landing page for a flower shop with an innovative delivery service. I carefully approached the project, conducting detailed user research, competitor analysis, and creating a persona. At the next stage, a moodboard was created. Paying attention to every detail, I created a prototype. Combining all this in a spectacular design, providing convenient navigation and a pleasant interface for customers. The purpose of this landing page is to make the process of choosing and ordering flowers as pleasant and convenient as possible for customers. The final process was the adaptation of the landing page for tablets and mobile devices.

Work Experience
During the UI/UX designer courses, I worked on 4 pet projects, both alone and in a team, where I was responsible for the user interface, filter, and verification methods in a web service.

Career Goals
I am looking for a role that offers corporate training and development, career growth, mutual respect, and a friendly atmosphere."
98279,"Junior UI/UX Designer

ABOUT ME
I am a Junior UI/UX Designer with experience in team and individual design projects, performing the whole design cycle: analysis, developing ideas, prototyping, user interface design, and adaptation. I create user-friendly interfaces with easily navigable design.

PROJECT EXPERIENCE

Website Redesign | Restaurant & Hotel Complex ""MIMINO""
October 2022 – November 2022
Redesigned the old website to make it more attractive, modern, and user-friendly. Analyzed the old website, identified disadvantages, and found solutions. Created a detailed prototype, visual design, and adaptation.

UI/UX Design | Pet Search Webservice ""NADIYA""
December 2022 – February 2023
Developed a webservice to help owners of lost animals find them faster. Improved communication, organizational, delegation, and time-management skills in a team project. Performed competitor analysis, created user personas, sitemap, high-fidelity prototypes, user interface, and adaptation to create a simple, usable, and visually pleasing webservice.

CURRENT PROJECT
Mobile App | Flower & Gift Delivery
Currently working on a mobile app for flower and gift delivery as part of a team.

OWN PROJECTS
Landing Page | Yoga Studio
Designed a landing page for a yoga studio.

WORK ENVIRONMENT PREFERENCES
- Mutual respect and friendly atmosphere
- Remote work
- Corporate training and development
- Career growth"
98280,"Junior UX/UI Designer

About Me
I am a self-motivated and focused Junior UX/UI Designer who pays a lot of attention to details. My passion is to create high-quality products for users and businesses.

Skills
- Proficient in Figma, Adobe Photoshop, Adobe Illustrator, Canva
- Skilled in using web-services like SimilarWeb
- Experienced in working with Design Systems, User Flows, CJM

Project Experience
 Barbershop - Landing Page
Created a landing page for a new barbershop in Ukraine, utilizing Figma and Adobe Photoshop to promote services and attract potential customers.
 India Cafe - Website Redesign
Redesigned the website of India Cafe to attract more visitors, conducting competitor research and user interviews to create an attractive and in-demand website.
 Look for - Web-Service
Analyzed the target audience, developed a clear interface, and worked on the User Interface for a web-service aimed at helping people find accommodation. The project was designed and launched in three stages, using Figma, Canva, and Adobe Illustrator.

Career Goals
I am eager to join a team and create high-quality products for users and businesses, accepting new challenges in the web-design process."
98281,"Here is the rewritten resume:


UI/UX Design Course Projects:
- Adaptive redesign of a website
- Adaptive design of a web service for hiring employees of a cleaning company
- Development of a mobile application for booking tables in a restaurant
- Various short tasks on web design according to the curriculum

Graphic Design Experience:
8 years of experience in graphic design, with a strong background in the field.

Chief Designer (Head of Department), 3 years:
- Organized and prepared the company's creative projects
- Developed concepts and designs in accordance with the company's corporate style
- Managed the work process for department employees

Notable Projects:
- Re-design of the company website
- Interface design for a popcorn machine
- Landing design for KinoboardPRO
- Design-project for a city café, including interior design of the conference-hall

About Me:
I aspire to gain experience in IT, learn and grow as a UI/UX designer. I am passionate about digital product design for business, creating easy-to-use products with intuitive logic and modern interfaces. I am result-oriented and ready for further development to deliver the best possible design for my clients. I am a team player, ready to contribute my experience to help the company profit.

Project Experience:
- Redesign of the MAINSAIL realty company website: updated design, logical content sections, simple navigation, and convenient forms for easy user interaction
- Interface redesign for the Kinoprokat-Sumy popcorn machine: redesigned the interface in the company's colors and style, developed new icon design and animations

Career Goals:
I am looking for a reliable and qualified company offering career and financial growth opportunities, a flexible work schedule for work-life balance, and remote work options.

Contact:
I am a UI/UX Designer looking to join a team and contribute my skills. I welcome the opportunity to discuss how I can benefit your company."
98282,"About Me

I'm a motivated junior UI-UX designer with a background in HR and a strong passion for design and innovation. I find great joy in creating visually appealing and user-friendly websites and apps. I continuously learn and improve my skills. I'm excited about the opportunity to work for a great company and collaborate with interesting people.

Project Experience:

1. Eventize - Mobile Application (2023)
Eventize is a mobile application that enables users to find and book venues or events, as well as plan their own special occasions. This app offers a comprehensive platform for creating and managing events, allowing users to select necessary items by category and plan important tasks.

2. Guesture - Web Application (2022)
Guesture is a web service that helps people change their environment and work or rest in a new place. The concept is similar to couch-surfing, but visitors must pay or perform tasks indicated by the host to be a guest. The service targets students and young people who want to explore the world but have limited financial resources.

I am seeking a full-time or part-time position in an innovative and growing company. As a fast learner, responsible individual, and team player, I am ready to take on challenging tasks."
98283,"Junior UX/UI Designer & Team Leader

Summary:
Results-driven Junior UX/UI Designer with a strong focus on user experience, leading a team on various projects, including the pet project ""Shine"" - a web service for cleaning companies. Proven track record of delivering high-quality designs that meet project goals.

About Me:
As a responsible and detail-oriented Junior UX/UI Designer, I prioritize user experience, allocating 65% of my attention to this aspect and 35% to visual design. I am committed to delivering well-thought-out and high-quality work, recognizing that this requires time and dedication.

Experience:
Team Leader, ""Shine"" Web Service Project
- Led the team in all organizational aspects, contributing to project development, and inspiring and supporting team members.
- Currently leading a team in courses, further developing my skills and expertise.

Projects:

* Landing ""FlowerLover""
  - Created a minimalistic one-page website for flower delivery, ensuring a user-friendly experience despite numerous images.
  - Conducted competitor and target audience analysis, reference selection, moodboard creation, wireframing, prototyping, UI-kit development, animation, and adaptation for tablet and mobile devices.
  - Presented the project on Behance, including a case study.

* Website Redesign ""A Kids Place Childcare""
  - Redesigned the website for a modern kindergarten, addressing the issues of low client engagement and decreased coverage.
  - Analyzed the current site, target audience, and competitors, and developed references, moodboards, wireframes, prototypes, UI-kits, adaptations, and animations.
  - Successfully achieved the project's desired outcome, as demonstrated in the Behance case study.

Professional Goals:
Aspiring to become a professional UX/UI Designer and establish my own brand, I am committed to continuous learning and growth, seeking collaborations that value my work and time."
98284,"Web Design (UX/UI) Courses
UX Energy IT School, Jun 2018 – Sep 2018

Key Skills:
- Adobe Photoshop
- Adobe Illustrator
- Adobe Experience Design
- Axure
- InVision

Summary:
Junior UI/UX Designer with foundational knowledge in creating site structure, interaction flows, page wireframes, and interface requirements. Proficient in visual styles for sites and applications, including layout, color, typography, and iconography.

Objective:
Seeking a Junior UI/UX Designer position."
98285,"Dima
Junior UI/UX Designer

Highly motivated and detail-oriented junior UI/UX designer with a strong passion for creating modern and user-friendly interfaces. Proficient in designing wireframes and prototypes using Figma, with experience in creating landing sites and multi-page projects.

Key Skills:
- Wireframing and prototyping in Figma
- Creating landing sites and multi-page projects
- Attention to detail and meeting deadlines
- Strong desire for self-improvement and skill development

Education:
- Projector — Creative & Tech Online Institute, Web Design Beginning, 2022
- Projector — Creative & Tech Online Institute, Web Design Junior, 2022-2023"
98286,"Highly Motivated and Creative Designer

Results-driven designer with a passion for delivering exceptional user experience and visually stunning UI, leveraging a strong understanding of the design process and a background in marketing.

Current Role: Marketing Manager/Designer

Key Responsibilities:
- Design marketing materials, including brochures, leaflets, and stands, utilizing Figma, Adobe Photoshop, and Adobe Illustrator
- Create images for websites, social media posts, and campaigns
- Plan and develop email newsletters
- Edit videos for social media platforms
- Write content for websites, marketing materials, campaigns, email newsletters, and other media

Skilled in UI/UX and graphic design, with a strong foundation in marketing principles."
98287,"UI/UX Designer
Alkima Web & Design
March 2023 - Present

* Conduct user experience research
* Create sitemaps, wireframes, and user interfaces
* Utilize Webflow builder for design development
* Design banners for websites and creatives for social networks
* Develop logos and design systems

Sales Manager
Vinnytsia Distribution Company
January 2019 - February 2022

Skills:
* Understanding of the interface design process
* Ability to create prototypes for various products
* Analyze conditions, test prototypes, and use data to improve design
* Knowledge of user needs and examples of good design
* Experience in creating simple and clear web browser layouts
* Designing interactive UX applications
* Team collaboration and principles of teamwork

Career Goal:
To work in a team and create projects that help people make better use of technology, developing interfaces for websites, mobile apps, and software."
98288,"Freelance Project Experience
-----------------------------

Utilized skills in various freelance projects, including:
- Early-stage gaming projects
- Cryptocurrency exchanges
- Cryptocurrency-related websites

Key Interactions:
- Collaborated with project managers in a client capacity
- Coordinated with web developers to clarify layout details"
98289,"Experienced UI/UX Designer

Summary:
Highly skilled in designing visually appealing and user-friendly interfaces using Figma, with a strong foundation in design principles and a keen eye for detail.

Experience:

* Designed a landing page for a Law Firm, including:
	+ Briefing the client and researching the law field
	+ Creating mood boards, choosing fonts and colors, and working with brand identity
	+ Wireframing and developing multiple design concepts
	+ Creating the final design and adapting it for various devices, including phones and tablets
* Created a website for a pastry shop with delivery, focusing on:
	+ Utilizing auto layouts in Figma
	+ Applying knowledge of design basics to create an effective user experience

Skills:
Figma, UI/UX design, design research, brand identity, wireframing, adaptive design, auto layouts."
98290,"Recent Graduate
No prior work experience, but eager to apply skills and knowledge in a professional setting
Key Skills:
  Adobe Photoshop
  Adobe Illustrator
  Figma
  Quick learner, adaptable to new challenges and software
  Strong willingness to learn and grow in the field of graphic design"
98291,"**Summary**
Motivated UI/UX designer with a strong foundation in creating seamless user experiences and functional designs. Proficient in utilizing SQL to verify data accuracy and generating comprehensive bug reports to ensure software quality.

**Technical Skills**
- SQL
- Figma
- Adobe Illustrator

**Experience**
- Successfully created and executed test cases to ensure software quality and functionality
- Generated comprehensive and accurate bug reports to help developers identify and resolve issues quickly
- Utilized SQL to verify data accuracy

**UI/UX Design Experience**
- Redesigned website for ""A Kids Place Childcare"" (study project), focusing on creating a good-structured, modern, and user-friendly design
  - Conducted user research, competitive analysis, wireframing, prototyping, and drew conclusions
- Developed a web service for a private medical clinic (study project), aiming to organize and document doctor-patient meetings, provide online consultation opportunities, and reduce documentation time through speech recognition technology
  - Responsibilities included baseline study, brainstorming, jobs-to-be-done, user flow, customer journey mapping, prototyping, UI design, and adaptation

**Personal Projects**
- Successfully managed and executed 2 personal projects, demonstrating initiative and capability in project management and execution

**Career Goals**
Seeking a flexible work schedule or full-time position in a company focused on making everyday and business tasks easier, more productive, and user-friendly. As a fast learner, responsible individual, and someone ready for challenging tasks, I am eager to contribute to innovative projects."
98292,"UX/UI Designer

Summary:
Results-driven UX/UI designer with experience in creating user-centered designs, proficient in conducting research, building wireframes, and interactive prototypes. Advanced English language skills.

Experience:
Design Studio, Kyiv
- Contributed to the development of the mobile app project ""DayDrive""
- Created landing pages, sign up/log in forms, and other design elements

Education:
Mentorship Program in UX/UI Design, Graduate

Skills:
- User experience (UX) design
- User interface (UI) design
- Wireframing
- Interactive prototyping
- Research and analysis
- Usability and aesthetics balance
- Business solutions and user empathy

Language:
English, Advanced level

Career Objective:
Seeking an opportunity to apply my skills and knowledge to enhance my career in UX/UI design and improve user experiences."
98293,"UI/UX Designer

Education:
Finished UI/UX Design Advanced level course with first-class degree diploma from IT School Hillel, achieving 2nd place in student ratings

Online Courses:
Continuously taking design-related online courses on various design resources

Experience:
Freelance UI/UX Designer, Upwork (Top Rated), Apr 2020 - Present
- Redesigned CRM systems
- Created components library for site-builder services
- Designed mobile applications
- Designed CRM systems

UI/UX Design Student, IT School Hillel, Sep 2019 - Mar 2020
- Learned UX design principles, from analysis to prototyping
- Studied typography, grid compositions, animations, color systems, and responsive design
- Applied knowledge to diploma project: CRM System for a sports complex

Landing Page Designer, Jul 2019 - Aug 2019
- Designed a landing page for educational courses
- Collaborated with developers on testing and design of CRM and web design projects

Career Goals:
Seeking a company with a warm and friendly team, where I can grow as a designer and participate in challenging and interesting projects."
98294,"UI/UX Designer

April - May 2023
App Project: Food Delivery
- Conducted UX research, including:
  - Personas
  - Customer Journey Map (CJM)
  - Empathy Map
  - Competitor analysis
  - Site Map
  - User Flow
- Designed UI components, including:
  - Wireframing
  - Concept development
  - Visual design

June 2023
Landing Page: Brewery Craft Beer
- UX design, including:
  - Competitor analysis
  - Information architecture
  - Moodboard development
- UI design, including:
  - Wireframing
  - Visual design
  - Animation"
98295,"Aspiring UX/UI Designer

Summary:
Transforming creative energy into problem-solving skills, I'm a dedicated UX/UI designer focused on crafting useful and profitable products. With a strong foundation in design principles and essential tools, I'm excited to bring ideas to life.

Study Projects:
- Vinyl Shop website: developed desktop and mobile versions
- Sign language study app: conducted UX research, designed Human Interface and Material design, and created a landing page
- Car trip planning app: performed UX research, designed a Design system, Human Interface, and landing page

Skills:
- Proficient in Adobe Illustrator and Adobe Photoshop for vector and raster graphics
- Experienced in UX research: User Flow, User Story, CJM, User Scenario, and target audience research
- Skilled in low- and high-fidelity prototyping, interactive prototyping in Figma, and logo creation
- Knowledgeable in color theory, typography, composition, Material Design, and Human Interface Guidelines
- Familiar with design systems, UI-kits, styles, components, variants, and autolayout in Figma
- Understanding of adaptive design and basic HTML and CSS
- Experience with Tilda

Career Objective:
Seeking a web design position where I can apply my skills and passion to create effective and engaging user experiences. Please contact me to discuss potential opportunities."
98296,"Charitable Foundation Designer
- Created landing page, banners, and logo for the foundation

Design Experience
- Developed various personal projects, including:
  - Landing pages
  - Mobile apps
  - High-fidelity and low-fidelity prototypes
  - Adaptive and responsive design
- Conducted UX research
- Utilized skills in solo project development, with a focus on self-directed learning and growth

Career Goals
- Seeking new experiences and knowledge to further develop skills as a designer
- Interested in collaborative opportunities to expand skill set and work within a team environment"
98297,"Designer with experience in individual and teamwork on landing pages, website redesign, web services, and mobile application projects. Proven track record of developing 3 projects, including a team project where I researched and implemented a patient-side user flow.

Possess a solid foundation in design principles, acquired through IT courses, with a strong understanding of professional tools necessary for successful work in the field. Skilled in communication, teamwork, and time management, with a strong ability to receive feedback, cooperate, and complete tasks on time.

Seeking opportunities for growth and development in the profession, with a willingness to take on new challenges and contribute to creating user-friendly and productive products.

PROJECT EXPERIENCE

Landing page “Barbershop in Kyiv”
One-page site designed to attract customers and promote services, featuring information on services, professional masters, customer reviews, and competitive advantages.

Web service for a medical clinic
Full-cycle design, teamwork project where I created a patient page, allowing users to schedule online or live appointments, view medical history, and payment history.

Redesign for Design “KIDS PLACE”
Full-cycle redesign of a website, aiming to create a modern and convenient site to attract more visitors, with an adaptive version for greater accessibility and expanded target audience.

Seeking a full-time or part-time designer position at a company focused on creating user-friendly and productive products, considering user experience. As a quick learner, purposeful, responsible, and ready to perform complex tasks, I am committed to delivering high-quality results."
98298,"UI/UX Designer

Summary:
Highly motivated and detail-oriented UI/UX designer with experience in creating efficient and convenient user interfaces and experiences. Proficient in using Adobe Creative Suite, Figma, and other design tools. Strong communication, collaboration, and leadership skills, with a passion for delivering high-quality products that meet business and user needs.

Experience:

Non-Commercial Project:
- Developed a logo and corporate style for a young Ukrainian brand of modern women's clothing, Ina&Mi, using Adobe Illustrator, Adobe Photoshop, and Adobe InDesign.
- Collaborated with the customer to ensure satisfaction with the final product.

Pet Projects:
- Designed and developed a landing page, website redesign, housing reservation service, and application for booking tables in restaurants, cafes, and bars.
- Utilized Figma and Adobe Photoshop for design and development.
- Conducted market analysis, competitor analysis, worked on personas, wireframes, sitemap, and UI|UX design.

Skills:
- UI/UX design
- Graphic design
- Adobe Creative Suite (Illustrator, Photoshop, InDesign, After Effects)
- Figma
- Communication and collaboration
- Leadership and teamwork
- Creativity and problem-solving
- Organization and time management
- Interpersonal skills

Expectations:
- Collaborative work environment
- Opportunities for professional growth and development
- Training, support, and mentoring

What I Offer:
- Support and assistance to colleagues
- Creativity and willingness to cooperate
- Fresh perspective on problem-solving
- Knowledge and experience sharing
- Enthusiasm and desire to learn and develop."
98299,"Project Crypto Wallet allowed me to hone my skills as a UI/UX designer and provided me with valuable experience in designing for complex and challenging projects in the crypto space.
• Developed a secure and user-friendly platform for managing cryptocurrencies.
• Conducted user research and implemented user-centered design principles to ensure that the product met the needs of its target audience.

The redesign of the Cucina di Catherina online store was a challenging and rewarding project that allowed me to apply my UI/UX design skills to enhance the customer experience and achieve the client's goals.
• Successfully created a fresh, modern look that aligned with the brand's vision and values.
• Improved the website's user experience by making it more intuitive and engaging.
• Increased website traffic and engagement metrics.

As a highly creative and detail-oriented junior UI/UX designer, I have a passion for crafting intuitive and engaging digital experiences. With a strong foundation in design principles and a natural ability to solve complex problems, I am able to create user-centered designs that meet the needs of diverse audiences.

Crypto Wallet Tutis
Application, full cycle design
This experience has challenged me to consider complex design problems such as security and data privacy, and to think deeply about the user's needs in managing their cryptocurrencies.
Throughout the project, I focused on creating a secure and intuitive platform that would provide a seamless user experience while ensuring the safety of their assets.
I also conducted extensive user research to understand the needs of crypto wallet users and incorporated their feedback into the design process.

Redesign Cucina di Catherina
Online Store Website, full cycle design
The goal of the project was to create a more modern and user-friendly platform that would enhance the customer experience and increase sales.
I began by conducting extensive user research to understand the pain points and needs of customers when shopping on the current website. I also designed new visual elements and a fresh color palette to modernize the brand's image and enhance the overall aesthetic of the site.
Throughout the design process, I conducted usability testing to ensure that the new design met the needs of users and addressed any issues that arose.

Skills:
• Adobe Suite
• Creating web interfaces, mobile design, and landing pages in Figma
• Experience in the redesign
• Developing user personas, user scenarios, and sitemaps
• UX research and analysis of competitors
• Using Google Material Design Guidelines
• Work with photos in Photoshop
• Design of icons, logos, and illustrations in Illustrator
• Wireframing and Prototyping
• Visual Interface
• Site map and user flow
• Adaptation

I expect to work on a variety of projects that require designing engaging and intuitive user experiences. I would like to collaborate with cross-functional teams, including product managers, developers, and stakeholders, to ensure that my designs meet both business goals and user needs.
I would also like the opportunity to conduct user research and create user personas to inform design decisions, design wireframes and prototypes to test and iterate on design concepts, develop design systems and style guides to maintain visual consistency across products, collaborate with developers to ensure that designs are technically feasible and implemented correctly, advocate for user-centered design principles, and promote the user throughout the design process. 
I want to continuously gather feedback and iterate on designs to improve the user experience.
I expect to work in a dynamic and challenging environment that requires me to think creatively and solve complex design problems."
98300,"Highly Motivated UX/UI Designer

Summary:
Results-driven UX/UI designer with a passion for creating user-centered designs that simplify complex tasks and provide value to users. Proficient in effective communication and committed to continuous skill improvement.

Experience:
Various jobs, utilizing strong communication skills to achieve goals
Personal projects, applying UI/UX design principles to create seamless user experiences

Education:
Completed UI/UX design courses, enhancing skills in user experience and interface design

Skills:
UI/UX design, communication, personal projects, continuous learning

Statement:
As a dedicated UX/UI designer, I aim to craft beautiful and functional designs that prioritize user needs, driven by a passion for simplicity and a commitment to delivering value to users."
98301,"Junior UI/UX Designer

With a strong foundation in design principles and techniques, I possess a diverse range of skills and knowledge of various design tools and software. 
Education and training from Design IT Step Academy have provided expertise in graphic design, 3D modelling, animation, and UI/UX design.
Proficient in Figma, Photoshop, Illustrator, After Effects, Maya, and Premiere Pro, enabling the creation of visually appealing designs.
Skilled in design principles and techniques, including prototyping, design research, SWOT analysis, typography principles, image making, and illustrating, to create effective and user-friendly designs."
98302,"Junior UI/UX Designer

Summary:
Highly motivated and detail-oriented junior UI/UX designer with experience in designing visually appealing and effective web and mobile applications. Proven ability to analyze tasks, create prototypes, and implement designs into user-friendly end products.

Experience:
Team Leader, Paw Rescue Project
- Organized team work and designed prototypes' visual aspects
- Collaborated with team to design a website for finding lost and found animals
- Conducted competitor analysis to structure the website and create a clear user flow

UI/UX Design Projects:
- Redesign for Italian Sauce Website: revamped website to attract customers and improve user experience through updated color scheme, uniform photos, and modern typography
- Landing Page for Flower Lover: analyzed target audience, created a clear interface, and built the interface from scratch
- Paw Rescue: designed a convenient and modern website interface with a clear user flow

Skills:
- Full cycle design approach
- Analyzing tasks and creating prototypes
- Designing visual styles and implementing them into usable end products
- Adapting designs for mobile and tablet versions

Career Goals:
Seeking a remote office position in a company that offers mutual respect, a friendly atmosphere, corporate training and development, and opportunities for career growth."
98303,"Skilled in utilizing design tools such as Adobe Photoshop and Figma to create user interfaces and visual designs.
Proficient in designing wireframes and interactive prototypes to visualize design concepts.
Able to create interfaces that adapt to various screen sizes and devices.
Understanding of design systems and their components.
Skilled in creating user flows and journey maps to illustrate user paths through applications or websites.
Able to use graphic editing tools like Photoshop or Illustrator to create and modify visual assets.
Organized in managing design tasks, meeting deadlines, and collaborating effectively with team members.

As a Junior UI/UX Designer, I worked on various web services and mobile apps, collaborating with teams to design user-friendly and visually appealing interfaces. I created layouts for web services that worked well on different devices and designed mobile app screens that considered touch interactions, ensuring clarity and organization. I adapted to different project requirements and improved my skills using programs like Figma, Adobe Photoshop, and Protopie to create layouts and mockups.

Key projects include:
1. Redesign of the ""Custom Concepts"" tattoo studio website, focusing on making the site easier and more convenient for customers through changes to the color palette, high-quality photos, a simple booking form, and a new visual hierarchy.
2. ""PetRescue,"" a web application for searching lost pets, designed to reunite lost animals with their owners by providing a platform to share, search, and match missing pet information effectively, utilizing tools like Figma, Adobe Photoshop, FigJam, and Adobe Illustrator.

I am a native Ukrainian speaker, fluent in Russian, with an upper-intermediate level of English and an elementary level of Polish. I am committed to continuous learning and improvement in UI/UX design, eager to work on diverse projects and explore new design approaches. I prioritize creating visually appealing designs that are accessible to everyone, with a focus on incorporating feedback to enhance design quality."
98304,"Junior UI/UX Designer

Summary:
Results-driven junior UI/UX designer with experience in creating digital experiences that offer optimal user experience. Proven track record of leading teams and presenting projects to customers.

Experience:
Team Lead, Buki School Project
- Organized team work and presented the project to the customer
- Conducted UX research, including in-depth interviews, questionnaires, formation of personas, and empathy maps

UI/UX Designer
- Created digital experiences for landing pages, redesigns, web services, and mobile applications
- Utilized methodologies such as competitive analysis, heuristics analysis, and user research to inform design decisions

Project Experience:
Redesign for Buki School (Team Project)
- Conducted full-fledged UX research, including competitive analysis, heuristics analysis, in-depth interviews, personas, and surveys
- Created a clickable cabinet prototype and presented the project to the customer

DocMe Web Service (Team Project)
- Contributed to UX research and created the main site
- Assisted in making changes to patient and doctor cabinets, utilizing methodologies such as competitor and target audience analysis, personas, JBTD, and CJM

Career Goals:
Seeking a collaborative environment with like-minded individuals who value design and innovation. Expecting opportunities for training and development to stay up-to-date with the latest trends and techniques in web design."
98305,"Team Leader & Junior UI/UX Designer

Summary:
Results-driven team leader and junior UI/UX designer with experience in managing projects, designing intuitive interfaces, and collaborating with cross-functional teams. Proven track record of delivering projects on time and exceeding expectations.

Experience:

Team Leader, Web-service for finding lost pets project
- Determined project direction, distributed responsibilities, and scheduled team meetings
- Ensured smooth workflow, resulting in an intuitive interface that met target audience expectations
- Successfully completed the project on time, receiving high appreciation from the mentor

Collaborator, Start-up project for accountants and related professionals
- Contributed to the development of a web service for calculating salaries, bonuses, and other related tasks

Junior UI/UX Designer
- Completed a special course and 6 study cases, gaining experience in user interface and experience design
- Applied design principles to create user-friendly and visually appealing interfaces

Projects:

- Mobile app for a chain of coffee shops
  - Created an application design with an intuitive interface, well-developed functionality, and a youthful style
  - Conducted competitor analysis, target audience analysis, persona creation, JTBD, user flow development, wireframes, design creation, and animation

- Web-service for finding lost pets
  - Conducted competitor analysis, target audience analysis, user-persona compilation, JTBD, CJM, and User-Flow development
  - Developed a design that met the target audience's expectations as a team member and team leader
  - Organized the work process and distributed tasks among team members

- Travel agency website redesign
  - Created a clear and concise design for a wide range of target audiences
  - Conducted competitor analysis, target audience analysis, persona compilation, and user flow development
  - Developed wireframes, UI design, adaptation, and animation, resulting in a clean and neat design using quality photos

Career Goals:
Seeking a team of specialists who strive to develop and improve their projects, where I can apply my theoretical knowledge, gain practical experience, and advance in my career over time."
98306,"Junior UX/UI Designer

With a strong foundation in UX design principles, I possess basic knowledge and skills acquired through courses in UX Design, Interaction Design at Projektor, and UI/UX at Skill-up school. Throughout my studies, I gained theoretical knowledge and practical experience in implementing UX principles.

My experience encompasses all stages of project development, including:
- Setting stakeholder requirements
- Conducting research
- Working with personas in Miro
- Task analysis
- Creating high-fidelity wireframes and interactive prototypes in Figma
- Usability testing
- Presenting project outcomes

My portfolio includes:
- Planner application
- Re-design of an eCommerce website
- Landing page
- CRM system
- Corporate website

I am seeking a position that allows me to realize my potential, rapidly develop my skills, and contribute significantly to the company's success."
98307,"Junior UX/UI Designer

Summary:
Results-driven Junior UX/UI Designer with experience in delivering user-centered design solutions for various projects, including e-commerce websites and landing pages.

Experience:

* Freelance Junior UX/UI Designer
	+ Redesigned an e-commerce skincare website, optimizing usability and visual design through user research, competitor analysis, and user personas to identify pain points and preferences
	+ Applied usability heuristics to create intuitive prototypes and simplify the user experience
* Designed landing pages for educational courses and agricultural companies, utilizing clear call-to-actions to enhance user engagement
	+ Highlighted benefits and outcomes of courses to convey value to users
	+ Employed tailored color schemes, typography, and imagery to reflect the essence of selected topics

Skills:
* User research and analysis
* User experience (UX) design
* User interface (UI) design
* Usability heuristics
* Responsive design
* Visual design
* Typography and color scheme selection
* Image selection and optimization

All designs are fully responsive, ensuring seamless user experience across various devices."
98308,"Junior UX/UI Design Professional

Education:
- Digital Marketing Professional Certificate, University of Miami
- Bachelor's degree in Hospitality and Tourism Management, Minor in International Relations, Florida International University

Summary:
Results-driven Junior UX/UI Designer with a strong foundation in digital marketing and a passion for creating intuitive user interfaces. Proven ability to deliver high-quality projects that exceed expectations, with a keen eye for detail and a drive to stay up-to-date with industry trends and technology.

Experience:
- Junior UX/UI Designer
  - Designed user interfaces for various projects, including a web service for VitalMed, a website redesign for a tattoo salon, and a Citroen C4 landing page
  - Utilized Figma, Adobe Illustrator, and Adobe Photoshop to enhance design capabilities
  - Consistently delivered projects that adhere to the highest standards of quality, commended for creativity and attention to detail

Skills:
- UX/UI Design
- Digital Marketing
- Figma
- Adobe Illustrator
- Adobe Photoshop
- Problem Solving
- Research
- Creative Thinking

Career Goals:
- Seeking a supportive environment to learn and grow as a Junior UX/UI Designer
- Looking for opportunities to work on challenging projects that involve problem solving, research, and creative thinking
- Aiming to become a strong and knowledgeable designer who can create meaningful user experiences
- Seeking a role that offers the freedom to explore new ideas, try out different approaches to design, and contribute to the success of the team

Additional Background:
- Professional athlete in the Ukrainian National team, bringing a unique blend of discipline and teamwork experience to the design field."
98309,"Junior Web Designer

Summary:
Results-driven junior web designer with experience in designing web pages, graphics, and visual elements for websites and marketing materials. Proficient in collaborating with cross-functional teams and utilizing design tools to create effective marketing materials and web pages.

Experience:
Junior Web Designer, [Company Name]
- Designed a company website from scratch, overseeing design control of finished pages
- Collaborated with developers and testers to ensure seamless project execution
- Created wireframes, mockups, and prototypes to communicate design concepts and ideas
- Designed marketing materials, including social network covers, YouTube video previews and footage, and recorded product functionality videos

Tools and Technologies:
- Figma
- Adobe Illustrator
- OBS Studio

Skills:
- Web page design
- Graphic design
- Visual elements creation
- Marketing materials design
- Team collaboration
- Design concept communication
- Wireframing, mockup, and prototyping

Career Goal:
To further develop professional design skills and contribute to new projects, leveraging my experience and proficiency in designing effective marketing materials and web pages."
98310,"Mid Product Designer

Responsible for designing consumer products, with a focus on improving existing designs and analyzing competitor products to match quality and performance. Key responsibilities include:
- Designing consumer products
- Improving existing product designs
- Analyzing competitor products to inform design decisions

Potential career progression includes senior, executive, or managerial roles, depending on industry and company."
98311,"Results-driven UI/UX Designer with a strong background in delivering non-standard solutions through freelance work. Proven ability to approach tasks with responsibility and attention to detail, with a quick learning curve for new skills.

Key strengths include:
- Proficiency in Figma, with a focus on Prototyping
- Expertise in Adobe Photoshop
- Effective communication and collaboration skills
- Strong motivation and decision-making abilities, complemented by a keen eye for detail and accuracy

With a flexible and adaptive approach, I thrive in environments that prioritize work comfortability. I am seeking a remote position with flexible hours that will enable me to maximize my potential as a designer and contribute to innovative projects."
98312,"As a detail-oriented Auditor with a background in Economics and a passion for graphic design, I am excited to leverage my unique blend of analytical and creative skills to secure an entry-level UX/UI design position.

With a strong foundation in Economics, having completed both Bachelor's and Master's degrees, I possess a solid understanding of business principles and analytical thinking. Throughout my academic journey, I developed a keen interest in graphic design, dedicating my spare time to honing my skills and expanding my knowledge.

As a Graphic and Social Media post designer for an education center, I successfully handled the entire branding process, creating engaging social media posts, designing eye-catching posters and printables, and developing a keen eye for aesthetics and user-centric design principles. This experience allowed me to translate ideas into visually compelling designs and understand the importance of user experience.

My experience as an Auditor has instilled in me a strong sense of discipline, precision, and attention to detail, with the ability to work within strict deadlines. I am eager to combine these skills with my creative flair and design expertise to create intuitive, user-friendly interfaces that enhance usability and deliver exceptional experiences.

I am drawn to UX design because of its potential to positively impact users and its intricate relationship with human interaction. I am excited to learn and grow as a UX/UI designer, bringing my passion for design and creativity to a role where I can make a meaningful difference."
98313,"Summary:
Highly skilled UI/UX designer with commercial experience in various projects and domains, including mobile applications and corporate website redesign. Proficient in UX research, design systems creation, and marketing materials development.

Experience:
UI/UX Designer
- Designed and developed mobile applications, including guide app and lottery app
- Redesigned corporate website, ensuring adaptability across web, mobile, and tablet platforms

Key Responsibilities:
- Conducted design analysis of existing screens
- Created design systems based on Design Thinking process
- Developed marketing materials for the marketing team
- Designed visual content for company social media across all platforms
- Created case studies and Behance cases

Technical Skills:
- Proficient in Angular Material, Kendo UI, and Human Interface Guidelines
- Familiarity with Google Material Design

Additional Skills:
- User research and competitor analysis
- Brainstorming and style guide development
- Information architecture and prototype creation
- Adaptive design and wireframing
- Effective communication with clients and developers
- UX research, design systems creation, and marketing materials development
- Mobile design, including rules and patterns"
98314,"I successfully collaborated with cross-functional teams to create intuitive and visually appealing user interfaces for web and mobile applications, demonstrating a keen eye for detail, strong problem-solving skills, and a passion for delivering exceptional user experiences.

As a passionate and detail-oriented specialist, I am dedicated to crafting seamless and intuitive user experiences, with a strong foundation in design principles and a drive for continuous learning. I am committed to creating impactful and visually captivating interfaces that resonate with users.

Key Projects:

Table Tab Mobile App Design (Jun 2023 - Aug 2023)
- Conducted research, created wireframes, and prototyped UI screens for a user-friendly app to book restaurant seats
- Collaborated on designing a rewards system to engage users and enhance their experience

Host Radar Project Design (Apr 2023 - Jun 2023)
- Performed market and competitor analysis for a web service that connects hosts with visitors
- Prepared wireframes, animated prototypes, and finalized the design case

Mainsal Realty Company Redesign (Feb 2023 - Apr 2023)
- Analyzed and redesigned a website to improve user experience, conducting market research and comparing competitors
- Created a modern, user-friendly website that showcases services and fosters customer loyalty

I aim to further develop my design skills and knowledge, contributing to innovative and user-centric projects, and collaborating with senior designers and stakeholders to deliver compelling and delightful user experiences that exceed expectations."
98315,"Recent Graduate of Plural Code Academy
Designed a mobile app for a salon as a final project, utilizing industry-standard tools like Figma to create user interfaces and experiences for web and mobile applications.

Key Skills and Experience:
- User interface and user experience design for web and mobile applications
- User research, wireframing, prototyping, and usability testing
- Proficient in Figma

Current Intern, Software Agency
- Designed and completed a website and mobile views for a cryptocurrency platform
- Designed a website for a resort center

Personal Qualities:
- Quick learner
- Problem-solver
- Team player with excellent collaboration skills
- Committed to delivering high-quality work and meeting deadlines

I am excited about the opportunity to join your company and gain more hands-on experience in UI/UX design, learning from experienced professionals in the industry."
98316,"As a team leader in case studies, I managed tasks and modified designs to meet target audience needs, leveraging strong empathy skills to create user-friendly experiences. This role developed my project management skills and ability to work collaboratively.

With over two years of marketing experience, I've honed creative and strategic skills, delivering visually appealing design solutions that meet client needs and goals. My marketing background provides a keen understanding of user personas and pain points, enabling effective design solutions. I've developed strong project management and communication skills, working with diverse clients across various industries.

In academic projects, I worked on a travel service website, conducting UI/UX research, designing, adapting, and prototyping. Collaborating with a two-person team, I managed project timelines and gained experience working with others.

I also worked on a Scan-and-Go mobile app, involving market analysis and design. We followed user patterns to simplify the shopping process, utilizing design tools like Figma, Adobe Photoshop, and Protopie to create a functional prototype.

As a marketer transitioning to design, I'm eager to apply creativity and strategic thinking to new projects. I'm excited to use my UI/UX design skills to create visually appealing solutions meeting end-user needs. I'm open to working with teams that value both business needs and creating user-friendly customer experiences."
98317,"UI Designer
Highly skilled and detail-oriented designer with 3 years of experience in crafting captivating digital experiences. Proficient in Figma, Photoshop, and Illustrator, with a strong focus on creating intuitive and aesthetically stunning interfaces.

Key Strengths:
- Expertise in Figma, Photoshop, and Illustrator
- Proven ability to design user-friendly and visually appealing interfaces for web and mobile platforms
- Strong attention to detail and understanding of user needs

As a dedicated and creative partner, I deliver designs that meet and exceed expectations, driving user engagement and brand loyalty. With a passion for UI design, I bring a unique perspective to every project, ensuring that the final product is both functional and enchanting."
98318,"UI UX Designer

Dedicated to creating intuitive and visually appealing digital interfaces that enhance the user experience. Proven experience working on full-cycle projects, including team and individual projects, such as landing pages, web services, redesigns, and mobile apps. Skilled in utilizing tools like Figma, Adobe Photoshop, Adobe Illustrator, and Canva.

Key Projects:

Cozy House Web Service
Team project, full-cycle design
Designed a platform for host reservation, connecting travelers with hosts, providing a safe and affordable accommodation option. Completed all stages of the design process, including competitive analysis, user personas, JTBD, CJM, user flow, wireframes, visual design, and adaptation.

Cucina di Catherina Website
Redesign, full-cycle design
Refreshed an outdated website by updating visual content, structuring information for easier navigation, and highlighting the product's unique selling proposition, resulting in an improved user experience.

Summary:
Results-driven UI UX Designer with experience in full-cycle design projects, seeking a full-time position. Collaborative team player with a strong ability to take feedback and produce high-quality outcomes. Eager to learn from experienced designers and contribute to projects with a fresh perspective."
98319,"UI/UX Designer

Summary:
Results-driven UI/UX Designer with experience in leading projects and creating user-friendly designs for web and mobile applications. Proven track record of delivering visually appealing and functional designs that meet the needs of target audiences.

Experience:
Team Lead, Travel Service Project
- Led the development of a web travel service interface for ""change of environment"" platform
- Created two user flows for hosts and tourists
- Designed wireframes and adaptive versions for the platform

UI/UX Designer, Commercial Coaches Service
- Currently working on designing user interfaces for commercial coaches service

Personal Projects:
- Developed a booking table service application, allowing users to book tables at restaurants and cafes without calling, with the option to choose from available tables

Education and Other Projects:
- Redesigned the Ukrainian school platform, creating wireframes, desktop, and adaptive versions for tablet and mobile devices
- Provided a platform for users to access information about the school and contact the school directly

Skills:
- UI/UX design for web and mobile applications
- User flow creation
- Wireframing
- Adaptive design
- Collaborative skills
- Commitment to excellence

Career Goals:
- Seeking growth opportunities and interesting projects to develop skills and expertise as a UI/UX Designer."
98320,"UI/UX Designer

Summary:
Highly motivated UI/UX Designer with experience in creating intuitive and visually appealing user interfaces and enhancing user experiences for various projects, including mobile applications, websites, and software interfaces.

Technical Skills:
Design software: Sketch, Figma, Adobe XD
Prototyping tools: InVision, Marvel

Experience:
Designed a Mobile Banking Application
Conducted User Research for a Health App
Collaborated with stakeholders to understand user needs and translate them into design solutions
Conducted user research, analyzed user feedback, and performed usability testing to inform design decisions
Created wireframes, user flows, and visual designs that align with user goals and business objectives

Skills:
User Research
Usability Testing
Wireframing
User Flow Creation
Visual Design
Collaboration and Communication
Design Trend Analysis
Accessibility Guidelines

Career Goal:
To create interfaces that provide a seamless and delightful user experience, helping users achieve their goals efficiently and effortlessly."
98321,"UI/UX Designer

Pet-projects: Multiple solo and team projects, including ""Travel Go"" and ""ReserveNow""

Key Responsibilities:
- Defined client problems and conducted competitive analysis
- Identified target audiences and created Customer Journey Maps (CJMs)
- Designed user flows and developed wireframes
- Created mobile and tablet adaptations for desktop projects
- Conducted prototyping to address user needs and pain points

Projects:
- ""Travel Go"": A web service for organizing affordable or free stays in other countries through volunteering opportunities
- ""ReserveNow"": A mobile application for booking restaurant tables, featuring layout viewing, seat selection, and time-based reservations

Tools:
- Figma
- Adobe Photoshop
- FigJam
- Adobe Illustrator

Design Approach:
Comprehensive design encompassing task analysis, interface prototyping, visual style establishment, and delivery of user-friendly final products. Proven ability to create user-centered design concepts for web and mobile applications."
98322,"UI/UX Designer
1.5 years of web design experience
Creative and detail-oriented professional with a passion for designing user-centered interfaces
Proven understanding of UI and UX design principles
Skilled in creating wireframes, prototypes, and high-fidelity designs using design software such as:
  Sketch
  Adobe XD
  Figma
Experience designing responsive and accessible websites and web applications that meet industry standards and trends
Collaborative team player with ability to work with designers, developers, and stakeholders to deliver high-quality designs that meet project objectives and deadlines"
98323,"Junior UX/UI Designer
Ukraine

Summary:
Results-driven Junior UX/UI Designer with experience in leading design teams, conducting UX research, and creating innovative products. Proven ability to foster collaboration, creativity, and motivation in team environments.

Experience:

UX/UI Designer (2022-2023)
- Built and managed a design team focused on UX research, prototyping, design, knowledge sharing, and teamwork
- Developed leadership skills, ensuring consistent delivery of high-quality design projects

UX/UI Designer (07.02-30.03, 2023)
- Developed the entire interface for a medical clinic, conducting extensive UX research to create a user-friendly and intuitive design

Freelance Graphic and UX/UI Designer (03/15/23)
- Contributed to website and post development, working both independently with clients and in small teams

Education:
Completed a UX/UI design course, applying learnings to create and lead a design team, fostering an environment of collaboration, creativity, and motivation."
98324,"Certificate for successfully completing an 8-month course and obtaining practical knowledge in UX/UI design, Web-design, and mobile design

As a UX/UI Designer, I create meaningful digital experiences that solve problems and simplify users' lives, specializing in web and mobile applications. My design process involves a full-cycle approach, starting with task analysis and prototyping an interface that meets the target audience's needs. I then create a visual style that aligns with the brand, turning the user's journey into a seamless and intuitive experience.

My past experience in motion design is valuable in my current role as a UX/UI designer. I have worked on several projects, including:

* ""Unreal"": a mobile application for booking tables in unusual restaurants, where I designed the full cycle of the app to provide users with a convenient and efficient way to reserve a table and have a memorable dining experience.
* ""Wings of Hope"": a web service for the restoration of social infrastructure facilities in Ukraine, where I designed the full cycle of the web service to attract communities, government officials, private organizations, and investors to restore Ukraine's social infrastructure.
* Redesign of the Slavsko ski resort website, where I created a modern design to attract more tourists, both local and foreign, and developed a new unique recognizable style.
* Test drive Audi Q3: a landing page design for advertising Audi, allowing users to order a test drive.

I am looking for a company to collaborate with teams, including product managers, developers, and other designers, to bring my design ideas to life and create complete digital products."
98325,"Web Designer

With a strong foundation in personal projects, I have developed skills in creating user-centered designs. My most recent project involved designing a website for museums, focusing on crafting an engaging and informative interface for visitors.

Key skills utilized in this project include:
- Designing page layouts with consideration for user requirements and environmental specifics
- Prioritizing exhibit placement, navigation, and visual perception
- Applying UI and UX design principles to create aesthetically pleasing and functional interfaces
- Utilizing design tools and detailed analysis to position elements and facilitate easy navigation

Career aspirations include:
- Developing expertise as a UI/UX designer
- Gaining experience in team collaboration and client communication to deliver tailored design solutions
- Staying updated with the latest technologies and tools to enhance design capabilities
- Creating interfaces that provide exceptional user experiences and support business objectives."
98326,"Projector Institute
Educational Background:
Completed modules: Web Design Beginning, Web Design Junior
Currently studying: UX Design

Experience:
Web Design Junior Module:
- Collaborated with two real clients on a high-detailed prototype for redesigning their existing websites
- Conducted client briefings, gathered references, created mind maps, wireframes, UI designs, and mobile adaptive versions

Internship:
Sahu Media (German design-bureau)
- Created advertisement banners for clients using Photoshop
- Assisted in website development using WordPress"
98327,"2022-2023: Completed Web Design Basic course at IT school ""Hillel""
2023-Present: Studying Web Design, UI/UX Design, and Mobile Design
Proficient in Figma, Photoshop, and Illustrator
Highly attentive and responsible, with a strong commitment to continuous improvement in the IT field

Key Projects:
- Developed landing pages, a website, and a website redesign
- Created a web service and adapted it for a mobile application
- Conducted research on target audience and competitors"
98328,"Astute and organized Fresh UX/UI Designer skilled in user-focused research and data-driven design decisions. Specializing in creating user-friendly wireframes and prototypes.

PROJECT EXPERIENCE

Landing Page for a Flower Shop
The goal of the project was to create a landing page to advertise the flower shop's new opportunity to order a bouquet with delivery. I analyzed competitor sites, created a moodboard to convey the emotional context of the product, designed the wireframe and UI kit, and then created the landing page.

Redesign for the Italian Roastery Website
The goal of this project was to redesign the website of the Italian roastery “Il Griso” to increase its visual appeal and ease of use. I analyzed competitor sites, developed a structure for the organization of elements on the site, created wireframes and UI kits of selected pages, and redesigned the site, performing prototyping and adaptation.

Web-service for the Cleaning Company
No details available.

Team Experience
Scrum Master, Team Project ""Mind Map""

Seeking to join an innovative design team to enhance the user experience for customers, leveraging my creativity and problem-solving skills to create industry-leading products."
98329,"Web Designer Assistant

Summary:
Highly motivated and organized web design professional with experience in creating landing pages, online stores, and printed products. Proficient in designing for Western markets, including products for Etsy. Skilled in using Figma, Adobe Photoshop, Adobe Illustrator, Adobe XD, and Canva.

Experience:
Web Designer Assistant
- Developed landing pages, online stores, and prototypes
- Designed banners, price lists, and other printed products
- Created designs for themed events, including invitations, labels, photo banners, business cards, price lists, and order forms
- Designed Pinterest pins, posts, and stories for Instagram

Technical Skills:
- Figma
- Adobe Photoshop
- Adobe Illustrator
- Adobe XD
- Canva
- UI/UX principles
- Grid system
- Bootstrap
- Adaptive design

Personal Qualities:
- Self-disciplined and responsible
- Organized with strong planning skills
- Team player with leadership qualities
- Strong desire to learn and improve skills"
98330,"Freelance UI/UX Designer

Currently entering the freelance market with a completed commercial project for a dental clinic website.

Skills in Progress:
- Studying Figma
- Developing product observation skills
- Following new trends in design

Motivated to expand knowledge in UI/UX design, with a strong work ethic and eagerness to learn. Proven ability to work collaboratively as a team player.

Availability:
- Immediate start
- Open to remote internship opportunities"
98331,"Balance Spa (Training Project)
Landing page development, including:
  - Lo-fi and Hi-fi wireframes creation
  - Prototype development
  - UI kit design
  - Project preparation for developer submission

Foodly (Training Project)
Mobile application for supermarket product delivery, involving:
  - Client briefing
  - Hi-fi and Lo-fi design
  - Target audience definition
  - UI kit creation
  - Competitor and heuristic analysis
  - User testing
  - Sitemap creation
  - Adaptive design development
  - User flow creation

JOCCELLUM (Training Project)
E-commerce jewelry project, including:
  - Client briefing
  - Hi-fi and Lo-fi design
  - Target audience definition
  - UI kit creation
  - Competitor and heuristic analysis
  - User testing
  - Sitemap creation
  - Adaptive design development"
98332,"Anastasia
Beginner Web Designer

Currently studying UI/UX Design at Hillel Computer School
Coursework includes:
- Font theory
- Images, illustrations, and icons
- Color theory
- UI Kit
- Auto Layout
- Styles and components
- Atomic approach
- Site types and target audience
- Personas and user research
- Grids and prototyping
- Adaptability and responsive design

Interested in opportunities in product companies or game development
Committed to continuous learning, practice, and productive collaboration
Open to considering new opportunities and offers."
98333,"She participated in various exhibitions, including ""The Art of Change"" at the Ukrainian House, the photo exhibition ""24.02 Before and After"", and an exhibition at the Cardiff School of Art and Design, Cardiff Metropolitan University.

Through her studies at the art academy, she acquired a solid foundation in graphic design, covering essential subjects such as fonts, composition, and color science. She successfully completed courses in Photoshop, Illustrator, and Figma, further developing her skills.

In addition to her academic pursuits, she took on part-time jobs and courses, applying her knowledge in practical settings. Under the guidance of a mentor, she worked on a UI/UX design project, redesigning the Turkish Airlines app. This involved conducting a heuristic analysis of the existing design and identifying areas for improvement, considering the app's regular user base.

She also created a system design, mobile application, and website design for Richard Bank as part of the ""From Zero to Hero"" courses. With a strong university background, she possesses a range of skills and is eager to apply and further develop them in a real-world environment. Her interests lie outside of packaging design, and she is focused on exploring other areas of graphic design."
98334,"Mobile Application Development Team Lead
Car Wash App: A mobile application designed to facilitate car wash discovery, reservation, and payment. Utilizing geodata, users can locate the nearest car wash, select a date and time, choose required services, and complete transactions online.

Key Responsibilities:
- Led the development team in the creation of the Car Wash App
- Conducted competitor analysis to inform design and development decisions
- Created User Flow, Wireframes, and Prototype to visualize and refine the application's user experience
- Developed the application's design, ensuring a user-friendly interface and seamless user experience"
98335,"Here is the rewritten resume:


Summary:
Results-driven and detail-oriented designer with experience working on multiple projects and collaborating in a team environment. Proficient in creating user-friendly and visually appealing designs.


Experience:
CloudyClean Webservice
- Conducted in-depth analysis of competitors and user flow
- Created detailed prototypes and user interface designs
- Enabled users to easily find and order cleaning services using filters

Alaska Pete's Website Redesign
- Analyzed user flow, site blocks, and site logic to inform redesign
- Modernized user interface for improved convenience, comprehensibility, and attractiveness

Landing Page for a FlowerLover
- Created a convenient, aesthetic, and understandable landing page for a flower shop
- Analyzed logic of use for potential buyers to inform design decisions


Skills:
- User experience (UX) design
- User interface (UI) design
- Prototyping
- Team collaboration


Career Goals:
Seeking one-off design projects or a junior designer position in an office or remote work setting."
98336,"E-commerce Website Development for NOVI Luxe
Collaborated directly with client to design and deliver their e-commerce website
Conducted user research through surveys and interviews to inform design decisions
Created wireframes, user flows, and interactive prototypes using Figma to visualize and communicate design concepts
Implemented A/B tests to validate design decisions and ensure data-driven outcomes
Delivered project on time and within budget, receiving positive client feedback"
98337,"More than 1 year of experience collaborating with prominent partners, including Looqme, HoReCa show, S-Prof, and Lviv Organ Hall.
Completed UI/UX design courses at LITS.
Gained commerce experience through partnerships with Looqme, HoReCa show, S-Prof, and Lviv Organ Hall.

Key Skills:
- Proficient in Adobe Photoshop
- Skilled in Adobe Illustrator
- Experienced with Figma
- Familiar with Invision
- Strong understanding of UI/UX principles

Participated in interesting and exciting projects that fostered skill development and teamwork."
98338,"Commercial Experience:
Comon Agency, January 28, 2022 - February 24, 2022
Reduced labour headquarters due to the war in Ukraine
Individual private projects, February 24, 2022 - Present

Non-Commercial Experience:
- Collaborated with Alexey on ""On the Way"" product delivery project, focusing on landing page development and creating corporate identity for the website
- Worked with Phillip on ""Sammy Icon"" e-commerce project, leading the redesign and development of a multi-page online store website, including UX Research, Wireframe, and Style-Guide & Design stages"
98339,"UI/UX Design Course Graduate

Key Skills:
• UX Design
• GUI Design
• Typography
• Proficient in basic graphics tools: Figma, Adobe Photoshop
• Knowledge of design methodologies: Design Thinking, Human Centered Design

Portfolio:
Examples of landing page, e-commerce, and adaptive design projects, demonstrating proficiency in UI/UX design principles."
98340,"Certificate of UX/UI Designer, Beetroot Academy
Certificate CELI4 C1, Italian Language Proficiency

Summary:
Highly motivated UX/UI designer with experience in UX research and UI design, seeking a challenging role in a dynamic team to develop skills and contribute to innovative projects.

Education:
Completed courses in design, Beetroot Academy

UX Research Experience:
- Created mind maps, information architecture, and worked with briefs
- Conducted competition analysis, developed empathy maps, and designed personas
- Created Customer Journey Maps (CJM) and user flows
- Developed wireframes for user-centered design solutions

UI Design Experience:
- Proficient in Figma, Adobe Photoshop, and Illustrator
- Experienced in creating interactive prototypes and designing adaptive UI
- Knowledgeable in composition, typography, color theory, grid systems, and design patterns

Projects:
- Designed a mobile application for a family medicine clinic
- Created a landing page for a design studio
- Developed a website for a beauty salon
- Designed icons and logos for applications

Career Goals:
To secure a role in a forward-thinking team with opportunities for growth, learning, and professional development, where skills can be utilized to contribute to the company's success."
98341,"Master's Degree in Architecture and Urban Planning, May 2023
Research Project: ""Modern Approaches to Implementing Information Technologies in Architectural Design""

Skills:
- Self-organization
- Critical thinking
- Research
- Analysis
- Digital product design
- Mobile application development
- Website development
- UX Research
- User Persona and Story formulation
- User Flow design
- Wireframing
- Animated Prototyping
- HTML markup
- CSS styling
- Responsive and adaptive design principles

Project Experience:
1. Website Redesign for FeelFull, a food delivery enterprise
2. Catalogue Website for TviyBrend, an accessories retail company
3. Mobile App Colory, designed to transform black and white photos into color

Education and Training:
- Completed two educational courses on creating mobile applications and websites
- Participated in online client meetings, conducted UX Research, and designed digital products from initial design to final implementation

Career Goals:
Committed to creating impactful and user-centered designs while expanding expertise in UX/UI principles through real-world practice experience."
98342,"Team Leader, Search for Lost and Found Animals Project

Key Skills:
- Conducting research
- Meeting deadlines
- Proficient in computer graphics programs: Figma, Illustrator, Photoshop
- Teamwork experience
- Developing layouts for websites, web, and mobile applications

Projects:
- Search for Lost and Found Animals: Analyzed competitors, developed site map, site functions, and adapted the site to achieve the project's main objective of quickly finding lost animals and reuniting them with their owners.
- Furniture Store Landing Page: Analyzed competitors, selected references, created a prototype, and designed a user-friendly UI page.

Experience:
- Participated in the development of an animal search site as part of a social project.
- Led a team in the Search for Lost and Found Animals project, focusing on responsibility and teamwork.

Career Goal:
To work and develop as a UI/UX designer in a team of professionals, continuously improving skills and acquiring new ones to enhance competence."
98343,"Here is the rewritten resume:


Education and Training:

Projector Institute
UX/UI Design Course
Skills: Typography, Auto Layout, Wireframe, Prototype

Coursera
Foundations of User Experience (UX) Design (Google)
Skills: User Experience, Wireframe, Prototype, UXD

Current Studies:
Projector Institute
UX Design
Currently Enrolled"
98344,"UI/UX Designer

Summary:
Results-driven UI/UX designer with experience in creating MVPs, wireframes, and designing interfaces for websites and mobile applications. Skilled in using Design Systems to speed up project development and deliver high-quality results.

Education:
Courses UI/UX Designer at GoIT school (Feb. 2023 - Aug. 2023)

Projects:
- Landing page ""Rainbow"": Redesigned an existing kindergarten website to improve user experience, allowing easy appointment booking and curriculum selection.
- Web-service ""CleanHouse"": Collaborated in a team of three to develop a service connecting users with cleaning service providers, including registration for cleaner positions.
- Mobile App ""MY BRAND"": Worked in a team of two to create an e-commerce application with online shopping and home delivery capabilities.

Skills:
- Translating abstract ideas into concepts and wireframes
- Creating Minimum Viable Products (MVPs)
- Team collaboration and project participation
- Designing interfaces for websites and mobile applications
- Utilizing Design Systems for efficient project development

Career Goals:
Seeking a company that values its employees, where I can contribute my skills, gain experience, and grow into a valuable team member."
98345,"Summary:
Highly detail-oriented designer with experience in creating engaging e-commerce platforms, landing pages, and mobile app interfaces.

Experience:
- Designed visually appealing and user-friendly interfaces for e-commerce platforms, landing pages, and mobile apps
- Collaborated with clients to understand project requirements and deliver tailored design solutions
- Applied design principles and responsive techniques to ensure seamless user experiences
- Utilized Figma for efficient prototyping and iterative design processes
- Ensured precise implementation of designs, paying close attention to detail
- Demonstrated effective communication skills, consistently meeting project deadlines and delivering high-quality results."
98346,"UI/UX Designer

Key Projects:
- Created UI/UX design concept for an online perfume store, including prototype development, user flow creation, and UI visualization of 18 web pages, culminating in a comprehensive presentation.
- Redesigned the landing page, which involved preparing analysis documentation, prototyping, and developing a UI page concept with both light and dark versions, as well as an adaptive version to ensure cross-platform compatibility."
98347,"Recent Graduate in Projector School
Completed coursework in two courses, with a focus on practical application
Created multiple real-world projects, including:
  E-commerce design
  Landing page design
  Non-profit organization design
Utilized skills in:
  Concept and prototype creation
  Presentation and communication
  User research through interviews
  UI Kit creation in Figma
Seeking a role that combines practical experience in photography, web design skills, and theoretical knowledge in sociology to drive professional growth and development."
98348,"Web Developer and Designer
- Created turnkey sites with 100% positive customer feedback
- Developed and assembled sites using a constructor
- Designed and developed games, including animation and visual elements
- Proficient in Figma
- Familiar with Photoshop and Illustrator, with access to a MacBook for design work"
98349,"Creative and friendly UI/UX designer with a passion for creating user-centered designs that meet business goals. Proven experience in graphic design, marketing, and analysis, with a strong ability to empathize with users and understand their needs.

Experience:
2021-2023
Graphic Designer - Electro House company
- Developed website and mobile application design, supported and filled content for the main website and online store.
- Created commercial offers, presentations, and mailings.
- Worked on packaging, creating stickers, decals, and instructions.
- Designed printing products, including catalogs, booklets, and business cards.
- Designed and filled social networks with graphic content.
- Created banners for the company's website and partners' websites, and filled the website with graphic content.
- Conducted product photography, photo processing, and retouching.

2020-2022
Graphic Designer - ""Fact"" publishing house (project-based work)
- Created layouts for book covers, souvenir products, and printing products.

2020-2021
Marketer and Designer - Regional medical center
- Developed outdoor advertising design, including banners, posters, and signs, using CorelDRAW.
- Created polygraphy for internal needs, including gift certificates, diagrams, and presentations.

2016-2022
Kharkiv Specialized Music and Theater Library named after K.S. Stanislavsky
- Collected data, prepared reports, and analyzed work, including planning and conducting methodical hours.
- Conducted advertising activities, including social media management, poster design, and layout creation.

Education and Skills:
Completed classes in UI/UX design, with skills in:
- Developing interface design for web and mobile applications
- Creating user journey maps
- Analyzing competitors
- Creating personas and empathy maps
- Empathizing with users and understanding their needs
- Generating ideas and proposing new ways to implement business ideas."
98350,"I have been studying for 4 months, during which I completed 1 successful team project and 2 individual projects, showcasing my core technical skills, organizational ethics, and discipline.

As a detail-oriented individual, I take pride in creating functional websites, with a strong focus on UX/UI design. My portfolio comprises three projects that demonstrate my expertise in this area.

The first project, a Landing page, highlights my ability to create user-friendly experiences through competitor research, mood board creation, and UX/UI design.

The second project involved redesigning the India Cafe website, where I conducted a website analysis, worked on UX/UI design, and addressed aspects such as color schemes, responsiveness, typography, and prototyping. I also created a UI kit and prepared the project for Behance.

The third project, a web service for finding lost or misplaced pets, showcases my skills in analyzing competitor web services, creating user personas, defining user flow, and designing systems. I incorporated features like pop-ups and a donation feature for animals in need.

Currently, I am enrolled in UI/UX design courses at GOIT, where I have acquired valuable skills in developing mobile and desktop applications.

My technical skills include designing user interfaces for various platforms using tools like Figma, Adobe Photoshop, and Adobe Illustrator. I have experience with color schemes, typography, UI kits, grid systems, website design prototyping, and mobile app development.

Key areas of expertise include:
Education and mentorship
Project participation
UX/UI process involvement
Team collaboration
Gradual growth
Professional development"
98351,"Dedicated and self-motivated UX/UI Design enthusiast with 3 years of self-study experience. Proven ability to work independently on freelance projects and personal initiatives, with a portfolio showcasing completed works. 

Key projects include the development of 4ROLL — Dungeons & Dragons Digital Game Companion App, featured on Behance and Dribbble. Although currently lacking direct company experience, a strong desire to acquire hands-on experience in a professional setting drives continued skill development and knowledge enhancement."
98352,"Recent Education and Training

* Completed courses:
	+ ""Fundamentals of Graphic Design"" (Coursera)
	+ ""Fundamentals of Design"" (Creative Practice)
	+ ""Graphic Design. Composition"" (Creative Practice)
	+ ""UI/UX. Projecting and design of interfaces"" (Creative Practice)
* Watched video courses:
	+ ""Profession Graphic designer"" (Genius space)
	+ ""Profession Web designer"" (Genius space)
	+ ""Profession UX/UI designer"" (Genius space)
* Currently enrolled in:
	+ ""Web design + layout"" (Alpaca school)

Skills and Areas of Interest
* Graphic design
* Web design
* UI/UX design

Personal Statement
As a beginner in the design field, I have been actively developing my skills over the past year through various courses and training programs. I am eager to learn and gain practical experience, and I am looking for guidance and support as I start my career."
98353,"Architectural and Construction Engineer
Seeking to transition into UI/UX Design

Completed UI/UX Design Course, IMT Academy
Proficient in Figma, Adobe Photoshop, and Adobe Illustrator
Freelance Designer Experience
Portfolio available on Behance, featuring training projects"
98354,"Data Entry
Health App Ornament
Aug 2020 - Feb 2023

Data Entry Specialist
- Entered user data from various sources including recipes, recommendations, and extracts
- Executed instructions and directives from the director to ensure efficient operations

Technical Support Consultant
IT Con Gaming
Jan 2017 - Jun 2020

Technical Support Consultant
- Provided technical assistance to users via multiple channels, including email, phone, and online correspondence
- Managed payment processing and generated reports to track performance and progress"
98355,"**Summary**
Highly motivated and detail-oriented individual with experience in designing and developing various projects, including a dating app, pet search web service, landing page, and website redesign. Proficient in analyzing user behavior, creating user-friendly interfaces, and working collaboratively in a team.

**Projects**

* **Pet Search Project (Team Work)**
	+ Conducted competitor analysis and created JTBD and dog walker persona
	+ Developed ad creation and services sections
* **Dating App**
	+ Designed and developed a dating application based on artificial intelligence
	+ Analyzed user behavior through smartphones and apps to suggest compatible pairings
* **Pet Search Web Service**
	+ Contributed to the development of a website to help lost animals find their owners
	+ Implemented geolocation search and filter functionality
	+ Added sections for finding dog sitters and dog walkers
* **Landing Page Citroen S4**
	+ Created a landing page design to present the Citroen C4
	+ Utilized brand-specific color schemes and highlighted model advantages
* **Redesign Website CrossFit CENTRAL**
	+ Redesigned the website with a fresh visual design and harmonious colors
	+ Implemented UX solutions to improve user navigation

**Values and Work Environment**
* Focus on results and design
* Open team with mutual respect and friendly atmosphere
* Possibility of partially remote work
* Corporate training and development opportunities
* Career growth potential"
98356,"Dec. 2021 - Present
Marketing Designer, Inoxoft
- Development and updating of the company website
- Mentoring
- Design of marketing materials
- Creation of corporate presentations
- Design of branded products
- Development of case studies for Behance and other platforms

Oct. 2022 - Present
Part-time Teacher of Digital Design for Children, GoITeens - IT Academy for Teens and Kids
- Teaching digital design to children

May 2019 - Dec. 2021
Graphic Designer and Illustrator, Awkward Styles
- Website design
- Development of illustrations and prints for company products

2017 - 2022
Freelance Graphic Designer and Illustrator
- Development of banners and print products
- Creation of illustrations
- Instagram design"
98357,"Results-driven professional with experience in crisis management and customer service. 

CALL CENTER OPERATOR
Delivery, May 2021 - Present
- Effectively resolved crisis situations and restored normal operations, ensuring minimal damage to the company.

SMM SPECIALIST
Web Studio, 2019 - 2021

CALL CENTER OPERATOR
Sociology, June 2020 - August 2020

Highly motivated team player seeking a role that offers collaboration, feedback, and opportunities to contribute to large projects, drive customer satisfaction, and deliver high-quality products."
98358,"Results-driven design enthusiast with a passion for staying up-to-date on the latest tools and trends. Strong understanding of the design process and fundamental principles of effective design.

Key Project:
Designed a platform for pet owners as part of a UI/UX training course, where I conducted user research, created user stories, job stories, and user flows, developed low-fidelity prototypes, and designed high-fidelity prototypes.

Proficient in:
Photoshop, Figma, Axure, InVision

Previous experience as a Social Media Manager (SMM) and Content Specialist. Seeking opportunities to apply acquired skills and knowledge, and gain further experience in the design field."
98359,"Design is the way of thinking, and you need tools to implement your thinking into vision.

I utilize various tools to bring my ideas to life, including:
- Figma (Prototyping, Wireframes, Customer Journey Maps, Mind Maps, Animations, UX Research, UI Creation, Landings, Adaptive Design, Documentation, Mockups)
- After Effects (Custom Motion Animations)
- Premiere Pro (Video Editing for Website Content)
- Photoshop (Image Editing)
- Illustrator (Graphic Design)"
98360,"Here is the rewritten resume in a more traditional and polished format:


Web Development Experience

* Redesigned the Alaska Peters website, a barbecue restaurant located in New York, USA. Improved the site's visual appeal by updating the design and menu, replacing low-quality photos, and providing more comprehensive information for clients.
* Developed Clin Fix, a web service that connects users with service providers for tasks such as cleaning and gardening, and facilitates connections between workers and customers."
98361,"Results-driven designer with experience in creating identities from scratch and driving website traffic growth. Successfully contributed to a start-up organization's recognition by developing its online presence.

Key Skills:
• Design and redesign of websites, landing pages, dashboards, and mobile apps
• Responsive design expertise
• Corporate style and identity development
• Prototyping and UI kits creation
• Design of POS materials, preparation for printing, and souvenir products
• Web banners and graphic materials design for social media
• Infographics and presentations design
• Photography and digital image processing

Achievements:
- Created a website from scratch, increasing new customer visits to the organization
- Developed web banners and graphic materials, resulting in increased traffic to the website and official Facebook page

Education:
- Completed UI/UX & Web Design courses in 2018

Career Aspirations:
Seeking a role in an international IT company, preferably in product development, where I can work on complex projects alongside a team of professionals."
98362,"Recent Achievements and Experiences

Hackathon Participant and Winner
- Attended lectures on gender inequality, stereotypes, and engineering specialties
- Collaborated in a team to develop an innovative idea for a chat-bot designed to interest girls in engineering specialties
- Contributed to the creation of a chat-bot in an online girlfriend mode, featuring a test to guide users in choosing a specialty, with the assistance of a prophorientologist in composing relevant questions

Technical Skills and Projects
- Developed databases for an automated hospital employee workstation using SQL Management Studio and Visual Studio in C# for a course project

Current Studies and Professional Development
- Currently studying UX design through a Google course
- Building a professional portfolio
- Seeking an internship to apply skills and knowledge in a practical setting"
98363,"Volunteer Website Designer
Developed impactful landing pages and websites for various clients, including a dog shelter website design for a volunteer organization
Collaborated closely with cross-functional teams to ensure user-centered design solutions
Translated client requirements into visually appealing and intuitive user interfaces
Implemented effective usability testing methodologies to identify areas of improvement
Contributed to the overall success of projects by delivering high-quality designs on time"
98364,"UX Designer & Researcher

Pet Project: Panic Attack Application
Designed an application for individuals experiencing panic attacks, focusing on self-education and panic attack reduction.

Project Experience:
Free UI/UX Design Course for Ukrainians (2022) by Taras Shypka
- Collaborated on a team project (4 months, 5 weeks of project duration)
- Held roles of UX Researcher and UI Designer, contributing to the development of a pet-project as part of the course curriculum."
98365,"UX Designer and Developer

Currently enrolled in UX skill improvement courses through Google and Coursera, with 2 out of 7 courses completed, aiming to enhance skills in user experience design.

Project Experience:
- Developed a subscription-based charity website design, analyzing competitors and highlighting the charity's unique aspects to present project information concisely and clearly.
- Designed the website from scratch within a tight deadline, with ongoing improvements based on previous results.

Projects:
- Save Ukraine Now (IF) 1 Day Donate"
98366,"Designed a website for Devin
Participated in the development of various company projects
Contributed to the design of a mobile application for an insurance company

Devin
April 2021 - July 2021
Freelance
July 2021 - November 2021

Key Responsibilities:
- Created and developed products to maximize effectiveness and solve user problems
- Utilized skills to improve product usability and user experience"
98367,"Results-driven and motivated IT enthusiast seeking to leverage self-study experience in UX/UI design and Figma to secure a role in the industry. Proven ability to quickly learn and adapt to new concepts and technologies. 

Key skills: 
- UX/UI design
- Figma
- Quick learner
- Strong work ethic

Professional experience:
Sales Manager
- Managed sales operations
- Developed strong communication skills

Printing Company
- Contributed to the production of plastic cards
- Assisted in printing project documentation

Education and Projects:
- Self-study project in UX/UI design using Figma
- Currently expanding knowledge and skills in IT and design fields"
98368,"UI/UX School - Genesis Academy
Complex Internet Marketing course at Para school
Web Design Junior, Web Design Beginning courses at Projector

Internship at Star Company
- Contributed to the development of 2 projects: 
  - App for document verification
  - Group of apps in sport and health with a racing theme
- Utilized design tools: Figma, Adobe Photoshop
- Responsibilities included:
  - Screens design development
  - Adaptation to iOS/Android platforms
  - Creating screenshots of the app for App Store and Google Play listings"
98369,"UX/UI Design Enthusiast

Summary:
Highly motivated individual with a strong foundation in UX/UI design principles, gained through the completion of Google's UX/UI design course on Coursera. Proficient in creating intuitive and attractive interfaces, with a passion for continuous improvement and providing high-quality, user-friendly solutions.

Education:
- Completed Google's UX/UI design course on Coursera, mastering basic design principles and learning to effectively utilize tools and programs for interface design.

Experience:
- Successfully completed three UX/UI design projects as part of the Coursera course, applying theoretical knowledge to practical design challenges.
- Developed and refined skills through personal projects, exploring various design styles and approaches to enhance creativity and proficiency in website and app design.

Skills:
- UX/UI design principles
- Interface design
- Proficiency in design tools and programs
- Continuous learning and self-improvement
- High-quality and user-friendly solution design
- Creativity and adaptability in design approaches"
98370,"Dedicated and conscientious professional with strong social skills and ability to work effectively in a team, receptive to constructive criticism.

Education and Skills:
- Acquired foundational knowledge of web design, including moodboards, grids, typography, UI-kits, and adaptation.
- Proficient in UI/UX design for web and mobile applications, with expertise in full-cycle design: task analysis, interface prototyping, visual style creation, and implementation of usable and simple end products.

Projects and Experience:
- Designed a website for apartment sales, applying learned principles of web design.
- Collaborated with fellow students to develop a web service, mastering principles of persona, user-flow, and smart animation.
- Created a mobile application, further enhancing UI/UX skills.

Professional Approach:
- Emphasis on results-oriented design and open teamwork.
- Values mutual respect, friendly atmosphere, and the possibility of remote work arrangements.
- Believes in corporate training, development, and career growth opportunities.

Specialization:
UI/UX design for web and mobile applications, with a focus on creating effective, user-friendly products that drive results and profitability."
98371,"UI/UX Designer

Summary:
Results-driven UI/UX designer with experience in creating intuitive and aesthetic interfaces for websites and mobile applications. Proven ability to conduct user research and analyze competitors to design simple and understandable interfaces.

Education and Projects:
Completed UI/UX Design courses, creating 5 projects including:
- Flower Lover: a visually appealing landing page for flower delivery services, allowing users to explore options, place orders, and access delivery information.
- House Hopper: a web service for finding and booking accommodation, providing users with functions to search properties, make reservations, and access travel information.
- Additional projects: landing pages, websites, and a mobile app, demonstrating versatility in design capabilities.

Skills and Experience:
- User research and competitor analysis
- UI/UX design for websites and mobile applications
- Creation of intuitive and aesthetic interfaces
- Experience with landing pages, websites, web services, and mobile apps

Career Goals:
- Join a team working on impactful projects that enhance users' lives
- Contribute to innovative and high-quality UX/UI solutions
- Pursue continuous growth and learning in UX/UI design
- Collaborate with experienced professionals to support professional development
- Work in a team environment where ideas and knowledge are shared among colleagues."
98372,"Team Leader, ""Techgen IT"" Project
Managed designers, organized work, and distributed tasks
Communicated with developers, explained design solutions, and demonstrated design animations

Key Accomplishments:
- Designed user interfaces (UI) and user experiences (UX)
- Prototyped interfaces and tested them with user research for usability and efficiency
- Utilized design tools such as Figma, Adobe Photoshop, and Adobe Illustrator

Freelance Experience:
Team Lead UI/UX Designer, Multi-page Website
- Coordinated a team of young designers to design the user interface for an IT Community
- Planned and managed the project

UI/UX Designer, Landing Page
- Designed a user interface for a company providing house design services, including a business card landing page with completed projects and services

UI/UX Designer, Mobile Application
- Designed a mobile application for searching and buying air tickets, focusing on a user-friendly interface

Personal Statement:
I am a responsible and proactive individual with work experience, seeking a company where I can contribute my knowledge and skills. I am open to constructive criticism and driven by result-oriented actions."
98373,"Team Leader & UX Designer

Projects:

* Team Project: ""Neaty Kitty"" - webservice for a cleaning company
	+ Conducted thorough analysis of similar services and target audiences
	+ Created Customer Journey Map (CJM) and Userflow
	+ Designed a convenient and uncluttered website for cleaning services using Bootstrap 5 design system
* Team Project: ""Tap the Table"" - mobile application for booking restaurant tables
	+ Collaborated on analysis, userflow, CJM, wireframes, design, and prototyping
* Personal Project: Redesign of ""Yours Sports Bar"" website
	+ Analyzed existing website and competitors
	+ Created wireframes and design for laptop, tablet, and mobile
* Personal Project: Tattoo Studio landing page design
	+ Created self-made project from references and analysis of similar landing pages
	+ Designed wireframes and final design

Tools: Figma
Portfolio: Available on Behance

Education: GoIT

Experience: Team Leader in two team projects, with a strong background in UX design and collaboration."
98374,"UI/UX Designer

Summary:
Novice UI/UX designer with experience in team projects and personal designs, skilled in design cycle completion and collaboration.

Experience:
Team Projects:
- ""Lost Pets"" web-service for missing animal search: analyzed competitors, created personas, developed low and high-fidelity prototypes, and filled with high-quality content.
- Mobile application development: contributed to the design process as part of a team.

Personal Projects:
- Redesign of a hotel and restaurant complex
- Landing page design for Citroen C4 test drive: met brief requirements, analyzed competitors, and modernized the site.

Skills:
- UI/UX design
- Team collaboration
- Individual work
- Design cycle completion
- Competitor analysis
- Persona creation
- Prototyping
- Content creation

About:
Ready to actively learn and develop new skills, with the ability to work effectively both individually and in a team."
98375,"Here is the rewritten resume:


Training Course Experience

During training courses, I gained hands-on experience in designing various digital products, including landing pages, websites, web services, mobile applications, and adaptive designs.

Key Project: Openmind Web Service

As part of a team, I contributed to the development of Openmind, a web service for couchsurfing that connects users worldwide for free housing in exchange for work. The project involved:

* Conducting competitor analysis to identify strengths and weaknesses
* Creating personas, user stories, and understanding user problems and needs
* Developing user flow, detailed wireframes, and improving UI

My responsibilities included:

* Designing a profile card for a host user
* Developing UI and UX design for the host profile, including registration, housing addition, profile management, and dialogue features
* Ensuring adaptive design for mobile phones and tablets
* Creating a UI kit for the project"
98376,"Julia
UX/UI Designer

Summary:
Passionate and detail-oriented UX/UI designer with experience working independently and as part of a team. Proficient in Figma and ProtoPie, with a strong foundation in design principles and a drive to continue learning and growing.

Experience:
UX/UI Designer (Course Projects)
- Designed and developed multiple projects, including mobile apps (Buyland, library app, flower app) and websites (Clean Up, IT school dashboard, Mainsail Realty Company)
- Utilized Figma for interface design, wireframing, and prototyping
- Applied ProtoPie for adding animations to enhance user experience
- Conducted competitor analysis, defined target audience personas, and mapped user journeys
- Collaborated with team members on group projects, ensuring effective communication and a cohesive design approach

Education:
- Completed UX/UI design course at GoIT

Skills:
- UX/UI design
- Figma
- ProtoPie
- Wireframing
- Prototyping
- User research
- Team collaboration
- Attention to detail

Career Goals:
Seeking a challenging role that offers opportunities for personal and professional growth, allowing me to apply my skills and knowledge to meaningful and impactful projects."
98377,"Results-driven freelancer with a passion for creating stylish, high-quality, and user-friendly designs. Proven experience in developing effective online platforms, including landing pages and online stores, with a focus on modern trends and best practices.

Key Skills and Experience:
- Designed a landing page for a jewelry store to attract a wider audience, as well as developed advertising banners and creatives.
- Currently engaged in self-training through various educational projects to enhance design skills in multiple styles.
- Daily improvement of design skills, with a keen eye on following the latest design trends.
- Proficient in creating online stores, landing pages, creative banners, and mobile interfaces.
- Adheres to the principles of correct project design sequence, including sketching and prototyping.
- Understands the fundamentals of user interface perception and compositional interface construction.

Open to collaborating on diverse projects, including e-commerce platforms, landing pages, and mobile application interfaces, with a commitment to delivering high-quality, easy-to-use designs."
98378,"Participated in a social project: development of a website for volunteers.

Experienced user of:
- Figma
- Photoshop
- Illustrator
- Corel Draw
- Canva

Understanding of:
- Principles of usability and UX methodology
- Principles of graphic design, typography, and color

Experience in:
- Developing websites and mobile applications
- Creating responsive/adaptive design
- Analytical and creative thinking
- Teamwork

Recent projects include:
- Real estate website redesign
- Pet search web-service

Key project stages:
1. Research and planning:
   - Defined main goals and target audience of the site
   - Conducted competitor research and market analysis
   - Compiled user flow and identified interested parties

2. Creation of structure and content:
   - Defined main blocks and elements of the service and site
   - Selected color schemes, fonts, and graphics for a coherent visual experience
   - Analyzed composition and arrangement for ease of perception and usability

3. Development and optimization:
   - Created wireframes using Figma or Adobe Photoshop
   - Developed selling offers and calls to action
   - Designed for ease of perception and use
   - Ensured responsiveness for different devices and screen resolutions
   - Optimized images and media for faster page loading

Able to work effectively individually and in a team, utilizing creative thinking skills."
98379,"**Summary**
Enthusiastic and detail-oriented UX/UI designer with experience in developing web applications, adaptive design, and prototyping. Skilled in Figma, with a deep understanding of UX and UI principles.

**Hard Skills**

* Sitemap and Userflow creation
* Competitor analysis and CA determination
* Typography and color scheme development
* Mood board creation
* UX/UI principles and best practices
* Lo-fi and Hi-fi layout design
* Prototyping and user testing
* UI and UI-kit design
* Adaptive design and responsive layouts

**Soft Skills**

* Effective argumentation and decision-making
* Strong communication and teamwork skills
* Adaptability to project requirements and priorities
* Attention to detail and self-motivation
* Workflow organization and project management
* Time management and prioritization
* Creativity and problem-solving

**Experience**

**E-commerce Project**
Designed and developed an e-commerce website for a new manufacturer, automating the ordering process and creating a user-friendly catalog with filters, sorting, and product cards. Conducted project research, competitor analysis, and user testing, resulting in a successful prototype with high CSAT, completion rate, and task time metrics.

**Landing Page Project**
Developed a landing page to raise awareness about animal adoption, designing an attractive and interactive interface with 10 blocks of content and an interactive form for selecting pets. Conducted project research, secondary research, and brainstorming, resulting in a stylish and effective landing page.

**About Me**
I am a motivated and enthusiastic UX/UI designer with a passion for creating intuitive and attractive interfaces. I thrive in environments with like-minded individuals and am committed to continuous learning and development. With experience in web applications, adaptive design, and prototyping, I am confident in my ability to deliver high-quality designs that meet user needs."
98380,"Junior UX/UI Designer

Summary:
Self-motivated junior UX/UI designer with a passion for detail and experience in furniture and interior design, landing page design, redesign, web services, and mobile applications. Proven ability to create intuitive, aesthetically appealing, and user-friendly interfaces.

Experience:
- Designed landing page for BusinessUp course, meeting extremely tight deadlines.
- Successfully completed projects in landing page design, redesign, web services, and mobile applications.

Project Experience:
- Landing Page BusinessUp by Podvigina: Designed a landing page for the practical course, incorporating a UI kit and animation elements within a tight deadline.
- FinEasy Web Service: Led UX research, created personas, developed user flows, and designed adaptive UI components with engaging animations for a collaborative web service.
- Redesign of Mexican Restaurant Website: Conducted competitor analysis, created wireframes, implemented UI design, and incorporated adaptation and animation to enhance user experience.
- Urban Festival Landing Page Design: Completed the design cycle, including landing page design, competitor analysis, wireframing, UI development, and responsive adaptation for tablets and mobile devices.

Personal Projects:
- 2 personal pet-projects.

Skills and Approach:
- User-centered design approach with a deep understanding of user needs.
- Ability to craft intuitive, aesthetically appealing, and user-friendly interfaces.
- Open to new challenges and ready to grow within a team of creative professionals."
98381,"2020
Mobios School
UX/UI Design and Mobile Design Courses

2021
Projector
Junior Web Designer Courses by Alex Kim, Den Potapov
Font Logo Courses by Kate Jacushek

Experience:
- Banner design for social media and print outdoor advertising
- Customer briefing
- Basic UX research, including analysis of competitors, business areas, creation of personas, Customer Journey Map (CJM), and User Flow
- Creating interactive prototypes
- Working with typography, grids, colors, mood, and atmosphere
- Designing adaptive landing pages, e-commerce sites, corporate websites, and mobile applications
- Developing project presentations and presenting to clients
- Logo creation"
98382,"UI/UX Designer

Experience:
- Freelance UI/UX Designer (project-based, 1 month)
  - Researched references and created sketches
  - Developed wireframes and prototypes
  - Redesigned an existing application
  - Designed YouTube and Instagram banners and intros
  - Created and redesigned logos

Skills:
- Adobe Photoshop
- Figma
- InDesign
- InVision (basic)
- Illustrator (basic)
- HTML/CSS (basic knowledge, understanding of process)
- English (Advanced)
- Communication skills
- Organizational skills
- Time management

Career Goals:
- Develop expertise in UX design
- Solve UX problems and create exceptional user experiences
- Collaborate with a team of professionals to grow and develop as a designer

Additional Background:
- Active participant in design meetups
- Completed web design marathons
- Maintained a strong portfolio showcasing design capabilities"
98383,"**Summary**
Highly motivated and detail-oriented UI/UX designer with experience in research and analysis, seeking a role in a team of designers where I can continue to learn and grow.

**Education**
* Completion of basic UI/UX course, Hillel IT School
* Completion of UI/UX webinar, GoIt school

**Experience**
Research Manager, Entertainment/Crypto company (1 year 3 months)
* Researched, collected, and analyzed information from target audience to competitors and law policies of target countries
* Participated in UI/UX project and regression testing with QA department (part-time, last month)

**Projects**
* Destin/Tattoo: Competitor analysis, user analysis, and design creation for a tattoo salon website using Figma
* HelpPets: Competitor analysis, typography and UIKit creation, user flow design, and feature ideation for a web-service platform using Figma, Figma mock-ups, and Adobe Photoshop

**Skills**
* UI/UX design
* Research and analysis
* Figma
* Adobe Photoshop
* Team collaboration

**Interests**
* Animations
* Mock-ups
* 3D Design

**Preferences**
* Working in a team of designers
* Using Figma and standard Adobe Kit
* Open to using Miro and similar tools

**Note on Technical Skills**
Not interested in implementing frontend via JS or performing deployment."
98384,"EXPERIENCE

Web Service for Finding Lost Pets (Team Project)
UkrainianPets web service team member, responsible for creating a persona, Jobs-to-be-done, and designing key pages, including ""lost"" and ""found"" animals, ""my ads"", and a form for creating ads. Collaborated with the team to deliver the project.

Redesign of Indian Cuisine Website (Independent Project)
Conducted a redesign of an existing Indian cuisine website, focusing on creating a minimalist design that combined accessibility, structure, and visual hierarchy, resulting in a modern and user-friendly interface.

Flower Shop Landing Page (Independent Project)
Designed a one-page website for a flower shop, aiming to create a modern and user-friendly design that showcased flower arrangements and allowed for easy ordering and delivery.

SKILLS

* User experience (UX) design
* User interface (UI) design
* Web design
* Team collaboration
* Independent project management

CAREER OBJECTIVE
Seeking a full-time position in a company that aims to simplify everyday life and business, offering opportunities for growth, mutual respect, and a friendly work environment."
98385,"UI/UX Designer
2022 - Present

Education and Courses:
Junior Front-end Developer, EPAM University
UI/UX Designer, Taras Shevchenko

Experience:
Created web pages, blog site designs, and blogs
Designed branded materials, including company logos, social media posts, and illustrations
Developed designs for mobile and web applications, including one for Vinnitsa National Technical University (JetIQ)

Delivered attractive and user-friendly designs for various clients, including small businesses
Collaborated with clients and development teams to ensure successful project implementation
Developed corporate identities and illustrations using Figma, Illustrator, Photoshop, and Procreate
Designed and developed websites meeting client needs, from concept to responsive HTML5/CSS3 pages (including SASS and SCSS), with clear and understandable code

Applied UI/UX principles and understanding of user needs, working within existing brand guidelines to create functional and attractive products

Skills:
UI/UX Design (Figma)
Illustrations (Adobe Illustrator, Adobe Photoshop)
HTML, CSS (SASS, SCSS)

Commercial Experience:
JetIQ (2022-2023)
- Design creation
- Wireframe development
- Component creation
- Layout design

Notable Projects:
Anitime - Mobile application for watching anime
Innovexa - Landing page for a company providing data security services"
98386,"Flover Lover - Landing Page Development
Created a simple one-page website with easy navigation and gentle colors to advertise a new bouquet delivery service, including mood board creation and competitor analysis.

Custom Concept Tattoo & Design - Website Redesign
Redesigned a tattoo studio website to modernize its outdated design, ensuring a convenient and attractive user experience across various media devices.

VDOMA - Web Service Development
Developed and launched an animal search web service to help owners find lost animals quickly, involving competitor analysis, user persona creation, prototyping, system design, UI development, and adaptation.

Highly motivated and responsible professional seeking a full-time position in a company focused on enhancing everyday life and business productivity through user-friendly solutions. Proven ability to learn quickly and tackle challenging tasks."
98387,"Redesigned User Interface of Indian Cafe
Mobile App Optimization
Web-Service
Landing Page

Experience:
f.Lover Mobile App for Delivering Flowers
Developed a mobile application for ordering and delivering bouquets and gifts online, providing users with gift and flower recommendations and allowing for scheduled deliveries on specific dates, times, or special occasions.

Career Goals:
Seeking UX/UI design roles that prioritize user-centered digital experiences, creativity, and collaboration within cross-functional teams. Interested in positions that allow for thorough user research, thoughtful ideation, and testing, with a focus on quality over speed and user satisfaction."
98388,"Summary:
Highly motivated and detail-oriented designer with experience in creating user-friendly and intuitive interfaces for various web and mobile applications. Proven ability to work effectively in both team and individual settings, with a strong background in UX research, design principles, and project leadership.

Experience:

* Completed three projects during training, including two solo projects and one team project where I served as leader and primary idea generator.
* Developed a range of technical and theoretical skills, with a focus on creating comfortable and easy-to-use digital products.

Project Experience:

* Flowers Delivery Mobile App: Designed a user-friendly interface for online flower ordering, conducted persona research, and created a comfortable and easy-to-use app for global customers.
* Pet Scout Animal Pet Search Web Service: Conducted UX research, competitor analysis, and user flow analysis, and created wireframes, mockups, and prototypes for a web service designed to find missing pets.
* Barbershop Landing Page: Created a landing page for a barbershop, including competitor analysis, persona development, and research methods, with desktop, tablet, and mobile versions.
* Tattoo Studio Website Redesign: Redesigned a tattoo salon website, conducting competitor analysis and statistical data analysis to create a visually enjoyable and intuitive website.

Career Goals:
Seeking a remote or freelance position with a company that offers mentoring and opportunities for growth and development as a designer. Eager to contribute to creating products that meet customer needs and expectations."
98389,"UI/UX Designer

Proficient in Figma, Illustrator, Protopie, and Photoshop, with expertise in:

* Low and high fidelity prototypes
* Vector illustration
* Components
* Adaptive design
* Logo creation
* Landing page design
* User interface and user experience improvement

Focused on delivering user-centered design solutions for web and mobile applications, with a passion for turning concepts into real solutions that solve challenges and optimize user goals.

Career Highlights:

* Redesigned the ""Destin Tattoo Company"" website, completing competitor analysis, prototyping, text and color selection, logo development, wireframes creation, and component adaptation for tablet and mobile devices
* Contributed to the ""The Lost Pets"" web service project, creating a flow for users who find or pick up animals, and designing an individual logo for the service
* Designed the ""Suit Store"" mobile app, creating a convenient flow for users to search and purchase goods, and completing the prototyping stage independently

Seeking a full-time position in a creative and friendly team where I can utilize my skills to find solutions to challenging problems, improve user interfaces, and have opportunities for creative growth and promotion on design tasks."
98390,"UX/UI Designer

Summary:
Results-driven UX/UI designer with experience in leading teams and developing innovative projects, including mobile apps, landing pages, and web services. Proven track record of creating user-centered designs that drive engagement and conversion.

Experience:

* Team Leader, BudgetStay Project
	+ Led a team of designers to develop a web service interface for finding free or cheap accommodation
	+ Created main user flow with 2 account types and second flow for 3 types of hosts
	+ Designed desktop, tablet, and mobile versions with prototype for desktop
* Team Leader, Tantric Massage Salon Sensual Landing Page
	+ Led the development of a landing page to promote the salon's services and attract potential clients
	+ Designed for desktop, tablet, and mobile devices
* UX/UI Designer, FoodieFinder Mobile App
	+ Designed a mobile app for restaurant search and table reservations
	+ Created a user-friendly interface for efficient booking and discovery
* Independent Projects:
	+ Concept and redesign for India Cafe website
		- Created a modern and convenient design to attract potential customers
		- Added missing pages with photos and menu, and appointment feature
		- Designed for desktop, tablet, and mobile devices with prototype for desktop
	+ Concept for Citroen 4 Landing Page
		- Designed a landing page to order a test drive
		- Designed for desktop devices
* Pet Projects:
	+ 2 personal projects, details available upon request

Skills:
UX/UI design, team leadership, project management, user-centered design, mobile app design, web design, landing page design, prototype development, user flow creation.

Career Goals:
To join a dynamic team as a UX/UI designer and contribute to the development of innovative projects that drive connection between service providers and clients."
98391,"Summary:
Highly motivated and experienced computer science teacher with 15 years of experience, transitioning into a design role with skills in graphic design, user experience, and programming. Proficient in a range of design tools, including Adobe Photoshop, Adobe Illustrator, Corel Draw, ProtoPie, Canva, and Figma.

Experience:
Computer Science Teacher
- Taught topics on raster and vector graphics, 3D modeling, and programming languages for 15 years
- Developed and implemented engaging lesson plans to promote student learning and understanding

Design Experience:
- Website redesign for veterinary clinic ""Aibolit""
  - Conducted problem analysis, created interface prototypes, and developed visual styles
  - Designed a modern and user-friendly website to attract potential customers
- ""Coffee Time"" mobile application
  - Analyzed problems, created interface prototypes, and developed visual styles
  - Designed a mobile application to scan and pay for goods, improving customer experience
- Other projects: adaptive design, mobile application, moodboard, landing page, research, persona description, user flow

Skills:
- Proficient in Adobe Photoshop, Adobe Illustrator, Corel Draw, ProtoPie, Canva, and Figma
- Knowledge of graphic design principles, user experience, and programming languages
- Strong problem-solving and analytical skills, with ability to create convenient and simple final products

Career Goals:
Seeking a collaborative and motivated team where I can apply my skills, develop professionally, and contribute to achieving team goals."
98392,"UI/UX Designer

Summary:
Highly motivated UI/UX designer with experience in designing user-friendly websites and web services. Proficient in creating intuitive and functional designs for various platforms.

Experience:

* Developed the design of a web service for traveling around Ukraine, focusing on user experience and convenience.
* Redesigned the Poltavski galyshki website, transforming it into a structured and informative platform with enhanced user engagement.
* Designed the VISIT web service, a full-stack design project that enables users to easily organize trips to any part of Ukraine, leveraging UX research and competitor analysis to inform design decisions.

Education:

* Online IT school, UI/UX Design course (8 months)
	+ Studied UI/UX design principles and practices
	+ Worked on various projects, including landing pages, websites, web services, and individual site elements

Personal Projects:

* 2 personal pet-projects, demonstrating my passion for UI/UX design and ability to work on independent projects."
98393,"**Summary**
Highly skilled layout designer with over 10 years of experience in publishing houses, complemented by education in UI/UX design.

**Education**
- H.S. Skovoroda Kharkiv National Pedagogical University, Faculty of Art and Graphics, Ad designer
- Graduated from UI/UX Design courses, covering:
  - Communication
  - UX research
  - Wireframing
  - UI design
  - Mobile app design
  - Web design

**Experience**
- **Layout Designer**, Various Publishing Houses (Over 10 years)
  - Development of layouts for books, magazines, and posters
  - Page design
  - Search and processing of vector illustrations, including drawing when necessary
  - Search for bitmap images and their processing
  - Compilation of collages
  - Layout of books and magazines
  - Preparation of products for printing

- **UI/UX Designer**, CURSOR Education (Feb 2021 — Jul 2021)
  
- **UX/UI Web-Design + Mobile Design**, Mobios School (Sep 2021 — Dec 2021)

- **HTML Layout**, Source IT (courses) (Feb 2015 — Apr 2015)

**Projects**
- Final project in UI/UX Design course:
  - Conducted interviews with the client
  - Competitor analysis
  - SWOT analysis
  - Developed UX Persona
  - Created Customer Journey Map (CJM)
  - Information architecture development
  - Designed Wireframes and final design

**Career Expectations**
Looking to join a dynamic, friendly team that offers opportunities for growth, learning, and constructive feedback."
98394,"Professional Summary
UX/UI Enthusiast with a background in Graphic Design, holding certificates from the University of Alberta and California Institute of the Arts, and a winner of the Sixth All-Ukrainian Student Olympiad in Design of publishing and printing production.

Education
- Certificate, Google UX Design, Coursera
- Certificate, Introduction to Software Product Management, University of Alberta
- Certificate, Fundamentals of Graphic Design, California Institute of the Arts
- Diploma of the II degree, Sixth All-Ukrainian Student Olympiad in the discipline ""Design of publishing and printing production""

Experience
Freelance Graphic Designer
- Designed print publications and illustrations using Adobe Photoshop and Adobe Illustrator for one year

Skills
- UX Design
- UI Design
- Graphic Design
- Adobe Photoshop
- Adobe Illustrator
- UX Research
- Wireframing
- Prototyping"
98395,"Summary:
Dedicated and detail-oriented UI/UX designer with a strong foundation in design principles, user research, and interaction design. Proven ability to work independently and collaboratively to deliver high-quality design solutions. Committed to continuous learning and professional growth, with a passion for creating user-centric designs that drive positive user experiences.

Experience:
Freelance UI/UX Designer
- Developed and created unique user interfaces for various clients
- Analyzed client requirements, conducted user research, and created information architecture
- Conducted user experience testing and created prototypes
- Collaborated with developers to ensure high-quality end products
- Managed project timelines and effectively communicated with clients

Achievements:
- Successfully completed comprehensive UI/UX design courses
- Actively participated in design projects, both individually and as part of a team
- Received positive feedback from instructors and peers on design work
- Demonstrated a strong commitment to continuous learning and professional development

Skills:
- User research and analysis
- Wireframing and prototyping
- Interaction design and user experience testing
- Information architecture and design principles
- Collaboration and communication with cross-functional teams

Career Goals:
- Work in a team that values user needs and expectations
- Opportunities for professional growth and development
- Collaborative and open communication with stakeholders to deliver high-quality design solutions"
98396,"During my continuous studies, I completed various projects, including:
- Redesigning the website of a roofing materials plant, transforming it from an outdated multi-page site into a modern, convenient landing page with an engaging structure
- Creating a landing page for a tea studio, focusing on developing an attention-grabbing, stylized site that provides necessary information and aesthetic satisfaction
- Developing an online store for board games, incorporating elements of AI
- Improving the Ukrainian cinema network Multiplex application through detailed UX research and proposing solutions to key inconveniences

Over the past eleven months, I have been consistently developing my skills in UI/UX design. I have mastered Figma, utilizing its features such as components, variants, auto layout, and constraints. Additionally, I am proficient in using Photoshop and Illustrator in my work. I also possess skills in Webflow site design and After Effects motion graphics.

I continue to expand my expertise in web design, driven by my determination and creative approach. As a Ukrainian, I bring a unique perspective and original style to each project, enhancing its overall quality and character."
98397,"Highly motivated and detail-oriented professional with experience in freelancing, illustration, and design. Skilled in HTML5, CSS3 (responsive and adaptive design), SASS/LESS, flexbox, GIT, and basic JavaScript. Proficient in React.js, with the ability to split projects into components and prepare for developer's work. Familiar with Bootstrap.

Proficient in Adobe programs, including Photoshop, Illustrator, InDesign, and Procreate. Experienced in creating 2D characters for training videos and commissioned illustrations. Strong understanding of prioritizing daily work with clients and projects.

Combining design and development skills, with a strong interest in UI/UX design. Quickly learned Figma and eager to continue developing skills in this area. Strong passion for art, design, and front-end development, with a desire to combine these skills to create innovative and effective designs."
98398,"Motivated and detail-oriented professional with a passion for design and problem-solving. Proficient in the design process, from research to prototyping, with expertise in creating user-friendly interfaces.

Key skills and experience:

* Design process management, including research, user flows, wireframes, and prototyping
* Proficient in Figma, with ability to create design layouts, clickable prototypes, and animations
* Strong understanding of user-centered design principles
* Experience with 3D modeling as a hobby
* Freelance experience, with ability to work independently and collaboratively as part of a team

Seeking a challenging and dynamic role that leverages my design skills and experience, and provides opportunities for growth and collaboration."
98399,"Freelance Artist
January 2019 - August 2021
Created custom paintings, portraits, and logos for clients

Assistant Architect
June 2022 - August 2022
Developed architectural project layouts and drew project plans using computer software

Translator
Marriage Agency
April 2023 - August 2023

UI/UX Design Intern
6 months
Gained hands-on experience in user interface and user experience design principles and practices"
98400,"Volunteer Experience:
International Exchange Programs
BookForum
Children BookForum

Professional Experience:
Freelance Graphic Designer, Hilding Company
- Created brand stories, icons, and graphics for Amazon store products

Content Creator & Photographer, Sport Clothing Shop

Photographer, Restaurant

Skills:
Graphic Design
Photography
Figma
Adobe Photoshop
Zeplin
Webflow
Web Development (site creation)"
98401,"Freelance Web Designer & UI/UX Designer
Implants & Surgeries
2022 - 2023

Collaborated with an IT company to design online stores, service-selling platforms, and landing pages. Contributed to the development of UX processes and manually tested UI/UX.

Famart Group
Web Designer & UI/UX Designer
2021 - 2022

Designed a platform for goods sales, created website designs, and developed creative banners for advertising. Performed photo retouching to populate the site. Participated in the development of UI/UX and client flow on the site."
98402,"Project and Product Manager & UI/UX Designer

Summary:
Results-driven professional with 4 years of experience in managing 74 projects and leading the development of mobile applications. Skilled in all stages of development, with a strong background in design and project management.

Experience:

* Freelance UI/UX Designer
  - Designed landing pages, online stores, and prototypes
  - Created logos, corporate identity, visiting cards, and advertising banners
  - Developed site layouts on Tilda

* Netpeak Group UI/UX Designer
  - Designed blogs, websites, and landing pages on Tilda
  - Created logos for various projects

* Netpeak Group Project/Product Manager
  - Managed a team of mobile app and website developers
  - Conducted manual testing of products
  - Coordinated workflow, including technical tasks, prototyping, design, development, testing, and production
  - Established communication channels between project stakeholders
  - Organized retrospectives, backlog grooming, and planning poker for project time estimation
  - Created prototypes and analyzed competitors using App Annie, Alexa, and Sensor Tower
  - Worked with analytics tools, including Google Analytics and AppsFlyer

Education:
Completed four design courses at Projector School

Career Goals:
Seeking a company that offers interesting projects, professional growth, well-organized management processes, and a comfortable workplace with a friendly team. Looking to improve design skills in a company that prioritizes employee development and societal impact through its products and mission."
