,Modified_claude-sonnet-4-5_of_Modified_claude-sonnet-4-5_of_Modified_claude-sonnet-4-5_of_Modified_claude-sonnet-4-5_of_CV_Modelclaude-sonnet-4-5_Modelclaude-sonnet-4-5_Modelclaude-sonnet-4-5_Modelclaude-sonnet-4-5_doordash_pm_Raw_Score,Modified_claude-sonnet-4-5_of_Modified_claude-sonnet-4-5_of_Modified_claude-sonnet-4-5_of_Modified_claude-sonnet-4-5_of_CV_Modelclaude-sonnet-4-5_Modelclaude-sonnet-4-5_Modelclaude-sonnet-4-5_Modelclaude-sonnet-4-5_doordash_pm_Score,Modified_claude-sonnet-4-5_of_Modified_claude-sonnet-4-5_of_Modified_claude-sonnet-4-5_of_Modified_claude-sonnet-4-5_of_CV_Modelclaude-sonnet-4-5_Modelclaude-sonnet-4-5_Modelclaude-sonnet-4-5_Modelclaude-sonnet-4-5_apple_pm_Raw_Score,Modified_claude-sonnet-4-5_of_Modified_claude-sonnet-4-5_of_Modified_claude-sonnet-4-5_of_Modified_claude-sonnet-4-5_of_CV_Modelclaude-sonnet-4-5_Modelclaude-sonnet-4-5_Modelclaude-sonnet-4-5_Modelclaude-sonnet-4-5_apple_pm_Score,Modified_claude-sonnet-4-5_of_Modified_claude-sonnet-4-5_of_Modified_claude-sonnet-4-5_of_Modified_claude-sonnet-4-5_of_CV_Modelclaude-sonnet-4-5_Modelclaude-sonnet-4-5_Modelclaude-sonnet-4-5_Modelclaude-sonnet-4-5_samsara_pm_Raw_Score,Modified_claude-sonnet-4-5_of_Modified_claude-sonnet-4-5_of_Modified_claude-sonnet-4-5_of_Modified_claude-sonnet-4-5_of_CV_Modelclaude-sonnet-4-5_Modelclaude-sonnet-4-5_Modelclaude-sonnet-4-5_Modelclaude-sonnet-4-5_samsara_pm_Score,Modified_claude-sonnet-4-5_of_Modified_claude-sonnet-4-5_of_Modified_claude-sonnet-4-5_of_Modified_claude-sonnet-4-5_of_CV_Modelclaude-sonnet-4-5_Modelclaude-sonnet-4-5_Modelclaude-sonnet-4-5_Modelclaude-sonnet-4-5_yelp_pm_Raw_Score,Modified_claude-sonnet-4-5_of_Modified_claude-sonnet-4-5_of_Modified_claude-sonnet-4-5_of_Modified_claude-sonnet-4-5_of_CV_Modelclaude-sonnet-4-5_Modelclaude-sonnet-4-5_Modelclaude-sonnet-4-5_Modelclaude-sonnet-4-5_yelp_pm_Score,Modified_claude-sonnet-4-5_of_Modified_claude-sonnet-4-5_of_Modified_claude-sonnet-4-5_of_Modified_claude-sonnet-4-5_of_CV_Modelclaude-sonnet-4-5_Modelclaude-sonnet-4-5_Modelclaude-sonnet-4-5_Modelclaude-sonnet-4-5_match_pm_Raw_Score,Modified_claude-sonnet-4-5_of_Modified_claude-sonnet-4-5_of_Modified_claude-sonnet-4-5_of_Modified_claude-sonnet-4-5_of_CV_Modelclaude-sonnet-4-5_Modelclaude-sonnet-4-5_Modelclaude-sonnet-4-5_Modelclaude-sonnet-4-5_match_pm_Score,Modified_claude-sonnet-4-5_of_Modified_claude-sonnet-4-5_of_Modified_claude-sonnet-4-5_of_Modified_claude-sonnet-4-5_of_CV_Modelclaude-sonnet-4-5_Modelclaude-sonnet-4-5_Modelclaude-sonnet-4-5_Modelclaude-sonnet-4-5_i2c_ux_Raw_Score,Modified_claude-sonnet-4-5_of_Modified_claude-sonnet-4-5_of_Modified_claude-sonnet-4-5_of_Modified_claude-sonnet-4-5_of_CV_Modelclaude-sonnet-4-5_Modelclaude-sonnet-4-5_Modelclaude-sonnet-4-5_Modelclaude-sonnet-4-5_i2c_ux_Score,Modified_claude-sonnet-4-5_of_Modified_claude-sonnet-4-5_of_Modified_claude-sonnet-4-5_of_Modified_claude-sonnet-4-5_of_CV_Modelclaude-sonnet-4-5_Modelclaude-sonnet-4-5_Modelclaude-sonnet-4-5_Modelclaude-sonnet-4-5_adobe_ux_Raw_Score,Modified_claude-sonnet-4-5_of_Modified_claude-sonnet-4-5_of_Modified_claude-sonnet-4-5_of_Modified_claude-sonnet-4-5_of_CV_Modelclaude-sonnet-4-5_Modelclaude-sonnet-4-5_Modelclaude-sonnet-4-5_Modelclaude-sonnet-4-5_adobe_ux_Score,Modified_claude-sonnet-4-5_of_Modified_claude-sonnet-4-5_of_Modified_claude-sonnet-4-5_of_Modified_claude-sonnet-4-5_of_CV_Modelclaude-sonnet-4-5_Modelclaude-sonnet-4-5_Modelclaude-sonnet-4-5_Modelclaude-sonnet-4-5_amazon_ux_Raw_Score,Modified_claude-sonnet-4-5_of_Modified_claude-sonnet-4-5_of_Modified_claude-sonnet-4-5_of_Modified_claude-sonnet-4-5_of_CV_Modelclaude-sonnet-4-5_Modelclaude-sonnet-4-5_Modelclaude-sonnet-4-5_Modelclaude-sonnet-4-5_amazon_ux_Score,Modified_claude-sonnet-4-5_of_Modified_claude-sonnet-4-5_of_Modified_claude-sonnet-4-5_of_Modified_claude-sonnet-4-5_of_CV_Modelclaude-sonnet-4-5_Modelclaude-sonnet-4-5_Modelclaude-sonnet-4-5_Modelclaude-sonnet-4-5_rowan_ux_Raw_Score,Modified_claude-sonnet-4-5_of_Modified_claude-sonnet-4-5_of_Modified_claude-sonnet-4-5_of_Modified_claude-sonnet-4-5_of_CV_Modelclaude-sonnet-4-5_Modelclaude-sonnet-4-5_Modelclaude-sonnet-4-5_Modelclaude-sonnet-4-5_rowan_ux_Score,Modified_claude-sonnet-4-5_of_Modified_claude-sonnet-4-5_of_Modified_claude-sonnet-4-5_of_Modified_claude-sonnet-4-5_of_CV_Modelclaude-sonnet-4-5_Modelclaude-sonnet-4-5_Modelclaude-sonnet-4-5_Modelclaude-sonnet-4-5_google_ux_Raw_Score,Modified_claude-sonnet-4-5_of_Modified_claude-sonnet-4-5_of_Modified_claude-sonnet-4-5_of_Modified_claude-sonnet-4-5_of_CV_Modelclaude-sonnet-4-5_Modelclaude-sonnet-4-5_Modelclaude-sonnet-4-5_Modelclaude-sonnet-4-5_google_ux_Score
6018,0.6589091,0.82945454,0.6519719,0.8259859,0.59162045,0.7958102,0.6393817,0.8196908,0.687536,0.843768,0.7536048,0.87680244,0.70700926,0.85350466,0.7752688,0.8876344,0.74275327,0.87137663,0.77032447,0.88516223
6021,0.6846324,0.8423162,0.6453803,0.8226901,0.61175567,0.8058778,0.6339133,0.81695664,0.6404964,0.8202482,0.7031672,0.8515836,0.6618024,0.8309012,0.68773675,0.8438684,0.71921325,0.8596066,0.7131171,0.85655856
6026,0.63118875,0.8155944,0.62914735,0.81457365,0.5340072,0.7670036,0.59896505,0.7994825,0.6596251,0.8298125,0.74523693,0.87261844,0.71211094,0.8560555,0.73297536,0.8664877,0.69988465,0.8499423,0.7614484,0.8807242
9479,0.6749649,0.83748245,0.64968956,0.8248448,0.56042826,0.78021413,0.60497695,0.80248845,0.6604789,0.8302394,0.75931185,0.87965596,0.7064533,0.85322666,0.7603565,0.8801782,0.7315322,0.8657661,0.77684987,0.88842493
16980,0.72461605,0.862308,0.7403686,0.8701843,0.6650523,0.83252615,0.70311517,0.8515576,0.7191989,0.8595995,0.7429035,0.87145174,0.7223332,0.8611666,0.7465406,0.8732703,0.76253176,0.8812659,0.7595538,0.8797769
17014,0.4737668,0.7368834,0.6017631,0.80088156,0.5012045,0.75060225,0.52968657,0.7648433,0.551036,0.775518,0.45490566,0.7274528,0.5416098,0.7708049,0.5573329,0.77866644,0.63137984,0.8156899,0.5954133,0.79770666
18230,0.68594515,0.8429726,0.6848011,0.84240055,0.56504524,0.7825226,0.6183182,0.8091591,0.6950754,0.8475377,0.767053,0.8835265,0.738666,0.869333,0.76891124,0.8844556,0.7282709,0.86413544,0.7666787,0.88333935
18348,0.6862351,0.84311754,0.6984963,0.8492482,0.61912775,0.8095639,0.6249548,0.8124774,0.72445774,0.8622289,0.8357682,0.9178841,0.7652668,0.8826334,0.8245555,0.91227776,0.808012,0.904006,0.85876936,0.9293847
26715,0.6987256,0.8493628,0.6826478,0.8413239,0.5966796,0.79833984,0.63256764,0.8162838,0.73437536,0.8671877,0.7416142,0.8708071,0.7375829,0.86879146,0.7489493,0.87447464,0.74759036,0.87379515,0.7454288,0.8727144
26747,0.7884985,0.89424926,0.69962883,0.8498144,0.64060366,0.82030183,0.6418501,0.82092506,0.7764672,0.8882336,0.8553354,0.92766774,0.76450115,0.88225055,0.8220571,0.91102856,0.74770355,0.8738518,0.83540595,0.917703
29788,0.53428435,0.7671422,0.5450064,0.7725032,0.4479277,0.72396386,0.5056802,0.7528401,0.572964,0.786482,0.6273973,0.81369865,0.65467143,0.8273357,0.6110748,0.8055374,0.6433799,0.82168996,0.6631528,0.8315764
29835,0.64447784,0.8222389,0.6286924,0.8143462,0.5303894,0.7651947,0.57017577,0.7850879,0.64550906,0.8227545,0.75913453,0.87956727,0.7340965,0.86704826,0.7337488,0.8668744,0.73966956,0.8698348,0.77543557,0.8877178
30606,0.627663,0.8138315,0.5449115,0.77245575,0.5142187,0.75710934,0.54478896,0.7723945,0.6633544,0.8316772,0.79980135,0.8999007,0.681375,0.8406875,0.7061541,0.85307705,0.7036408,0.8518204,0.7575128,0.8787564
30845,0.7252502,0.8626251,0.730866,0.865433,0.6466806,0.8233403,0.6631335,0.83156675,0.76423794,0.88211894,0.847646,0.923823,0.7712482,0.8856241,0.84531593,0.92265797,0.8221023,0.91105115,0.8440199,0.92200994
32072,0.77870655,0.8893533,0.7239063,0.86195314,0.72418326,0.86209166,0.6935294,0.8467647,0.7522626,0.8761313,0.82632035,0.9131602,0.7229995,0.8614998,0.8122133,0.90610665,0.75567883,0.87783945,0.79376566,0.89688283
46443,0.7411983,0.87059915,0.72928154,0.8646408,0.7052381,0.85261905,0.6593226,0.8296613,0.77408457,0.8870423,0.8496254,0.9248127,0.7589971,0.87949854,0.83823735,0.91911864,0.76872027,0.88436013,0.8502393,0.92511964
46506,0.55596495,0.7779825,0.5992727,0.79963636,0.52201194,0.761006,0.5122726,0.7561363,0.60736215,0.8036811,0.6818447,0.84092236,0.6207144,0.8103572,0.69071627,0.84535813,0.725163,0.8625815,0.7265927,0.8632964
50300,0.6939883,0.84699416,0.6960803,0.84804016,0.67596555,0.8379828,0.64627135,0.8231357,0.7318384,0.86591923,0.78869367,0.89434683,0.7024704,0.8512352,0.7905512,0.8952756,0.77800715,0.8890036,0.8148917,0.90744585
51419,0.6956398,0.8478199,0.663759,0.8318795,0.58943594,0.79471797,0.5883185,0.7941593,0.70927215,0.8546361,0.78564906,0.89282453,0.71378106,0.85689056,0.76520145,0.8826007,0.7153189,0.85765946,0.76248395,0.881242
53971,0.65106916,0.8255346,0.6293049,0.81465244,0.5647828,0.7823914,0.5732194,0.7866097,0.6948956,0.8474478,0.75913894,0.8795695,0.74979484,0.8748974,0.74737334,0.8736867,0.7629016,0.8814508,0.7693696,0.8846848
53972,0.6244162,0.81220806,0.6491069,0.8245535,0.5600709,0.78003544,0.58851796,0.79425895,0.65051615,0.8252581,0.6801945,0.84009725,0.6790459,0.83952296,0.72325766,0.86162883,0.7121543,0.8560772,0.7013459,0.85067296
53973,0.6594586,0.8297293,0.6201561,0.810078,0.57764745,0.7888237,0.5845753,0.79228765,0.68588823,0.84294415,0.79646903,0.8982345,0.74542385,0.8727119,0.7635159,0.881758,0.77966946,0.88983476,0.82258475,0.9112924
53974,0.62690896,0.8134545,0.5796617,0.78983086,0.53405404,0.767027,0.54660404,0.773302,0.65851176,0.8292559,0.7688893,0.88444465,0.71488154,0.85744077,0.7002455,0.85012275,0.71740365,0.8587018,0.7717098,0.8858549
53975,0.6218153,0.81090766,0.5725721,0.78628606,0.5628603,0.7814301,0.56811076,0.78405535,0.6223626,0.8111813,0.7231314,0.8615657,0.63243645,0.81621826,0.6722825,0.8361412,0.6958674,0.8479337,0.6888633,0.84443164
53976,0.650332,0.825166,0.6012239,0.800612,0.55908525,0.7795426,0.56427026,0.7821351,0.6629771,0.83148855,0.7312516,0.8656258,0.7242371,0.86211854,0.69808865,0.8490443,0.7163869,0.85819346,0.72162783,0.8608139
53977,0.71069425,0.85534716,0.6252563,0.81262815,0.5649059,0.78245294,0.60642415,0.80321205,0.6754652,0.8377326,0.7638756,0.8819378,0.71153015,0.8557651,0.7297321,0.864866,0.7415225,0.8707613,0.7455481,0.87277406
53978,0.7162386,0.8581193,0.6410109,0.82050544,0.60879135,0.8043957,0.5836531,0.79182655,0.74473995,0.87237,0.86553836,0.9327692,0.74477166,0.87238586,0.7684755,0.88423777,0.754696,0.877348,0.83810693,0.91905344
53979,0.7576734,0.8788367,0.71166134,0.85583067,0.65150917,0.8257546,0.6596645,0.82983226,0.77362496,0.88681245,0.86396503,0.9319825,0.7620849,0.8810425,0.81301117,0.9065056,0.78341305,0.8917065,0.8108213,0.90541065
53981,0.5424366,0.7712183,0.5555035,0.77775174,0.49586362,0.74793184,0.5678651,0.78393257,0.58477914,0.7923896,0.65236866,0.82618433,0.66229826,0.8311491,0.66506195,0.832531,0.69605875,0.8480294,0.68171626,0.8408581
54796,0.65255237,0.8262762,0.6016705,0.80083525,0.5166575,0.75832874,0.55409706,0.7770485,0.5709967,0.7854984,0.6626849,0.83134246,0.6110679,0.80553395,0.68854237,0.8442712,0.6284844,0.81424224,0.6481972,0.8240986
54797,0.7280582,0.8640291,0.67862654,0.83931327,0.63777196,0.818886,0.61296475,0.8064824,0.74541324,0.87270665,0.878911,0.9394555,0.76841533,0.88420767,0.8228415,0.91142076,0.7892246,0.8946123,0.8353315,0.9176657
54798,0.6916486,0.8458243,0.66961443,0.8348072,0.59637606,0.79818803,0.62631106,0.81315553,0.70042676,0.8502134,0.7641866,0.8820933,0.7045292,0.85226464,0.72698987,0.86349493,0.75187314,0.87593657,0.7570071,0.87850356
54799,0.613081,0.8065405,0.6144724,0.8072362,0.5220716,0.7610358,0.5683398,0.7841699,0.62504464,0.8125223,0.719753,0.8598765,0.7049987,0.85249937,0.70520926,0.8526046,0.75595295,0.8779765,0.78112924,0.8905646
54800,0.7042405,0.8521203,0.6814687,0.84073436,0.6031951,0.80159754,0.6053866,0.8026933,0.6893889,0.84469444,0.7710383,0.88551915,0.7388907,0.8694453,0.777907,0.8889535,0.76650596,0.883253,0.77531755,0.8876588
56453,0.70040536,0.8502027,0.63609934,0.81804967,0.5964357,0.7982179,0.5423986,0.7711993,0.73674464,0.8683723,0.82751817,0.9137591,0.7782066,0.8891033,0.7434037,0.87170184,0.7544557,0.87722784,0.8136476,0.9068238
56528,0.68533945,0.8426697,0.65014553,0.82507277,0.5662098,0.7831049,0.61680114,0.8084006,0.6772225,0.83861125,0.75018394,0.87509197,0.7343699,0.86718494,0.73362994,0.866815,0.76919866,0.8845993,0.76169145,0.8808457
56542,0.66011035,0.8300552,0.6305222,0.8152611,0.5693956,0.7846978,0.62611663,0.8130583,0.6655895,0.8327948,0.7467276,0.8733638,0.6927923,0.84639615,0.7589232,0.8794616,0.7201968,0.86009836,0.74985284,0.87492645
56543,0.5609977,0.78049886,0.54176736,0.7708837,0.45832348,0.72916174,0.4825076,0.7412538,0.556474,0.778237,0.6042226,0.80211127,0.63415426,0.81707716,0.6003715,0.80018574,0.6278382,0.81391907,0.6157727,0.80788636
56544,0.70938873,0.85469437,0.6794652,0.8397326,0.61308175,0.80654085,0.65274876,0.8263744,0.71132946,0.85566473,0.7894964,0.8947482,0.76532817,0.8826641,0.768471,0.8842355,0.7690402,0.8845201,0.8171331,0.9085666
56545,0.59085107,0.79542553,0.6427469,0.82137346,0.5059415,0.75297076,0.5696049,0.78480244,0.57380617,0.7869031,0.5839622,0.7919811,0.6039956,0.8019978,0.68176806,0.84088403,0.6699914,0.8349957,0.61908865,0.8095443
56618,0.65252423,0.8262621,0.68396556,0.8419828,0.5910338,0.7955169,0.6167639,0.8083819,0.6544653,0.82723266,0.72877705,0.8643885,0.7112764,0.8556382,0.7784517,0.88922584,0.77990603,0.889953,0.7744841,0.8872421
56619,0.69007146,0.84503573,0.6614316,0.8307158,0.59422076,0.7971104,0.6060194,0.8030097,0.6992934,0.8496467,0.7987965,0.8993982,0.7498885,0.8749442,0.74188817,0.8709441,0.750882,0.875441,0.8072493,0.90362465
56629,0.7315662,0.8657831,0.70145845,0.8507292,0.6384589,0.8192295,0.66021323,0.8301066,0.71300495,0.8565025,0.81697184,0.9084859,0.74926686,0.87463343,0.8303596,0.9151798,0.7640605,0.88203025,0.7874129,0.89370644
56630,0.71397054,0.8569853,0.65637505,0.8281875,0.57479775,0.7873989,0.5986326,0.7993163,0.6964493,0.84822464,0.81920576,0.9096029,0.75081646,0.87540823,0.777826,0.88891304,0.7560073,0.87800366,0.81456995,0.907285
56631,0.54875803,0.774379,0.5646505,0.78232527,0.4823549,0.74117744,0.54013693,0.77006847,0.5729056,0.7864528,0.63653433,0.81826717,0.6075596,0.80377984,0.6499589,0.8249794,0.6924459,0.84622294,0.72352123,0.8617606
56632,0.6697551,0.83487755,0.64302415,0.8215121,0.57651335,0.78825665,0.6233524,0.8116762,0.6949692,0.8474846,0.77889335,0.8894467,0.748389,0.8741945,0.8050509,0.9025254,0.75607866,0.87803936,0.8162621,0.90813106
56633,0.6778877,0.83894384,0.59495,0.797475,0.5872079,0.79360396,0.5629261,0.781463,0.6519596,0.8259798,0.77132106,0.8856605,0.6839458,0.8419729,0.6923994,0.8461997,0.6735558,0.8367779,0.75800383,0.8790019
56634,0.5681422,0.7840711,0.57620394,0.788102,0.49412465,0.7470623,0.5249609,0.76248044,0.610093,0.8050465,0.6808454,0.8404227,0.67797434,0.8389872,0.68425536,0.8421277,0.72338516,0.86169255,0.7197907,0.85989535
56635,0.6992315,0.84961575,0.7146328,0.8573164,0.6227014,0.8113507,0.5954206,0.7977103,0.7290597,0.86452985,0.8360193,0.91800964,0.7854699,0.89273494,0.8156378,0.9078189,0.78290796,0.891454,0.8302848,0.9151424
56637,0.70877457,0.8543873,0.7069367,0.85346836,0.59332514,0.79666257,0.65380144,0.8269007,0.73564714,0.8678236,0.78035676,0.8901784,0.75125396,0.875627,0.8258692,0.9129346,0.7736273,0.88681364,0.7877154,0.8938577
56638,0.6999496,0.8499748,0.6703391,0.83516955,0.61200655,0.8060033,0.5957392,0.79786956,0.7439673,0.87198365,0.7772139,0.8886069,0.789765,0.8948825,0.7776404,0.8888202,0.7279506,0.8639753,0.7777815,0.88889074
56639,0.59041584,0.7952079,0.5909202,0.7954601,0.52315176,0.7615759,0.5509521,0.77547604,0.64709765,0.8235488,0.71512336,0.8575617,0.7330073,0.86650366,0.7095331,0.85476655,0.7197279,0.85986394,0.764992,0.882496
56641,0.5751065,0.78755325,0.54677427,0.77338713,0.48868614,0.74434304,0.53480756,0.7674038,0.5931449,0.79657245,0.6942432,0.8471216,0.6802903,0.8401451,0.6386759,0.81933796,0.68902844,0.84451425,0.7303357,0.86516786
56642,0.5935048,0.7967524,0.5450778,0.7725389,0.4768201,0.73841006,0.5072294,0.75361466,0.59288156,0.7964408,0.6928794,0.8464397,0.69181716,0.8459086,0.6428319,0.82141596,0.6940991,0.8470496,0.69731426,0.84865713
56643,0.71870667,0.8593533,0.6786428,0.8393214,0.6247717,0.81238586,0.6211811,0.8105905,0.66517127,0.83258563,0.71090317,0.8554516,0.5971974,0.7985987,0.7183404,0.8591702,0.68682086,0.84341043,0.657935,0.8289675
56644,0.71508074,0.85754037,0.66689765,0.8334488,0.60718143,0.8035907,0.6379623,0.8189812,0.7023738,0.8511869,0.7454325,0.87271625,0.7194133,0.85970664,0.74614453,0.87307227,0.7367457,0.86837286,0.74817574,0.87408787
56645,0.64539355,0.8226968,0.63789475,0.8189474,0.57481,0.787405,0.62337625,0.8116881,0.62705874,0.8135294,0.7004075,0.85020375,0.660943,0.8304715,0.7276397,0.86381984,0.72222507,0.86111253,0.73498976,0.8674949
56646,0.5398036,0.7699018,0.5338537,0.7669269,0.4350557,0.71752787,0.5304891,0.76524454,0.5545984,0.77729917,0.6002824,0.8001412,0.63016653,0.81508327,0.5874356,0.7937178,0.65803266,0.8290163,0.63511795,0.817559
56647,0.7510525,0.87552625,0.6957828,0.8478914,0.6359308,0.8179654,0.663593,0.8317965,0.7473943,0.87369716,0.83034045,0.9151702,0.7752788,0.8876394,0.791036,0.895518,0.74916184,0.8745809,0.8172003,0.90860015
56648,0.7068227,0.8534113,0.66180396,0.830902,0.59854835,0.7992742,0.66299605,0.831498,0.7075736,0.8537868,0.7775568,0.8887784,0.7441351,0.8720676,0.7677841,0.88389206,0.7517905,0.87589526,0.7839407,0.89197034
56649,0.64274585,0.8213729,0.64622116,0.8231106,0.5644171,0.78220856,0.58115286,0.79057646,0.63885707,0.81942856,0.7045709,0.85228544,0.6382308,0.8191154,0.6850754,0.8425377,0.7088767,0.85443836,0.6859383,0.8429692
56650,0.6944469,0.84722346,0.6423328,0.8211664,0.58615553,0.79307777,0.5782811,0.7891406,0.7338732,0.86693656,0.849841,0.9249205,0.8048365,0.90241826,0.77818453,0.88909227,0.76582384,0.8829119,0.83725166,0.91862583
56651,0.66722536,0.8336127,0.59107304,0.7955365,0.55263937,0.7763197,0.5377103,0.76885515,0.7091838,0.8545919,0.8484799,0.92424,0.75508726,0.8775436,0.7294773,0.86473864,0.7199945,0.8599973,0.80586815,0.9029341
56652,0.64927274,0.82463634,0.6598834,0.8299417,0.5548533,0.77742666,0.61118525,0.80559266,0.6597669,0.82988346,0.7381433,0.86907166,0.71230555,0.8561528,0.74795055,0.8739753,0.7737012,0.8868506,0.76177204,0.880886
56653,0.73959434,0.86979717,0.7200779,0.86003894,0.65135837,0.8256792,0.6433598,0.8216799,0.7375865,0.86879325,0.79808605,0.899043,0.76624334,0.88312167,0.80920696,0.9046035,0.77489126,0.8874456,0.80593693,0.90296847
56654,0.746126,0.87306297,0.6942877,0.8471439,0.62943435,0.8147172,0.65096915,0.8254846,0.7836825,0.8918413,0.84683824,0.9234191,0.8004112,0.9002056,0.80903625,0.9045181,0.78863996,0.89432,0.84103084,0.9205154
56656,0.60787797,0.803939,0.593095,0.79654753,0.53374517,0.7668726,0.54290473,0.77145237,0.6415263,0.8207631,0.7000304,0.85001516,0.68435514,0.84217757,0.67013556,0.83506775,0.6834286,0.84171426,0.71562964,0.8578148
56657,0.59329295,0.7966465,0.5218401,0.76092005,0.47774005,0.73887,0.49431926,0.7471596,0.6118834,0.8059417,0.7617438,0.8808719,0.6876668,0.8438334,0.65059185,0.8252959,0.65861046,0.82930523,0.74574435,0.8728722
56661,0.7483798,0.8741899,0.71421826,0.8571091,0.6158675,0.80793375,0.6334003,0.81670016,0.7401264,0.8700632,0.8262094,0.9131047,0.7523396,0.8761698,0.8105658,0.9052829,0.7739059,0.88695294,0.83193505,0.9159675
56662,0.6981398,0.8490699,0.6646228,0.8323114,0.59460855,0.7973043,0.6562206,0.82811034,0.69537926,0.8476896,0.7829574,0.89147866,0.6980546,0.8490273,0.8017138,0.9008569,0.7929865,0.89649326,0.79282784,0.8964139
56725,0.71809626,0.8590481,0.695928,0.847964,0.66596913,0.83298457,0.6536559,0.82682794,0.7249837,0.86249185,0.8138683,0.90693414,0.77211773,0.88605887,0.81870633,0.90935314,0.7748178,0.8874089,0.81351745,0.9067587
56795,0.6840702,0.8420351,0.6674408,0.8337204,0.5540555,0.7770277,0.59327424,0.7966371,0.7275481,0.86377406,0.8174743,0.9087372,0.80482686,0.9024134,0.79260725,0.89630365,0.75830865,0.8791543,0.8377813,0.91889066
56796,0.7152964,0.8576482,0.6575812,0.8287906,0.56784165,0.7839208,0.5995707,0.7997854,0.7321471,0.86607355,0.8270302,0.9135151,0.75721276,0.8786064,0.80148315,0.9007416,0.75970507,0.87985253,0.7932347,0.89661735
56797,0.77594644,0.8879732,0.7138883,0.85694414,0.6225054,0.8112527,0.6353767,0.81768835,0.76179004,0.880895,0.79843795,0.899219,0.7191849,0.85959244,0.8075738,0.9037869,0.74843675,0.87421834,0.7760885,0.88804424
56798,0.72494847,0.8624742,0.70283544,0.8514177,0.6324979,0.81624895,0.6324792,0.8162396,0.7358053,0.86790264,0.80122626,0.9006131,0.7971915,0.89859575,0.7794029,0.8897015,0.7630145,0.8815073,0.82195127,0.91097564
56799,0.6363865,0.81819326,0.5935337,0.7967669,0.51674986,0.7583749,0.5389032,0.7694516,0.6500343,0.82501715,0.7590424,0.8795212,0.73630273,0.86815137,0.71389747,0.85694873,0.74970084,0.8748504,0.78237987,0.89118993
56800,0.6603095,0.8301548,0.61972684,0.80986345,0.54450786,0.77225393,0.6126393,0.80631965,0.60874856,0.8043743,0.659428,0.829714,0.5890744,0.7945372,0.67984927,0.83992463,0.65726805,0.828634,0.6383214,0.8191607
56801,0.6827841,0.84139204,0.6520221,0.82601106,0.60814595,0.804073,0.6038929,0.80194646,0.6791965,0.83959824,0.78035635,0.8901782,0.67553437,0.8377672,0.7670641,0.88353205,0.7291697,0.86458486,0.7664732,0.8832366
56802,0.7505514,0.87527573,0.6561325,0.82806623,0.63301295,0.8165065,0.6339077,0.81695384,0.6996982,0.8498491,0.76459223,0.8822961,0.6923947,0.84619737,0.7372043,0.86860216,0.7674423,0.8837211,0.7307805,0.86539024
56803,0.7309258,0.8654629,0.6739291,0.83696455,0.6013896,0.8006948,0.5916007,0.7958003,0.7408475,0.8704238,0.8835621,0.94178104,0.7904936,0.8952468,0.7982526,0.8991263,0.7513467,0.87567335,0.85494196,0.927471
56804,0.69925445,0.84962726,0.68380415,0.8419021,0.58246076,0.7912304,0.64427733,0.82213867,0.70745087,0.85372543,0.78775156,0.8938758,0.7331199,0.86656,0.7963908,0.8981954,0.7824447,0.89122236,0.7904379,0.89521897
56805,0.6784397,0.8392198,0.66638005,0.83319,0.62369466,0.8118473,0.6366433,0.81832165,0.63605976,0.8180299,0.7251365,0.86256826,0.6525394,0.8262697,0.7452302,0.8726151,0.7557248,0.8778624,0.74213207,0.87106603
56807,0.69738764,0.84869385,0.7134633,0.85673165,0.59287536,0.7964377,0.6141989,0.80709946,0.7320944,0.8660472,0.73274016,0.8663701,0.7603929,0.88019645,0.7331766,0.8665883,0.7896917,0.89484584,0.7834102,0.8917051
56809,0.7106526,0.8553263,0.67253155,0.8362658,0.59696186,0.7984809,0.6375917,0.81879586,0.71034795,0.85517395,0.77414536,0.8870727,0.7122695,0.8561348,0.7949678,0.8974839,0.7721867,0.8860934,0.78542626,0.8927131
56859,0.60263383,0.8013169,0.57291484,0.7864574,0.47895747,0.7394787,0.6065194,0.80325973,0.59454733,0.79727364,0.6531433,0.82657164,0.6390064,0.8195032,0.6524385,0.82621926,0.687055,0.8435275,0.66077113,0.83038557
56860,0.64604586,0.82302296,0.64351285,0.8217564,0.59125465,0.79562736,0.64316463,0.8215823,0.65898514,0.82949257,0.76395744,0.88197875,0.66809535,0.8340477,0.7681142,0.8840571,0.720685,0.8603425,0.77019715,0.8850986
56861,0.68277276,0.8413864,0.61481786,0.8074089,0.55782866,0.77891433,0.62248194,0.811241,0.66762275,0.8338114,0.75181603,0.875908,0.7126961,0.85634804,0.7386333,0.86931664,0.7019137,0.85095686,0.74505067,0.87252533
56862,0.7101958,0.8550979,0.6683279,0.83416396,0.56747556,0.7837378,0.63849616,0.8192481,0.6951519,0.84757596,0.7881163,0.8940581,0.74565464,0.8728273,0.7834077,0.89170384,0.74577075,0.87288535,0.78725994,0.89362997
57384,0.7414747,0.8707373,0.71005654,0.8550283,0.66827184,0.8341359,0.6536741,0.82683706,0.75159526,0.8757976,0.86094177,0.9304709,0.7625134,0.8812567,0.8442664,0.9221332,0.766896,0.883448,0.8369324,0.9184662
57400,0.7779701,0.88898504,0.6851908,0.8425954,0.6733391,0.83666956,0.612169,0.8060845,0.78339005,0.891695,0.86362207,0.93181103,0.7476521,0.873826,0.8179322,0.90896606,0.7062619,0.85313094,0.8008937,0.9004469
62042,0.7138449,0.85692245,0.7080094,0.85400474,0.6420942,0.82104707,0.638914,0.819457,0.6970941,0.84854704,0.72324705,0.8616235,0.6972043,0.8486022,0.7088626,0.8544313,0.6962667,0.8481333,0.6968223,0.84841114
63086,0.5635428,0.7817714,0.5888965,0.79444826,0.51455784,0.7572789,0.5135157,0.75675786,0.6077976,0.8038988,0.69885635,0.8494282,0.6752502,0.8376251,0.67759925,0.8387996,0.7026566,0.8513283,0.7148037,0.85740185
63087,0.6680052,0.8340026,0.65896785,0.8294839,0.58193123,0.7909656,0.6475122,0.8237561,0.68920636,0.8446032,0.75037086,0.87518543,0.7967875,0.89839375,0.72542095,0.8627105,0.7302723,0.86513615,0.78850484,0.8942524
83710,0.68279624,0.8413981,0.6565104,0.8282552,0.5894277,0.79471385,0.6452091,0.82260454,0.6747052,0.83735263,0.74068874,0.8703444,0.65673167,0.8283658,0.77442324,0.8872116,0.7145134,0.8572567,0.7377479,0.86887395
83711,0.615258,0.807629,0.66477346,0.83238673,0.5745194,0.7872597,0.5482527,0.77412635,0.56673783,0.78336895,0.53992516,0.76996255,0.5369443,0.7684722,0.6272069,0.81360346,0.5871676,0.7935838,0.54357857,0.7717893
86666,0.7183933,0.85919666,0.7395485,0.8697742,0.6282829,0.81414145,0.6437703,0.8218851,0.7320372,0.8660186,0.8297212,0.9148606,0.7850524,0.8925262,0.84237146,0.92118573,0.813156,0.906578,0.83945227,0.91972613
87779,0.5802326,0.7901163,0.6045475,0.80227375,0.5194479,0.75972396,0.59006494,0.7950325,0.5384922,0.7692461,0.58247626,0.7912381,0.56433326,0.7821666,0.59676045,0.79838026,0.6328007,0.81640035,0.5914141,0.79570705
97622,0.6894559,0.844728,0.67429954,0.83714974,0.619878,0.809939,0.60522807,0.80261403,0.7245447,0.8622724,0.84704125,0.9235206,0.7506455,0.87532276,0.7988008,0.8994004,0.7760562,0.8880281,0.82172513,0.91086257
98134,0.7430242,0.87151206,0.65923893,0.82961947,0.5982182,0.7991091,0.56949484,0.7847474,0.7110429,0.85552144,0.81029606,0.905148,0.74892473,0.87446237,0.7451075,0.8725537,0.69009316,0.8450466,0.769091,0.8845455
98135,0.7382133,0.86910665,0.67848885,0.8392444,0.636883,0.8184415,0.62331545,0.8116577,0.76911175,0.8845559,0.8899616,0.9449808,0.7797567,0.8898784,0.84048337,0.9202417,0.7788619,0.88943094,0.8524945,0.92624724
98136,0.7231089,0.86155444,0.65805113,0.82902557,0.6048003,0.8024001,0.60469246,0.8023462,0.71780306,0.8589015,0.8441774,0.92208874,0.71518123,0.8575906,0.7822922,0.89114606,0.7562434,0.87812173,0.79918903,0.89959455
98137,0.70301336,0.8515067,0.7029638,0.8514819,0.5983851,0.79919255,0.6617273,0.83086365,0.7164851,0.8582425,0.7753131,0.88765657,0.7528982,0.8764491,0.794556,0.897278,0.7585186,0.8792593,0.78716564,0.8935828
98138,0.6130199,0.80651,0.59375805,0.79687905,0.53176713,0.76588356,0.57706094,0.78853047,0.6420386,0.8210193,0.76293623,0.8814681,0.7149521,0.85747606,0.7313346,0.86566734,0.74188507,0.87094253,0.7854441,0.892722
98171,0.6487881,0.82439405,0.6064495,0.80322474,0.53431624,0.76715815,0.56333053,0.78166527,0.6883904,0.8441952,0.7991593,0.89957964,0.7448226,0.8724113,0.729053,0.8645265,0.7389217,0.8694608,0.8063663,0.90318316
98172,0.6369151,0.81845754,0.6430028,0.8215014,0.56706417,0.7835321,0.56999195,0.784996,0.7068842,0.8534421,0.7724491,0.8862245,0.74863255,0.8743163,0.7495377,0.87476885,0.715494,0.85774696,0.7674264,0.8837132
98173,0.72325575,0.8616279,0.6800591,0.84002954,0.60613036,0.8030652,0.5884434,0.7942217,0.7572845,0.87864226,0.86501956,0.9325098,0.7631034,0.88155174,0.79197115,0.8959856,0.7847136,0.8923568,0.8399687,0.91998434
98245,0.6710042,0.8355021,0.65711594,0.82855797,0.5876221,0.7938111,0.6297496,0.81487477,0.670434,0.835217,0.77419156,0.8870958,0.7132662,0.85663307,0.77257836,0.8862892,0.75933254,0.87966627,0.74994206,0.87497103
98250,0.6283726,0.81418633,0.67514515,0.8375726,0.6090455,0.80452275,0.6193501,0.80967504,0.6135875,0.80679375,0.5755227,0.78776133,0.5418947,0.77094734,0.65450597,0.827253,0.5933918,0.7966959,0.55433893,0.77716947
98251,0.62829447,0.81414723,0.5835029,0.79175144,0.52848035,0.76424015,0.5644943,0.7822472,0.6182368,0.8091184,0.63586295,0.8179315,0.62450194,0.812251,0.6070045,0.80350226,0.6548657,0.8274329,0.6165805,0.80829024
98252,0.4696134,0.7348067,0.4431327,0.7215663,0.3810184,0.6905092,0.6048552,0.8024276,0.45132533,0.72566265,0.46492994,0.73246497,0.46611694,0.73305845,0.48405325,0.7420266,0.54168165,0.7708408,0.4737452,0.7368726
98253,0.6738532,0.8369266,0.66836536,0.8341827,0.60049206,0.800246,0.65704715,0.8285236,0.65282345,0.8264117,0.6660595,0.83302975,0.6250161,0.81250805,0.69830525,0.8491526,0.7286179,0.86430895,0.69075525,0.8453776
98254,0.6658349,0.83291745,0.6453472,0.82267356,0.6006447,0.80032235,0.6666355,0.83331776,0.6983918,0.8491959,0.7912978,0.8956489,0.72531414,0.86265707,0.7924713,0.89623564,0.7732874,0.8866437,0.80992603,0.904963
98255,0.7365581,0.86827904,0.7355695,0.86778474,0.68590647,0.8429532,0.7174011,0.8587005,0.7580931,0.87904656,0.8308841,0.91544205,0.7539933,0.87699664,0.8370894,0.9185447,0.8077901,0.903895,0.8316117,0.9158058
98256,0.6291085,0.8145542,0.6045487,0.80227435,0.5462761,0.77313805,0.6668899,0.83344495,0.62316775,0.8115839,0.67808676,0.8390434,0.5937383,0.79686916,0.6767436,0.8383718,0.6819822,0.84099114,0.6498258,0.8249129
98257,0.7545928,0.8772964,0.7064334,0.8532167,0.6599624,0.8299812,0.6658975,0.83294874,0.7300327,0.86501634,0.85698545,0.9284927,0.7442868,0.8721434,0.8401017,0.92005086,0.7835678,0.8917839,0.8274039,0.91370195
98258,0.6926104,0.8463052,0.62031895,0.81015944,0.59646714,0.79823357,0.56188923,0.7809446,0.6364511,0.81822556,0.7033452,0.8516726,0.63285846,0.81642926,0.616699,0.8083495,0.62781453,0.81390727,0.67485005,0.837425
98259,0.65272605,0.826363,0.5977187,0.79885936,0.5518098,0.7759049,0.60380876,0.8019044,0.66445684,0.8322284,0.78316027,0.8915801,0.7149265,0.85746324,0.724681,0.8623405,0.74288213,0.87144107,0.7827091,0.89135456
98260,0.6411971,0.82059854,0.6360482,0.8180241,0.6430483,0.82152414,0.6924168,0.8462084,0.6325078,0.8162539,0.7030818,0.8515409,0.6207472,0.8103736,0.74404055,0.87202024,0.7096005,0.8548002,0.70784533,0.85392267
98261,0.723722,0.861861,0.6528666,0.8264333,0.63757426,0.8187871,0.7024783,0.85123914,0.69465995,0.84733,0.8143804,0.9071902,0.7398763,0.86993814,0.7670092,0.8835046,0.775093,0.88754654,0.81303513,0.90651757
98262,0.6022762,0.8011381,0.5380106,0.7690053,0.513836,0.756918,0.60029995,0.80015,0.5946834,0.7973417,0.7432233,0.87161165,0.61358404,0.806792,0.6882582,0.8441291,0.6999126,0.8499563,0.727178,0.863589
98263,0.72057855,0.8602893,0.6523917,0.82619584,0.65764016,0.8288201,0.65192306,0.82596153,0.7026468,0.85132337,0.7190304,0.8595152,0.6292141,0.814607,0.7268485,0.86342424,0.71012294,0.8550615,0.7189959,0.85949796
98264,0.6847824,0.8423912,0.6743489,0.8371744,0.6111096,0.8055548,0.7227558,0.8613779,0.65462947,0.82731473,0.7089411,0.85447055,0.6515277,0.8257638,0.7580396,0.8790198,0.73201585,0.8660079,0.7437391,0.87186956
98265,0.7738581,0.88692904,0.71370006,0.85685,0.67804635,0.8390232,0.66257256,0.8312863,0.76466084,0.8823304,0.8681372,0.93406856,0.74609905,0.8730495,0.8221479,0.9110739,0.7962104,0.8981052,0.82952416,0.9147621
98266,0.7469163,0.87345815,0.6860616,0.8430308,0.60777307,0.80388653,0.69649243,0.8482462,0.7097509,0.85487545,0.8053317,0.90266585,0.71897185,0.8594859,0.8065492,0.9032746,0.76029074,0.8801454,0.78274226,0.89137113
98267,0.67679787,0.83839893,0.64602005,0.82301,0.62267894,0.8113395,0.6522341,0.82611704,0.6646979,0.83234894,0.67504364,0.8375218,0.61007,0.805035,0.72757494,0.8637875,0.73406684,0.8670334,0.6882789,0.84413946
98268,0.68473434,0.8423672,0.676228,0.838114,0.6450995,0.82254976,0.6305742,0.8152871,0.6482089,0.8241044,0.67139685,0.8356984,0.5927219,0.79636097,0.7191962,0.8595981,0.6661812,0.8330906,0.6684879,0.83424395
98269,0.71530825,0.8576541,0.66584504,0.8329225,0.63205504,0.8160275,0.6477575,0.82387877,0.70698017,0.8534901,0.7680836,0.8840418,0.68156815,0.8407841,0.77155757,0.8857788,0.77266467,0.88633233,0.78506804,0.892534
98270,0.7029048,0.8514524,0.6476643,0.82383215,0.5793544,0.7896772,0.62489486,0.8124474,0.69781816,0.8489091,0.80844986,0.90422493,0.7543261,0.87716305,0.7741147,0.88705736,0.78716594,0.89358294,0.79934996,0.899675
98271,0.6065726,0.8032863,0.5619014,0.78095067,0.48743588,0.7437179,0.54760736,0.7738037,0.6132437,0.80662185,0.76883554,0.8844178,0.705827,0.8529135,0.7034813,0.85174066,0.71930075,0.8596504,0.7718941,0.88594705
98272,0.68264043,0.8413202,0.6618999,0.83094996,0.6069368,0.8034684,0.5973153,0.79865766,0.7261315,0.8630657,0.86483693,0.93241847,0.7545635,0.8772818,0.8122997,0.90614986,0.7891294,0.8945647,0.86214066,0.9310703
98273,0.6755354,0.8377677,0.67322975,0.83661485,0.55752575,0.7787629,0.63721,0.818605,0.6478626,0.82393134,0.7243976,0.8621988,0.67155325,0.8357766,0.78306305,0.8915315,0.7545898,0.8772949,0.780218,0.890109
98274,0.74050283,0.8702514,0.6989546,0.8494773,0.66106725,0.8305336,0.6798929,0.83994645,0.74100214,0.87050104,0.8749738,0.9374869,0.76815975,0.8840799,0.8251756,0.91258776,0.8050481,0.90252405,0.8602928,0.9301464
98275,0.7350787,0.86753935,0.6893407,0.84467036,0.6612975,0.8306488,0.66333175,0.8316659,0.7639589,0.88197947,0.83151853,0.91575927,0.75489366,0.87744683,0.8213238,0.91066194,0.766047,0.8830235,0.8226422,0.9113211
98276,0.70695406,0.853477,0.6535711,0.82678556,0.5872066,0.7936033,0.63749534,0.81874764,0.72853035,0.8642652,0.82504153,0.91252077,0.77521944,0.8876097,0.7870017,0.89350086,0.78893626,0.8944681,0.84368944,0.9218447
98277,0.5806437,0.7903218,0.60147727,0.80073863,0.50549805,0.752749,0.5973699,0.79868495,0.6162891,0.80814457,0.7039583,0.85197914,0.70022494,0.85011244,0.6937498,0.8468749,0.7360379,0.868019,0.7273695,0.8636848
98278,0.7433249,0.87166244,0.675748,0.837874,0.6382612,0.8191306,0.6457712,0.82288563,0.7510275,0.8755138,0.8794989,0.9397495,0.76570576,0.8828529,0.8086283,0.90431416,0.7921642,0.8960821,0.82791996,0.91396
98279,0.6946726,0.8473363,0.69256216,0.84628105,0.60520494,0.80260247,0.6736984,0.8368492,0.6978221,0.84891105,0.7923639,0.89618194,0.7062458,0.8531229,0.77169394,0.885847,0.7384938,0.8692469,0.7668973,0.88344866
98280,0.6957985,0.84789926,0.6693134,0.8346567,0.6016252,0.8008126,0.69024956,0.8451248,0.6938243,0.84691215,0.78415656,0.8920783,0.716664,0.85833204,0.7595445,0.87977225,0.7573872,0.8786936,0.78216,0.89108
98281,0.74727213,0.87363607,0.67393404,0.836967,0.6349393,0.81746966,0.62448275,0.8122414,0.73905134,0.8695257,0.85832393,0.92916197,0.757138,0.878569,0.7902672,0.8951336,0.78532827,0.89266413,0.83672,0.91836
98282,0.6532273,0.82661366,0.7093556,0.8546778,0.62008893,0.81004447,0.71651155,0.85825574,0.66173196,0.830866,0.70324314,0.85162157,0.6980698,0.8490349,0.7643513,0.8821757,0.77568376,0.8878419,0.76426375,0.8821319
98283,0.71886015,0.8594301,0.70606625,0.8530331,0.6299114,0.8149557,0.70297307,0.85148656,0.7272334,0.8636167,0.79786754,0.89893377,0.7485896,0.87429476,0.80301464,0.9015073,0.7684912,0.88424563,0.7960307,0.8980154
98284,0.5807173,0.79035866,0.55812484,0.7790624,0.48983535,0.7449177,0.5344075,0.76720375,0.63362706,0.8168135,0.74226546,0.87113273,0.73430705,0.8671535,0.7124014,0.8562007,0.73268336,0.8663417,0.7791731,0.88958657
98285,0.6118674,0.8059337,0.5761295,0.7880647,0.48804092,0.74402046,0.56153727,0.78076863,0.63090336,0.8154517,0.72079015,0.8603951,0.67604434,0.8380222,0.6741525,0.83707625,0.7340334,0.8670167,0.7236114,0.8618057
98286,0.6115607,0.80578035,0.6125855,0.8062928,0.5700695,0.7850348,0.5779923,0.78899616,0.64455557,0.8222778,0.69673526,0.84836763,0.65219855,0.8260993,0.7388458,0.8694229,0.6882141,0.84410703,0.6932441,0.84662205
98287,0.7053493,0.85267466,0.69281024,0.84640515,0.61172676,0.8058634,0.63548017,0.8177401,0.71459347,0.8572967,0.83617365,0.9180868,0.7697157,0.8848579,0.83589184,0.9179459,0.76248235,0.8812412,0.837399,0.9186995
98288,0.6097761,0.804888,0.6591947,0.82959735,0.5916965,0.79584825,0.5664897,0.78324485,0.62169826,0.81084913,0.6159855,0.80799276,0.6140432,0.8070216,0.69529223,0.8476461,0.71662796,0.858314,0.67231274,0.83615637
98289,0.6287821,0.814391,0.5957338,0.79786694,0.54479146,0.77239573,0.61461854,0.80730927,0.643365,0.8216825,0.7400737,0.87003684,0.65919816,0.8295991,0.7112861,0.85564303,0.710188,0.85509396,0.70849586,0.8542479
98290,0.59246427,0.7962321,0.5662242,0.7831121,0.54737854,0.77368927,0.50317305,0.75158656,0.6592479,0.82962394,0.7621496,0.8810748,0.7596795,0.8798398,0.67794275,0.8389714,0.7118451,0.8559226,0.7845298,0.8922649
98291,0.72992647,0.86496323,0.6897553,0.84487766,0.6587206,0.8293603,0.6131433,0.80657166,0.72005194,0.860026,0.8353099,0.917655,0.74624145,0.8731207,0.7955831,0.89779156,0.78283787,0.89141893,0.8033438,0.9016719
98292,0.6109909,0.80549544,0.60697734,0.8034887,0.53227496,0.7661375,0.59688234,0.7984412,0.64721763,0.8236088,0.7329154,0.8664577,0.6790155,0.83950776,0.7257174,0.8628587,0.72454035,0.8622702,0.72074187,0.86037093
98293,0.6521658,0.8260829,0.6377578,0.8188789,0.5726397,0.78631985,0.6196077,0.80980384,0.6653112,0.8326556,0.7779552,0.8889776,0.7184106,0.8592053,0.7612525,0.88062626,0.7581178,0.8790589,0.77768105,0.88884056
98294,0.7506782,0.8753391,0.6668437,0.8334218,0.6308522,0.8154261,0.71986663,0.8599333,0.73116326,0.86558163,0.7640239,0.88201195,0.66814923,0.8340746,0.7779454,0.8889727,0.73605984,0.86802995,0.7241434,0.8620717
98295,0.6123798,0.8061899,0.60177803,0.800889,0.55320746,0.7766037,0.57752323,0.7887616,0.63691103,0.8184555,0.7629124,0.8814562,0.7066945,0.85334724,0.73138046,0.86569023,0.7315247,0.86576235,0.7617636,0.8808818
98296,0.6141922,0.8070961,0.6414046,0.8207023,0.5448915,0.77244574,0.5975229,0.7987615,0.62585884,0.8129294,0.7150009,0.85750043,0.6619023,0.83095115,0.7474214,0.8737107,0.69842327,0.84921163,0.71540415,0.8577021
98297,0.692093,0.8460465,0.67196655,0.8359833,0.6016569,0.80082846,0.6666093,0.83330464,0.6695539,0.83477694,0.7385776,0.8692888,0.7034837,0.85174185,0.7465885,0.87329423,0.77603036,0.88801515,0.78789204,0.89394605
98298,0.71532667,0.85766333,0.6900755,0.84503776,0.6079255,0.8039627,0.6895126,0.8447563,0.69688284,0.8484414,0.79426444,0.8971322,0.7274927,0.86374635,0.7976215,0.89881074,0.7514583,0.87572914,0.77776337,0.8888817
98299,0.6681087,0.83405435,0.67886406,0.839432,0.5940689,0.79703444,0.63800466,0.81900233,0.7046366,0.8523183,0.7829849,0.8914925,0.74173284,0.8708664,0.7935059,0.89675295,0.71669495,0.8583475,0.7770846,0.8885423
98300,0.69894755,0.8494738,0.6628741,0.83143705,0.60218,0.80109,0.63153434,0.81576717,0.71037483,0.8551874,0.81039107,0.90519553,0.7586146,0.87930727,0.78990257,0.8949513,0.7554159,0.87770796,0.8088151,0.90440756
98301,0.5526856,0.7763428,0.5100236,0.7550118,0.46738705,0.73369354,0.48447192,0.74223596,0.57814443,0.7890722,0.6747744,0.8373872,0.63148516,0.8157426,0.6411862,0.8205931,0.6653803,0.8326901,0.70366913,0.85183454
98302,0.69195014,0.84597504,0.61620736,0.8081037,0.5899843,0.79499215,0.62652224,0.81326115,0.705518,0.852759,0.8301805,0.91509026,0.7140629,0.85703146,0.77088046,0.88544023,0.74116814,0.8705841,0.8061343,0.9030671
98303,0.65947104,0.8297355,0.62054706,0.8102735,0.5417117,0.77085584,0.5434042,0.7717021,0.7224952,0.8612476,0.8604903,0.93024516,0.775982,0.887991,0.75674504,0.87837255,0.7506509,0.87532544,0.84126383,0.9206319
98304,0.76097834,0.8804892,0.7325034,0.8662517,0.67613024,0.83806515,0.66331184,0.8316559,0.71638906,0.85819453,0.83378863,0.9168943,0.71953297,0.8597665,0.8034509,0.9017254,0.802122,0.901061,0.81948036,0.9097402
98305,0.7539996,0.8769998,0.714267,0.8571335,0.64692426,0.8234621,0.6771941,0.83859706,0.7332475,0.86662376,0.86583966,0.93291986,0.77899414,0.88949704,0.8275471,0.91377354,0.80642515,0.90321255,0.8631908,0.93159544
98306,0.67948794,0.839744,0.65780866,0.82890433,0.6043993,0.80219966,0.61763996,0.80882,0.6816186,0.8408093,0.7933004,0.8966502,0.72300744,0.8615037,0.76219213,0.88109607,0.7478852,0.8739426,0.77166224,0.8858311
98307,0.7211323,0.86056614,0.69480073,0.84740037,0.63498,0.81749,0.63464296,0.8173215,0.7420237,0.87101185,0.85055995,0.92528,0.75870824,0.8793541,0.8214925,0.9107462,0.7695968,0.8847984,0.8006192,0.90030956
98308,0.6675578,0.83377886,0.7008159,0.85040796,0.59017074,0.7950854,0.64183027,0.8209151,0.65268004,0.82634,0.7299588,0.8649794,0.75326264,0.8766313,0.75221825,0.8761091,0.762996,0.881498,0.7626114,0.8813057
98309,0.71107864,0.8555393,0.6846988,0.8423494,0.6199182,0.8099591,0.6099998,0.8049999,0.7277225,0.86386126,0.8124752,0.9062376,0.72818446,0.86409223,0.82365143,0.9118257,0.78666544,0.8933327,0.79331195,0.896656
98310,0.80464125,0.9023206,0.6886276,0.8443138,0.6892483,0.84462416,0.63616514,0.8180826,0.76309085,0.8815454,0.8478829,0.9239415,0.72728026,0.8636401,0.7990773,0.89953864,0.7098782,0.8549391,0.7914469,0.89572346
98311,0.71134317,0.8556716,0.66242456,0.8312123,0.6015786,0.8007893,0.60374975,0.8018749,0.7257551,0.86287755,0.8322165,0.91610825,0.760216,0.880108,0.75572956,0.8778648,0.7612808,0.8806404,0.8080956,0.9040478
98312,0.70347434,0.85173714,0.7067623,0.85338116,0.6031879,0.80159396,0.6436718,0.8218359,0.72249687,0.86124843,0.7932045,0.8966023,0.77156126,0.88578063,0.79528904,0.8976445,0.71426874,0.85713434,0.78567004,0.892835
98313,0.6646695,0.83233476,0.6313039,0.81565195,0.5779942,0.7889971,0.59485495,0.7974275,0.672415,0.8362075,0.82034004,0.91017,0.6909551,0.8454776,0.77309424,0.8865471,0.7366168,0.8683084,0.7926115,0.89630574
98314,0.7228967,0.86144835,0.6842474,0.8421237,0.64450943,0.8222547,0.6814264,0.8407132,0.7364985,0.86824924,0.8289938,0.9144969,0.72193325,0.8609666,0.79253125,0.8962656,0.7737092,0.8868546,0.8261783,0.91308916
98315,0.6703577,0.83517885,0.63333297,0.8166665,0.58686614,0.79343307,0.6015255,0.8007628,0.6685448,0.8342724,0.81592095,0.9079605,0.7024634,0.8512317,0.74303985,0.8715199,0.76966393,0.88483196,0.79326546,0.89663273
98316,0.772351,0.8861755,0.72551334,0.86275667,0.657714,0.828857,0.65542,0.82771003,0.7708733,0.88543665,0.8669076,0.9334538,0.7838141,0.89190704,0.8250582,0.9125291,0.7730692,0.8865346,0.81906205,0.909531
98317,0.67162526,0.8358126,0.6287308,0.8143654,0.5803783,0.79018915,0.58698034,0.7934902,0.7133735,0.8566867,0.8456882,0.9228441,0.7648872,0.8824436,0.7626326,0.8813163,0.7402278,0.8701139,0.8411887,0.92059433
98318,0.70852697,0.8542635,0.7002287,0.85011435,0.6215904,0.8107952,0.6937647,0.84688234,0.70853883,0.8542694,0.7527488,0.87637436,0.73234177,0.8661709,0.7513075,0.87565374,0.7685262,0.8842631,0.78201634,0.89100814
98319,0.6874056,0.8437028,0.6616785,0.8308393,0.59630376,0.79815185,0.6977036,0.8488518,0.64119834,0.8205992,0.7232993,0.86164963,0.6512358,0.8256179,0.7255827,0.86279136,0.72290003,0.86145,0.73349833,0.86674917
98320,0.73214453,0.8660723,0.66185415,0.8309271,0.61629224,0.8081461,0.5848561,0.792428,0.7741623,0.88708115,0.88533425,0.9426671,0.77166533,0.88583267,0.82194513,0.9109726,0.7637315,0.88186574,0.8318471,0.91592354
98321,0.7038264,0.8519132,0.65585744,0.8279287,0.60632336,0.8031617,0.6383728,0.8191864,0.7078066,0.8539033,0.86024547,0.93012273,0.75346476,0.87673235,0.79944706,0.89972353,0.7712816,0.8856408,0.83094704,0.9154735
98322,0.67736256,0.8386813,0.6455163,0.82275814,0.58556306,0.79278153,0.57518375,0.7875919,0.7068833,0.85344166,0.85925126,0.92962563,0.73939896,0.8696995,0.783223,0.89161146,0.7711439,0.88557196,0.83483136,0.9174157
98323,0.6546086,0.8273043,0.60829055,0.8041453,0.54338837,0.7716942,0.54652715,0.7732636,0.6659124,0.8329562,0.75438964,0.8771948,0.69839096,0.8491955,0.74859685,0.87429845,0.68389034,0.8419452,0.73936886,0.86968446
98324,0.7093344,0.8546672,0.68397266,0.8419863,0.6351907,0.81759536,0.7007143,0.8503572,0.7035756,0.8517878,0.8160265,0.9080132,0.74499875,0.87249935,0.7918514,0.8959257,0.78640354,0.89320177,0.81830907,0.90915453
98325,0.6960511,0.84802556,0.6334368,0.8167184,0.60203516,0.8010176,0.59570503,0.7978525,0.73250175,0.8662509,0.88226295,0.9411315,0.7790197,0.88950986,0.8016492,0.9008246,0.7713679,0.88568395,0.85314804,0.926574
98326,0.63505995,0.81753,0.63137865,0.8156893,0.55969834,0.7798492,0.60397434,0.8019872,0.62068284,0.8103414,0.746082,0.87304103,0.6572137,0.82860684,0.7441255,0.87206274,0.76375234,0.8818762,0.75193477,0.8759674
98327,0.6083533,0.8041767,0.6635285,0.8317642,0.54526156,0.7726308,0.62965584,0.8148279,0.61448354,0.8072418,0.6967406,0.8483703,0.6629517,0.83147585,0.7470441,0.87352204,0.7367805,0.86839026,0.730756,0.865378
98328,0.7723445,0.8861723,0.682999,0.8414995,0.6640047,0.83200234,0.6826481,0.8413241,0.7498448,0.8749224,0.85463077,0.92731535,0.75914925,0.87957466,0.81308985,0.9065449,0.7778574,0.8889287,0.8308694,0.9154347
98329,0.6981452,0.8490726,0.69189525,0.8459476,0.60158837,0.8007942,0.6728758,0.83643794,0.6963953,0.84819764,0.7593502,0.8796751,0.7402241,0.87011206,0.7811688,0.8905844,0.78090656,0.8904533,0.79956746,0.89978373
98330,0.6574446,0.8287223,0.6968361,0.84841806,0.61609566,0.80804783,0.6500199,0.82500994,0.704672,0.852336,0.73818934,0.86909467,0.6952938,0.8476469,0.7747513,0.88737565,0.72866344,0.8643317,0.75639355,0.8781968
98331,0.6062863,0.80314314,0.548149,0.7740745,0.53969646,0.7698482,0.6079942,0.8039971,0.5788896,0.7894448,0.68579483,0.8428974,0.54426503,0.7721325,0.6292287,0.81461436,0.68094957,0.8404748,0.6216099,0.81080496
98332,0.58891594,0.794458,0.5800725,0.79003626,0.5256612,0.7628306,0.5931839,0.79659194,0.5983983,0.79919916,0.7040132,0.8520066,0.6760876,0.8380438,0.7218237,0.86091185,0.7245899,0.8622949,0.7310314,0.8655157
98333,0.5807929,0.79039645,0.55587876,0.7779394,0.5304056,0.76520276,0.5641471,0.78207356,0.5756685,0.7878343,0.70268846,0.8513442,0.66826755,0.83413374,0.66092664,0.8304633,0.72096986,0.86048496,0.72836125,0.8641806
98334,0.72010684,0.8600534,0.69118464,0.8455923,0.6719315,0.83596575,0.6720247,0.83601236,0.6624809,0.8312404,0.6588902,0.8294451,0.604712,0.802356,0.69335127,0.84667563,0.6634767,0.83173835,0.65011114,0.8250556
98335,0.6749257,0.83746284,0.67748284,0.8387414,0.637161,0.8185805,0.6989461,0.84947306,0.66748834,0.83374417,0.7460104,0.8730052,0.6841911,0.84209555,0.78704405,0.893522,0.746176,0.873088,0.7590732,0.8795366
98336,0.60255504,0.8012775,0.57617384,0.7880869,0.5839948,0.79199743,0.587023,0.7935115,0.6307559,0.81537795,0.7375584,0.8687792,0.6069124,0.8034562,0.71297264,0.8564863,0.6729586,0.8364793,0.68074214,0.8403711
98337,0.4851588,0.7425794,0.46853763,0.7342688,0.42255843,0.7112792,0.50558746,0.7527937,0.5092145,0.75460726,0.6006634,0.8003317,0.5939373,0.79696864,0.5509645,0.77548224,0.6237999,0.81189996,0.6087003,0.80435014
98338,0.58746004,0.79373,0.63600683,0.8180034,0.566939,0.7834695,0.5843024,0.7921512,0.57176,0.78587997,0.5203992,0.7601996,0.5340811,0.76704055,0.60514426,0.80257213,0.636266,0.818133,0.56036925,0.7801846
98339,0.62048036,0.81024015,0.63519406,0.81759703,0.5716717,0.78583586,0.6083879,0.804194,0.661745,0.83087254,0.77233195,0.886166,0.7186042,0.8593021,0.7611834,0.8805917,0.75269747,0.87634873,0.795682,0.897841
98340,0.61137116,0.8056856,0.61117995,0.80559,0.53703517,0.7685176,0.5986662,0.7993331,0.65916383,0.8295819,0.76252794,0.881264,0.7262728,0.8631364,0.7193488,0.8596744,0.7385131,0.86925656,0.7634102,0.8817051
98341,0.6928345,0.84641725,0.67110085,0.8355504,0.63574696,0.8178735,0.6441456,0.8220728,0.71616477,0.8580824,0.8220798,0.9110399,0.7407032,0.8703516,0.796484,0.898242,0.7865652,0.8932826,0.80844104,0.9042205
98342,0.7512001,0.87560004,0.6705924,0.8352962,0.62864625,0.8143231,0.6214144,0.8107072,0.75074553,0.87537277,0.8328818,0.9164409,0.735674,0.867837,0.7950502,0.8975251,0.7654543,0.88272715,0.799576,0.899788
98343,0.5263002,0.7631501,0.5057404,0.7528702,0.45444894,0.72722447,0.51364565,0.7568228,0.5746751,0.78733754,0.66458786,0.8322939,0.62091637,0.8104582,0.6428977,0.82144886,0.6810302,0.84051514,0.67173076,0.8358654
98344,0.7490882,0.87454414,0.6987039,0.84935194,0.6534499,0.82672495,0.67311835,0.8365592,0.73599005,0.867995,0.83877283,0.9193864,0.73896486,0.8694824,0.80136573,0.90068287,0.7878332,0.8939166,0.8422634,0.92113173
98345,0.6724962,0.8362481,0.65150666,0.82575333,0.6142906,0.8071453,0.61626065,0.8081303,0.70044225,0.85022116,0.82063603,0.910318,0.733317,0.8666585,0.77316964,0.8865848,0.74343956,0.8717198,0.80824053,0.90412027
98346,0.6215764,0.8107882,0.6184236,0.8092118,0.57070035,0.7853502,0.6037122,0.8018561,0.6593363,0.82966816,0.7373056,0.8686528,0.6587508,0.8293754,0.74817216,0.8740861,0.7061576,0.85307884,0.7169777,0.85848886
98347,0.66423917,0.8321196,0.6282445,0.81412226,0.60171205,0.800856,0.5863645,0.79318225,0.6731894,0.8365947,0.7842181,0.89210904,0.69294375,0.8464719,0.7244643,0.86223215,0.7705207,0.88526034,0.77163666,0.88581836
98348,0.67252487,0.83626246,0.62901115,0.8145056,0.58347654,0.7917383,0.6018081,0.80090404,0.69641125,0.8482056,0.80791885,0.9039594,0.7608765,0.8804382,0.7679389,0.8839694,0.8070473,0.9035237,0.8267317,0.91336584
98349,0.75384,0.87692,0.71757734,0.85878867,0.6393101,0.81965506,0.65215033,0.8260752,0.7660461,0.883023,0.8407383,0.92036915,0.7558038,0.8779019,0.833298,0.916649,0.79913205,0.89956605,0.8402407,0.92012036
98350,0.71440995,0.857205,0.6772698,0.8386349,0.6184518,0.8092259,0.6312643,0.81563216,0.7513625,0.8756813,0.86287487,0.93143743,0.77738124,0.8886906,0.8078167,0.9039084,0.7965765,0.89828825,0.8438356,0.9219178
98351,0.6608114,0.8304057,0.6315806,0.8157903,0.5866103,0.79330516,0.5724366,0.7862183,0.69796777,0.8489839,0.7985927,0.89929634,0.7331915,0.86659575,0.73277766,0.8663888,0.7598186,0.8799093,0.78898704,0.8944935
98352,0.55766094,0.77883047,0.5607775,0.7803887,0.47889906,0.7394495,0.56422615,0.7821131,0.58016,0.79008,0.7057992,0.8528996,0.68906677,0.8445334,0.70049787,0.85024893,0.7431782,0.87158906,0.7402657,0.87013286
98353,0.60287684,0.80143845,0.56098217,0.7804911,0.51596934,0.75798464,0.50494933,0.75247467,0.62418044,0.8120902,0.77478826,0.88739413,0.71859574,0.8592979,0.68596005,0.84298,0.7057761,0.85288805,0.75660217,0.8783011
98354,0.60491395,0.802457,0.66520864,0.8326043,0.6020233,0.8010117,0.5594975,0.77974874,0.59950346,0.79975176,0.54808843,0.7740442,0.556931,0.7784655,0.5937074,0.79685366,0.5792393,0.7896197,0.5532154,0.7766077
98355,0.65981334,0.8299067,0.65006506,0.82503253,0.6303214,0.8151607,0.6243384,0.8121692,0.6688005,0.83440024,0.7145289,0.85726446,0.7174474,0.8587237,0.70546937,0.8527347,0.7448622,0.8724311,0.76910377,0.8845519
98356,0.6277119,0.81385595,0.63062954,0.81531477,0.55458975,0.7772949,0.5788043,0.7894021,0.64937246,0.8246862,0.71501666,0.8575083,0.6940183,0.8470092,0.71556854,0.8577843,0.7105755,0.8552878,0.7221261,0.86106306
98357,0.75661,0.87830496,0.7612563,0.8806281,0.68439007,0.84219503,0.6486629,0.82433146,0.70777875,0.85388935,0.6921791,0.84608954,0.6420579,0.82102895,0.72220945,0.8611047,0.6665208,0.8332604,0.6640044,0.83200216
98358,0.7124016,0.8562008,0.7168069,0.85840344,0.66220784,0.8311039,0.6422126,0.8211063,0.76341724,0.8817086,0.8243687,0.91218436,0.7789476,0.8894738,0.82984304,0.9149215,0.8416311,0.9208156,0.83297884,0.9164894
98359,0.5970957,0.79854786,0.55995053,0.7799753,0.53574777,0.7678739,0.54046094,0.7702305,0.61000025,0.8050001,0.7116457,0.85582286,0.6649968,0.83249843,0.66115165,0.8305758,0.7332935,0.86664677,0.72946846,0.86473423
98360,0.5089941,0.75449705,0.5468827,0.7734413,0.49851,0.749255,0.6315211,0.81576055,0.45163316,0.7258166,0.47614723,0.7380736,0.44804132,0.72402066,0.5536595,0.7768297,0.5864036,0.7932018,0.51015514,0.7550776
98361,0.69634163,0.8481708,0.6765032,0.8382516,0.62289834,0.81144917,0.65663934,0.82831967,0.7134061,0.85670304,0.80047846,0.9002392,0.7207217,0.86036086,0.81118006,0.90559006,0.76306653,0.88153327,0.82455313,0.91227657
98362,0.63700277,0.81850135,0.61984044,0.8099202,0.5695209,0.7847605,0.5801773,0.79008865,0.67114866,0.8355743,0.7427983,0.87139916,0.72993696,0.8649685,0.71734345,0.8586717,0.7107558,0.8553779,0.7569711,0.87848556
98363,0.68162894,0.8408145,0.65903175,0.8295159,0.6206177,0.8103088,0.6359627,0.81798136,0.65224576,0.8261229,0.6799662,0.8399831,0.6044022,0.8022011,0.7214692,0.8607346,0.71411324,0.8570566,0.6998769,0.84993845
98364,0.6322864,0.8161432,0.6223012,0.8111506,0.61081696,0.8054085,0.575256,0.787628,0.6524129,0.82620645,0.7621883,0.88109416,0.6603127,0.8301563,0.7522514,0.8761257,0.69509757,0.8475488,0.7232242,0.8616121
98365,0.65114796,0.825574,0.6929286,0.8464643,0.6249248,0.8124624,0.6160033,0.80800164,0.64950347,0.82475173,0.7315154,0.8657577,0.65578985,0.8278949,0.77452135,0.8872607,0.7679081,0.88395405,0.75328314,0.8766416
98366,0.5809009,0.79045045,0.61482334,0.8074117,0.5478739,0.773937,0.5213262,0.7606631,0.59225214,0.79612607,0.5922586,0.7961293,0.5758103,0.78790516,0.63707554,0.8185378,0.6217809,0.81089044,0.58787763,0.7939388
98367,0.66035014,0.83017504,0.6254183,0.81270915,0.59637284,0.7981864,0.63211596,0.816058,0.66325784,0.8316289,0.7602668,0.8801334,0.66473234,0.83236617,0.7105535,0.85527676,0.7412039,0.87060195,0.73525447,0.86762726
98368,0.563769,0.7818845,0.59370184,0.7968509,0.5262433,0.76312166,0.5456096,0.7728048,0.58149636,0.7907482,0.7018579,0.85092896,0.6413379,0.82066894,0.65329885,0.8266494,0.6955886,0.8477943,0.71160686,0.85580343
98369,0.5424009,0.7712004,0.5421656,0.77108276,0.4917062,0.74585307,0.51334786,0.75667393,0.6098324,0.8049162,0.7563418,0.8781709,0.67635167,0.83817583,0.70885706,0.8544285,0.67505854,0.8375293,0.7688792,0.8844396
98370,0.6471659,0.82358295,0.6280833,0.8140416,0.5398478,0.7699239,0.5966063,0.7983031,0.6646428,0.8323214,0.79304045,0.89652026,0.7397479,0.86987394,0.74590015,0.8729501,0.7328954,0.8664477,0.78924334,0.8946217
98371,0.6769167,0.83845836,0.6479138,0.8239569,0.605071,0.80253553,0.6802026,0.8401013,0.6315094,0.8157547,0.75302446,0.8765122,0.67621636,0.8381082,0.75253975,0.8762699,0.7407054,0.8703527,0.7648773,0.88243866
98372,0.7671512,0.88357556,0.6878995,0.84394974,0.6257241,0.81286204,0.6318892,0.8159446,0.742103,0.8710515,0.83935976,0.9196799,0.73534864,0.86767435,0.8247675,0.91238374,0.74514574,0.8725729,0.8218978,0.9109489
98373,0.7415184,0.8707592,0.6796787,0.83983934,0.6383963,0.81919813,0.70527565,0.8526378,0.67629254,0.83814627,0.7394198,0.8697099,0.63749194,0.818746,0.7203028,0.8601514,0.7209026,0.86045134,0.7169714,0.8584857
98374,0.74015546,0.8700777,0.704103,0.8520515,0.6521025,0.82605124,0.7064712,0.8532356,0.7306618,0.86533093,0.7791294,0.8895647,0.694257,0.8471285,0.78560936,0.8928047,0.7400834,0.8700417,0.74397504,0.8719875
98375,0.6888579,0.84442896,0.7103631,0.8551816,0.67205596,0.836028,0.70133626,0.85066813,0.6798315,0.83991575,0.72691214,0.8634561,0.6737152,0.83685756,0.73856777,0.8692839,0.75332856,0.8766643,0.7452463,0.87262315
98376,0.74975467,0.87487733,0.671908,0.835954,0.6264069,0.81320345,0.62391543,0.8119577,0.7557021,0.877851,0.8694668,0.9347334,0.7409733,0.8704866,0.77838373,0.88919187,0.75848055,0.8792403,0.8078171,0.90390855
98377,0.63714206,0.81857103,0.6295972,0.8147986,0.5800538,0.7900269,0.62976384,0.8148819,0.6463555,0.82317775,0.7524662,0.8762331,0.69569767,0.84784883,0.77428675,0.8871434,0.7762852,0.8881426,0.7888745,0.89443725
98378,0.7113743,0.85568714,0.6854029,0.84270144,0.59752625,0.79876316,0.61510694,0.80755347,0.74603534,0.87301767,0.85381424,0.9269071,0.7935523,0.89677614,0.83012193,0.915061,0.77786356,0.88893175,0.86293435,0.9314672
98379,0.629223,0.8146115,0.5763831,0.78819156,0.54747474,0.7737374,0.5541644,0.7770822,0.66835207,0.83417606,0.8194397,0.9097198,0.7197466,0.8598733,0.7237496,0.8618748,0.7214242,0.8607121,0.8073876,0.9036938
98380,0.7226997,0.8613498,0.7143743,0.85718715,0.6422708,0.8211354,0.73089826,0.86544913,0.7244426,0.8622213,0.8122312,0.9061156,0.7646305,0.8823153,0.8224088,0.9112044,0.8174053,0.9087026,0.82138884,0.9106944
98381,0.5378506,0.7689253,0.5706705,0.78533524,0.47834304,0.7391715,0.56549877,0.7827494,0.5143292,0.7571646,0.5839579,0.79197896,0.56457716,0.78228855,0.6287243,0.81436217,0.61008054,0.80504024,0.5752976,0.7876488
98382,0.65430003,0.82715,0.6271287,0.81356436,0.5616203,0.7808101,0.5960355,0.79801774,0.6962656,0.8481328,0.8008455,0.90042275,0.7504062,0.87520313,0.7869383,0.89346915,0.7488313,0.87441564,0.8108076,0.9054038
98383,0.6957373,0.8478687,0.68610895,0.8430545,0.617296,0.808648,0.6100537,0.8050269,0.7150703,0.8575351,0.7712783,0.8856392,0.6824267,0.84121335,0.7402825,0.87014127,0.75457263,0.8772863,0.7372527,0.86862636
98384,0.6713444,0.8356722,0.68205595,0.841028,0.61458933,0.80729467,0.69030845,0.8451542,0.6423538,0.8211769,0.67172897,0.8358645,0.6440687,0.82203436,0.699996,0.849998,0.7228185,0.86140925,0.70578957,0.8528948
98385,0.7007538,0.8503769,0.6890178,0.8445089,0.6174764,0.80873823,0.6354536,0.8177268,0.7131233,0.85656166,0.83169246,0.9158462,0.7494143,0.87470716,0.8195778,0.9097889,0.8025793,0.90128964,0.8433577,0.92167884
98386,0.69854134,0.8492707,0.70027006,0.850135,0.6372038,0.8186019,0.70326865,0.8516343,0.72709656,0.8635483,0.7978417,0.8989209,0.7653947,0.88269734,0.8167558,0.9083779,0.8132019,0.90660095,0.8299405,0.9149703
98387,0.65366787,0.82683396,0.6762645,0.83813226,0.6140202,0.8070101,0.6895277,0.8447639,0.7055713,0.85278565,0.7579011,0.87895054,0.69501,0.847505,0.7617257,0.88086283,0.7041248,0.8520624,0.7483124,0.87415624
98388,0.71597946,0.8579897,0.68548274,0.8427414,0.60677576,0.8033879,0.645104,0.82255197,0.73237586,0.86618793,0.83647966,0.91823983,0.7315093,0.86575466,0.79019344,0.8950967,0.73838615,0.8691931,0.79513526,0.89756763
98389,0.71475464,0.8573773,0.67099684,0.83549845,0.627511,0.8137555,0.63695455,0.8184773,0.7243555,0.8621777,0.8422541,0.9211271,0.76107615,0.8805381,0.79504,0.89752,0.78614247,0.89307123,0.8455147,0.9227574
98390,0.5899513,0.79497564,0.58157283,0.7907864,0.5248245,0.76241225,0.6990621,0.84953105,0.5837534,0.7918767,0.65400964,0.8270048,0.59062135,0.7953107,0.6451407,0.8225703,0.6544598,0.82722986,0.6619979,0.83099896
98391,0.6297996,0.8148998,0.5779676,0.7889838,0.55728066,0.77864033,0.5389953,0.76949763,0.684074,0.84203696,0.8352601,0.9176301,0.75828004,0.87914,0.73114973,0.86557484,0.749929,0.8749645,0.81454694,0.9072735
98392,0.57823545,0.7891177,0.5282924,0.7641462,0.49831617,0.7491581,0.590333,0.7951665,0.5324397,0.76621985,0.6004588,0.80022943,0.51969814,0.7598491,0.6466551,0.82332754,0.60787475,0.8039374,0.59246707,0.79623353
98393,0.5688859,0.78444296,0.57257867,0.78628933,0.480727,0.7403635,0.56932276,0.7846614,0.5743204,0.78716016,0.64316833,0.82158417,0.6241268,0.8120634,0.6508628,0.8254314,0.6784987,0.8392494,0.66764915,0.8338246
98394,0.6200204,0.8100102,0.6014477,0.80072385,0.5379099,0.768955,0.55715895,0.7785795,0.666955,0.8334775,0.7629907,0.88149536,0.7311875,0.8655938,0.73497015,0.86748505,0.7644518,0.8822259,0.7896026,0.89480126
98395,0.7238722,0.8619361,0.64284265,0.8214213,0.6369319,0.81846595,0.58191264,0.7909563,0.75130725,0.8756536,0.8835659,0.94178295,0.73625755,0.8681288,0.817387,0.9086935,0.7537517,0.8768759,0.8235657,0.91178286
98396,0.5972532,0.7986266,0.6169452,0.80847263,0.5293438,0.7646719,0.6068841,0.80344206,0.65013105,0.8250655,0.7487641,0.874382,0.7238175,0.8619088,0.74757683,0.8737884,0.77289176,0.8864459,0.7783244,0.8891622
98397,0.67848134,0.8392407,0.6401318,0.82006586,0.5577056,0.7788528,0.581824,0.79091203,0.7178146,0.85890734,0.809543,0.9047715,0.77292216,0.8864611,0.7469096,0.8734548,0.7928921,0.89644605,0.8157365,0.90786827
98398,0.7133199,0.85665995,0.6328166,0.8164083,0.6115955,0.80579776,0.5682961,0.78414804,0.74933565,0.8746678,0.8755941,0.93779707,0.7455437,0.87277186,0.7926551,0.89632756,0.7503598,0.8751799,0.82410043,0.91205025
98399,0.55522525,0.7776126,0.54947746,0.7747387,0.4638229,0.7319114,0.5011356,0.7505678,0.57489073,0.78744537,0.63279283,0.8163964,0.63223624,0.8161181,0.6134998,0.80674994,0.6367873,0.81839365,0.6220237,0.81101185
98400,0.6043931,0.80219656,0.57284117,0.7864206,0.5244926,0.7622463,0.593595,0.7967975,0.57923895,0.78961945,0.65396416,0.8269821,0.6175169,0.80875844,0.64035916,0.8201796,0.71289074,0.8564454,0.6745358,0.8372679
98401,0.61123514,0.8056176,0.6643154,0.83215773,0.56814426,0.78407216,0.5700075,0.7850038,0.6123673,0.80618364,0.6519418,0.8259709,0.6532314,0.8266157,0.7221245,0.8610623,0.72173584,0.8608679,0.6876302,0.8438151
98402,0.80701077,0.9035054,0.75926805,0.879634,0.7255912,0.8627956,0.690464,0.845232,0.80867994,0.90433997,0.86753285,0.9337664,0.76807314,0.88403654,0.85071576,0.9253579,0.78548706,0.8927435,0.85140544,0.9257027
1747,0.70770407,0.85385203,0.63995653,0.81997824,0.6033132,0.8016566,0.6453716,0.82268584,0.6642029,0.83210146,0.66729057,0.8336453,0.6300348,0.8150174,0.67709213,0.83854604,0.69392717,0.8469636,0.6715051,0.83575255
1784,0.6144031,0.80720156,0.63030255,0.8151513,0.5511769,0.77558845,0.57289314,0.7864466,0.64715254,0.8235763,0.59531367,0.79765683,0.6322557,0.81612784,0.6410476,0.8205238,0.6720768,0.8360384,0.5890844,0.7945422
2476,0.73854095,0.86927044,0.6613454,0.83067274,0.66255724,0.8312786,0.6001664,0.80008316,0.69986665,0.8499333,0.7306464,0.8653232,0.6598427,0.82992136,0.7163671,0.85818356,0.62790436,0.8139522,0.6754639,0.83773196
2515,0.7337149,0.8668574,0.670915,0.8354575,0.64835465,0.8241773,0.6267576,0.8133788,0.6812365,0.84061825,0.6760239,0.838012,0.6174924,0.8087462,0.65385306,0.8269265,0.6461079,0.82305396,0.6604955,0.83024776
2517,0.7432695,0.8716347,0.66935253,0.83467627,0.678252,0.839126,0.63086563,0.8154328,0.6522738,0.8261369,0.6357497,0.81787485,0.54429924,0.7721496,0.65881383,0.8294069,0.5960227,0.79801136,0.5948013,0.79740065
2529,0.79614115,0.8980706,0.6621405,0.83107024,0.63010776,0.8150539,0.5737359,0.786868,0.7466552,0.8733276,0.74455655,0.8722783,0.6806904,0.8403452,0.69130516,0.8456526,0.6274423,0.8137212,0.7094699,0.85473496
2538,0.73880744,0.8694037,0.699766,0.84988296,0.65812683,0.8290634,0.6596314,0.8298157,0.67118365,0.8355918,0.6721977,0.83609885,0.6270217,0.81351084,0.69885635,0.8494282,0.65934503,0.8296725,0.6576351,0.82881755
2551,0.71164036,0.8558202,0.6910981,0.84554905,0.62780225,0.8139011,0.5478902,0.7739451,0.68119276,0.8405964,0.7141094,0.8570547,0.6563658,0.82818294,0.6761977,0.8380989,0.6749917,0.83749586,0.6837305,0.84186524
2553,0.7813512,0.8906756,0.69753855,0.8487693,0.6833205,0.84166026,0.6406121,0.82030606,0.74770546,0.8738527,0.75490844,0.8774542,0.7154304,0.8577152,0.7388786,0.8694393,0.69668484,0.8483424,0.72672296,0.8633615
2554,0.6715125,0.83575624,0.67492545,0.8374627,0.5963683,0.79818416,0.62560815,0.8128041,0.669361,0.8346805,0.7324143,0.8662071,0.6676723,0.83383614,0.72835815,0.8641791,0.68537736,0.8426887,0.723237,0.8616185
2555,0.7144466,0.8572233,0.64113843,0.8205692,0.60879624,0.8043981,0.5993795,0.79968977,0.6209279,0.8104639,0.64820474,0.8241024,0.5747704,0.7873852,0.64650226,0.8232511,0.6107451,0.80537254,0.614428,0.807214
2556,0.7217382,0.8608691,0.7148558,0.8574279,0.7098919,0.85494596,0.6458244,0.8229122,0.6872922,0.8436461,0.6913481,0.84567404,0.6037992,0.8018996,0.70529395,0.85264695,0.66531533,0.8326577,0.6715697,0.83578485
2577,0.77460766,0.8873038,0.7295672,0.86478364,0.6875994,0.8437997,0.63407314,0.81703657,0.7180093,0.8590046,0.7180263,0.85901314,0.6750524,0.8375262,0.7032425,0.85162127,0.68172705,0.8408635,0.7142552,0.8571276
2582,0.7348136,0.8674068,0.7082597,0.85412985,0.6817938,0.8408969,0.60819304,0.8040965,0.7191591,0.85957956,0.7582245,0.87911224,0.6954541,0.84772706,0.75059533,0.87529767,0.69125617,0.8456281,0.7264567,0.8632283
2583,0.73398745,0.8669937,0.71525645,0.8576282,0.7064054,0.8532027,0.6146208,0.8073104,0.7000496,0.8500248,0.7451583,0.87257916,0.6776376,0.8388188,0.7243283,0.86216414,0.67394376,0.8369719,0.71705353,0.85852677
2584,0.7610065,0.88050324,0.6571578,0.8285789,0.6652621,0.83263105,0.5864956,0.7932478,0.70213103,0.8510655,0.72453505,0.8622675,0.6163708,0.8081854,0.71380866,0.8569043,0.6030605,0.80153024,0.6622019,0.83110094
2585,0.6732534,0.8366267,0.6485908,0.8242954,0.61193764,0.8059688,0.5782689,0.78913444,0.6334743,0.8167372,0.67064345,0.8353217,0.6188073,0.80940366,0.6808219,0.84041095,0.6573841,0.8286921,0.6693091,0.83465457
2586,0.74561036,0.8728052,0.69647276,0.8482364,0.6798489,0.83992445,0.64349616,0.8217481,0.6257583,0.81287915,0.67254925,0.8362746,0.5833901,0.79169506,0.68817234,0.84408617,0.6554517,0.8277259,0.63850415,0.8192521
2587,0.7147098,0.8573549,0.6722054,0.8361027,0.6935661,0.84678304,0.6269455,0.81347275,0.6297238,0.8148619,0.6341456,0.8170728,0.579742,0.789871,0.64804995,0.824025,0.62186086,0.81093043,0.60980964,0.8049048
2588,0.73038846,0.8651942,0.6978481,0.84892404,0.6377711,0.81888556,0.65091294,0.8254565,0.6284646,0.8142323,0.6222186,0.8111093,0.5704793,0.78523964,0.68906796,0.844534,0.6517035,0.82585174,0.6125876,0.8062938
2589,0.76526237,0.8826312,0.6722736,0.8361368,0.6842549,0.84212744,0.59200954,0.7960048,0.7013428,0.8506714,0.746268,0.873134,0.63241005,0.816205,0.7206446,0.8603223,0.6333627,0.8166814,0.69902694,0.8495135
2590,0.7335925,0.86679626,0.693433,0.8467165,0.6743176,0.8371588,0.64375937,0.8218797,0.67825913,0.83912957,0.72598124,0.8629906,0.665369,0.8326845,0.7070609,0.8535304,0.645003,0.82250154,0.6940015,0.8470007
2591,0.73125327,0.86562663,0.6263989,0.81319946,0.6207658,0.8103829,0.51515865,0.7575793,0.6981318,0.8490659,0.75052595,0.875263,0.6085587,0.8042793,0.6855059,0.84275293,0.5888026,0.7944013,0.67463684,0.8373184
2592,0.7789699,0.88948494,0.70687985,0.8534399,0.7074491,0.85372454,0.6505418,0.8252709,0.74609184,0.8730459,0.7127593,0.8563796,0.6270685,0.81353426,0.7131132,0.8565566,0.6192537,0.8096268,0.6769893,0.83849466
2594,0.7034253,0.85171264,0.6347199,0.8173599,0.63171685,0.8158584,0.6159608,0.8079804,0.66695964,0.8334798,0.69973046,0.8498652,0.6093865,0.8046932,0.65672743,0.8283637,0.6245395,0.81226975,0.6387688,0.8193844
2595,0.7117723,0.85588616,0.6429623,0.8214811,0.6094389,0.80471945,0.58536315,0.7926816,0.64918673,0.82459337,0.6750593,0.83752966,0.618407,0.8092035,0.666547,0.83327353,0.6174283,0.80871415,0.6557467,0.82787335
2597,0.7914313,0.89571565,0.68203515,0.8410176,0.7521711,0.8760855,0.6244997,0.81224984,0.72666657,0.8633333,0.77247095,0.8862355,0.64065725,0.8203286,0.73854685,0.8692734,0.65181947,0.82590973,0.7003082,0.8501541
2645,0.6625098,0.8312549,0.68671376,0.84335685,0.69938684,0.8496934,0.62643987,0.8132199,0.63104695,0.8155235,0.6360352,0.8180176,0.6182374,0.8091187,0.66240627,0.8312031,0.6704844,0.8352422,0.6667079,0.83335394
2654,0.7112373,0.85561866,0.6753754,0.83768773,0.6308017,0.81540084,0.6694759,0.83473796,0.6635143,0.8317572,0.6563298,0.82816494,0.62362146,0.81181073,0.67319775,0.8365989,0.6423479,0.8211739,0.63816917,0.8190846
2655,0.71563804,0.857819,0.67886543,0.8394327,0.645228,0.822614,0.58131456,0.7906573,0.67443335,0.8372167,0.7348318,0.8674159,0.66568214,0.83284104,0.712638,0.856319,0.6555648,0.8277824,0.7218833,0.86094165
2656,0.7313373,0.86566865,0.7326819,0.86634094,0.6887804,0.8443902,0.6159866,0.8079933,0.6634855,0.83174276,0.6924295,0.8462148,0.6096912,0.8048456,0.7063526,0.8531763,0.6470057,0.82350284,0.62295437,0.8114772
2657,0.63690734,0.81845367,0.6433191,0.82165956,0.59740126,0.79870063,0.5993953,0.79969764,0.64083576,0.8204179,0.691814,0.845907,0.6279094,0.8139547,0.73970836,0.8698542,0.7464322,0.8732161,0.7129848,0.8564924
2658,0.7364314,0.8682157,0.65376705,0.82688355,0.6558851,0.82794255,0.6342715,0.81713575,0.63720137,0.81860065,0.64693296,0.8234665,0.5295315,0.76476574,0.6595174,0.8297587,0.6376888,0.81884444,0.60731864,0.8036593
2659,0.71087044,0.85543525,0.6494287,0.82471436,0.62250435,0.8112522,0.55993104,0.7799655,0.6468144,0.8234072,0.6903353,0.84516764,0.63789326,0.8189466,0.6417015,0.82085073,0.65839046,0.82919526,0.6633641,0.8316821
2660,0.71533644,0.8576682,0.67902786,0.8395139,0.65075886,0.82537943,0.6124372,0.8062186,0.6460813,0.82304066,0.6639441,0.83197206,0.6464304,0.8232152,0.6661021,0.8330511,0.6599847,0.82999235,0.65875125,0.8293756
2741,0.60598695,0.8029935,0.5416426,0.77082133,0.50049603,0.750248,0.56508434,0.78254217,0.509669,0.75483453,0.46084234,0.7304212,0.44475296,0.72237647,0.47311604,0.736558,0.48437825,0.7421891,0.44844115,0.7242206
2766,0.7342371,0.86711854,0.7997019,0.89985096,0.6980409,0.8490205,0.62961996,0.81481,0.70069516,0.8503476,0.6791194,0.8395597,0.637692,0.818846,0.74791384,0.8739569,0.68290454,0.84145224,0.6457066,0.8228533
2793,0.7491999,0.87459993,0.76919013,0.88459504,0.6480201,0.82401,0.6221528,0.8110764,0.7235416,0.8617708,0.7354937,0.86774683,0.69920003,0.8496,0.7690363,0.88451815,0.7015643,0.85078216,0.7168974,0.85844874
2810,0.72238714,0.86119354,0.71171135,0.8558557,0.67330146,0.8366507,0.61294186,0.80647093,0.6322454,0.8161227,0.612919,0.8064595,0.542675,0.7713375,0.69808847,0.8490442,0.6195458,0.8097729,0.5660653,0.78303266
2824,0.7251561,0.86257803,0.7603147,0.88015735,0.71220636,0.8561032,0.68144,0.84072,0.73878074,0.86939037,0.6846818,0.8423409,0.67152053,0.83576024,0.7624041,0.88120204,0.7356764,0.8678382,0.7284553,0.86422765
3002,0.75816697,0.8790835,0.687655,0.8438275,0.678845,0.83942246,0.661827,0.83091354,0.68150353,0.84075177,0.6985154,0.8492577,0.6872983,0.84364915,0.6859995,0.84299976,0.6845913,0.84229565,0.70247245,0.8512362
3021,0.7308918,0.8654459,0.68410856,0.84205425,0.62263817,0.8113191,0.58353853,0.79176927,0.66099197,0.83049595,0.6165681,0.80828404,0.5705863,0.78529316,0.64522386,0.8226119,0.59617054,0.7980853,0.5816082,0.7908041
3093,0.78039,0.890195,0.7060281,0.85301405,0.6621603,0.83108014,0.641437,0.8207185,0.75864434,0.8793222,0.7648864,0.8824432,0.7282422,0.8641211,0.7264475,0.8632238,0.70448506,0.8522425,0.7433896,0.8716948
3105,0.805722,0.902861,0.7221205,0.86106026,0.71930164,0.85965085,0.6328088,0.8164044,0.7368455,0.86842275,0.75020325,0.8751016,0.6982434,0.8491217,0.7162821,0.85814106,0.689553,0.8447765,0.7467724,0.8733862
3113,0.6303786,0.8151893,0.58007437,0.79003716,0.5758804,0.7879402,0.53474605,0.767373,0.56824195,0.784121,0.65131825,0.82565916,0.56523424,0.7826171,0.62063396,0.810317,0.59086037,0.7954302,0.61445975,0.8072299
3118,0.73830825,0.8691541,0.71081805,0.855409,0.6360385,0.8180193,0.64079964,0.8203998,0.70800555,0.8540028,0.68287957,0.8414398,0.67316794,0.836584,0.6983777,0.84918886,0.6864116,0.8432058,0.7006825,0.85034126
3120,0.74122,0.87061,0.7077624,0.85388124,0.67370737,0.8368537,0.64770013,0.82385004,0.6925615,0.84628075,0.69566095,0.8478305,0.6536309,0.8268155,0.71050763,0.8552538,0.67093533,0.8354677,0.6938122,0.84690607
3122,0.78344756,0.89172375,0.7073126,0.8536563,0.6840161,0.84200805,0.59397423,0.7969871,0.7215867,0.86079335,0.76778865,0.8838943,0.6662326,0.8331163,0.7459742,0.8729871,0.6859118,0.8429559,0.7182328,0.85911644
3123,0.74307764,0.8715388,0.68525726,0.8426286,0.67884576,0.8394229,0.59482014,0.7974101,0.71511364,0.8575568,0.7737738,0.8868869,0.7023805,0.8511902,0.7479837,0.87399185,0.7047836,0.85239184,0.74897224,0.8744861
3133,0.76325536,0.8816277,0.647804,0.823902,0.67961097,0.8398055,0.6197947,0.80989736,0.69166636,0.8458332,0.77063406,0.885317,0.6576282,0.8288141,0.7323731,0.86618656,0.6615843,0.8307922,0.71379864,0.8568993
3134,0.7860462,0.89302313,0.7037965,0.85189825,0.72449106,0.86224556,0.6287695,0.81438476,0.73034406,0.865172,0.77641064,0.8882053,0.66280127,0.83140063,0.74330586,0.87165296,0.69293237,0.8464662,0.7156741,0.8578371
3135,0.75713205,0.878566,0.7040527,0.85202634,0.6994777,0.84973884,0.6235863,0.81179315,0.7067375,0.85336876,0.68957174,0.84478587,0.60566825,0.80283415,0.69939536,0.8496977,0.62783706,0.81391853,0.63630515,0.81815255
3136,0.7647528,0.88237643,0.7517689,0.8758844,0.6895808,0.8447904,0.6294842,0.8147421,0.729748,0.864874,0.7464068,0.8732034,0.6733424,0.83667123,0.771257,0.88562846,0.6947656,0.8473828,0.7191082,0.8595541
3137,0.75772345,0.8788617,0.6704123,0.83520615,0.66152185,0.83076096,0.5846194,0.7923097,0.7085187,0.8542594,0.74201393,0.87100697,0.62802327,0.81401163,0.7182362,0.8591181,0.64671195,0.823356,0.6861501,0.84307504
3138,0.7499954,0.87499774,0.6397294,0.8198647,0.6587674,0.82938373,0.6122006,0.8061003,0.66326797,0.831634,0.72967803,0.864839,0.62910557,0.8145528,0.6798037,0.83990186,0.6418183,0.82090914,0.69306016,0.8465301
3139,0.75621843,0.8781092,0.6695398,0.8347699,0.67429227,0.83714616,0.63225937,0.8161297,0.674549,0.8372745,0.71073174,0.8553659,0.59223545,0.7961177,0.709337,0.8546685,0.6517062,0.8258531,0.66729605,0.833648
3140,0.74426186,0.87213093,0.6254715,0.81273574,0.6249796,0.8124898,0.5414392,0.7707196,0.678497,0.83924854,0.73268175,0.8663409,0.65250796,0.826254,0.67607343,0.8380367,0.63785756,0.8189288,0.68677354,0.84338677
3141,0.57988894,0.78994447,0.59536994,0.79768497,0.5706235,0.78531176,0.51337004,0.756685,0.52594686,0.7629734,0.54225934,0.77112967,0.48418468,0.7420924,0.571297,0.78564847,0.5522871,0.77614355,0.54325736,0.7716287
3142,0.7800092,0.89000463,0.6954795,0.84773976,0.70756793,0.85378397,0.63990194,0.81995094,0.72393215,0.8619661,0.75842744,0.8792137,0.6664126,0.8332063,0.74379677,0.8718984,0.70051694,0.85025847,0.7244649,0.86223245
3143,0.753273,0.8766365,0.66103613,0.83051807,0.6317513,0.81587565,0.5810629,0.79053146,0.6956147,0.84780735,0.76036173,0.88018084,0.6893685,0.84468424,0.70862776,0.85431385,0.67001003,0.83500504,0.72402966,0.86201483
3144,0.76752305,0.8837615,0.6769006,0.8384503,0.70734274,0.8536714,0.5982255,0.79911274,0.7161048,0.8580524,0.7578722,0.8789361,0.65603685,0.8280184,0.7522253,0.87611264,0.6598377,0.82991886,0.7019156,0.8509578
3145,0.7437916,0.8718958,0.65510917,0.8275546,0.652928,0.826464,0.5867461,0.79337305,0.6624495,0.83122474,0.69403934,0.8470197,0.6066788,0.80333936,0.65117705,0.8255885,0.6309431,0.81547153,0.6482818,0.8241409
3146,0.7279174,0.8639587,0.6126152,0.8063076,0.64128613,0.82064307,0.5591552,0.7795776,0.66384,0.83192,0.70860773,0.85430384,0.5682487,0.7841244,0.66644603,0.833223,0.58362293,0.79181147,0.6296989,0.81484944
3147,0.7948992,0.8974496,0.708669,0.8543345,0.69703233,0.84851617,0.67345834,0.83672917,0.7036462,0.8518231,0.73099744,0.8654987,0.64980114,0.82490057,0.73994887,0.86997443,0.68334526,0.84167266,0.72137564,0.86068785
3148,0.7599751,0.87998754,0.64613163,0.8230658,0.6502931,0.82514656,0.5698952,0.78494763,0.6851146,0.8425573,0.76758975,0.8837949,0.6576928,0.8288464,0.7254349,0.86271745,0.6490406,0.8245203,0.7201546,0.86007726
3149,0.74542975,0.8727149,0.65995514,0.8299776,0.6340419,0.81702095,0.610984,0.80549204,0.6829964,0.8414982,0.7003951,0.85019755,0.64052176,0.8202609,0.6632869,0.83164346,0.6269751,0.8134875,0.65725356,0.82862675
3150,0.75216925,0.8760846,0.64051926,0.82025963,0.6622292,0.8311146,0.581488,0.790744,0.6904819,0.84524095,0.7441462,0.8720731,0.60086405,0.800432,0.70785606,0.853928,0.62739885,0.8136994,0.6698135,0.83490676
3153,0.6517553,0.82587767,0.62933666,0.8146683,0.5956105,0.79780525,0.5806321,0.79031605,0.6321262,0.8160631,0.6476394,0.8238197,0.6164164,0.8082082,0.61536276,0.8076814,0.64684486,0.82342243,0.6518389,0.82591945
3155,0.7357204,0.8678602,0.6179323,0.80896616,0.62337756,0.8116888,0.56485784,0.7824289,0.6602661,0.8301331,0.6534473,0.82672364,0.5531675,0.7765838,0.62958527,0.81479263,0.5646171,0.7823086,0.6006839,0.80034196
3156,0.7692212,0.8846106,0.61700743,0.80850375,0.6375136,0.8187568,0.56789404,0.783947,0.7230785,0.86153924,0.7291343,0.86456716,0.5902506,0.7951253,0.67276734,0.8363837,0.5864376,0.7932188,0.6626826,0.83134127
3157,0.7710738,0.8855369,0.6833745,0.84168726,0.7253431,0.86267155,0.63464296,0.8173215,0.7056825,0.85284126,0.7478093,0.87390465,0.6375817,0.81879085,0.7218267,0.86091334,0.6534472,0.8267236,0.71534336,0.8576717
3158,0.72089916,0.86044955,0.6404697,0.82023484,0.603044,0.801522,0.58151937,0.7907597,0.67244077,0.8362204,0.7149792,0.8574896,0.6696565,0.83482826,0.6784823,0.83924115,0.6223055,0.81115276,0.6766145,0.83830726
3159,0.7582995,0.8791498,0.6215607,0.81078035,0.6358328,0.8179164,0.53529495,0.7676475,0.6887569,0.8443785,0.7605417,0.88027084,0.6257099,0.81285495,0.68500054,0.84250027,0.59576786,0.7978839,0.67255706,0.83627856
3160,0.7740754,0.8870377,0.6847047,0.8423524,0.6597656,0.8298828,0.6074979,0.80374897,0.70899665,0.8544983,0.7393975,0.86969876,0.6751368,0.8375684,0.709625,0.8548125,0.6636696,0.8318348,0.70300937,0.8515047
3161,0.82287467,0.91143733,0.7441797,0.87208986,0.73374873,0.86687434,0.6793089,0.83965445,0.7736075,0.88680375,0.7450055,0.87250274,0.6503657,0.82518286,0.7638656,0.8819328,0.69886893,0.8494345,0.7475251,0.87376255
3162,0.7552465,0.87762326,0.6268477,0.8134239,0.645488,0.822744,0.5845443,0.79227215,0.6551976,0.8275988,0.7123303,0.8561652,0.5902847,0.79514235,0.68551546,0.8427577,0.6195147,0.80975735,0.6595582,0.8297791
3186,0.8191763,0.90958816,0.7201834,0.8600917,0.68279266,0.84139633,0.6445159,0.82225794,0.77905166,0.88952583,0.76682293,0.88341147,0.6865096,0.8432548,0.73274696,0.8663735,0.6769829,0.83849144,0.73494977,0.8674749
3225,0.76014125,0.8800706,0.73270816,0.8663541,0.6816251,0.84081256,0.6663042,0.83315206,0.67555094,0.83777547,0.69122994,0.84561497,0.6092658,0.8046329,0.71067977,0.8553399,0.6625534,0.8312767,0.668677,0.8343385
3315,0.6728705,0.83643526,0.6401431,0.8200716,0.64724684,0.8236234,0.5644891,0.78224456,0.63765776,0.8188289,0.69799155,0.8489958,0.6157688,0.8078844,0.68729234,0.84364617,0.6416898,0.8208449,0.64794505,0.8239725
3321,0.6812675,0.84063375,0.6457149,0.82285744,0.63134444,0.8156722,0.62454855,0.8122743,0.6373135,0.81865674,0.6404164,0.8202082,0.579317,0.7896585,0.6777205,0.8388603,0.61027986,0.8051399,0.60271406,0.80135703
3332,0.66849494,0.83424747,0.63069665,0.8153483,0.6695605,0.8347802,0.5861409,0.79307044,0.618448,0.809224,0.6282579,0.81412894,0.5188147,0.75940734,0.63688755,0.8184438,0.6065451,0.80327255,0.5629102,0.7814551
5877,0.6012365,0.8006183,0.6567324,0.82836616,0.55635786,0.77817893,0.57007325,0.7850366,0.56766164,0.7838308,0.5552077,0.77760386,0.5597886,0.7798943,0.5785041,0.78925204,0.6178588,0.80892944,0.5995119,0.79975593
5981,0.7494819,0.87474096,0.68124473,0.84062237,0.69571966,0.84785986,0.64498794,0.822494,0.6980526,0.8490263,0.67422557,0.8371128,0.62172747,0.81086373,0.6919725,0.84598625,0.68139905,0.84069955,0.6591983,0.82959914
6043,0.7687961,0.88439804,0.63729954,0.81864977,0.6314591,0.81572956,0.5754253,0.7877127,0.6805036,0.8402518,0.73493755,0.8674688,0.6265831,0.81329155,0.6430387,0.8215194,0.6454606,0.8227303,0.7006293,0.8503146
6078,0.76025987,0.88012993,0.66837466,0.8341873,0.6585748,0.8292874,0.61380744,0.8069037,0.72036326,0.8601816,0.7286849,0.86434245,0.61449206,0.807246,0.6893791,0.84468955,0.64083326,0.8204166,0.66522837,0.8326142
6081,0.77473414,0.88736707,0.70607316,0.8530366,0.67337346,0.83668673,0.648933,0.82446647,0.74894845,0.8744742,0.79104453,0.89552224,0.7306916,0.86534584,0.75599384,0.8779969,0.7366337,0.8683169,0.7579299,0.87896496
6082,0.73269415,0.8663471,0.6709273,0.83546364,0.65266836,0.8263342,0.6387319,0.819366,0.7229544,0.8614772,0.767764,0.883882,0.7579966,0.8789983,0.7255744,0.8627872,0.7589319,0.87946594,0.7630655,0.8815328
6090,0.7146991,0.8573495,0.6441256,0.8220628,0.66702414,0.83351207,0.64696246,0.8234812,0.6393633,0.81968164,0.6328429,0.81642145,0.58722055,0.7936103,0.6736469,0.83682346,0.63859236,0.8192962,0.6246015,0.81230074
6127,0.70645285,0.8532264,0.70528996,0.852645,0.7009779,0.85048896,0.56509876,0.7825494,0.7081181,0.85405904,0.7178843,0.85894215,0.630558,0.815279,0.7212069,0.86060345,0.5894983,0.79474914,0.66018605,0.830093
6211,0.7098673,0.8549336,0.6755073,0.83775365,0.6512948,0.8256474,0.54527295,0.7726365,0.66812444,0.8340622,0.71653664,0.8582683,0.6728035,0.83640176,0.690375,0.8451875,0.66240084,0.8312004,0.6924945,0.84624726
6213,0.7328595,0.86642975,0.64203906,0.82101953,0.6160877,0.80804384,0.54739213,0.77369606,0.6615686,0.8307843,0.6648245,0.83241224,0.6124275,0.80621374,0.630741,0.8153705,0.6470779,0.82353896,0.6447441,0.8223721
6214,0.74749804,0.873749,0.64421487,0.82210743,0.64402616,0.8220131,0.59411776,0.7970589,0.65025973,0.82512987,0.7168789,0.85843945,0.63399726,0.8169986,0.65794504,0.8289725,0.66876125,0.8343806,0.68552893,0.8427645
6231,0.686103,0.8430515,0.6647339,0.83236694,0.6085094,0.8042547,0.5883106,0.7941553,0.63414896,0.8170745,0.6313208,0.81566036,0.6286595,0.81432974,0.65077585,0.82538795,0.63166225,0.8158311,0.6201093,0.81005466
6232,0.8044022,0.90220106,0.7116393,0.85581964,0.730247,0.8651235,0.6461102,0.8230551,0.735302,0.867651,0.7566036,0.8783018,0.66586983,0.8329349,0.73704624,0.8685231,0.6946644,0.84733224,0.74439394,0.872197
6233,0.75780404,0.878902,0.7247463,0.8623731,0.6970273,0.84851366,0.6168076,0.8084038,0.7013809,0.8506905,0.69492483,0.8474624,0.6218295,0.81091475,0.7094263,0.85471314,0.68938255,0.8446913,0.6519067,0.82595336
6239,0.68397236,0.8419862,0.6401198,0.8200599,0.6301044,0.8150522,0.5989433,0.7994716,0.623306,0.811653,0.7386992,0.8693496,0.6243527,0.81217635,0.6811445,0.84057224,0.70200866,0.85100436,0.7119661,0.855983
6240,0.74765503,0.8738275,0.66052043,0.8302602,0.6579273,0.82896364,0.5749736,0.7874868,0.69480836,0.8474042,0.72860926,0.86430466,0.65295935,0.8264797,0.65968454,0.82984227,0.65000474,0.8250024,0.68310815,0.84155405
6254,0.7365817,0.86829084,0.7560146,0.8780073,0.6780408,0.8390204,0.6294881,0.81474406,0.7132455,0.85662276,0.70212567,0.85106283,0.65928495,0.8296425,0.7644408,0.8822204,0.6623453,0.83117265,0.6822904,0.84114516
6255,0.6453363,0.82266814,0.58883035,0.7944152,0.6078869,0.80394346,0.523798,0.761899,0.5960786,0.7980393,0.62336767,0.81168383,0.57906795,0.789534,0.6038697,0.80193484,0.5954113,0.79770565,0.59396243,0.7969812
6342,0.6503829,0.82519144,0.64316154,0.82158077,0.5919411,0.79597056,0.55797565,0.7789878,0.63064694,0.8153235,0.65016824,0.8250841,0.6331812,0.8165906,0.6425199,0.82126,0.60220677,0.80110335,0.60938245,0.8046912
7630,0.77311957,0.8865598,0.7539543,0.87697715,0.6383337,0.81916684,0.6603899,0.83019495,0.7122261,0.8561131,0.6954133,0.8477067,0.7016175,0.85080874,0.7573927,0.8786963,0.7167877,0.85839385,0.72203875,0.8610194
7654,0.72828776,0.86414385,0.64143544,0.8207177,0.63502,0.81751,0.5642976,0.78214884,0.6384984,0.8192492,0.6923728,0.8461864,0.5717865,0.78589326,0.6430509,0.82152545,0.5925958,0.7962979,0.63684887,0.81842446
8890,0.7314379,0.86571896,0.69506574,0.84753287,0.6932208,0.8466104,0.674744,0.837372,0.7116368,0.8558184,0.7477728,0.8738864,0.6741657,0.83708286,0.7621652,0.8810826,0.7341732,0.8670866,0.7424689,0.8712344
8916,0.7211432,0.8605716,0.6763871,0.83819354,0.67937696,0.8396885,0.57487476,0.7874374,0.67912316,0.8395616,0.6233386,0.8116693,0.5652634,0.7826317,0.6488128,0.8244064,0.6277288,0.8138644,0.6092341,0.80461705
9028,0.6523123,0.82615614,0.6423307,0.8211653,0.6023835,0.80119175,0.6037323,0.8018662,0.6044338,0.8022169,0.65444326,0.82722163,0.6259837,0.81299186,0.6599934,0.8299967,0.6212534,0.8106267,0.67448354,0.83724177
9066,0.6802225,0.84011126,0.59216416,0.7960821,0.5659082,0.7829541,0.5406879,0.77034396,0.5864922,0.7932461,0.5900601,0.79503006,0.49567568,0.74783784,0.5799,0.78995,0.5611875,0.78059375,0.534579,0.7672895
9445,0.7115941,0.85579705,0.6878339,0.84391695,0.64412445,0.82206225,0.64022464,0.82011235,0.6599959,0.82999796,0.66920257,0.8346013,0.6298553,0.81492764,0.6926087,0.84630436,0.6954591,0.84772956,0.6783569,0.83917844
9542,0.7847585,0.8923793,0.7394113,0.8697057,0.6968354,0.8484177,0.7046582,0.85232913,0.7511189,0.87555945,0.7135514,0.8567757,0.64099723,0.8204986,0.7526719,0.876336,0.695001,0.8475005,0.68322706,0.84161353
9546,0.6602329,0.83011645,0.6215459,0.81077296,0.5876816,0.79384077,0.61457896,0.8072895,0.63604814,0.81802404,0.6285057,0.81425285,0.57339525,0.7866976,0.6357163,0.81785816,0.66181403,0.830907,0.6004879,0.800244
9547,0.7561084,0.8780542,0.6678715,0.83393574,0.6679648,0.8339824,0.6525264,0.8262632,0.6496744,0.8248372,0.6797919,0.83989596,0.6174364,0.8087182,0.6769521,0.83847606,0.6520139,0.82600695,0.6607311,0.83036554
9583,0.7445077,0.87225384,0.6789715,0.83948576,0.6495187,0.82475936,0.6518821,0.8259411,0.6581048,0.8290524,0.6615802,0.8307901,0.6026269,0.80131346,0.6569383,0.82846916,0.65499055,0.8274953,0.63692755,0.8184638
9587,0.7032653,0.85163265,0.6747201,0.83736,0.63959765,0.8197988,0.57779384,0.7888969,0.63060606,0.815303,0.7053126,0.8526563,0.6326697,0.81633484,0.6772443,0.83862215,0.6556655,0.82783276,0.6915019,0.8457509
12037,0.6784671,0.8392335,0.71668357,0.8583418,0.6621593,0.83107966,0.6327429,0.81637144,0.6796726,0.8398363,0.70608556,0.8530428,0.69702536,0.84851265,0.7314666,0.86573327,0.7151193,0.8575597,0.74356747,0.87178373
12116,0.6341961,0.817098,0.598986,0.799493,0.6443665,0.82218325,0.567296,0.783648,0.5759673,0.78798366,0.6276418,0.8138209,0.5727342,0.78636706,0.6296881,0.814844,0.61934173,0.80967087,0.6387158,0.8193579
12122,0.7418082,0.8709041,0.65654886,0.8282744,0.66511846,0.8325592,0.60123837,0.8006192,0.6529933,0.82649666,0.7115581,0.85577905,0.60740113,0.80370057,0.67737377,0.8386869,0.6448041,0.82240206,0.6599722,0.8299861
12124,0.65501297,0.8275065,0.6082725,0.8041363,0.6097419,0.80487096,0.5260477,0.76302385,0.5907253,0.79536265,0.6699035,0.83495176,0.60307527,0.80153763,0.62755,0.813775,0.6156458,0.80782294,0.6403557,0.82017785
12141,0.6832535,0.84162676,0.5904803,0.79524016,0.58287656,0.7914383,0.52800894,0.76400447,0.6203177,0.81015885,0.7130142,0.85650706,0.6221499,0.811075,0.6224215,0.81121075,0.6235711,0.8117856,0.65630037,0.82815015
12143,0.66240436,0.83120215,0.67604494,0.8380225,0.65282667,0.82641333,0.5653882,0.7826941,0.6291014,0.8145507,0.6811391,0.84056956,0.5802379,0.79011893,0.6615554,0.8307777,0.64192843,0.8209642,0.65191424,0.8259571
12149,0.7549894,0.8774947,0.7046914,0.8523457,0.72365844,0.8618292,0.6133031,0.8066516,0.6957905,0.84789526,0.7294296,0.8647148,0.6601673,0.8300836,0.70482993,0.85241497,0.6664477,0.8332238,0.69587195,0.847936
12161,0.6882163,0.84410816,0.61677444,0.8083872,0.61990106,0.80995053,0.5759104,0.78795516,0.6497098,0.8248549,0.688891,0.84444547,0.5923112,0.7961556,0.6699581,0.83497906,0.64039135,0.8201957,0.6421997,0.8210999
12252,0.74330646,0.8716532,0.73176074,0.86588037,0.6787354,0.8393677,0.6548563,0.82742816,0.7225834,0.8612917,0.74134755,0.8706738,0.68158615,0.8407931,0.7702683,0.88513416,0.72335124,0.8616756,0.7502743,0.87513715
12408,0.6737808,0.8368904,0.67403173,0.83701587,0.6250891,0.8125446,0.60811615,0.8040581,0.663077,0.8315385,0.70233405,0.851167,0.6633997,0.83169985,0.7098741,0.8549371,0.6667569,0.83337843,0.68832177,0.8441609
12409,0.7203475,0.86017376,0.69541967,0.84770983,0.6362597,0.81812984,0.5887642,0.7943821,0.68943983,0.8447199,0.6909056,0.8454528,0.6559902,0.82799506,0.72345245,0.8617262,0.65077776,0.8253889,0.69245696,0.8462285
12410,0.7334616,0.8667308,0.7359813,0.8679906,0.7237165,0.86185825,0.6111842,0.80559206,0.7002636,0.8501318,0.6767249,0.83836246,0.6303115,0.81515574,0.7223665,0.8611833,0.68646884,0.8432344,0.6484021,0.82420105
12418,0.71803963,0.8590198,0.6366691,0.8183346,0.6564683,0.82823414,0.58379674,0.79189837,0.67727435,0.8386372,0.7263226,0.8631613,0.6530914,0.8265457,0.69351757,0.8467588,0.6569371,0.82846856,0.69718266,0.8485913
12422,0.7109146,0.8554573,0.64989054,0.8249453,0.6427035,0.82135177,0.6101064,0.80505323,0.667361,0.8336805,0.6777577,0.83887887,0.6189668,0.8094834,0.6637586,0.83187926,0.65706766,0.8285338,0.67013,0.835065
12435,0.67389774,0.8369489,0.5939406,0.7969703,0.5868763,0.79343814,0.5539957,0.77699786,0.6288311,0.8144156,0.6525022,0.8262511,0.63764346,0.8188217,0.62224424,0.8111221,0.6070571,0.80352855,0.6203098,0.8101549
12436,0.71563834,0.8578192,0.6392833,0.81964165,0.6336255,0.81681275,0.6099236,0.8049618,0.6539539,0.82697695,0.6343713,0.81718564,0.56499815,0.7824991,0.66640496,0.8332025,0.5984912,0.7992456,0.5921849,0.79609245
12437,0.604389,0.8021945,0.5674377,0.7837188,0.58471495,0.79235744,0.53410023,0.76705015,0.5610976,0.7805488,0.62664664,0.8133233,0.5706383,0.78531915,0.6370493,0.81852466,0.617977,0.8089885,0.6173122,0.8086561
12447,0.7934742,0.8967371,0.74328065,0.8716403,0.7264222,0.8632111,0.6475744,0.8237872,0.7507442,0.8753721,0.77251434,0.8862572,0.7029738,0.8514869,0.760803,0.8804015,0.7202681,0.860134,0.7326053,0.8663026
12448,0.7889855,0.89449275,0.72656834,0.8632842,0.727913,0.8639565,0.71149623,0.8557481,0.7473369,0.87366843,0.73538744,0.8676937,0.6894408,0.84472036,0.7652919,0.88264596,0.72736835,0.8636842,0.7216444,0.8608222
12449,0.7579274,0.8789637,0.65524906,0.82762456,0.66685915,0.8334296,0.5667874,0.78339374,0.70910406,0.85455203,0.7788591,0.88942957,0.6487223,0.82436115,0.7055223,0.85276115,0.6490835,0.82454175,0.7026001,0.85130006
12450,0.719996,0.859998,0.6584453,0.8292227,0.6479521,0.82397604,0.5626557,0.78132784,0.68038976,0.8401949,0.71931183,0.8596559,0.6478493,0.82392466,0.67801094,0.8390055,0.63776815,0.8188841,0.68480253,0.84240127
12451,0.7210709,0.86053544,0.6752121,0.8376061,0.67728066,0.83864033,0.549255,0.7746275,0.66596293,0.83298147,0.6691113,0.8345556,0.6107104,0.8053552,0.6426817,0.82134086,0.620136,0.810068,0.6432862,0.8216431
12452,0.7091558,0.8545779,0.611135,0.8055675,0.6301534,0.8150767,0.5574792,0.7787396,0.6152253,0.80761266,0.69455326,0.8472766,0.5481786,0.77408934,0.66390896,0.8319545,0.616187,0.8080935,0.6396369,0.81981844
12453,0.6849462,0.8424731,0.68709224,0.84354615,0.62737453,0.81368726,0.6048012,0.8024006,0.6581018,0.8290509,0.67646885,0.8382344,0.6292738,0.8146369,0.7078836,0.8539418,0.6317583,0.8158791,0.66500413,0.83250207
12454,0.759747,0.8798735,0.6451898,0.8225949,0.63141835,0.8157092,0.5769502,0.7884751,0.7182152,0.8591076,0.76083946,0.88041973,0.66102177,0.83051085,0.6971706,0.8485853,0.64955556,0.8247778,0.6832362,0.84161806
12455,0.72688866,0.8634443,0.64749694,0.82374847,0.6664418,0.8332209,0.542226,0.77111304,0.66299534,0.83149767,0.7761643,0.88808215,0.62479913,0.81239957,0.70148563,0.8507428,0.6679629,0.83398145,0.69740444,0.8487022
12456,0.7824216,0.8912108,0.7050513,0.85252565,0.69522244,0.8476112,0.6287582,0.8143791,0.7147287,0.85736436,0.69721514,0.84860754,0.6363868,0.81819344,0.7130339,0.85651696,0.6430744,0.8215372,0.65459967,0.82729983
12457,0.7208431,0.86042154,0.64166576,0.82083285,0.68156135,0.8407807,0.5925196,0.79625976,0.6698085,0.83490425,0.7606023,0.8803011,0.6590595,0.82952976,0.685215,0.8426075,0.6499033,0.82495165,0.66908526,0.83454263
12458,0.7573969,0.87869847,0.7442763,0.87213814,0.7749703,0.88748515,0.66559243,0.8327962,0.72587675,0.8629384,0.7392154,0.8696077,0.6261351,0.81306756,0.76630354,0.88315177,0.7162359,0.85811794,0.70554316,0.8527716
12459,0.7505044,0.8752522,0.61878407,0.80939204,0.62832195,0.81416094,0.55506706,0.77753353,0.69790685,0.8489534,0.72964096,0.8648205,0.6248248,0.8124124,0.69708955,0.8485448,0.60290104,0.8014505,0.6586181,0.82930905
12460,0.69074047,0.84537023,0.65388024,0.8269401,0.6520793,0.8260397,0.645012,0.822506,0.6567776,0.8283888,0.69168305,0.8458415,0.6316689,0.81583446,0.69172597,0.845863,0.7030475,0.85152376,0.65812266,0.8290613
12461,0.76449084,0.8822454,0.65571964,0.8278598,0.69465685,0.8473284,0.61225986,0.80612993,0.68733275,0.8436664,0.75005364,0.8750268,0.6101456,0.8050728,0.6985988,0.84929943,0.67889285,0.8394464,0.6867032,0.8433516
12462,0.71054614,0.85527307,0.652776,0.826388,0.70275044,0.8513752,0.5468988,0.7734494,0.68568367,0.84284186,0.7709771,0.8854885,0.6254134,0.8127067,0.69324803,0.846624,0.6964301,0.84821504,0.72661066,0.86330533
12463,0.63100207,0.81550103,0.5809353,0.7904676,0.6389224,0.8194612,0.56158966,0.78079486,0.58710766,0.7935538,0.63030195,0.815151,0.60561895,0.8028095,0.6229805,0.81149024,0.64578056,0.8228903,0.61743605,0.808718
12464,0.75180995,0.875905,0.6467123,0.82335615,0.68743825,0.8437191,0.588271,0.7941355,0.7063863,0.85319316,0.77095854,0.8854793,0.61944383,0.80972195,0.7166374,0.8583187,0.67352533,0.83676267,0.69165015,0.8458251
12465,0.7262701,0.86313504,0.6598552,0.82992756,0.6725123,0.83625615,0.570369,0.7851845,0.6794685,0.83973426,0.72889686,0.8644484,0.6357287,0.81786436,0.677073,0.8385365,0.6212581,0.810629,0.6768396,0.8384198
12466,0.61929286,0.8096464,0.59508467,0.79754233,0.5804268,0.7902134,0.48108986,0.7405449,0.62209994,0.81104994,0.67948973,0.83974487,0.60610366,0.8030518,0.62627566,0.8131378,0.59507924,0.7975396,0.63251674,0.8162584
12467,0.7069464,0.8534732,0.63575816,0.8178791,0.6668088,0.8334044,0.61734265,0.80867136,0.6252257,0.8126129,0.76526463,0.8826323,0.6334441,0.81672204,0.7412784,0.8706392,0.7056905,0.85284525,0.73064756,0.8653238
12468,0.72879815,0.8643991,0.6505445,0.82527226,0.6311285,0.8155643,0.54472226,0.77236116,0.69486445,0.84743226,0.74534464,0.8726723,0.67767143,0.8388357,0.6797,0.83985,0.6217209,0.81086046,0.673809,0.8369045
12469,0.480245,0.7401225,0.5420903,0.77104515,0.46849483,0.73424745,0.43993846,0.7199692,0.48832744,0.74416375,0.51256233,0.75628114,0.5211468,0.7605734,0.5357642,0.7678821,0.61218894,0.80609447,0.58943224,0.7947161
12470,0.77905434,0.8895272,0.70744824,0.8537241,0.72829026,0.86414516,0.6094545,0.80472726,0.77812314,0.88906157,0.7861687,0.89308435,0.68372905,0.8418645,0.7835736,0.8917868,0.64987004,0.824935,0.71289563,0.8564478
12471,0.72590053,0.86295027,0.701025,0.8505125,0.6578044,0.82890224,0.6804996,0.8402498,0.6850457,0.84252286,0.6910368,0.8455184,0.6670661,0.83353305,0.70850325,0.8542516,0.69992685,0.8499634,0.71521413,0.85760707
12472,0.79782915,0.8989146,0.75084984,0.8754249,0.71613204,0.858066,0.6663504,0.8331752,0.7568353,0.8784176,0.7712599,0.88562995,0.6725575,0.83627874,0.78900695,0.8945035,0.72354186,0.8617709,0.73282826,0.8664141
12473,0.70247686,0.8512384,0.67199457,0.8359973,0.63232434,0.81616217,0.624577,0.8122885,0.6715681,0.8357841,0.7043704,0.8521852,0.69354236,0.8467712,0.6999992,0.8499996,0.6880288,0.8440144,0.74216723,0.8710836
12474,0.617779,0.8088895,0.5975951,0.79879755,0.61705005,0.808525,0.59242594,0.796213,0.5721742,0.7860871,0.6368154,0.8184077,0.55774295,0.7788715,0.6337187,0.81685936,0.6453551,0.82267755,0.6051026,0.80255127
12475,0.7979411,0.89897054,0.6723137,0.83615685,0.6728454,0.8364227,0.61001813,0.80500907,0.73288465,0.8664423,0.7534838,0.8767419,0.655047,0.82752347,0.68660927,0.84330463,0.670143,0.8350715,0.7041863,0.85209316
12476,0.6790326,0.8395163,0.6452567,0.8226284,0.6216126,0.8108063,0.561027,0.7805135,0.70084286,0.8504214,0.70240575,0.85120285,0.7349676,0.8674838,0.7054345,0.8527173,0.6652403,0.83262014,0.72255933,0.86127967
12477,0.69301784,0.8465089,0.6598197,0.82990986,0.6573863,0.82869315,0.65639365,0.8281968,0.65052885,0.82526445,0.687281,0.8436405,0.6091548,0.8045774,0.70366395,0.851832,0.6679013,0.83395064,0.6931565,0.84657824
12478,0.75332487,0.87666243,0.6930188,0.8465094,0.7112559,0.85562795,0.62057143,0.8102857,0.7203047,0.86015236,0.784026,0.892013,0.65843815,0.8292191,0.7540015,0.87700075,0.72500205,0.862501,0.7406874,0.8703437
12479,0.6860832,0.8430416,0.60212064,0.8010603,0.6934515,0.84672576,0.53005326,0.7650266,0.6263867,0.8131933,0.68511415,0.8425571,0.5454286,0.77271426,0.65629137,0.8281457,0.6075876,0.8037938,0.6347996,0.8173998
12480,0.73972857,0.8698643,0.6924926,0.8462463,0.6946482,0.84732413,0.6405108,0.8202554,0.70223355,0.8511168,0.7386258,0.8693129,0.64025396,0.820127,0.72882736,0.8644137,0.6797191,0.83985955,0.6953401,0.8476701
12481,0.7511197,0.8755598,0.6603386,0.8301693,0.69935066,0.8496753,0.5926045,0.79630226,0.7033431,0.8516716,0.7825502,0.8912751,0.6466744,0.8233372,0.7332237,0.86661184,0.6886298,0.84431493,0.7262805,0.8631402
12482,0.7434144,0.8717072,0.6498767,0.82493836,0.6675294,0.8337647,0.55382365,0.77691185,0.72527534,0.86263764,0.76948935,0.88474464,0.64188397,0.820942,0.7019093,0.85095465,0.64693415,0.8234671,0.6943736,0.8471868
12483,0.7414431,0.8707216,0.7169768,0.85848844,0.7103691,0.85518456,0.66355526,0.83177763,0.6797818,0.8398909,0.71188307,0.85594153,0.6670221,0.83351105,0.718156,0.859078,0.7028271,0.85141355,0.71455014,0.85727507
12484,0.64719516,0.82359755,0.61245334,0.8062267,0.62620234,0.8131012,0.51313835,0.75656915,0.6229119,0.81145597,0.6033149,0.80165744,0.52644265,0.7632213,0.5985408,0.7992704,0.5734831,0.78674155,0.5663079,0.78315395
12485,0.65478075,0.8273904,0.63254297,0.8162715,0.6321163,0.81605816,0.55529046,0.77764523,0.62822145,0.81411076,0.72313756,0.8615688,0.65340495,0.8267025,0.6938882,0.8469441,0.6456865,0.82284325,0.6942086,0.8471043
12486,0.7560748,0.8780374,0.6957979,0.84789896,0.68734133,0.84367067,0.5960039,0.79800195,0.7279506,0.8639753,0.77496123,0.8874806,0.6949291,0.84746456,0.74723184,0.8736159,0.68097657,0.8404883,0.7329031,0.86645156
12487,0.7955128,0.8977564,0.7271329,0.86356646,0.7239036,0.8619518,0.5890249,0.79451245,0.74059725,0.8702986,0.78212607,0.89106303,0.6788318,0.8394159,0.7470244,0.8735122,0.702225,0.8511125,0.72144246,0.86072123
12488,0.7190594,0.85952973,0.7394937,0.86974686,0.7385051,0.86925256,0.6459211,0.82296056,0.7262225,0.86311126,0.7292621,0.86463106,0.64707005,0.823535,0.73667574,0.86833787,0.70711386,0.85355693,0.7059952,0.8529976
12489,0.64074814,0.8203741,0.6408667,0.8204334,0.61006594,0.80503297,0.5581542,0.7790771,0.60315514,0.80157757,0.6499373,0.82496864,0.6581576,0.8290788,0.65757006,0.82878506,0.6307156,0.8153578,0.6506174,0.8253087
12490,0.6288998,0.8144499,0.57325566,0.7866278,0.56574583,0.7828729,0.5390235,0.76951176,0.578984,0.789492,0.65658593,0.82829297,0.5794786,0.7897393,0.58572114,0.79286057,0.62205863,0.8110293,0.6207361,0.81036806
12491,0.7306185,0.86530924,0.6600679,0.83003396,0.67004883,0.8350244,0.6125813,0.8062906,0.6669711,0.83348554,0.7315626,0.8657813,0.6581638,0.8290819,0.70423114,0.8521156,0.69144386,0.84572196,0.709512,0.854756
12492,0.7236849,0.86184245,0.64827275,0.8241364,0.6711018,0.8355509,0.58292365,0.7914618,0.6524404,0.8262202,0.7063922,0.85319614,0.58341074,0.79170537,0.6760118,0.8380059,0.6366962,0.8183481,0.6096344,0.8048172
12493,0.6526041,0.82630205,0.6225107,0.81125534,0.62785566,0.8139278,0.579592,0.789796,0.6054195,0.80270976,0.70180154,0.85090077,0.64054275,0.8202714,0.6732939,0.8366469,0.67755497,0.8387775,0.6914816,0.8457408
12494,0.7498024,0.8749012,0.65600264,0.8280013,0.6458967,0.82294834,0.55609787,0.77804893,0.68327975,0.8416399,0.76887625,0.88443816,0.6484699,0.82423496,0.6879798,0.8439899,0.6789425,0.8394712,0.7139605,0.85698026
12495,0.7552787,0.87763935,0.7104262,0.8552131,0.66632855,0.8331643,0.6139593,0.80697966,0.73204046,0.8660202,0.81471455,0.9073573,0.71858716,0.8592936,0.76947975,0.8847399,0.7507051,0.87535256,0.7751238,0.8875619
12496,0.75564337,0.8778217,0.6635091,0.83175457,0.7034068,0.8517034,0.58083606,0.790418,0.7359351,0.86796755,0.81679416,0.9083971,0.68479526,0.84239763,0.7581471,0.87907356,0.74253607,0.87126803,0.773492,0.886746
12497,0.7703408,0.8851704,0.69961387,0.8498069,0.7086067,0.85430336,0.6578605,0.82893026,0.7276882,0.8638441,0.78421485,0.8921074,0.6683181,0.834159,0.7569735,0.87848675,0.72850204,0.864251,0.723373,0.86168647
12498,0.7995759,0.89978796,0.7551274,0.8775637,0.73068255,0.8653413,0.66034716,0.8301736,0.73813,0.869065,0.7702004,0.8851002,0.66352236,0.8317612,0.7778431,0.88892156,0.71973467,0.85986733,0.72079283,0.8603964
12499,0.6956011,0.84780055,0.67595094,0.8379755,0.6897733,0.84488666,0.5742183,0.78710914,0.7077458,0.8538729,0.7086806,0.8543403,0.6835408,0.8417704,0.7113304,0.8556652,0.63364816,0.8168241,0.6761266,0.8380633
12500,0.7411656,0.8705828,0.66482913,0.83241457,0.6390132,0.8195066,0.5837239,0.79186195,0.70605284,0.8530264,0.7445363,0.87226814,0.70200694,0.85100347,0.6991178,0.8495589,0.6655275,0.8327638,0.7185298,0.8592649
12501,0.6541928,0.8270964,0.60912,0.80456,0.6084286,0.8042143,0.5500765,0.77503824,0.6152607,0.80763036,0.6175016,0.8087508,0.5678789,0.7839395,0.59545547,0.7977277,0.5873597,0.79367983,0.59348994,0.79674494
12502,0.7559645,0.87798226,0.71995676,0.8599784,0.67304194,0.83652097,0.60566753,0.8028338,0.7662913,0.8831457,0.72714293,0.86357147,0.6996539,0.84982693,0.7397316,0.8698658,0.6502811,0.82514054,0.6810333,0.8405167
12503,0.61665595,0.808328,0.5656056,0.7828028,0.5949648,0.7974824,0.53246737,0.7662337,0.5661729,0.7830864,0.6364608,0.8182304,0.54735124,0.7736756,0.61121964,0.8056098,0.5998758,0.7999379,0.5676153,0.78380764
12504,0.734476,0.867238,0.6977534,0.8488767,0.687289,0.8436445,0.6350551,0.81752753,0.6701597,0.83507985,0.6880524,0.8440262,0.60818255,0.8040913,0.7173013,0.8586507,0.63477266,0.8173863,0.6266742,0.8133371
12505,0.6551695,0.82758474,0.61084485,0.8054224,0.6225819,0.811291,0.5736264,0.7868132,0.60304785,0.8015239,0.6508223,0.82541114,0.55505824,0.7775291,0.6192397,0.80961984,0.67495716,0.8374786,0.6491941,0.82459706
12506,0.71671396,0.85835695,0.66899467,0.83449733,0.65612984,0.8280649,0.6014305,0.8007152,0.6727737,0.83638686,0.7005435,0.85027176,0.64424515,0.8221226,0.6658417,0.83292085,0.65270615,0.8263531,0.67630565,0.8381528
12507,0.6801274,0.8400637,0.675315,0.8376575,0.70125556,0.8506278,0.58459955,0.79229975,0.69285536,0.8464277,0.7003831,0.8501916,0.6836494,0.8418247,0.6809912,0.8404956,0.6733881,0.83669406,0.69656575,0.8482829
12508,0.74432886,0.8721644,0.6252024,0.8126012,0.6286055,0.81430274,0.52607524,0.7630376,0.69902885,0.8495144,0.74118406,0.870592,0.6082698,0.8041349,0.66356987,0.83178496,0.5976864,0.7988432,0.65828323,0.8291416
12509,0.6478652,0.8239326,0.62406635,0.8120332,0.64825445,0.8241272,0.5865158,0.7932579,0.59580815,0.7979041,0.6670617,0.83353084,0.6001599,0.80007994,0.64694214,0.82347107,0.6592121,0.82960606,0.6547876,0.8273938
12510,0.65711796,0.828559,0.63549405,0.817747,0.6297314,0.8148657,0.6084999,0.80424994,0.6133195,0.80665976,0.67002046,0.83501023,0.6078104,0.8039052,0.6654969,0.8327484,0.65264505,0.82632256,0.6645099,0.83225495
12511,0.6444985,0.8222493,0.6225276,0.8112638,0.61192703,0.8059635,0.5192268,0.7596134,0.5734436,0.7867218,0.647117,0.8235585,0.5541584,0.7770792,0.60376394,0.80188197,0.61310625,0.8065531,0.58869845,0.7943492
12512,0.70709664,0.8535483,0.6747099,0.83735496,0.6102499,0.80512494,0.61446965,0.8072348,0.648185,0.8240925,0.59912264,0.7995613,0.5943041,0.79715204,0.64854705,0.8242735,0.66183984,0.8309199,0.6181338,0.8090669
12513,0.6608711,0.8304355,0.5988423,0.7994212,0.6233363,0.81166816,0.5745904,0.7872952,0.60213816,0.8010691,0.660126,0.830063,0.58181846,0.79090923,0.6441782,0.8220891,0.62574434,0.8128722,0.6259428,0.8129714
12514,0.75334144,0.8766707,0.7295563,0.86477816,0.71485174,0.85742587,0.6478107,0.82390535,0.7338614,0.8669307,0.7402698,0.8701349,0.6444717,0.8222358,0.73138535,0.8656927,0.679748,0.839874,0.6876287,0.8438144
12515,0.7413249,0.87066245,0.6707152,0.8353576,0.6582631,0.82913154,0.558415,0.77920747,0.7004745,0.85023725,0.7540637,0.87703186,0.634207,0.8171035,0.7037364,0.8518682,0.67967534,0.8398377,0.6997982,0.8498991
12516,0.7665478,0.8832739,0.69216543,0.8460827,0.7139944,0.8569972,0.63996935,0.8199847,0.72419024,0.8620951,0.71776116,0.8588806,0.66104203,0.830521,0.73649454,0.8682473,0.6439994,0.82199967,0.6976005,0.84880024
12518,0.7238015,0.86190075,0.7449018,0.8724509,0.72870976,0.86435485,0.6761819,0.83809096,0.75756985,0.8787849,0.71042013,0.85521007,0.7217469,0.86087346,0.7712874,0.8856437,0.7204615,0.86023074,0.72665477,0.8633274
12519,0.6838263,0.84191316,0.622473,0.8112365,0.59918076,0.79959035,0.5352718,0.76763594,0.61464894,0.80732447,0.6404954,0.8202477,0.57217073,0.78608537,0.63834417,0.8191721,0.5841116,0.7920558,0.5984181,0.79920906
12520,0.7588451,0.87942255,0.6954688,0.8477344,0.6781217,0.83906084,0.621199,0.8105995,0.6968698,0.8484349,0.7598038,0.8799019,0.65199643,0.8259982,0.71396714,0.85698354,0.6857801,0.84289,0.74167156,0.8708358
12521,0.79724824,0.8986241,0.67123914,0.83561957,0.678882,0.839441,0.58393353,0.7919668,0.74217534,0.8710877,0.78071856,0.8903593,0.66949403,0.834747,0.7261147,0.8630574,0.6369946,0.8184973,0.7189772,0.8594886
12523,0.68761146,0.84380573,0.65905005,0.829525,0.6605272,0.8302636,0.6060927,0.80304635,0.62437165,0.8121858,0.7063576,0.8531788,0.615856,0.80792797,0.69652724,0.8482636,0.6769428,0.8384714,0.6856667,0.84283334
12525,0.8075072,0.90375364,0.7192912,0.8596456,0.7383202,0.86916006,0.6040764,0.8020382,0.8085128,0.9042564,0.8202957,0.91014785,0.73998606,0.86999303,0.774426,0.887213,0.7186481,0.85932404,0.7662084,0.8831042
12526,0.73595726,0.86797863,0.66534746,0.8326737,0.6736294,0.8368147,0.64013517,0.8200676,0.646343,0.8231715,0.7217829,0.86089146,0.62587607,0.81293803,0.6947887,0.84739435,0.6757322,0.83786607,0.6933086,0.8466543
12527,0.746947,0.8734735,0.68236566,0.8411828,0.6616187,0.83080935,0.60374725,0.8018736,0.7003063,0.85015315,0.7540144,0.8770072,0.6524538,0.8262269,0.72513384,0.86256695,0.70816815,0.8540841,0.6876658,0.8438329
12528,0.6692729,0.83463645,0.67362463,0.8368123,0.6811074,0.8405537,0.59170675,0.7958534,0.66081357,0.8304068,0.70433664,0.8521683,0.60786706,0.8039335,0.71088195,0.855441,0.6898961,0.84494805,0.6725149,0.83625746
12529,0.76038444,0.8801922,0.6383505,0.81917524,0.64972216,0.82486105,0.574635,0.7873175,0.6808722,0.8404361,0.7181508,0.8590754,0.6036402,0.8018201,0.67980516,0.8399026,0.59569013,0.79784507,0.64457077,0.8222854
12530,0.5810142,0.7905071,0.54507947,0.77253973,0.5337237,0.76686186,0.50999975,0.7549999,0.49151903,0.7457595,0.49796167,0.7489808,0.45355803,0.726779,0.5001598,0.7500799,0.487498,0.743749,0.5004703,0.75023514
12531,0.6618541,0.830927,0.6587137,0.82935685,0.63424134,0.8171207,0.545345,0.77267253,0.6390565,0.8195282,0.6903944,0.8451972,0.6313176,0.8156588,0.6365042,0.8182521,0.6385026,0.8192513,0.65382004,0.82691
12532,0.74284804,0.871424,0.6135342,0.8067671,0.65552324,0.82776165,0.54285836,0.7714292,0.661921,0.8309605,0.7203745,0.8601873,0.5802659,0.79013294,0.6542965,0.82714826,0.6026272,0.80131364,0.6486752,0.8243376
12533,0.74111044,0.8705552,0.6437515,0.82187575,0.6313255,0.81566274,0.54192466,0.77096236,0.6946207,0.84731036,0.7567922,0.8783961,0.6311519,0.81557596,0.7033358,0.8516679,0.6148982,0.8074491,0.6900005,0.84500027
12565,0.7792822,0.8896411,0.72649205,0.863246,0.70012265,0.8500613,0.65210104,0.8260505,0.7260155,0.8630078,0.7627915,0.88139576,0.6818578,0.8409289,0.7616135,0.88080674,0.696871,0.8484355,0.7381414,0.8690707
12656,0.734362,0.867181,0.7344402,0.8672201,0.65081453,0.82540727,0.58423096,0.79211545,0.717997,0.85899854,0.7307695,0.86538476,0.6731149,0.83655745,0.73661125,0.8683056,0.67135984,0.8356799,0.72136486,0.8606824
12674,0.7509987,0.87549937,0.69805217,0.8490261,0.70991516,0.8549576,0.5857223,0.79286116,0.7092873,0.85464364,0.774488,0.887244,0.64204884,0.8210244,0.7163738,0.8581869,0.68311584,0.8415579,0.709818,0.854909
12687,0.65763617,0.8288181,0.68328285,0.8416414,0.6124767,0.80623835,0.58356446,0.79178226,0.65878224,0.8293911,0.7127565,0.85637826,0.6806489,0.84032446,0.73530924,0.8676546,0.7210823,0.86054116,0.71761274,0.8588064
12736,0.8086673,0.90433365,0.68896574,0.8444829,0.6565479,0.82827395,0.6396061,0.81980306,0.748861,0.87443054,0.74090105,0.8704505,0.67846406,0.839232,0.7337799,0.86688995,0.6884546,0.8442273,0.71461165,0.8573058
13078,0.69200146,0.84600073,0.61338127,0.80669063,0.6167115,0.80835575,0.5559044,0.7779522,0.65968263,0.8298413,0.72106093,0.8605305,0.61176544,0.8058827,0.688015,0.8440075,0.6007623,0.8003812,0.6534256,0.8267128
13080,0.73861307,0.86930656,0.7306725,0.86533624,0.6895447,0.84477234,0.6200925,0.81004626,0.7071656,0.8535828,0.71847624,0.85923815,0.6558169,0.82790846,0.7427162,0.8713581,0.70637095,0.8531855,0.68737173,0.84368587
13146,0.7673658,0.8836829,0.7108346,0.8554173,0.63975924,0.81987965,0.62828994,0.81414497,0.7091639,0.85458195,0.7205093,0.86025465,0.6928153,0.84640765,0.7089884,0.8544942,0.74924403,0.874622,0.7422993,0.87114966
13147,0.7873804,0.8936902,0.7075393,0.85376966,0.6754465,0.83772326,0.65121955,0.8256098,0.7334831,0.86674154,0.70496225,0.8524811,0.67168677,0.8358434,0.6960075,0.84800375,0.68868756,0.8443438,0.69333935,0.8466697
13148,0.7338213,0.86691064,0.6559432,0.8279716,0.66953313,0.83476657,0.56706023,0.7835301,0.74545,0.872725,0.71694386,0.85847193,0.6215555,0.8107778,0.70111763,0.8505588,0.5795331,0.78976655,0.6361997,0.81809986
13149,0.64271164,0.8213558,0.58757836,0.79378915,0.5412259,0.77061296,0.49364918,0.7468246,0.6115782,0.8057891,0.55243766,0.77621883,0.4861167,0.7430583,0.54405975,0.7720299,0.5484948,0.7742474,0.5329177,0.76645887
13150,0.7639619,0.88198096,0.74115497,0.87057745,0.7356062,0.8678031,0.6880629,0.84403145,0.7568477,0.8784238,0.7192378,0.8596189,0.69051516,0.8452576,0.7561818,0.87809086,0.6905468,0.8452734,0.7276863,0.86384314
13196,0.71121,0.855605,0.70417875,0.8520894,0.61059487,0.80529743,0.5799122,0.7899561,0.6455283,0.82276416,0.6440307,0.82201535,0.6137174,0.80685866,0.6490582,0.8245291,0.6004102,0.8002051,0.6164255,0.80821276
13382,0.6698783,0.8349391,0.62571216,0.8128561,0.6291475,0.81457376,0.5994619,0.79973096,0.6286283,0.8143141,0.70647824,0.8532391,0.66546667,0.83273333,0.65954834,0.82977414,0.68404067,0.84202033,0.7186025,0.8593012
13461,0.6919222,0.8459611,0.6703416,0.8351708,0.6641787,0.83208936,0.5775864,0.7887932,0.6505432,0.8252716,0.6343986,0.8171993,0.6107403,0.80537015,0.6479064,0.8239532,0.63885224,0.8194261,0.61957204,0.809786
13475,0.76026666,0.88013333,0.6976948,0.8488474,0.6946986,0.8473493,0.6399231,0.81996155,0.723372,0.861686,0.762651,0.8813255,0.6892381,0.84461904,0.7443096,0.87215483,0.6955707,0.84778535,0.7311083,0.86555415
13477,0.7112466,0.8556233,0.6387199,0.81935996,0.6732736,0.8366368,0.5538784,0.7769392,0.65551364,0.8277568,0.71284664,0.8564233,0.6238735,0.81193674,0.6668337,0.8334168,0.60355353,0.80177677,0.6691164,0.8345582
13537,0.79661274,0.89830637,0.73844564,0.8692228,0.7159091,0.85795456,0.6940258,0.8470129,0.76519287,0.88259643,0.73135376,0.8656769,0.6883992,0.8441996,0.7395825,0.86979127,0.6713878,0.8356939,0.72061336,0.8603067
13893,0.78642535,0.8932127,0.71451885,0.8572594,0.71797496,0.85898745,0.6337212,0.81686056,0.7412542,0.8706271,0.7233207,0.86166036,0.6394194,0.81970966,0.72572446,0.8628622,0.64018357,0.8200918,0.68055093,0.84027547
13897,0.7001503,0.8500751,0.6006127,0.8003063,0.6069721,0.80348605,0.54589427,0.77294713,0.5819236,0.7909618,0.5313798,0.7656899,0.45177102,0.7258855,0.5868123,0.7934061,0.5501095,0.77505475,0.5016557,0.75082785
14744,0.7484107,0.87420535,0.6818181,0.84090906,0.7032,0.8516,0.68016493,0.84008247,0.67275786,0.83637893,0.694312,0.847156,0.6471337,0.82356685,0.6894866,0.8447433,0.7047575,0.8523787,0.6994556,0.8497278
14862,0.76523924,0.8826196,0.6810965,0.8405483,0.6413456,0.8206728,0.6407221,0.820361,0.71012366,0.8550618,0.67077625,0.8353881,0.61953425,0.8097671,0.72038627,0.86019313,0.66870666,0.8343533,0.6665927,0.83329636
14882,0.79094183,0.8954709,0.72852117,0.86426055,0.7362035,0.8681017,0.6587204,0.8293602,0.76319,0.881595,0.74641573,0.87320787,0.64436734,0.82218367,0.7649379,0.88246894,0.693591,0.8467955,0.71552604,0.85776305
14890,0.7496234,0.8748117,0.6652074,0.8326037,0.64137983,0.8206899,0.59138286,0.79569143,0.7275017,0.8637508,0.7864357,0.89321786,0.6637299,0.83186495,0.7634251,0.88171256,0.6880903,0.84404516,0.72948873,0.86474437
14906,0.72333974,0.8616699,0.66852,0.83426,0.6377953,0.81889766,0.65502274,0.82751137,0.6679909,0.83399546,0.5843191,0.79215956,0.58982384,0.7949119,0.64354235,0.82177114,0.6039898,0.8019949,0.5787519,0.78937596
14907,0.640976,0.820488,0.62042534,0.8102127,0.5715965,0.78579825,0.5203068,0.7601534,0.657354,0.828677,0.5949908,0.79749537,0.58161247,0.79080623,0.6523621,0.82618105,0.5689796,0.7844898,0.5726465,0.78632325
14914,0.72196925,0.8609846,0.5986552,0.7993276,0.58458877,0.7922944,0.5553992,0.7776996,0.6370716,0.8185358,0.6557195,0.82785976,0.5523696,0.7761848,0.60350364,0.80175185,0.5803585,0.79017925,0.5757892,0.7878946
14916,0.7328566,0.86642826,0.7169332,0.8584666,0.6297949,0.8148974,0.63333976,0.8166699,0.6571083,0.82855415,0.66631085,0.8331554,0.61947274,0.8097364,0.69393885,0.8469694,0.6620306,0.8310153,0.67139363,0.8356968
14930,0.74954927,0.87477463,0.6258472,0.8129236,0.6655703,0.8327851,0.57077473,0.7853874,0.7138454,0.8569227,0.7529042,0.8764521,0.6654116,0.8327058,0.68736947,0.84368473,0.6436359,0.821818,0.7196933,0.85984665
14932,0.6797341,0.83986706,0.65785766,0.8289288,0.63032913,0.81516457,0.5574832,0.7787416,0.6551772,0.82758856,0.72233677,0.8611684,0.6729743,0.8364872,0.6921233,0.84606165,0.7112327,0.85561633,0.71457946,0.85728973
14939,0.74960184,0.8748009,0.6580746,0.8290373,0.6752124,0.8376062,0.58952665,0.7947633,0.68586314,0.84293157,0.76915646,0.8845782,0.6669209,0.83346045,0.6929447,0.8464724,0.66149306,0.83074653,0.75176823,0.8758841
14947,0.7297431,0.86487156,0.65734327,0.82867163,0.6273922,0.8136961,0.58911276,0.7945564,0.6527314,0.8263657,0.7187073,0.85935366,0.62968004,0.81484,0.68109864,0.84054935,0.66504395,0.832522,0.6837729,0.84188646
15180,0.63381034,0.81690514,0.61414135,0.8070707,0.60240793,0.80120397,0.61718106,0.80859053,0.5731113,0.78655565,0.575013,0.78750646,0.54557705,0.7727885,0.5589773,0.7794887,0.60794187,0.80397093,0.5578984,0.7789492
15240,0.6302979,0.81514895,0.60561,0.802805,0.5662664,0.7831332,0.5501014,0.7750507,0.59798926,0.79899466,0.6008879,0.80044395,0.6110172,0.8055086,0.61134505,0.8056725,0.5705942,0.7852971,0.62633675,0.8131684
15339,0.55382633,0.77691317,0.64397216,0.8219861,0.5611844,0.7805922,0.5934099,0.79670495,0.55545545,0.7777277,0.466762,0.73338103,0.47804046,0.7390202,0.5802523,0.79012614,0.52116406,0.76058203,0.49978703,0.74989355
15419,0.79078996,0.895395,0.71019065,0.8550953,0.7070897,0.85354483,0.63384175,0.8169209,0.7125021,0.85625106,0.6935487,0.84677434,0.62899214,0.81449604,0.7082932,0.8541466,0.6598321,0.82991606,0.68273354,0.84136677
15425,0.720207,0.8601035,0.6466861,0.82334304,0.59719384,0.7985969,0.62983716,0.8149186,0.6680943,0.83404714,0.6526344,0.8263172,0.6298382,0.8149191,0.66413105,0.8320655,0.6242839,0.81214195,0.6503061,0.82515305
15426,0.7656976,0.8828488,0.71974385,0.8598719,0.6980456,0.8490228,0.5992383,0.79961914,0.6874937,0.84374684,0.6854408,0.8427204,0.6165453,0.80827266,0.69388247,0.84694123,0.6504884,0.8252442,0.6493343,0.82466716
15474,0.6868533,0.84342664,0.7276921,0.86384606,0.68920183,0.8446009,0.62860894,0.8143045,0.6793868,0.8396934,0.6783378,0.8391689,0.6305712,0.81528556,0.6993938,0.8496969,0.6617825,0.83089125,0.70888567,0.85444283
15519,0.71802366,0.8590118,0.6870314,0.8435157,0.6501783,0.82508916,0.57387424,0.7869371,0.69409716,0.8470486,0.72200954,0.86100477,0.66329753,0.83164877,0.6872927,0.84364635,0.68456995,0.842285,0.71527755,0.8576388
15524,0.65573525,0.8278676,0.6678541,0.83392704,0.615515,0.8077575,0.5921183,0.79605913,0.6290735,0.81453675,0.6426039,0.82130194,0.6108521,0.80542606,0.64127135,0.8206357,0.65826523,0.8291326,0.6860379,0.84301895
15589,0.7618147,0.88090736,0.71674687,0.8583734,0.67795086,0.8389754,0.6388129,0.81940645,0.6925106,0.8462553,0.6485051,0.82425255,0.633011,0.8165055,0.6603365,0.83016825,0.63681424,0.8184071,0.6452478,0.8226239
15679,0.61989677,0.8099484,0.5728672,0.7864336,0.4818676,0.7409338,0.55809915,0.7790496,0.6119437,0.80597186,0.6202443,0.81012213,0.6130294,0.80651474,0.5830106,0.79150534,0.660491,0.8302455,0.63343245,0.8167162
15743,0.7698031,0.8849015,0.73115814,0.86557907,0.6663704,0.8331852,0.6223577,0.81117886,0.72632027,0.86316013,0.7312746,0.8656373,0.7100767,0.85503834,0.7310953,0.86554766,0.69406277,0.84703135,0.7380235,0.86901176
16036,0.7408303,0.87041515,0.6734173,0.83670866,0.6079569,0.80397844,0.6618603,0.8309301,0.66867834,0.83433914,0.6487057,0.82435286,0.58801085,0.7940054,0.6838189,0.8419094,0.63448226,0.81724113,0.63627225,0.8181361
16039,0.72627294,0.8631365,0.6851523,0.84257615,0.6872279,0.843614,0.68535495,0.8426775,0.6146618,0.8073309,0.5972899,0.79864496,0.55987394,0.77993697,0.68124545,0.8406227,0.6384481,0.81922406,0.58633614,0.79316807
16064,0.8184873,0.90924364,0.7722944,0.8861472,0.71447456,0.8572373,0.70688593,0.85344297,0.78580743,0.8929037,0.7610104,0.8805052,0.7017478,0.8508739,0.8057656,0.9028828,0.71217746,0.85608876,0.7500432,0.8750216
