,Modified_gemini-2.0-flash-lite_of_CV_Modelgemini-2.0-flash-lite_doordash_pm_Raw_Score,Modified_gemini-2.0-flash-lite_of_CV_Modelgemini-2.0-flash-lite_doordash_pm_Score,Modified_gemini-2.0-flash-lite_of_CV_Modelgemini-2.0-flash-lite_apple_pm_Raw_Score,Modified_gemini-2.0-flash-lite_of_CV_Modelgemini-2.0-flash-lite_apple_pm_Score,Modified_gemini-2.0-flash-lite_of_CV_Modelgemini-2.0-flash-lite_samsara_pm_Raw_Score,Modified_gemini-2.0-flash-lite_of_CV_Modelgemini-2.0-flash-lite_samsara_pm_Score,Modified_gemini-2.0-flash-lite_of_CV_Modelgemini-2.0-flash-lite_yelp_pm_Raw_Score,Modified_gemini-2.0-flash-lite_of_CV_Modelgemini-2.0-flash-lite_yelp_pm_Score,Modified_gemini-2.0-flash-lite_of_CV_Modelgemini-2.0-flash-lite_match_pm_Raw_Score,Modified_gemini-2.0-flash-lite_of_CV_Modelgemini-2.0-flash-lite_match_pm_Score,Modified_gemini-2.0-flash-lite_of_CV_Modelgemini-2.0-flash-lite_i2c_ux_Raw_Score,Modified_gemini-2.0-flash-lite_of_CV_Modelgemini-2.0-flash-lite_i2c_ux_Score,Modified_gemini-2.0-flash-lite_of_CV_Modelgemini-2.0-flash-lite_adobe_ux_Raw_Score,Modified_gemini-2.0-flash-lite_of_CV_Modelgemini-2.0-flash-lite_adobe_ux_Score,Modified_gemini-2.0-flash-lite_of_CV_Modelgemini-2.0-flash-lite_amazon_ux_Raw_Score,Modified_gemini-2.0-flash-lite_of_CV_Modelgemini-2.0-flash-lite_amazon_ux_Score,Modified_gemini-2.0-flash-lite_of_CV_Modelgemini-2.0-flash-lite_rowan_ux_Raw_Score,Modified_gemini-2.0-flash-lite_of_CV_Modelgemini-2.0-flash-lite_rowan_ux_Score,Modified_gemini-2.0-flash-lite_of_CV_Modelgemini-2.0-flash-lite_google_ux_Raw_Score,Modified_gemini-2.0-flash-lite_of_CV_Modelgemini-2.0-flash-lite_google_ux_Score
6018,0.6457188,0.8228594,0.6507795,0.82538974,0.609471,0.80473554,0.65698063,0.8284903,0.67069596,0.835348,0.7606828,0.8803414,0.71241057,0.8562053,0.79895973,0.89947987,0.795122,0.897561,0.78652155,0.8932608
6021,0.67429906,0.8371495,0.6816044,0.8408022,0.58966327,0.79483163,0.64831924,0.8241596,0.6564462,0.8282231,0.7029016,0.8514508,0.70398116,0.8519906,0.7384707,0.86923534,0.7279786,0.8639893,0.77864444,0.8893222
6026,0.58669853,0.79334927,0.58245814,0.79122907,0.49788263,0.7489413,0.5677705,0.78388524,0.59355927,0.79677963,0.64510393,0.82255197,0.64726293,0.82363147,0.66018283,0.8300914,0.6360718,0.8180359,0.67175657,0.83587825
9479,0.6719034,0.8359517,0.6471292,0.8235646,0.561026,0.780513,0.59568214,0.7978411,0.6724244,0.83621216,0.7428059,0.871403,0.7312578,0.8656289,0.72438323,0.8621916,0.7490181,0.87450904,0.7631066,0.8815533
16980,0.74190676,0.8709534,0.7674813,0.88374066,0.7019638,0.8509819,0.7511196,0.8755598,0.7189585,0.85947925,0.72742355,0.8637118,0.7180334,0.85901666,0.761266,0.880633,0.79018253,0.8950913,0.77874744,0.8893737
17014,0.33288527,0.66644263,0.4429752,0.7214876,0.33562124,0.6678106,0.3693195,0.6846597,0.38862136,0.69431067,0.29466632,0.64733315,0.42316735,0.7115837,0.3788879,0.68944395,0.44119942,0.7205997,0.3849812,0.6924906
18230,0.5525046,0.77625227,0.59319115,0.7965956,0.49032354,0.7451618,0.57388353,0.78694177,0.55400354,0.77700174,0.5979173,0.79895866,0.6191272,0.80956364,0.62890726,0.8144536,0.6373942,0.8186971,0.6321964,0.8160982
18348,0.6353346,0.8176673,0.65017986,0.82508993,0.5587779,0.77938896,0.5979155,0.7989577,0.6689218,0.8344609,0.7660321,0.88301605,0.71719986,0.8585999,0.7612956,0.8806478,0.7504945,0.87524724,0.7952349,0.89761746
26715,0.70250756,0.85125375,0.74856645,0.8742832,0.6139438,0.8069719,0.67483014,0.8374151,0.7381407,0.86907035,0.695971,0.8479855,0.76138425,0.8806921,0.7625894,0.8812947,0.76922786,0.88461393,0.72866946,0.8643347
26747,0.76320475,0.8816024,0.7322047,0.86610234,0.6528923,0.8264462,0.71022785,0.8551139,0.7447672,0.8723836,0.76643646,0.8832182,0.7457477,0.87287384,0.7940134,0.8970067,0.73219484,0.86609745,0.7797183,0.88985914
29788,0.5296174,0.7648087,0.5522009,0.77610046,0.43759334,0.7187967,0.526673,0.76333654,0.56026363,0.7801318,0.60122937,0.8006147,0.63240516,0.8162026,0.61251104,0.8062555,0.62620187,0.81310093,0.6499964,0.8249982
29835,0.66213155,0.8310658,0.6605981,0.830299,0.56575745,0.78287876,0.59939325,0.7996966,0.6593517,0.82967585,0.7658762,0.8829381,0.75003755,0.8750188,0.75858206,0.87929106,0.77265096,0.8863255,0.7952808,0.8976404
30606,0.59368956,0.7968448,0.5412921,0.77064604,0.51908517,0.7595426,0.5499966,0.7749983,0.5865897,0.79329485,0.69930935,0.8496547,0.60298884,0.8014944,0.6484579,0.82422894,0.7076653,0.85383266,0.7175223,0.8587612
30845,0.7247995,0.86239976,0.70365703,0.8518285,0.6285132,0.8142566,0.66472673,0.83236337,0.7061224,0.8530612,0.8025258,0.9012629,0.7333779,0.86668897,0.7861265,0.89306325,0.8086543,0.90432715,0.8042877,0.90214384
32072,0.7313057,0.86565286,0.7075077,0.85375386,0.7013371,0.85066855,0.67106783,0.8355339,0.6946861,0.8473431,0.745404,0.872702,0.6877693,0.84388465,0.7680601,0.88403004,0.7329899,0.86649495,0.7341927,0.86709636
46443,0.73293626,0.86646813,0.758796,0.879398,0.7108946,0.8554473,0.70832336,0.8541617,0.75702244,0.8785112,0.8116209,0.9058105,0.76160973,0.8808049,0.84804845,0.9240242,0.8348967,0.91744834,0.8579676,0.9289838
46506,0.4567692,0.7283846,0.49531454,0.7476573,0.43856856,0.7192843,0.47489074,0.73744535,0.4617446,0.7308723,0.50476426,0.75238216,0.47519785,0.7375989,0.566079,0.7830395,0.608816,0.804408,0.5886959,0.79434794
50300,0.6887873,0.8443936,0.6941318,0.8470659,0.6761565,0.83807826,0.64284515,0.8214226,0.7190062,0.8595031,0.74677753,0.87338877,0.68119216,0.8405961,0.77492344,0.8874617,0.75244296,0.8762215,0.77632266,0.8881613
51419,0.54830825,0.7741541,0.6016818,0.8008409,0.55529267,0.7776463,0.59381235,0.7969062,0.5865359,0.79326797,0.61309123,0.8065456,0.62502795,0.81251395,0.6936555,0.84682775,0.71672726,0.8583636,0.6955576,0.8477788
53971,0.63264334,0.8163217,0.62009275,0.8100464,0.55851996,0.77926,0.5787555,0.78937775,0.65482223,0.8274111,0.6934074,0.8467037,0.7069676,0.8534838,0.69636786,0.84818393,0.7215786,0.8607893,0.71118855,0.8555943
53972,0.58798987,0.7939949,0.6047939,0.80239695,0.5221688,0.76108444,0.55376315,0.7768816,0.59246606,0.79623306,0.6516936,0.8258468,0.6392766,0.8196383,0.66514313,0.83257157,0.71254635,0.8562732,0.68663585,0.8433179
53973,0.59680873,0.79840434,0.59497714,0.7974886,0.539945,0.7699725,0.5691366,0.7845683,0.6118881,0.8059441,0.6958002,0.8479001,0.6748811,0.83744055,0.7098247,0.85491234,0.7280755,0.86403775,0.7561004,0.8780502
53974,0.5949561,0.7974781,0.5669443,0.7834722,0.53167236,0.7658362,0.58153987,0.79076993,0.60918,0.80459,0.68484724,0.8424236,0.67303896,0.8365195,0.6576663,0.82883316,0.7252181,0.862609,0.7225456,0.8612728
53975,0.6492864,0.8246432,0.6144833,0.8072417,0.5889289,0.79446447,0.598585,0.7992925,0.6291704,0.8145852,0.73222375,0.8661119,0.6772497,0.83862484,0.684219,0.8421095,0.75189614,0.8759481,0.73627716,0.86813855
53976,0.51244783,0.7562239,0.46698123,0.7334906,0.46458298,0.73229146,0.47926384,0.7396319,0.5174774,0.7587387,0.6081357,0.80406785,0.6278805,0.8139403,0.55769336,0.7788467,0.6237743,0.81188715,0.6262107,0.81310534
53977,0.75911117,0.8795556,0.6830244,0.8415122,0.6489701,0.82448506,0.6705879,0.83529395,0.72296554,0.86148274,0.780805,0.8904025,0.74630296,0.8731515,0.78232956,0.8911648,0.78682435,0.8934122,0.77343273,0.88671637
53978,0.61109835,0.80554914,0.6036236,0.8018118,0.5630947,0.7815473,0.5651589,0.7825794,0.6480652,0.8240326,0.7006638,0.8503319,0.6671152,0.8335576,0.6737909,0.83689547,0.7067607,0.8533803,0.7292645,0.86463225
53979,0.74700713,0.87350357,0.719759,0.8598795,0.66152185,0.83076096,0.63492227,0.81746113,0.76052463,0.8802623,0.86553884,0.9327694,0.78763026,0.89381516,0.8308314,0.9154157,0.7967093,0.89835465,0.848428,0.924214
53981,0.53848475,0.7692424,0.5437192,0.7718596,0.49031052,0.7451553,0.5281449,0.7640724,0.5523746,0.7761873,0.6187978,0.8093989,0.6356286,0.8178143,0.6261486,0.8130743,0.6391512,0.8195756,0.6452054,0.8226027
54796,0.6056528,0.8028264,0.6215358,0.8107679,0.536682,0.768341,0.567816,0.783908,0.55689955,0.7784498,0.627999,0.81399953,0.6412016,0.8206008,0.66145706,0.83072853,0.6965346,0.8482673,0.67001843,0.8350092
54797,0.71575165,0.8578758,0.70973206,0.854866,0.6701971,0.83509856,0.64816153,0.82408077,0.72492087,0.86246043,0.8159964,0.9079982,0.7291706,0.8645853,0.7933028,0.8966514,0.762738,0.881369,0.79680127,0.89840066
54798,0.6432365,0.82161826,0.6550014,0.8275007,0.5606413,0.78032064,0.60978097,0.8048905,0.65232563,0.8261628,0.69276017,0.8463801,0.7025691,0.85128456,0.68817186,0.84408593,0.7332648,0.8666324,0.7267544,0.8633772
54799,0.5056102,0.7528051,0.5245255,0.76226276,0.42721462,0.7136073,0.49231142,0.74615574,0.52554095,0.7627705,0.61535716,0.8076786,0.6136304,0.8068152,0.60032815,0.8001641,0.652226,0.826113,0.69784325,0.84892166
54800,0.47503486,0.7375174,0.5248524,0.7624262,0.44047168,0.7202358,0.46582252,0.7329112,0.5173777,0.7586888,0.5515249,0.77576244,0.64206994,0.82103497,0.5837158,0.7918579,0.63409626,0.81704813,0.6223005,0.81115025
56453,0.66535425,0.8326771,0.6625991,0.83129954,0.60478145,0.8023907,0.62228006,0.81114006,0.69534993,0.84767497,0.71635866,0.85817933,0.7843207,0.89216036,0.7016189,0.85080945,0.76608163,0.8830408,0.7649901,0.88249505
56528,0.6081271,0.80406356,0.5666669,0.7833334,0.512095,0.7560475,0.5587437,0.77937186,0.60313845,0.8015692,0.68835926,0.84417963,0.6528348,0.8264174,0.64047766,0.8202388,0.7061476,0.85307384,0.67985976,0.8399299
56542,0.6669831,0.83349156,0.67394453,0.83697224,0.58284295,0.7914215,0.642781,0.8213905,0.6848968,0.8424484,0.7299446,0.8649723,0.70758915,0.8537946,0.75579333,0.87789667,0.7554199,0.87771,0.7565581,0.8782791
56543,0.53296596,0.76648295,0.52579725,0.7628986,0.4700907,0.7350453,0.49213156,0.7460658,0.5250999,0.76254994,0.595667,0.7978335,0.6149454,0.8074727,0.5909415,0.7954707,0.6611122,0.8305561,0.662429,0.8312145
56544,0.6326796,0.8163398,0.6317086,0.8158543,0.55784684,0.7789234,0.6347865,0.81739324,0.66272795,0.831364,0.7122686,0.8561343,0.7250893,0.86254466,0.71457183,0.8572859,0.7281008,0.8640504,0.75705314,0.87852657
56545,0.52183455,0.7609173,0.59002906,0.7950145,0.47430044,0.7371502,0.518722,0.759361,0.50642025,0.7532101,0.5191158,0.7595579,0.5869237,0.79346186,0.6011727,0.80058634,0.633798,0.816899,0.587548,0.793774
56618,0.56460017,0.7823001,0.6253599,0.81267995,0.5061407,0.75307035,0.56276214,0.7813811,0.56701416,0.7835071,0.58177125,0.7908856,0.6347903,0.81739515,0.65890217,0.8294511,0.6771165,0.83855826,0.6560365,0.82801825
56619,0.5678991,0.78394955,0.5767711,0.7883855,0.50209665,0.7510483,0.5423117,0.77115583,0.5942756,0.7971378,0.6588566,0.8294283,0.6816662,0.84083307,0.6353981,0.8176991,0.68593013,0.84296507,0.6905256,0.84526277
56629,0.68594444,0.8429722,0.6708634,0.8354317,0.5953669,0.7976835,0.67599094,0.83799547,0.66334456,0.8316723,0.73053396,0.865267,0.70603985,0.85301995,0.7755208,0.8877604,0.7453103,0.87265515,0.76544785,0.8827239
56630,0.5879266,0.7939633,0.5932174,0.7966087,0.49220985,0.74610496,0.57005143,0.7850257,0.5887611,0.79438055,0.6554707,0.82773536,0.67986846,0.83993423,0.6747182,0.8373591,0.6973712,0.8486856,0.7203699,0.8601849
56631,0.56032276,0.7801614,0.5807768,0.7903884,0.4931887,0.74659437,0.5432711,0.77163553,0.58009744,0.7900487,0.64646006,0.82323,0.62693536,0.8134677,0.65525186,0.82762593,0.702009,0.8510045,0.7351556,0.8675778
56632,0.6797754,0.83988774,0.6595928,0.82979643,0.57448566,0.7872428,0.6337565,0.81687826,0.6716215,0.8358108,0.775707,0.8878535,0.7523223,0.87616116,0.77012557,0.8850628,0.76005304,0.8800265,0.809251,0.90462554
56633,0.66872597,0.834363,0.63572466,0.81786233,0.6038468,0.8019234,0.59385896,0.7969295,0.64556384,0.8227819,0.73039615,0.8651981,0.72112995,0.86056495,0.7170385,0.85851926,0.69492114,0.84746057,0.7337666,0.8668833
56634,0.5691929,0.78459644,0.5783708,0.7891854,0.47801918,0.7390096,0.51071286,0.75535643,0.58060765,0.7903038,0.6681589,0.83407944,0.6612156,0.8306078,0.6687119,0.83435595,0.7285025,0.86425126,0.72685385,0.8634269
56635,0.5069152,0.7534576,0.5719931,0.78599656,0.47346658,0.7367333,0.49472854,0.7473643,0.53483474,0.7674174,0.5865714,0.7932857,0.6093957,0.8046979,0.6307856,0.8153928,0.6062337,0.80311686,0.6476413,0.82382065
56637,0.56011176,0.7800559,0.535945,0.76797247,0.47403315,0.73701656,0.56577766,0.7828888,0.57855546,0.78927773,0.66599,0.832995,0.6330839,0.8165419,0.6527461,0.82637304,0.645235,0.82261753,0.6815538,0.8407769
56638,0.7205863,0.86029315,0.7208457,0.86042285,0.6345695,0.81728476,0.6522392,0.8261196,0.7306235,0.86531174,0.74591196,0.872956,0.77654755,0.8882738,0.77398145,0.8869907,0.7304615,0.86523074,0.76293576,0.8814679
56639,0.5043359,0.75216794,0.53784955,0.7689248,0.48630798,0.743154,0.50538945,0.7526947,0.55886096,0.7794305,0.6200247,0.81001234,0.65774417,0.8288721,0.6426742,0.8213371,0.66216326,0.8310816,0.6752851,0.83764255
56641,0.5460994,0.7730497,0.5245664,0.7622832,0.44509143,0.72254574,0.48306438,0.7415322,0.5890431,0.7945216,0.6539953,0.82699764,0.7007737,0.85038686,0.6108655,0.80543274,0.64193213,0.82096606,0.70074004,0.85037005
56642,0.5375099,0.76875496,0.5412085,0.77060425,0.4492888,0.7246444,0.4932292,0.7466146,0.53643084,0.7682154,0.58025074,0.79012537,0.63249266,0.81624633,0.58417964,0.7920898,0.63829875,0.8191494,0.6307804,0.8153902
56643,0.71303266,0.85651636,0.67147756,0.8357388,0.6753948,0.8376974,0.6797792,0.8398896,0.636219,0.8181095,0.66489697,0.8324485,0.5845233,0.79226166,0.7129499,0.85647494,0.71954083,0.8597704,0.6724434,0.8362217
56644,0.4979325,0.7489662,0.5186224,0.7593112,0.41620165,0.7081008,0.47374308,0.73687154,0.49944222,0.7497211,0.5320007,0.7660004,0.6040056,0.8020028,0.5808479,0.790424,0.6122756,0.8061378,0.5965816,0.7982908
56645,0.5759095,0.78795475,0.5998549,0.7999275,0.54769194,0.773846,0.5787817,0.78939086,0.5431668,0.77158344,0.6064469,0.8032235,0.5973258,0.7986629,0.6759487,0.8379743,0.65836436,0.82918215,0.6548273,0.8274137
56646,0.4344826,0.7172413,0.4330513,0.7165257,0.34879446,0.67439723,0.4575285,0.72876424,0.43985897,0.71992946,0.4887991,0.74439955,0.526376,0.763188,0.5127928,0.7563964,0.5322465,0.76612324,0.5534208,0.7767104
56647,0.6225455,0.81127274,0.64526355,0.8226318,0.5686505,0.78432524,0.6066097,0.80330485,0.62326854,0.8116343,0.68073744,0.84036875,0.6826162,0.8413081,0.70719254,0.85359627,0.68960243,0.8448012,0.73570836,0.8678542
56648,0.7463852,0.8731926,0.6824264,0.8412132,0.65136373,0.82568187,0.68612826,0.8430641,0.70835316,0.8541766,0.7815114,0.8907557,0.724336,0.862168,0.79102147,0.89551073,0.79734474,0.89867234,0.7966732,0.8983366
56649,0.67937136,0.8396857,0.67406076,0.8370304,0.61581624,0.8079081,0.6340219,0.81701094,0.64871573,0.82435787,0.6910986,0.8455493,0.6446285,0.82231426,0.7299069,0.86495346,0.73794854,0.86897427,0.7150904,0.8575452
56650,0.58890563,0.7944528,0.58945084,0.7947254,0.48865867,0.74432933,0.53192496,0.7659625,0.6151056,0.8075528,0.69437706,0.84718853,0.7152804,0.8576402,0.663393,0.8316965,0.6931455,0.84657276,0.73690283,0.8684514
56651,0.46086252,0.73043126,0.4806796,0.7403398,0.40833002,0.704165,0.4208554,0.7104277,0.46844068,0.7342203,0.5391235,0.76956177,0.5631952,0.7815976,0.537822,0.768911,0.5872257,0.79361284,0.59224564,0.7961228
56652,0.6727286,0.83636427,0.68901217,0.8445061,0.57899565,0.78949785,0.6416795,0.82083976,0.6720327,0.83601636,0.70500714,0.85250354,0.7362367,0.86811835,0.74394995,0.87197495,0.75344384,0.8767219,0.75235754,0.87617874
56653,0.4886764,0.7443382,0.49410856,0.7470543,0.43425322,0.7171266,0.46060097,0.7303005,0.4792481,0.739624,0.5504888,0.7752444,0.5554159,0.77770793,0.55959296,0.7797965,0.59746915,0.79873455,0.61242914,0.8062146
56654,0.73996013,0.8699801,0.727872,0.863936,0.6600907,0.83004534,0.6742027,0.83710134,0.7741232,0.8870616,0.8032769,0.90163845,0.7956246,0.8978123,0.80337274,0.9016864,0.8022971,0.90114856,0.83047295,0.9152365
56656,0.5560094,0.7780047,0.55247474,0.77623737,0.50838894,0.7541945,0.53543043,0.7677152,0.5656512,0.7828256,0.61575496,0.8078775,0.6171988,0.8085994,0.6108378,0.8054189,0.6370741,0.81853706,0.66404223,0.8320211
56657,0.55229354,0.77614677,0.5436796,0.7718398,0.47827992,0.73914,0.5019034,0.7509517,0.57711375,0.7885569,0.7049476,0.8524738,0.6540743,0.82703716,0.6581452,0.8290726,0.6786449,0.83932245,0.73197985,0.8659899
56661,0.7003253,0.8501626,0.68591815,0.84295905,0.5858501,0.79292506,0.59867847,0.79933923,0.68786615,0.8439331,0.783481,0.8917405,0.71885794,0.859429,0.7463465,0.87317324,0.762058,0.881029,0.78725344,0.8936267
56662,0.5834818,0.7917409,0.64451617,0.8222581,0.52705145,0.7635257,0.57576096,0.7878805,0.5865289,0.79326445,0.66852456,0.83426225,0.6545606,0.8272803,0.7333634,0.8666817,0.73957217,0.8697861,0.7234103,0.8617052
56725,0.65648055,0.8282403,0.66612357,0.8330618,0.6104219,0.80521095,0.6462316,0.8231158,0.66921675,0.8346084,0.7136741,0.85683703,0.7125527,0.8562764,0.77100205,0.885501,0.69673276,0.8483664,0.73509765,0.8675488
56795,0.54381347,0.77190673,0.61087465,0.8054373,0.52064335,0.7603217,0.5661067,0.78305334,0.5639216,0.7819608,0.5707776,0.7853888,0.67823195,0.839116,0.6654041,0.83270204,0.6677693,0.83388466,0.64293456,0.8214673
56796,0.5258738,0.7629369,0.5498562,0.7749281,0.4896945,0.74484724,0.5244361,0.76221806,0.6042669,0.80213344,0.63667595,0.818338,0.67322874,0.8366144,0.6543857,0.82719284,0.6370092,0.8185046,0.6661434,0.8330717
56797,0.6505156,0.8252578,0.66366637,0.8318332,0.55493414,0.7774671,0.6046077,0.80230385,0.63396925,0.81698465,0.6936872,0.8468436,0.67316353,0.83658177,0.72361773,0.8618089,0.7260315,0.8630158,0.7199644,0.8599822
56798,0.61201715,0.8060086,0.64505386,0.82252693,0.54861385,0.7743069,0.6033652,0.8016826,0.633402,0.816701,0.64784896,0.8239245,0.72751325,0.86375666,0.6848477,0.84242386,0.6930231,0.84651154,0.7227732,0.8613866
56799,0.5749661,0.78748304,0.5538099,0.77690494,0.4819023,0.7409512,0.5157896,0.7578948,0.5897697,0.79488486,0.6847893,0.84239465,0.69795525,0.8489776,0.6613355,0.83066773,0.7037623,0.85188115,0.7408465,0.87042326
56800,0.66834146,0.8341707,0.64616096,0.8230805,0.56705725,0.7835286,0.6437317,0.82186586,0.6193619,0.80968094,0.690619,0.8453095,0.6368847,0.81844234,0.71011615,0.8550581,0.72034603,0.860173,0.69782954,0.84891474
56801,0.6087487,0.80437434,0.60756826,0.80378413,0.5644318,0.7822159,0.5592133,0.77960664,0.59629035,0.7981452,0.6705131,0.8352566,0.64264005,0.82132006,0.6738099,0.83690494,0.6822915,0.84114575,0.6836767,0.84183836
56802,0.54949284,0.7747464,0.51724946,0.75862473,0.4866343,0.7433171,0.49679407,0.74839705,0.51683635,0.7584182,0.603972,0.801986,0.62724304,0.8136215,0.59356666,0.7967833,0.68028194,0.84014094,0.6548396,0.82741976
56803,0.68152165,0.8407608,0.69477475,0.8473874,0.6287695,0.81438476,0.6437662,0.8218831,0.687495,0.8437475,0.74115086,0.8705754,0.7672924,0.8836462,0.76186275,0.8809314,0.7679093,0.88395464,0.7945379,0.89726895
56804,0.7128469,0.85642344,0.6971059,0.84855294,0.6342573,0.81712866,0.6719065,0.83595324,0.6978358,0.8489179,0.76260877,0.8813044,0.70495415,0.8524771,0.7884984,0.8942492,0.7781857,0.88909286,0.76496243,0.8824812
56805,0.5202551,0.76012754,0.53815246,0.7690762,0.5063829,0.7531915,0.5347782,0.76738906,0.48031443,0.74015725,0.53836787,0.76918393,0.5256191,0.7628095,0.5913899,0.79569495,0.6474694,0.8237347,0.5912627,0.79563135
56807,0.6704078,0.8352039,0.6727179,0.83635896,0.593928,0.796964,0.6454078,0.8227039,0.6859319,0.84296596,0.7141291,0.85706455,0.74187595,0.87093794,0.72076946,0.8603847,0.76013243,0.8800662,0.7825925,0.89129627
56809,0.5867288,0.7933644,0.5818846,0.7909423,0.52759385,0.7637969,0.5908611,0.79543054,0.5653718,0.7826859,0.67368895,0.83684444,0.61059356,0.8052968,0.69933593,0.84966797,0.72044253,0.86022127,0.7145828,0.8572914
56859,0.5522204,0.7761102,0.5352743,0.76763713,0.43759555,0.7187978,0.5598418,0.77992094,0.5525296,0.7762648,0.61511457,0.8075573,0.6319654,0.8159827,0.6212721,0.81063604,0.6555973,0.82779866,0.6550722,0.8275361
56860,0.5963457,0.79817283,0.6300534,0.8150267,0.55924714,0.77962357,0.6873722,0.8436861,0.62319523,0.8115976,0.6746079,0.83730394,0.6491093,0.8245547,0.7204953,0.8602476,0.7211156,0.8605578,0.7474581,0.87372905
56861,0.4722364,0.7361182,0.4750365,0.73751825,0.3962207,0.69811034,0.5173523,0.7586762,0.46951824,0.7347591,0.5114234,0.7557117,0.52958804,0.764794,0.5458749,0.7729374,0.57111764,0.7855588,0.5577814,0.7788907
56862,0.5932932,0.7966466,0.616098,0.80804896,0.49676576,0.74838287,0.5572795,0.7786398,0.5751738,0.7875869,0.625275,0.8126375,0.6604675,0.83023375,0.656983,0.8284915,0.67981714,0.8399086,0.6532903,0.82664514
57384,0.696073,0.8480365,0.7056333,0.85281664,0.6360632,0.8180316,0.6557775,0.8278887,0.69481623,0.8474081,0.77884084,0.8894204,0.7475374,0.8737687,0.7873781,0.89368904,0.7429272,0.8714636,0.79087394,0.895437
57400,0.7865349,0.89326745,0.70212156,0.85106075,0.687663,0.84383154,0.67665553,0.83832777,0.76024806,0.88012403,0.82451844,0.9122592,0.76552486,0.88276243,0.8164248,0.9082124,0.7283006,0.8641503,0.7977259,0.89886296
62042,0.7592164,0.8796082,0.71087635,0.8554382,0.6769188,0.8384594,0.6723087,0.83615434,0.7177137,0.85885686,0.77783144,0.8889157,0.73688114,0.86844057,0.77479625,0.8873981,0.7703974,0.8851987,0.79855657,0.8992783
63086,0.4535054,0.7267527,0.49258056,0.74629027,0.4271465,0.7135732,0.4317475,0.7158737,0.4826678,0.7413339,0.56202644,0.78101325,0.59100145,0.79550076,0.54813236,0.7740662,0.5952586,0.7976293,0.589107,0.7945535
63087,0.6093075,0.80465376,0.57315457,0.7865773,0.5462579,0.773129,0.6380645,0.81903225,0.5969638,0.79848194,0.6459894,0.8229947,0.6642582,0.8321291,0.6290597,0.81452984,0.6680225,0.83401126,0.6746079,0.83730394
83710,0.6457873,0.8228936,0.66107166,0.8305358,0.564115,0.7820575,0.6583649,0.82918245,0.6427591,0.82137954,0.6816641,0.84083205,0.64548767,0.82274383,0.72633016,0.8631651,0.72011644,0.8600582,0.7248272,0.8624136
83711,0.5846456,0.7923228,0.66213065,0.8310653,0.5817503,0.79087514,0.56548244,0.7827412,0.5611203,0.78056014,0.5413271,0.77066356,0.5769549,0.7884774,0.6406334,0.8203167,0.60621244,0.8031062,0.56468815,0.7823441
86666,0.5526775,0.77633876,0.6490435,0.8245218,0.49428904,0.7471445,0.5891181,0.79455906,0.5496931,0.77484655,0.5919696,0.7959848,0.6670662,0.8335331,0.7035837,0.85179186,0.69013435,0.84506714,0.68791556,0.8439578
87779,0.5416551,0.77082753,0.609623,0.8048115,0.4658901,0.7329451,0.55950963,0.7797548,0.5072244,0.75361216,0.49367613,0.7468381,0.54110223,0.7705511,0.566357,0.7831785,0.5613555,0.78067774,0.5318292,0.76591456
97622,0.67902505,0.8395125,0.6900993,0.8450496,0.641587,0.8207935,0.6004101,0.80020505,0.718346,0.859173,0.82293797,0.911469,0.7674054,0.8837027,0.8085732,0.9042866,0.7855136,0.8927568,0.83190775,0.9159539
98134,0.6870303,0.84351516,0.67383784,0.83691895,0.61498153,0.80749077,0.56499517,0.7824976,0.69523954,0.8476198,0.78155196,0.890776,0.7913512,0.8956756,0.7592689,0.87963444,0.76460093,0.8823005,0.8123983,0.90619916
98135,0.59616137,0.7980807,0.62712467,0.81356233,0.5509683,0.77548414,0.60415924,0.8020796,0.5936835,0.79684174,0.6283937,0.8141968,0.6274065,0.81370324,0.7075541,0.85377705,0.7018369,0.8509184,0.7008701,0.850435
98136,0.55544233,0.77772117,0.5511042,0.7755521,0.48287386,0.74143696,0.5379816,0.7689908,0.54857135,0.7742857,0.6304499,0.81522495,0.57435966,0.7871798,0.6221769,0.81108844,0.6570213,0.82851064,0.6499869,0.8249935
98137,0.5427532,0.7713766,0.55984336,0.77992165,0.47229457,0.7361473,0.578725,0.7893625,0.54502356,0.7725118,0.6098443,0.80492216,0.6211841,0.81059206,0.6510184,0.8255092,0.6807313,0.84036565,0.6822065,0.84110326
98138,0.56856084,0.7842804,0.55796653,0.77898324,0.5254736,0.7627368,0.55691,0.778455,0.5673753,0.78368765,0.6641073,0.83205366,0.63536525,0.8176826,0.6625459,0.83127296,0.7071937,0.8535968,0.7279067,0.86395335
98171,0.58055294,0.79027647,0.5989376,0.79946876,0.49454677,0.7472734,0.57203215,0.7860161,0.6173122,0.8086561,0.6520469,0.82602346,0.6859007,0.84295034,0.6679926,0.8339963,0.68279207,0.84139603,0.6971772,0.8485886
98172,0.54243636,0.7712182,0.5653558,0.7826779,0.48642913,0.74321455,0.50033104,0.7501655,0.6134591,0.80672956,0.67737436,0.8386872,0.71508306,0.85754156,0.6650425,0.83252126,0.66142595,0.830713,0.70287496,0.85143745
98173,0.7022674,0.8511337,0.703099,0.8515495,0.6346077,0.81730384,0.66329014,0.8316451,0.69769466,0.8488473,0.74753666,0.8737683,0.72347623,0.8617381,0.7537056,0.8768528,0.77738184,0.88869095,0.7829672,0.8914836
98245,0.6405882,0.82029414,0.6367651,0.81838256,0.59326255,0.7966313,0.6134899,0.80674493,0.63590944,0.8179547,0.73050714,0.86525357,0.7010068,0.85050344,0.7429762,0.8714881,0.75569546,0.87784773,0.76426244,0.8821312
98250,0.6899633,0.8449817,0.74970806,0.874854,0.6653619,0.83268094,0.6856141,0.84280705,0.63953507,0.81976753,0.63688755,0.8184438,0.62423277,0.8121164,0.7306143,0.86530715,0.6662903,0.83314514,0.65098363,0.8254918
98251,0.59023833,0.79511917,0.541995,0.7709975,0.4679984,0.7339992,0.507383,0.7536915,0.58249557,0.7912478,0.629931,0.8149655,0.5990348,0.7995174,0.57540095,0.7877005,0.61834985,0.8091749,0.61052,0.80526
98252,0.4405372,0.7202686,0.41896027,0.70948017,0.36193287,0.68096644,0.59229326,0.79614663,0.43572605,0.717863,0.40253013,0.7012651,0.42387712,0.71193856,0.41898382,0.7094919,0.5046076,0.75230384,0.42269486,0.71134746
98253,0.69714653,0.84857327,0.68638134,0.84319067,0.6157839,0.80789196,0.65815175,0.8290759,0.66852224,0.8342611,0.70790327,0.85395163,0.67481303,0.8374065,0.725863,0.8629315,0.7511482,0.8755741,0.7587626,0.8793813
98254,0.61591613,0.80795807,0.6165362,0.8082681,0.58144474,0.79072237,0.6324066,0.8162033,0.6220857,0.81104285,0.7161062,0.8580531,0.6495863,0.82479316,0.7305219,0.86526096,0.72210336,0.8610517,0.74407756,0.8720388
98255,0.73232454,0.8661623,0.7170985,0.85854924,0.6777426,0.8388713,0.7337328,0.8668664,0.7294445,0.86472225,0.74588495,0.87294245,0.72177,0.860885,0.7985337,0.89926684,0.76754266,0.8837713,0.7767831,0.88839155
98256,0.6243542,0.81217706,0.6107769,0.80538845,0.5763668,0.7881834,0.6567515,0.82837576,0.5965775,0.79828876,0.6529597,0.82647985,0.5809897,0.79049486,0.66670376,0.83335185,0.6812556,0.8406278,0.6649331,0.83246654
98257,0.75986516,0.8799326,0.7655144,0.8827572,0.69154966,0.8457748,0.73609984,0.8680499,0.7344264,0.8672132,0.7787112,0.8893556,0.7451062,0.8725531,0.821499,0.9107495,0.80402714,0.90201354,0.78986,0.89493
98258,0.5742212,0.78711057,0.59567505,0.7978375,0.5105237,0.75526184,0.5858642,0.7929321,0.4892764,0.7446382,0.53235817,0.7661791,0.5589293,0.77946466,0.57257724,0.7862886,0.61716783,0.8085839,0.62030727,0.8101536
98259,0.60429037,0.8021452,0.57461154,0.7873058,0.5352652,0.7676326,0.5844636,0.7922318,0.5858555,0.79292774,0.6804285,0.84021425,0.66808987,0.83404493,0.66065943,0.8303297,0.71316683,0.8565834,0.7349031,0.86745155
98260,0.64317226,0.82158613,0.6652621,0.83263105,0.62867236,0.8143362,0.7496171,0.87480855,0.63132894,0.81566447,0.65073514,0.82536757,0.63170296,0.81585145,0.7392179,0.86960894,0.7132648,0.8566324,0.6927938,0.8463969
98261,0.68115157,0.8405758,0.6549348,0.82746744,0.64415264,0.8220763,0.68093574,0.8404679,0.66567534,0.8328377,0.6921277,0.84606385,0.6846303,0.84231514,0.69431806,0.847159,0.7235367,0.86176836,0.70209885,0.8510494
98262,0.6758698,0.8379349,0.6347321,0.81736606,0.6231278,0.8115639,0.6753764,0.8376882,0.6130788,0.8065394,0.70436645,0.8521832,0.62620556,0.8131028,0.7165747,0.85828733,0.73780894,0.8689045,0.74232066,0.8711603
98263,0.642488,0.821244,0.6752121,0.8376061,0.6364623,0.8182311,0.68924344,0.8446217,0.6520721,0.82603604,0.6752354,0.8376177,0.6344168,0.8172084,0.7328661,0.866433,0.7386967,0.86934835,0.72197497,0.8609875
98264,0.6367553,0.8183776,0.6572547,0.82862735,0.5881052,0.7940526,0.6782732,0.8391366,0.5908432,0.7954216,0.6104475,0.80522376,0.5838486,0.7919243,0.6923014,0.8461507,0.67643815,0.83821905,0.63366544,0.8168327
98265,0.66710985,0.8335549,0.62323165,0.8116158,0.5812481,0.790624,0.6041838,0.8020919,0.693869,0.8469345,0.80965924,0.9048296,0.71706796,0.858534,0.7431848,0.8715924,0.7454719,0.872736,0.78752524,0.8937626
98266,0.754714,0.877357,0.69988406,0.849942,0.6502919,0.82514596,0.6994032,0.84970164,0.6942838,0.84714186,0.7759129,0.88795644,0.6987312,0.8493656,0.75347173,0.87673587,0.7599584,0.8799792,0.7523278,0.8761639
98267,0.63695145,0.8184757,0.66154987,0.8307749,0.6029294,0.8014647,0.663207,0.8316035,0.6552267,0.82761335,0.5886669,0.79433346,0.5981368,0.7990684,0.6811365,0.84056824,0.71940476,0.85970235,0.6540005,0.82700026
98268,0.68457484,0.8422874,0.7018799,0.85094,0.64686084,0.8234304,0.6847648,0.84238243,0.6559662,0.82798314,0.6873971,0.84369856,0.6416923,0.82084614,0.73275316,0.8663766,0.69454026,0.84727013,0.71839726,0.85919863
98269,0.6857824,0.8428912,0.64749825,0.8237491,0.6034105,0.80170524,0.6304201,0.81521004,0.6606419,0.83032095,0.73851013,0.86925507,0.6841396,0.8420698,0.7331176,0.8665588,0.71972466,0.8598623,0.7442521,0.87212604
98270,0.65696734,0.8284837,0.6566489,0.82832444,0.57936454,0.78968227,0.6383936,0.8191968,0.6196058,0.8098029,0.6872882,0.84364414,0.67522806,0.83761406,0.71098346,0.85549176,0.7714282,0.8857141,0.7101275,0.85506374
98271,0.50643784,0.7532189,0.5146877,0.7573439,0.41825998,0.70913,0.5238854,0.76194274,0.49062073,0.74531037,0.60127604,0.800638,0.60336316,0.8016816,0.5973267,0.7986634,0.6660496,0.8330248,0.6544649,0.8272325
98272,0.66331756,0.8316588,0.6655797,0.83278984,0.5754108,0.7877054,0.6122634,0.8061317,0.68832636,0.8441632,0.8102657,0.9051329,0.7421626,0.8710813,0.7930217,0.89651084,0.78044343,0.8902217,0.83786345,0.9189317
98273,0.5874828,0.7937414,0.60644984,0.8032249,0.5260129,0.76300645,0.5807761,0.79038805,0.5367538,0.7683769,0.6196884,0.8098442,0.5899927,0.7949964,0.6707605,0.83538026,0.68972707,0.84486353,0.69867957,0.8493398
98274,0.64552176,0.8227609,0.65159917,0.8257996,0.56711054,0.78355527,0.6451675,0.8225838,0.65816474,0.82908237,0.7526125,0.87630624,0.69744736,0.84872365,0.74352723,0.8717636,0.7211752,0.8605876,0.74737936,0.87368965
98275,0.7125493,0.85627466,0.69830954,0.8491548,0.6496738,0.8248369,0.6833337,0.8416668,0.75016004,0.87508,0.7815623,0.89078116,0.7586523,0.87932616,0.79863894,0.89931947,0.78035915,0.8901796,0.79944986,0.89972496
98276,0.6572602,0.8286301,0.6814685,0.84073424,0.6123453,0.8061726,0.62987024,0.8149351,0.68737125,0.8436856,0.71548706,0.8577435,0.7022915,0.85114574,0.748719,0.8743595,0.7577743,0.8788872,0.73624706,0.86812353
98277,0.6594731,0.8297366,0.64550775,0.8227539,0.57255065,0.7862753,0.6563005,0.8281503,0.6051339,0.80256695,0.7046378,0.8523189,0.659596,0.829798,0.7291167,0.86455834,0.74844307,0.87422156,0.7081424,0.8540712
98278,0.71102023,0.8555101,0.6883932,0.84419656,0.64348596,0.821743,0.67417073,0.83708537,0.7313312,0.8656656,0.8341433,0.91707164,0.7655201,0.88276005,0.79904044,0.8995202,0.79979837,0.8998992,0.8250091,0.91250455
98279,0.7574023,0.87870115,0.6953596,0.8476798,0.65933996,0.82966995,0.7004926,0.8502463,0.7559812,0.8779906,0.8464079,0.92320395,0.7498088,0.8749044,0.8326862,0.9163431,0.8026751,0.90133756,0.8375673,0.91878366
98280,0.61009836,0.8050492,0.5799454,0.78997266,0.54429877,0.7721494,0.6424484,0.8212242,0.55265796,0.776329,0.6351923,0.81759614,0.5926167,0.79630834,0.6286913,0.81434566,0.672999,0.8364995,0.644284,0.822142
98281,0.66391176,0.8319559,0.64824206,0.824121,0.55001545,0.7750077,0.6208918,0.8104459,0.6491172,0.8245586,0.7295406,0.8647703,0.7361214,0.8680607,0.73379934,0.86689967,0.75106335,0.8755317,0.7773,0.88865
98282,0.6145462,0.8072731,0.67269325,0.8363466,0.5632823,0.7816411,0.63498545,0.8174927,0.59876573,0.79938287,0.66764283,0.8338214,0.6531943,0.82659715,0.69990647,0.84995323,0.7136643,0.85683215,0.7113564,0.8556782
98283,0.67969704,0.8398485,0.61870575,0.8093529,0.576377,0.78818846,0.61571205,0.807856,0.6749518,0.8374759,0.72130466,0.8606523,0.6954776,0.8477388,0.702979,0.85148954,0.70636487,0.85318244,0.7195438,0.8597719
98284,0.48461536,0.74230766,0.5284047,0.76420236,0.43410736,0.71705365,0.4747528,0.7373764,0.52734935,0.7636747,0.58553004,0.792765,0.6396168,0.81980836,0.62735224,0.8136761,0.6598264,0.8299132,0.6655325,0.8327663
98285,0.5946786,0.7973393,0.577677,0.7888385,0.5014871,0.7507435,0.5831969,0.79159844,0.6045935,0.80229676,0.6564212,0.8282106,0.6523769,0.82618845,0.65992284,0.8299614,0.706958,0.853479,0.6737348,0.8368674
98286,0.6068708,0.8034354,0.63115084,0.8155754,0.56351936,0.7817597,0.60326064,0.8016303,0.6184815,0.80924076,0.63983464,0.8199173,0.6280335,0.81401676,0.7209054,0.8604527,0.6841319,0.84206593,0.6539614,0.8269807
98287,0.652645,0.8263225,0.6401622,0.8200811,0.59449196,0.797246,0.6354695,0.8177347,0.6333283,0.81666416,0.7041782,0.8520891,0.6670013,0.8335006,0.73886347,0.86943173,0.71311057,0.8565553,0.71446735,0.85723364
98288,0.61183274,0.80591637,0.6959163,0.84795815,0.6067426,0.8033713,0.62166286,0.8108314,0.6191364,0.80956817,0.5339668,0.7669834,0.6064481,0.8032241,0.65690684,0.8284534,0.65160453,0.82580227,0.6015044,0.80075216
98289,0.63315135,0.81657565,0.6362798,0.8181399,0.5636444,0.7818222,0.62895954,0.81447977,0.6382293,0.8191147,0.70164204,0.850821,0.68761086,0.84380543,0.690587,0.8452935,0.7190168,0.8595084,0.7384633,0.86923164
98290,0.49589336,0.7479467,0.51747763,0.7587388,0.49183702,0.7459185,0.44097593,0.72048795,0.54144424,0.77072215,0.6172303,0.80861515,0.65320134,0.8266007,0.5905083,0.7952541,0.63100266,0.81550133,0.67413545,0.8370677
98291,0.6935644,0.8467822,0.6600537,0.83002687,0.6140326,0.8070163,0.62706673,0.81353337,0.67819726,0.83909863,0.79931986,0.89965993,0.72439957,0.8621998,0.7740432,0.8870216,0.79161614,0.8958081,0.8142755,0.90713775
98292,0.58550096,0.7927505,0.6218284,0.81091416,0.5238149,0.76190746,0.6130221,0.80651104,0.61773944,0.8088697,0.6639049,0.83195245,0.6539198,0.8269599,0.68434644,0.8421732,0.7170342,0.8585171,0.71465707,0.85732853
98293,0.61765134,0.8088257,0.6087289,0.80436444,0.5287097,0.7643548,0.59463966,0.7973198,0.6048416,0.8024208,0.7137189,0.85685945,0.68465394,0.842327,0.7110571,0.8555286,0.7234075,0.86170375,0.73938286,0.86969143
98294,0.6657116,0.8328558,0.6420531,0.82102656,0.60767925,0.8038396,0.6794096,0.8397048,0.6779417,0.83897084,0.6927483,0.84637415,0.6707038,0.83535194,0.7208928,0.8604464,0.72541875,0.8627094,0.69616383,0.84808195
98295,0.5543387,0.77716935,0.5623165,0.7811582,0.49873215,0.74936604,0.54881763,0.7744088,0.5768282,0.7884141,0.6826799,0.84133995,0.6481964,0.8240982,0.6764959,0.83824795,0.7177379,0.85886896,0.7318748,0.8659374
98296,0.6199348,0.8099674,0.62510765,0.8125538,0.57227314,0.78613657,0.6031351,0.80156755,0.6086925,0.80434626,0.6467587,0.82337934,0.63704133,0.81852067,0.71341467,0.85670733,0.67941254,0.8397063,0.68073606,0.84036803
98297,0.6446057,0.8223028,0.63831437,0.8191572,0.56876326,0.7843816,0.6554813,0.82774067,0.5999124,0.7999562,0.65774953,0.82887477,0.6435323,0.82176614,0.69636977,0.8481849,0.72047544,0.8602377,0.70510936,0.8525547
98298,0.57619417,0.7880971,0.56098366,0.7804918,0.50834805,0.754174,0.5950304,0.7975152,0.5658972,0.7829486,0.64907396,0.824537,0.6279449,0.8139725,0.64143455,0.8207173,0.67477024,0.8373851,0.67603457,0.8380173
98299,0.66713893,0.83356947,0.7083266,0.8541633,0.62946796,0.814734,0.6578364,0.8289182,0.7054951,0.85274756,0.7390989,0.86954945,0.7150787,0.85753936,0.78330773,0.8916539,0.70599794,0.852999,0.7450948,0.8725474
98300,0.5427141,0.77135706,0.58690274,0.79345137,0.52398074,0.76199037,0.52452147,0.76226074,0.5850252,0.7925126,0.6091479,0.80457395,0.64529204,0.822646,0.6674011,0.83370054,0.6435975,0.82179874,0.6466567,0.8233284
98301,0.61154985,0.8057749,0.58696645,0.79348326,0.5439563,0.77197814,0.5464339,0.77321696,0.6647669,0.83238345,0.77684414,0.8884221,0.74670744,0.8733537,0.7263326,0.86316633,0.73835504,0.8691775,0.77279115,0.8863956
98302,0.7139994,0.8569997,0.67460585,0.8373029,0.6340581,0.81702906,0.6827657,0.84138286,0.7059368,0.8529684,0.7767238,0.88836193,0.71481246,0.85740626,0.7695651,0.88478255,0.7651477,0.88257384,0.8062085,0.90310425
98303,0.6382563,0.81912816,0.60350204,0.801751,0.54723656,0.7736183,0.5719774,0.7859887,0.670747,0.8353735,0.785954,0.892977,0.71661323,0.85830665,0.71118665,0.8555933,0.7392422,0.8696211,0.7834537,0.89172685
98304,0.70139194,0.85069597,0.6716316,0.8358158,0.61728984,0.8086449,0.6341266,0.81706333,0.6534511,0.82672554,0.73173624,0.8658681,0.6782957,0.8391478,0.7287801,0.86439,0.7441974,0.8720987,0.7289932,0.8644966
98305,0.7502711,0.87513554,0.7135767,0.85678834,0.66121507,0.83060753,0.67995805,0.83997905,0.7218579,0.86092895,0.8201605,0.91008025,0.7584845,0.87924224,0.7968755,0.89843774,0.78498936,0.8924947,0.81781745,0.9089087
98306,0.56007105,0.7800355,0.5323186,0.7661593,0.48786908,0.7439345,0.52844614,0.7642231,0.53422797,0.767114,0.6453006,0.8226503,0.57842684,0.7892134,0.6414226,0.8207113,0.6361953,0.81809765,0.67518544,0.8375927
98307,0.63700545,0.8185027,0.6611407,0.83057034,0.61002123,0.8050106,0.6646702,0.8323351,0.63020045,0.8151002,0.6782773,0.8391386,0.6517781,0.82588905,0.7471467,0.87357336,0.7377324,0.8688662,0.72434586,0.86217296
98308,0.6227788,0.8113894,0.6484908,0.8242454,0.53279644,0.7663982,0.6240458,0.8120229,0.6130413,0.80652064,0.6741864,0.83709323,0.7036952,0.8518476,0.69264793,0.84632397,0.7263293,0.86316466,0.73378086,0.86689043
98309,0.65798706,0.82899356,0.6410172,0.8205086,0.5791517,0.7895758,0.62922645,0.8146132,0.65968,0.82984,0.73546886,0.86773443,0.6962161,0.84810805,0.76782066,0.8839103,0.77974087,0.8898704,0.7561858,0.8780929
98310,0.70807743,0.8540387,0.6724402,0.8362201,0.67577684,0.8378884,0.6439438,0.8219719,0.6441995,0.82209975,0.6932788,0.8466394,0.655169,0.8275845,0.7262789,0.86313945,0.6660888,0.8330444,0.7036648,0.8518324
98311,0.66520506,0.8326025,0.64550877,0.8227544,0.58214056,0.7910703,0.6131629,0.80658144,0.66020167,0.83010083,0.71882117,0.8594106,0.71152455,0.85576224,0.6924151,0.84620756,0.7506615,0.87533075,0.7622389,0.8811195
98312,0.63003093,0.81501544,0.7004311,0.85021555,0.589511,0.79475546,0.6710627,0.83553135,0.66938114,0.8346906,0.6429037,0.82145184,0.695577,0.8477885,0.7514865,0.87574327,0.68053013,0.84026504,0.69297004,0.846485
98313,0.6574253,0.82871264,0.65395343,0.8269767,0.61007637,0.8050382,0.63422906,0.81711453,0.64919937,0.8245997,0.7866816,0.8933408,0.6883706,0.8441853,0.776374,0.888187,0.7539454,0.8769727,0.8023237,0.90116185
98314,0.7276284,0.86381423,0.70012736,0.8500637,0.6519867,0.82599336,0.70868194,0.854341,0.7040177,0.8520088,0.7627765,0.88138825,0.6695546,0.8347773,0.7835479,0.89177394,0.7470803,0.87354016,0.7507189,0.8753594
98315,0.60991514,0.80495757,0.63824546,0.81912273,0.5632565,0.78162825,0.6213317,0.81066585,0.621229,0.81061447,0.70678365,0.8533918,0.67117906,0.8355895,0.6918354,0.8459177,0.7341291,0.86706454,0.73358583,0.8667929
98316,0.74801075,0.8740054,0.71344423,0.8567221,0.68145835,0.8407292,0.6757749,0.8378874,0.7405349,0.87026745,0.84614396,0.923072,0.735544,0.867772,0.8107047,0.90535235,0.78684354,0.89342177,0.8212328,0.9106164
98317,0.48165536,0.7408277,0.49921566,0.7496078,0.43559,0.717795,0.4524626,0.72623134,0.5299417,0.76497084,0.6030588,0.8015294,0.6334646,0.8167323,0.5508802,0.7754401,0.5962485,0.79812425,0.6191415,0.8095708
98318,0.658244,0.829122,0.6404902,0.8202451,0.584785,0.7923925,0.6571449,0.82857245,0.64424264,0.8221213,0.6909395,0.8454697,0.6777376,0.8388688,0.70384496,0.8519225,0.705564,0.852782,0.7192999,0.85964996
98319,0.6641127,0.83205634,0.67533326,0.83766663,0.62050164,0.8102508,0.71055114,0.8552756,0.6280631,0.81403154,0.6801604,0.8400802,0.66935384,0.8346769,0.7105798,0.85528994,0.7377372,0.8688686,0.708675,0.8543375
98320,0.6457702,0.8228851,0.6475625,0.82378125,0.64047736,0.8202387,0.60377955,0.8018898,0.6663538,0.8331769,0.76445997,0.88223,0.6778894,0.8389447,0.7712156,0.88560784,0.7578701,0.87893504,0.7849091,0.89245456
98321,0.7228211,0.86141056,0.64189494,0.82094747,0.64456636,0.82228315,0.6654459,0.83272296,0.66576326,0.8328816,0.7766944,0.8883472,0.67997414,0.83998704,0.722354,0.86117697,0.75360286,0.87680143,0.75809145,0.8790457
98322,0.61449206,0.807246,0.6459478,0.8229739,0.5293721,0.76468605,0.60302985,0.8015149,0.6555223,0.8277612,0.73726916,0.8686346,0.70742726,0.85371363,0.7771111,0.8885555,0.73574966,0.86787486,0.75928575,0.87964284
98323,0.6146147,0.80730736,0.5968754,0.7984377,0.51957154,0.7597858,0.55765676,0.7788284,0.62213826,0.81106913,0.7014553,0.8507277,0.6788163,0.83940816,0.6923526,0.84617627,0.68471116,0.8423556,0.70661056,0.8533053
98324,0.6790904,0.8395452,0.68690836,0.8434542,0.63146675,0.8157334,0.6831368,0.8415684,0.6937269,0.84686345,0.76645374,0.8832269,0.725833,0.86291647,0.77972496,0.8898625,0.78199756,0.8909988,0.77930975,0.8896549
98325,0.70903957,0.8545198,0.6937923,0.8468962,0.6612923,0.83064616,0.6816324,0.8408162,0.73371434,0.8668572,0.8038708,0.9019354,0.7693573,0.88467866,0.82520807,0.91260403,0.80350626,0.9017531,0.81507397,0.907537
98326,0.6103004,0.8051502,0.6361121,0.81805605,0.53801155,0.7690058,0.6025133,0.80125666,0.5705565,0.78527826,0.65107274,0.8255364,0.60909235,0.8045462,0.71305645,0.8565282,0.7231462,0.8615731,0.69236386,0.8461819
98327,0.5729675,0.78648376,0.5948313,0.7974156,0.5143511,0.75717556,0.5556698,0.7778349,0.5714426,0.7857213,0.674657,0.8373285,0.6588428,0.8294214,0.6712781,0.83563906,0.7434703,0.87173516,0.75129974,0.87564987
98328,0.6683624,0.8341812,0.6206956,0.8103478,0.5840565,0.79202825,0.6649991,0.83249956,0.6695474,0.83477366,0.7417315,0.87086576,0.70544696,0.8527235,0.73779196,0.868896,0.7490281,0.87451404,0.75420576,0.87710285
98329,0.5802419,0.79012096,0.5721765,0.7860882,0.5085315,0.7542658,0.6081432,0.8040716,0.54768723,0.77384365,0.6187446,0.8093723,0.607416,0.80370796,0.66361773,0.83180887,0.6869444,0.84347224,0.672992,0.836496
98330,0.55792665,0.7789633,0.5916389,0.79581946,0.5065816,0.7532908,0.57678425,0.7883921,0.5489049,0.77445245,0.5853257,0.79266286,0.60577285,0.8028864,0.6681633,0.83408165,0.6485331,0.82426655,0.64058733,0.82029366
98331,0.61684483,0.80842245,0.5658159,0.78290796,0.57214653,0.78607327,0.6271402,0.81357014,0.56229174,0.7811459,0.6702951,0.83514756,0.550401,0.7752005,0.64394426,0.82197213,0.7003232,0.8501616,0.64983284,0.8249164
98332,0.57009137,0.7850457,0.58984923,0.7949246,0.54736996,0.773685,0.59166896,0.7958345,0.5724535,0.78622675,0.646818,0.82340896,0.67268836,0.8363442,0.7100182,0.8550091,0.7024717,0.85123587,0.70500016,0.8525001
98333,0.5589422,0.7794711,0.5589393,0.7794696,0.5142665,0.75713325,0.5584635,0.7792318,0.5442303,0.7721151,0.6413031,0.82065153,0.65487087,0.82743543,0.6074753,0.80373764,0.69218403,0.846092,0.69563174,0.8478159
98334,0.5799223,0.78996116,0.60273075,0.8013654,0.61675525,0.8083776,0.5404787,0.77023935,0.5361514,0.7680757,0.56823814,0.78411907,0.48652202,0.743261,0.58730674,0.79365337,0.59946275,0.7997314,0.566323,0.7831615
98335,0.69468343,0.8473417,0.7280313,0.86401564,0.6569289,0.82846445,0.71901524,0.8595076,0.6940017,0.84700084,0.736801,0.8684005,0.7035227,0.85176134,0.80089706,0.90044856,0.77377784,0.8868889,0.75370014,0.87685007
98336,0.5907896,0.7953948,0.60169965,0.8008498,0.5967338,0.7983669,0.60590494,0.80295247,0.58439445,0.7921972,0.61573213,0.8078661,0.5332122,0.7666061,0.6607582,0.8303791,0.6377958,0.8188979,0.5811917,0.7905959
98337,0.5170823,0.7585411,0.52434033,0.7621702,0.44850966,0.72425485,0.53471166,0.7673558,0.5383951,0.7691976,0.56234527,0.78117263,0.5874376,0.7937188,0.56645954,0.78322977,0.59403056,0.7970153,0.5935808,0.79679036
98338,0.5434773,0.77173865,0.60715026,0.80357516,0.5152595,0.75762975,0.5655952,0.7827976,0.530663,0.7653315,0.47964805,0.73982406,0.5079758,0.7539879,0.5790603,0.78953016,0.5934094,0.7967047,0.5563912,0.7781956
98339,0.5082094,0.75410473,0.5410176,0.77050877,0.4727705,0.7363852,0.5043956,0.7521978,0.53747964,0.7687398,0.64245206,0.821226,0.6256373,0.81281865,0.66337335,0.8316867,0.6456182,0.8228091,0.6902813,0.84514064
98340,0.6706333,0.83531666,0.62177587,0.81088793,0.5585809,0.77929044,0.60268784,0.8013439,0.65676475,0.8283824,0.79241496,0.89620745,0.73630965,0.8681548,0.7171836,0.8585918,0.7550745,0.87753725,0.78743696,0.8937185
98341,0.67125875,0.83562934,0.6714638,0.83573186,0.61211646,0.8060582,0.65104043,0.8255202,0.6686826,0.8343413,0.76581824,0.8829091,0.7369231,0.86846155,0.76815367,0.88407683,0.7467562,0.8733781,0.79497516,0.8974876
98342,0.66904885,0.8345244,0.6052035,0.80260175,0.5729887,0.7864944,0.6090218,0.8045109,0.64033294,0.82016647,0.7225332,0.8612666,0.68323183,0.8416159,0.7169663,0.85848314,0.7202383,0.86011916,0.7370192,0.8685096
98343,0.5613658,0.7806829,0.5469959,0.77349794,0.50853074,0.75426537,0.5525087,0.77625436,0.5482781,0.77413905,0.64257157,0.8212858,0.577847,0.7889235,0.6468072,0.8234036,0.6854257,0.8427129,0.6992658,0.84963286
98344,0.6395972,0.8197986,0.6446884,0.8223442,0.5656055,0.78280276,0.6282232,0.8141116,0.62613153,0.81306577,0.7192211,0.85961056,0.673454,0.836727,0.71049213,0.85524607,0.72690356,0.8634518,0.74530727,0.8726536
98345,0.6133561,0.80667806,0.6241157,0.81205785,0.5969721,0.79848605,0.5718521,0.78592604,0.5999605,0.7999803,0.6622697,0.83113486,0.5868628,0.7934314,0.64347285,0.82173645,0.651276,0.825638,0.6704272,0.8352136
98346,0.6002962,0.8001481,0.59476423,0.7973821,0.59463644,0.7973182,0.6196579,0.80982894,0.6136279,0.80681396,0.6804324,0.84021616,0.6204253,0.8102126,0.7308076,0.8654038,0.71488184,0.85744095,0.68275994,0.84138
98347,0.6260282,0.8130141,0.576329,0.7881645,0.5615896,0.7807948,0.55518013,0.77759004,0.5978354,0.7989177,0.73674667,0.86837333,0.651397,0.8256985,0.66960514,0.83480257,0.7313966,0.86569834,0.72647834,0.86323917
98348,0.5891881,0.79459405,0.54572165,0.7728608,0.5445251,0.7722626,0.5659113,0.78295565,0.56684643,0.7834232,0.6301121,0.8150561,0.62310004,0.81155,0.59211564,0.7960578,0.6723269,0.83616346,0.6468795,0.8234397
98349,0.67830706,0.8391535,0.66834295,0.8341715,0.5952872,0.7976436,0.66240275,0.8312014,0.6637762,0.8318881,0.741797,0.8708985,0.69282657,0.84641325,0.7577503,0.87887514,0.7542987,0.87714934,0.75618875,0.8780944
98350,0.5916481,0.79582405,0.5809986,0.7904993,0.52076024,0.76038015,0.6012676,0.8006338,0.60600424,0.8030021,0.71583736,0.8579187,0.66803026,0.83401513,0.69391674,0.8469584,0.6952629,0.84763145,0.7333029,0.8666514
98351,0.54217434,0.77108717,0.56164694,0.78082347,0.5018152,0.7509076,0.51417094,0.75708544,0.5558449,0.77792245,0.6301573,0.8150786,0.58928233,0.79464114,0.63098705,0.8154935,0.67698306,0.83849156,0.67815804,0.839079
98352,0.5001148,0.7500574,0.5004452,0.75022256,0.40831196,0.704156,0.49889824,0.74944913,0.5150212,0.7575106,0.64082086,0.82041043,0.63294184,0.8164709,0.64264166,0.82132083,0.6678469,0.83392346,0.6877627,0.84388137
98353,0.451208,0.725604,0.46122783,0.73061395,0.4004027,0.70020133,0.4204191,0.71020955,0.4697765,0.73488826,0.5505798,0.7752899,0.56992096,0.7849605,0.5212519,0.76062596,0.5798067,0.78990334,0.59295356,0.7964768
98354,0.3821522,0.6910761,0.47863516,0.7393176,0.38064188,0.69032097,0.3990606,0.6995303,0.4148376,0.7074188,0.37510157,0.6875508,0.4768408,0.73842037,0.43528312,0.7176416,0.41540295,0.70770144,0.40338665,0.7016933
98355,0.6878133,0.84390664,0.6771325,0.83856624,0.63428044,0.8171402,0.6752808,0.8376404,0.68028164,0.8401408,0.7051002,0.8525501,0.68983054,0.8449153,0.69813263,0.8490663,0.73500633,0.86750317,0.7576347,0.8788173
98356,0.57324326,0.78662163,0.6043986,0.8021993,0.50256145,0.7512807,0.56045187,0.78022593,0.5903648,0.7951824,0.63331205,0.816656,0.657357,0.8286785,0.6491549,0.82457745,0.67569757,0.8378488,0.6639576,0.8319788
98357,0.5708674,0.7854337,0.64261574,0.8213079,0.5428115,0.77140576,0.55936843,0.7796842,0.56125337,0.78062665,0.48326,0.74163,0.55324525,0.77662265,0.5503093,0.77515465,0.57297444,0.7864872,0.5158645,0.75793225
98358,0.6585767,0.82928836,0.666103,0.8330515,0.61686254,0.80843127,0.618469,0.8092345,0.6845569,0.8422785,0.7427163,0.87135816,0.7223135,0.86115676,0.7382469,0.86912346,0.7670404,0.8835202,0.78474486,0.8923724
98359,0.5540259,0.77701294,0.5157066,0.75785327,0.48481095,0.7424055,0.49823487,0.74911743,0.5705174,0.7852587,0.67074746,0.83537376,0.6687002,0.8343501,0.6338228,0.8169114,0.6833173,0.84165865,0.72975326,0.8648766
98360,0.54810774,0.7740539,0.5832492,0.7916246,0.5409149,0.77045745,0.6823995,0.84119976,0.49084944,0.74542475,0.4723795,0.7361897,0.45764157,0.7288208,0.59306884,0.7965344,0.6077101,0.80385506,0.52898717,0.7644936
98361,0.6521883,0.82609415,0.6679989,0.83399945,0.59584206,0.79792106,0.6740459,0.83702296,0.6297971,0.81489855,0.67596865,0.8379843,0.64814246,0.8240712,0.74305403,0.871527,0.7152536,0.8576268,0.71006423,0.8550321
98362,0.60510993,0.80255497,0.6081382,0.8040691,0.5645075,0.78225374,0.5618142,0.7809071,0.61438155,0.8071908,0.63401157,0.81700575,0.6637618,0.8318809,0.6660685,0.8330343,0.6796596,0.8398298,0.67418003,0.83709
98363,0.6593816,0.8296908,0.68165255,0.8408263,0.61782366,0.8089118,0.6427523,0.82137614,0.65515876,0.8275794,0.6765505,0.83827525,0.67191386,0.83595693,0.7481649,0.87408245,0.731508,0.865754,0.71378565,0.8568928
98364,0.45172676,0.7258634,0.48514652,0.74257326,0.47871184,0.7393559,0.43218526,0.71609265,0.4380493,0.71902466,0.49545753,0.74772877,0.47533464,0.7376673,0.5266079,0.76330394,0.5193504,0.7596752,0.51287794,0.756439
98365,0.5362959,0.76814795,0.59731066,0.79865533,0.51763594,0.758818,0.55475235,0.7773762,0.5174117,0.75870585,0.5120095,0.75600475,0.51593494,0.7579675,0.60494626,0.8024731,0.61134565,0.8056728,0.5906222,0.7953111
98366,0.63155997,0.81578,0.6583335,0.82916677,0.6062713,0.80313563,0.5763178,0.7881589,0.62519145,0.8125957,0.62412345,0.8120617,0.62247634,0.81123817,0.69840366,0.8492018,0.65233856,0.82616925,0.62553334,0.8127667
98367,0.581494,0.790747,0.59266585,0.79633296,0.559181,0.7795905,0.5523454,0.7761727,0.569878,0.784939,0.60869765,0.8043488,0.59507537,0.7975377,0.59417903,0.7970895,0.6372545,0.81862724,0.61453086,0.8072654
98368,0.51733136,0.7586657,0.5666647,0.78333235,0.48106387,0.7405319,0.5355864,0.7677932,0.53040195,0.765201,0.5958578,0.7979289,0.59335303,0.7966765,0.5910373,0.79551864,0.6704556,0.8352278,0.63786626,0.8189331
98369,0.5496019,0.77480096,0.5679543,0.78397715,0.54104006,0.77052003,0.53733563,0.7686678,0.5836476,0.7918238,0.6524154,0.8262077,0.6415298,0.8207649,0.6638334,0.8319167,0.67228234,0.83614117,0.71132004,0.85566
98370,0.6187961,0.80939806,0.6369668,0.8184834,0.5549356,0.7774678,0.612881,0.8064405,0.65098083,0.8254904,0.73877823,0.8693891,0.7111263,0.85556316,0.7288935,0.86444676,0.7448663,0.8724332,0.7741047,0.88705236
98371,0.68702865,0.8435143,0.67785,0.838925,0.6326119,0.81630594,0.7211921,0.86059606,0.64685714,0.8234286,0.6990007,0.84950036,0.65390265,0.8269513,0.7362368,0.8681184,0.73209035,0.8660452,0.719757,0.85987854
98372,0.6570474,0.8285237,0.617358,0.808679,0.5673237,0.78366184,0.60036814,0.8001841,0.6572294,0.8286147,0.754349,0.8771745,0.71862006,0.85931003,0.7471081,0.87355405,0.73842657,0.8692133,0.7809473,0.89047366
98373,0.743198,0.87159896,0.67209566,0.8360478,0.64846224,0.82423115,0.7043477,0.85217386,0.66465545,0.8323277,0.72605276,0.8630264,0.6492734,0.8246367,0.725328,0.862664,0.7588436,0.87942183,0.74613714,0.8730686
98374,0.67497313,0.83748657,0.6471418,0.8235709,0.60454106,0.80227053,0.70719516,0.8535976,0.6476725,0.8238362,0.651629,0.8258145,0.61675775,0.8083789,0.6889355,0.84446776,0.7134026,0.8567013,0.67704487,0.83852243
98375,0.6796962,0.8398481,0.7165909,0.85829544,0.6740044,0.83700216,0.67844826,0.8392241,0.6733244,0.8366622,0.71210563,0.8560528,0.66402996,0.832015,0.7569995,0.87849975,0.76994073,0.88497037,0.758457,0.8792285
98376,0.6758033,0.83790165,0.64968324,0.8248416,0.639971,0.8199855,0.65195405,0.825977,0.6472505,0.8236252,0.74285865,0.8714293,0.64228666,0.8211433,0.70362484,0.8518124,0.74654925,0.8732746,0.753487,0.8767435
98377,0.60943043,0.8047152,0.6037527,0.8018763,0.5542846,0.7771423,0.6192735,0.8096367,0.60521984,0.8026099,0.6849853,0.84249264,0.6704223,0.83521116,0.7251853,0.86259264,0.73625785,0.8681289,0.74220777,0.8711039
98378,0.64971703,0.82485855,0.6203908,0.8101954,0.55292857,0.7764643,0.61237097,0.8061855,0.6384876,0.8192438,0.76855665,0.8842783,0.70824957,0.8541248,0.7477362,0.8738681,0.75303584,0.8765179,0.7780055,0.88900274
98379,0.65173274,0.82586634,0.6038448,0.80192244,0.58955216,0.7947761,0.63369197,0.816846,0.6305598,0.8152799,0.7672148,0.8836074,0.6589284,0.8294642,0.7200781,0.86003906,0.7178267,0.85891336,0.7586845,0.87934226
98380,0.6800917,0.8400458,0.676092,0.838046,0.59653986,0.7982699,0.7005712,0.8502856,0.6797084,0.83985424,0.7518779,0.87593895,0.7169123,0.85845613,0.7538234,0.8769117,0.7658595,0.88292974,0.7646767,0.88233835
98381,0.5464339,0.77321696,0.5693355,0.78466773,0.50259745,0.7512987,0.5723263,0.78616315,0.5310249,0.76551247,0.6023774,0.8011887,0.561604,0.780802,0.64159185,0.8207959,0.618749,0.8093745,0.62496185,0.8124809
98382,0.58900046,0.79450023,0.5733576,0.7866788,0.5215597,0.76077986,0.5714978,0.7857489,0.607869,0.8039345,0.6957846,0.8478923,0.64534783,0.8226739,0.70704806,0.853524,0.7141088,0.8570544,0.73090243,0.8654512
98383,0.70200545,0.8510027,0.6923883,0.84619415,0.61184645,0.8059232,0.62386847,0.81193423,0.71424603,0.857123,0.7927835,0.89639175,0.717523,0.8587615,0.75574917,0.8778746,0.764936,0.882468,0.76520306,0.8826015
98384,0.6473984,0.82369924,0.66294456,0.8314723,0.5983381,0.79916906,0.73352873,0.86676437,0.6219543,0.81097716,0.6091775,0.80458874,0.6055875,0.80279374,0.685953,0.8429765,0.7013706,0.8506853,0.6625861,0.83129305
98385,0.61657906,0.8082895,0.5923416,0.79617083,0.53863573,0.76931787,0.5810091,0.7905046,0.61045945,0.8052297,0.75509346,0.8775467,0.6952379,0.84761894,0.7318237,0.86591184,0.74357414,0.8717871,0.7965843,0.8982922
98386,0.63445956,0.81722975,0.68120533,0.84060264,0.61138016,0.80569005,0.68498063,0.8424903,0.6685748,0.8342874,0.7052101,0.85260504,0.6992141,0.84960705,0.7295712,0.8647856,0.7717465,0.88587326,0.7403574,0.8701787
98387,0.6266673,0.81333363,0.6736341,0.836817,0.6285506,0.81427526,0.68739927,0.84369963,0.67388797,0.836944,0.6817626,0.8408813,0.6555922,0.8277961,0.73147166,0.8657358,0.69933987,0.84966993,0.7154764,0.8577382
98388,0.7304311,0.86521554,0.7269664,0.8634832,0.67313325,0.8365666,0.7157178,0.8578589,0.72857434,0.86428714,0.76917267,0.88458633,0.72959036,0.8647952,0.78963715,0.89481854,0.7897659,0.8948829,0.79537845,0.8976892
98389,0.6583958,0.8291979,0.644723,0.82236147,0.58878595,0.79439294,0.63384175,0.8169209,0.6533705,0.82668525,0.7370781,0.86853904,0.68280375,0.8414019,0.71698695,0.85849345,0.73356867,0.86678433,0.7524389,0.87621945
98390,0.6259827,0.8129914,0.5808873,0.79044366,0.5500346,0.77501726,0.70545954,0.8527298,0.5672689,0.7836344,0.6390045,0.81950223,0.5631243,0.78156215,0.6348038,0.8174019,0.66771466,0.8338573,0.6627792,0.8313896
98391,0.6129464,0.8064732,0.5793823,0.78969115,0.5552932,0.7776466,0.57484186,0.7874209,0.6387881,0.81939405,0.760641,0.8803205,0.7033484,0.8516742,0.70232224,0.8511611,0.71976745,0.8598837,0.7542724,0.87713623
98392,0.63608885,0.8180444,0.6712528,0.83562636,0.61260444,0.8063022,0.67201793,0.83600897,0.6049447,0.80247235,0.6581985,0.82909924,0.61550283,0.8077514,0.72082746,0.86041373,0.7333172,0.86665857,0.7111684,0.8555842
98393,0.5647736,0.7823868,0.58809394,0.794047,0.46979845,0.7348992,0.5696701,0.78483504,0.5867425,0.79337126,0.64656353,0.82328176,0.66037154,0.8301858,0.6660944,0.8330472,0.70147306,0.8507365,0.69460106,0.8473005
98394,0.58898795,0.794494,0.61673045,0.8083652,0.53815854,0.76907927,0.5444572,0.7722286,0.6361263,0.81806314,0.7190698,0.85953486,0.71156275,0.8557814,0.71587086,0.8579354,0.75348115,0.8767406,0.7797084,0.8898542
98395,0.7608696,0.8804348,0.7032288,0.85161436,0.68515825,0.8425791,0.6382831,0.8191415,0.78818536,0.8940927,0.8850225,0.94251126,0.7842203,0.8921101,0.8557757,0.92788786,0.8049861,0.90249306,0.8511051,0.92555255
98396,0.59080917,0.79540455,0.59350765,0.7967538,0.5381478,0.7690739,0.6056384,0.8028192,0.5862297,0.79311484,0.67208874,0.8360444,0.6549795,0.82748973,0.69121575,0.8456079,0.71264637,0.8563232,0.7160495,0.8580247
98397,0.48421815,0.74210906,0.5175711,0.75878555,0.45851254,0.7292563,0.49702585,0.7485129,0.5352491,0.76762456,0.57667035,0.7883352,0.5920675,0.79603374,0.6072346,0.8036173,0.6419837,0.8209919,0.6751393,0.83756965
98398,0.59984237,0.79992115,0.6100765,0.8050382,0.5455229,0.77276146,0.55119646,0.7755982,0.62389827,0.81194913,0.68236774,0.8411839,0.6788338,0.83941686,0.65787846,0.8289392,0.6965592,0.8482796,0.703094,0.851547
98399,0.5945556,0.7972778,0.58366823,0.7918341,0.55271655,0.77635825,0.5551207,0.77756035,0.6001364,0.8000682,0.677837,0.8389185,0.67509645,0.83754826,0.6544089,0.82720447,0.68226945,0.8411347,0.72502935,0.8625147
98400,0.49245924,0.74622965,0.5314915,0.76574576,0.44072172,0.7203609,0.55350417,0.7767521,0.489752,0.744876,0.48889786,0.7444489,0.50926334,0.75463164,0.5546761,0.777338,0.6284655,0.8142327,0.5671999,0.7836
98401,0.6715724,0.8357862,0.69235045,0.8461752,0.6014941,0.80074704,0.6381957,0.8190979,0.6531899,0.82659495,0.7099102,0.8549551,0.70028174,0.85014087,0.7691719,0.884586,0.7492449,0.87462246,0.74702483,0.8735124
98402,0.7220763,0.86103815,0.7071233,0.85356164,0.65724134,0.8286207,0.6534463,0.82672316,0.70782954,0.85391474,0.7721835,0.8860917,0.7260169,0.86300844,0.7819586,0.8909793,0.74314845,0.8715742,0.7863561,0.89317805
1747,0.6922947,0.84614736,0.64469844,0.8223492,0.61133707,0.80566853,0.6517159,0.82585794,0.6518394,0.8259197,0.6645398,0.8322699,0.6524142,0.8262071,0.67961407,0.83980703,0.72628343,0.8631417,0.69223607,0.84611803
1784,0.6190164,0.8095082,0.645312,0.82265604,0.5740901,0.78704506,0.61746985,0.8087349,0.6512413,0.82562065,0.62141734,0.81070864,0.68309397,0.841547,0.6685262,0.8342631,0.7169578,0.8584789,0.6394682,0.8197341
2476,0.7333686,0.8666843,0.707348,0.853674,0.73375595,0.866878,0.6508409,0.82542044,0.7014175,0.8507087,0.71605885,0.8580294,0.6556625,0.82783127,0.7281331,0.86406654,0.67534447,0.83767223,0.70826566,0.85413283
2515,0.68526685,0.8426334,0.6712686,0.8356343,0.67368126,0.8368406,0.63657576,0.81828785,0.6361637,0.81808186,0.6022891,0.80114454,0.5928693,0.79643464,0.64869416,0.8243471,0.64222735,0.8211137,0.6188767,0.80943835
2517,0.7513517,0.87567586,0.7207018,0.8603509,0.7129965,0.85649824,0.6433148,0.8216574,0.702124,0.851062,0.64246947,0.8212347,0.60872436,0.8043622,0.69328207,0.84664106,0.664519,0.83225954,0.6464305,0.82321525
2529,0.6609814,0.8304907,0.6736598,0.8368299,0.61440784,0.8072039,0.58062625,0.7903131,0.66457474,0.8322874,0.59620124,0.7981006,0.6632525,0.83162624,0.6446351,0.82231754,0.6129899,0.80649495,0.63241327,0.81620663
2538,0.7562372,0.87811863,0.7081764,0.8540882,0.67511415,0.8375571,0.6783913,0.8391956,0.69049853,0.8452493,0.67668504,0.83834255,0.6637454,0.8318727,0.7205465,0.86027324,0.6779238,0.8389619,0.69257045,0.8462852
2551,0.75712526,0.8785626,0.73254883,0.8662744,0.6926993,0.84634966,0.6345783,0.8172891,0.6864471,0.8432236,0.7124121,0.85620606,0.6591958,0.8295979,0.7050828,0.8525414,0.7136602,0.8568301,0.6965879,0.84829396
2553,0.7491721,0.87458605,0.7160711,0.85803556,0.71764636,0.8588232,0.6691373,0.8345686,0.67428446,0.8371422,0.6698202,0.8349101,0.6618949,0.83094746,0.70030946,0.85015476,0.684194,0.84209704,0.6885766,0.8442883
2554,0.6083275,0.80416375,0.62465155,0.8123258,0.5487325,0.77436626,0.62349635,0.81174815,0.5945853,0.79729265,0.6487113,0.82435566,0.6372407,0.8186203,0.6765572,0.8382786,0.6724547,0.83622736,0.6746224,0.8373112
2555,0.6039129,0.8019564,0.6275649,0.81378245,0.5521581,0.77607906,0.5918249,0.79591244,0.56667256,0.7833363,0.557737,0.7788685,0.58920896,0.7946045,0.5909486,0.7954743,0.62667763,0.8133388,0.6001102,0.8000551
2556,0.669978,0.834989,0.70705634,0.85352814,0.6955895,0.8477948,0.6786067,0.8393034,0.59005487,0.79502743,0.5782968,0.7891484,0.55649394,0.778247,0.6701319,0.83506596,0.64824855,0.8241243,0.6032975,0.80164874
2577,0.7248131,0.86240655,0.6904239,0.845212,0.6546429,0.8273214,0.66258824,0.8312941,0.6212856,0.81064284,0.6571188,0.8285594,0.6566591,0.82832956,0.6651138,0.8325569,0.67393506,0.8369675,0.679966,0.839983
2582,0.70647347,0.85323673,0.6923555,0.84617776,0.6726886,0.8363443,0.59244776,0.7962239,0.6748923,0.83744615,0.7036302,0.8518151,0.67485404,0.837427,0.72673583,0.8633679,0.64602685,0.8230134,0.6978006,0.8489003
2583,0.67410874,0.8370544,0.74146354,0.8707318,0.68912256,0.8445613,0.65104705,0.8255235,0.64264673,0.8213234,0.60938287,0.80469143,0.6186465,0.80932325,0.6712768,0.8356384,0.6606264,0.8303132,0.628877,0.81443846
2584,0.74815166,0.87407583,0.6664063,0.83320314,0.6915113,0.84575564,0.6004959,0.8002479,0.70216763,0.8510838,0.6987252,0.8493626,0.64608335,0.8230417,0.68853796,0.844269,0.6199932,0.8099966,0.673228,0.836614
2585,0.64168,0.82084,0.6661709,0.8330854,0.5920825,0.79604125,0.6111313,0.80556566,0.6120169,0.80600846,0.5846443,0.79232216,0.61708915,0.8085446,0.6384936,0.81924677,0.65457904,0.8272895,0.61491704,0.8074585
2586,0.77560115,0.8878006,0.74428767,0.87214386,0.68652415,0.8432621,0.6942066,0.8471033,0.6769735,0.8384868,0.6904148,0.8452074,0.6402402,0.8201201,0.73376405,0.866882,0.7144877,0.85724384,0.69403493,0.84701747
2587,0.60835433,0.80417717,0.62385005,0.81192505,0.5977918,0.7988959,0.5792036,0.7896018,0.5406226,0.7703113,0.5272447,0.76362234,0.54273427,0.77136713,0.5904599,0.7952299,0.5639355,0.78196776,0.532681,0.7663405
2588,0.6922473,0.84612364,0.6711608,0.8355804,0.63313466,0.8165673,0.6574236,0.8287118,0.5906814,0.79534066,0.58535683,0.7926784,0.545434,0.772717,0.65506965,0.8275348,0.6500344,0.8250172,0.603943,0.8019715
2589,0.7153299,0.85766494,0.67631686,0.8381584,0.6715185,0.8357593,0.6338734,0.81693673,0.64087343,0.8204367,0.6667665,0.83338326,0.6358417,0.81792086,0.6879389,0.84396946,0.6421339,0.821067,0.64628017,0.8231401
2590,0.6612729,0.83063644,0.6555889,0.82779443,0.6555731,0.82778656,0.6572454,0.8286227,0.58816403,0.79408205,0.57756484,0.7887824,0.5776595,0.78882974,0.64086705,0.8204335,0.5913116,0.7956558,0.6001591,0.8000796
2591,0.67026603,0.835133,0.7007035,0.85035175,0.6512475,0.82562375,0.6264936,0.8132468,0.6402671,0.82013357,0.65753806,0.828769,0.64632094,0.82316047,0.68425786,0.84212893,0.6834986,0.8417493,0.669305,0.83465254
2592,0.7384218,0.8692109,0.71195227,0.8559761,0.67830455,0.8391523,0.6791569,0.83957845,0.6808933,0.84044665,0.6270614,0.8135307,0.56222594,0.78111297,0.6661265,0.83306324,0.6133705,0.8066852,0.6186931,0.80934656
2594,0.7322925,0.8661462,0.6827606,0.8413803,0.6642456,0.8321228,0.7193984,0.8596992,0.68502545,0.8425127,0.6554494,0.8277247,0.62888277,0.8144414,0.6842072,0.8421036,0.63451743,0.8172587,0.6380165,0.81900823
2595,0.5727075,0.7863537,0.64598835,0.8229942,0.5787652,0.7893826,0.5802246,0.79011226,0.5364104,0.76820517,0.52370477,0.7618524,0.5738965,0.78694826,0.5933216,0.7966608,0.57468593,0.78734297,0.5641067,0.78205335
2597,0.77659786,0.8882989,0.67100024,0.8355001,0.74071324,0.8703566,0.5838262,0.7919131,0.69581676,0.8479084,0.74893224,0.8744661,0.61750805,0.808754,0.7076567,0.8538283,0.63235116,0.8161756,0.6868038,0.8434019
2645,0.6650387,0.83251935,0.68375504,0.8418775,0.6708319,0.83541596,0.6224251,0.81121254,0.63329816,0.8166491,0.6619619,0.83098096,0.6479646,0.8239823,0.6788415,0.83942074,0.6857417,0.84287083,0.6920376,0.8460188
2654,0.6733303,0.83666515,0.6775273,0.83876365,0.64343035,0.8217152,0.6517257,0.8258629,0.5985949,0.79929745,0.5759338,0.7879669,0.58006656,0.7900333,0.6271805,0.8135903,0.58034885,0.7901744,0.5995848,0.7997924
2655,0.6765655,0.83828276,0.68166536,0.8408327,0.6494474,0.8247237,0.69530714,0.84765357,0.64290935,0.82145464,0.60320276,0.8016014,0.6014365,0.80071825,0.6334963,0.81674814,0.6515205,0.82576025,0.6153457,0.80767286
2656,0.7319428,0.8659714,0.7381326,0.8690663,0.6731489,0.83657444,0.66834354,0.8341718,0.6483265,0.82416326,0.628536,0.814268,0.6084968,0.8042484,0.69765574,0.84882784,0.665504,0.832752,0.6250764,0.8125382
2657,0.60110414,0.80055207,0.6413071,0.82065356,0.6179688,0.8089844,0.5861005,0.7930503,0.6118158,0.8059079,0.65863323,0.8293166,0.6127673,0.8063836,0.73649365,0.8682468,0.74690807,0.87345403,0.7003447,0.85017234
2658,0.65919363,0.8295968,0.6092417,0.80462086,0.5721086,0.7860543,0.576885,0.7884425,0.5700064,0.7850032,0.5581751,0.77908754,0.50622433,0.7531122,0.592646,0.796323,0.5830831,0.7915416,0.54512554,0.77256274
2659,0.54065645,0.7703282,0.59538585,0.7976929,0.5222526,0.7611263,0.54039955,0.7701998,0.51994157,0.7599708,0.4999618,0.7499809,0.5563974,0.7781987,0.54889053,0.7744453,0.5760829,0.7880415,0.56656295,0.78328145
2660,0.5942228,0.7971114,0.6041184,0.8020592,0.5511748,0.77558744,0.55380833,0.77690417,0.56278837,0.7813942,0.59338367,0.79669183,0.6091881,0.80459404,0.5936551,0.79682755,0.6171509,0.80857545,0.6132746,0.8066373
2741,0.6589494,0.8294747,0.54845214,0.77422607,0.5560265,0.7780132,0.58904076,0.7945204,0.54700786,0.7735039,0.5225214,0.7612607,0.47885716,0.7394286,0.5201262,0.7600631,0.54182637,0.7709132,0.50907683,0.7545384
2766,0.7453569,0.87267846,0.8159443,0.90797216,0.739501,0.8697505,0.66953075,0.8347654,0.7031472,0.8515736,0.68040454,0.8402023,0.65314627,0.82657313,0.77869004,0.88934505,0.70391893,0.85195947,0.6736044,0.83680224
2793,0.7084949,0.85424745,0.70696294,0.8534815,0.6081013,0.8040507,0.6321678,0.8160839,0.66527224,0.8326361,0.6874809,0.84374046,0.65908647,0.82954323,0.7200049,0.86000246,0.6596695,0.82983476,0.6992926,0.84964633
2810,0.67908806,0.83954406,0.7026178,0.85130894,0.65967226,0.82983613,0.62987876,0.8149394,0.59992766,0.79996383,0.53646994,0.76823497,0.5161028,0.7580514,0.64162743,0.8208137,0.595405,0.7977025,0.5228234,0.76141167
2824,0.7020484,0.8510242,0.74243355,0.8712168,0.71189594,0.855948,0.67056346,0.8352817,0.689505,0.8447525,0.64915,0.824575,0.6187754,0.8093877,0.7395215,0.86976075,0.6907933,0.84539664,0.6669725,0.83348626
3002,0.6982168,0.8491084,0.69474745,0.8473737,0.6955527,0.84777635,0.6534054,0.8267027,0.6669539,0.83347696,0.6282499,0.81412494,0.670671,0.8353355,0.66874284,0.83437145,0.6756811,0.83784056,0.65339965,0.82669985
3021,0.5915113,0.7957556,0.61428726,0.8071436,0.5546035,0.7773018,0.56733966,0.7836698,0.5183182,0.7591591,0.4700746,0.7350373,0.49977708,0.74988854,0.5452939,0.77264696,0.5544274,0.7772137,0.5071294,0.7535647
3093,0.72570413,0.8628521,0.74968684,0.8748434,0.7234366,0.8617183,0.68947333,0.8447367,0.7204877,0.86024386,0.6831597,0.84157985,0.6989191,0.8494595,0.7288294,0.8644147,0.72649646,0.8632482,0.7346852,0.8673426
3105,0.77435464,0.88717735,0.7265212,0.8632606,0.6932266,0.8466133,0.666336,0.833168,0.69400513,0.84700257,0.68867296,0.8443365,0.6718515,0.83592576,0.7037077,0.85185385,0.68127865,0.84063935,0.69676006,0.84838
3113,0.5849411,0.7924706,0.5431353,0.77156764,0.528813,0.7644065,0.5279554,0.7639777,0.5149749,0.7574874,0.6075776,0.8037888,0.55103374,0.77551687,0.56999373,0.78499687,0.5740935,0.7870468,0.60647005,0.80323505
3118,0.7356825,0.86784124,0.6969439,0.84847194,0.6646594,0.8323297,0.6304775,0.8152387,0.7056753,0.8528377,0.7183616,0.8591808,0.7057391,0.8528695,0.7170721,0.85853606,0.720577,0.8602885,0.7318798,0.86593986
3120,0.6395335,0.81976676,0.67009854,0.8350493,0.64401126,0.8220056,0.5924206,0.7962103,0.6353594,0.8176797,0.6395728,0.8197864,0.62540793,0.81270397,0.6731024,0.8365512,0.67515993,0.83757997,0.6787288,0.8393644
3122,0.7766621,0.88833106,0.7415997,0.87079984,0.748013,0.8740065,0.6325337,0.8162669,0.7157564,0.8578782,0.71712977,0.85856485,0.6243866,0.8121933,0.7421218,0.8710609,0.6792686,0.8396343,0.69397306,0.84698653
3123,0.7056041,0.85280204,0.702636,0.851318,0.6861795,0.84308976,0.6393908,0.8196954,0.6892803,0.84464014,0.7009127,0.85045636,0.6777382,0.8388691,0.7266077,0.86330384,0.6948919,0.84744596,0.7170285,0.85851425
3133,0.7454954,0.87274766,0.69159603,0.845798,0.6941527,0.84707636,0.63809407,0.81904703,0.66360843,0.8318042,0.6945177,0.8472588,0.627343,0.81367147,0.7138569,0.85692847,0.6563008,0.8281504,0.67688,0.83844
3134,0.7513671,0.87568355,0.6998192,0.8499096,0.70138526,0.85069263,0.64275444,0.8213772,0.70798045,0.8539902,0.7351662,0.8675831,0.6732087,0.83660436,0.737938,0.86896896,0.6843871,0.84219354,0.7125702,0.8562851
3135,0.7219645,0.86098224,0.6582285,0.82911426,0.64949477,0.8247474,0.6017038,0.80085194,0.63349116,0.8167456,0.6251989,0.8125994,0.57623065,0.7881153,0.6117322,0.8058661,0.5886883,0.7943442,0.59835696,0.7991785
3136,0.6760427,0.83802134,0.702071,0.8510355,0.6458652,0.8229326,0.6238234,0.8119117,0.618156,0.809078,0.60992074,0.80496037,0.5912745,0.79563725,0.6829508,0.84147537,0.664269,0.8321345,0.619511,0.8097555
3137,0.7490767,0.87453836,0.64309406,0.82154703,0.6784102,0.8392051,0.5946699,0.7973349,0.66390085,0.8319504,0.708609,0.8543045,0.5885485,0.7942742,0.6797782,0.8398891,0.61632967,0.80816483,0.6381097,0.81905484
3138,0.6739615,0.83698076,0.627053,0.8135265,0.6588162,0.8294081,0.62819314,0.81409657,0.5926801,0.79634005,0.5964974,0.7982487,0.55893266,0.77946633,0.62121594,0.81060797,0.60237646,0.80118823,0.5885515,0.79427576
3139,0.7440336,0.8720168,0.6549757,0.8274878,0.6848988,0.8424494,0.62434584,0.8121729,0.6503625,0.82518125,0.7097328,0.8548664,0.5969543,0.7984772,0.6818236,0.8409118,0.6532484,0.8266242,0.6703522,0.8351761
3140,0.76154,0.88076997,0.6716554,0.8358277,0.6885954,0.8442977,0.65015,0.82507503,0.6756353,0.83781767,0.6812273,0.84061366,0.6406616,0.8203308,0.67991483,0.8399574,0.6477636,0.8238818,0.6745093,0.83725464
3141,0.66545653,0.83272827,0.71185863,0.8559293,0.6728892,0.8364446,0.5964855,0.79824275,0.6513592,0.8256796,0.6403487,0.82017434,0.63357866,0.8167893,0.67316353,0.83658177,0.68072796,0.840364,0.66275096,0.8313755
3142,0.7555098,0.8777549,0.7069807,0.85349035,0.7151946,0.8575973,0.6320051,0.81600255,0.65152884,0.8257644,0.6916883,0.84584415,0.61143935,0.8057197,0.71200037,0.8560002,0.6730089,0.83650446,0.68229777,0.84114885
3143,0.7497644,0.8748822,0.7092612,0.8546306,0.7078048,0.8539024,0.6556928,0.8278464,0.6802443,0.84012216,0.68605506,0.84302753,0.6630311,0.83151555,0.70807827,0.85403913,0.67857194,0.83928597,0.68397903,0.8419895
3144,0.7657534,0.8828767,0.6986888,0.8493444,0.7420697,0.87103486,0.6480814,0.8240407,0.685382,0.842691,0.7151247,0.85756236,0.63994056,0.81997025,0.74663407,0.873317,0.69480115,0.84740055,0.6902988,0.8451494
3145,0.53324205,0.766621,0.5149959,0.7574979,0.48021752,0.7401087,0.524021,0.7620105,0.4717102,0.7358551,0.46663946,0.73331976,0.47287944,0.7364397,0.49164236,0.7458212,0.49790245,0.7489512,0.4712066,0.73560333
3146,0.667997,0.8339985,0.6078719,0.80393595,0.62411475,0.8120574,0.5795114,0.7897557,0.60949725,0.80474865,0.65212715,0.8260636,0.6040454,0.8020227,0.645311,0.8226555,0.6092295,0.8046148,0.6425851,0.8212925
3147,0.73080885,0.8654044,0.7063633,0.85318166,0.68842065,0.8442103,0.6585505,0.82927525,0.6572856,0.8286428,0.6991277,0.84956384,0.6225544,0.8112772,0.71929085,0.8596454,0.703977,0.8519885,0.7000369,0.85001844
3148,0.6976204,0.8488102,0.65085435,0.8254272,0.64476955,0.8223848,0.59294033,0.79647017,0.63955015,0.8197751,0.69066477,0.8453324,0.6791332,0.8395666,0.6818917,0.84094584,0.66157866,0.8307893,0.7002435,0.85012174
3149,0.735589,0.8677945,0.67910486,0.8395524,0.6582295,0.82911474,0.64225525,0.82112765,0.6648487,0.83242434,0.6814536,0.8407268,0.63439727,0.81719863,0.6600436,0.8300218,0.6381531,0.81907654,0.67347443,0.8367372
3150,0.7547202,0.8773601,0.65498424,0.8274921,0.6682527,0.83412635,0.6229321,0.81146604,0.6647717,0.83238584,0.70517135,0.8525857,0.6062548,0.8031274,0.6917201,0.84586006,0.633961,0.8169805,0.6956266,0.8478133
3153,0.70039785,0.8501989,0.6661178,0.8330589,0.69430196,0.847151,0.62569344,0.8128467,0.66227436,0.8311372,0.62608445,0.8130422,0.6163177,0.8081589,0.6685681,0.83428407,0.6435987,0.82179934,0.6342181,0.81710905
3155,0.62910765,0.81455386,0.60415685,0.8020784,0.59072614,0.79536307,0.52409756,0.7620488,0.5474231,0.77371156,0.5368002,0.7684001,0.55016375,0.7750819,0.57488173,0.7874409,0.5450821,0.77254105,0.519405,0.7597025
3156,0.7931386,0.8965693,0.68619955,0.8430998,0.7071183,0.85355914,0.6478521,0.8239261,0.6909288,0.8454644,0.69636494,0.84818244,0.6077089,0.80385447,0.6871847,0.84359235,0.61874187,0.80937093,0.6678336,0.8339168
3157,0.7697108,0.8848554,0.71521485,0.8576074,0.75575846,0.87787926,0.6678482,0.8339241,0.7365488,0.8682744,0.72994745,0.8649737,0.66436017,0.8321801,0.7359135,0.86795676,0.6964798,0.8482399,0.7154341,0.85771704
3158,0.63493407,0.81746703,0.5912366,0.7956183,0.5643667,0.78218335,0.54343575,0.7717179,0.5672919,0.783646,0.6169927,0.80849636,0.58848834,0.79424417,0.6136817,0.80684084,0.5758381,0.78791904,0.59145665,0.7957283
3159,0.67673934,0.83836967,0.64043045,0.8202152,0.66819036,0.8340952,0.5508449,0.77542245,0.6431502,0.8215751,0.66738594,0.83369297,0.625486,0.812743,0.657869,0.8289345,0.62697136,0.8134857,0.6397557,0.81987786
3160,0.7298115,0.8649057,0.695519,0.8477595,0.6826227,0.84131134,0.6249577,0.81247884,0.6705086,0.8352543,0.70904136,0.8545207,0.67775905,0.8388795,0.72908413,0.86454207,0.69102764,0.8455138,0.7167657,0.8583828
3161,0.7834816,0.8917408,0.76722085,0.8836104,0.7590772,0.8795386,0.6680646,0.8340323,0.7528589,0.87642944,0.6904435,0.84522176,0.6306358,0.81531787,0.7348232,0.8674116,0.6778866,0.8389433,0.6863978,0.8431989
3162,0.71424633,0.85712314,0.6491202,0.8245601,0.65922976,0.8296149,0.63433087,0.81716543,0.6299554,0.8149777,0.6555549,0.82777745,0.5872381,0.79361904,0.6815411,0.84077054,0.6660613,0.83303064,0.65532774,0.8276639
3186,0.7922314,0.89611566,0.73515916,0.8675796,0.70381546,0.85190773,0.6698395,0.83491975,0.7121412,0.85607064,0.7096783,0.85483915,0.6439508,0.8219754,0.7265287,0.8632643,0.671804,0.835902,0.71351945,0.8567597
3225,0.6592183,0.82960916,0.7029758,0.8514879,0.6273273,0.81366366,0.66809356,0.8340468,0.61265695,0.8063285,0.5388676,0.7694338,0.54934,0.77467,0.6151537,0.80757684,0.6045582,0.8022791,0.5579071,0.77895355
3315,0.6095321,0.80476606,0.5932872,0.7966436,0.5995624,0.7997812,0.52597153,0.76298577,0.56233877,0.7811694,0.6332164,0.8166082,0.5962115,0.7981057,0.6346247,0.81731236,0.6124553,0.8062277,0.6339099,0.816955
3321,0.6474004,0.8237002,0.6241896,0.8120948,0.57459605,0.787298,0.57195187,0.78597593,0.5851729,0.79258645,0.59676224,0.7983811,0.5732703,0.78663516,0.6395315,0.81976575,0.56253564,0.7812678,0.57461023,0.7873051
3332,0.63899946,0.81949973,0.62708277,0.8135414,0.69008416,0.8450421,0.6267022,0.8133511,0.57777715,0.7888886,0.56142676,0.7807134,0.5067209,0.75336045,0.6060232,0.8030116,0.59727836,0.7986392,0.5648811,0.78244054
5877,0.6135744,0.8067872,0.6865213,0.84326065,0.5933794,0.7966897,0.5855904,0.7927952,0.5772806,0.78864026,0.5484836,0.7742418,0.5527485,0.7763742,0.5979308,0.7989654,0.62059575,0.81029785,0.5980462,0.7990231
5981,0.76136935,0.8806847,0.73748374,0.86874187,0.769946,0.884973,0.7045774,0.8522887,0.7120376,0.8560188,0.65797496,0.8289875,0.633772,0.816886,0.7076771,0.85383856,0.6816385,0.84081924,0.66343427,0.83171713
6043,0.69643813,0.84821904,0.6167856,0.80839276,0.57948965,0.78974485,0.59759307,0.79879653,0.62950766,0.81475383,0.64664626,0.82332313,0.61649156,0.8082458,0.622274,0.81113696,0.6408842,0.8204421,0.62083215,0.8104161
6078,0.75596184,0.87798095,0.6881167,0.8440584,0.7090754,0.8545377,0.66074926,0.8303746,0.69306916,0.8465346,0.68114144,0.8405707,0.645757,0.8228785,0.69377375,0.8468869,0.6955365,0.84776825,0.68236095,0.84118044
6081,0.7857603,0.89288014,0.7056943,0.85284716,0.6748509,0.8374255,0.641176,0.820588,0.74260116,0.8713006,0.8217147,0.9108573,0.7670672,0.8835336,0.77048475,0.88524234,0.7548072,0.8774036,0.799943,0.8999715
6082,0.70496356,0.8524818,0.6330136,0.8165068,0.62839115,0.8141956,0.6162674,0.8081337,0.65485865,0.8274293,0.7063334,0.8531667,0.6907903,0.84539515,0.68109775,0.8405489,0.721998,0.860999,0.712155,0.8560775
6090,0.58288133,0.79144067,0.5649502,0.7824751,0.53139734,0.7656987,0.54615724,0.7730786,0.5451591,0.77257955,0.5482502,0.7741251,0.5620993,0.7810496,0.58543193,0.79271597,0.55427957,0.7771398,0.5809778,0.7904889
6127,0.7244251,0.86221254,0.7633408,0.88167036,0.77636683,0.8881834,0.66866726,0.83433366,0.7076432,0.85382164,0.6963673,0.84818363,0.62370944,0.8118547,0.73593754,0.8679688,0.64450866,0.8222543,0.67781425,0.8389071
6211,0.7363554,0.8681777,0.7211596,0.8605798,0.7102429,0.8551215,0.6033317,0.80166584,0.7074434,0.85372174,0.7314528,0.8657264,0.69818866,0.84909433,0.7142886,0.8571443,0.70957536,0.8547877,0.74361116,0.87180555
6213,0.7191247,0.85956234,0.6100481,0.805024,0.58926415,0.7946321,0.5484898,0.7742449,0.6164419,0.808221,0.6586685,0.82933426,0.5975423,0.79877114,0.6138979,0.80694896,0.634673,0.8173365,0.6367188,0.8183594
6214,0.61363107,0.8068155,0.6020487,0.8010243,0.62007797,0.810039,0.52825594,0.76412797,0.5476326,0.7738163,0.57709837,0.7885492,0.56095886,0.78047943,0.6008131,0.8004066,0.58996814,0.7949841,0.5831706,0.7915853
6231,0.64923525,0.8246176,0.6235534,0.8117767,0.5737343,0.78686714,0.5748309,0.78741544,0.6012145,0.80060726,0.6081568,0.8040784,0.6177112,0.8088556,0.6204562,0.8102281,0.6175971,0.80879855,0.62237686,0.81118846
6232,0.77347565,0.8867378,0.7091166,0.8545583,0.7234711,0.8617356,0.6475556,0.8237778,0.70996714,0.85498357,0.7347989,0.86739945,0.65047383,0.8252369,0.7353829,0.86769146,0.69699377,0.8484969,0.7277255,0.86386275
6233,0.7760135,0.88800675,0.73253775,0.8662689,0.75331205,0.87665606,0.63521135,0.8176057,0.7125151,0.85625756,0.70367193,0.85183597,0.60348904,0.8017445,0.71561956,0.8578098,0.6750951,0.83754754,0.65943354,0.8297168
6239,0.6397505,0.81987524,0.6158073,0.80790365,0.6037147,0.80185735,0.62811136,0.8140557,0.57907295,0.7895365,0.63253194,0.81626594,0.6176237,0.80881184,0.66150737,0.8307537,0.6765975,0.83829874,0.6652378,0.8326189
6240,0.7145335,0.8572668,0.64314413,0.82157207,0.6558721,0.82793605,0.6028141,0.80140704,0.6479139,0.82395697,0.65129304,0.8256465,0.6025425,0.80127126,0.6460173,0.82300866,0.6585137,0.8292569,0.62574244,0.8128712
6254,0.61006474,0.8050324,0.67039,0.835195,0.56841016,0.7842051,0.604015,0.8020075,0.58147275,0.7907364,0.5471971,0.77359855,0.5878049,0.79390246,0.62448716,0.8122436,0.6070632,0.8035316,0.587582,0.793791
6255,0.6939596,0.8469798,0.6217237,0.8108618,0.6646764,0.8323382,0.5801961,0.7900981,0.60186404,0.80093205,0.64244914,0.8212246,0.5817294,0.7908647,0.6300385,0.81501925,0.6317925,0.8158963,0.64930725,0.8246536
6342,0.63415873,0.81707937,0.62928045,0.8146402,0.5996331,0.79981655,0.5589987,0.77949935,0.60735255,0.80367625,0.61902094,0.80951047,0.60664135,0.80332065,0.62611383,0.81305695,0.5823577,0.7911788,0.5775082,0.7887541
7630,0.59213555,0.7960678,0.6544126,0.8272063,0.54147947,0.77073973,0.6120175,0.80600876,0.584976,0.792488,0.5517397,0.77586985,0.598184,0.799092,0.63345456,0.8167273,0.63666874,0.81833434,0.6512081,0.8256041
7654,0.7159951,0.85799754,0.68389094,0.84194547,0.6767112,0.8383556,0.6027602,0.8013801,0.6330189,0.8165095,0.6564814,0.8282407,0.6067952,0.8033976,0.6606724,0.8303362,0.6230754,0.81153774,0.63168466,0.81584233
8890,0.6269156,0.8134578,0.64465857,0.8223293,0.62408805,0.812044,0.6086974,0.8043487,0.604468,0.802234,0.6567725,0.82838625,0.6076317,0.80381584,0.6975913,0.84879565,0.69805,0.849025,0.7068096,0.85340476
8916,0.62420756,0.81210375,0.6637753,0.83188766,0.65552497,0.8277625,0.564221,0.7821105,0.5903985,0.7951993,0.53913987,0.76956993,0.58017385,0.7900869,0.6076232,0.8038116,0.64529026,0.8226451,0.57986414,0.7899321
9028,0.6750558,0.8375279,0.68671644,0.8433582,0.6280086,0.8140043,0.620693,0.8103465,0.615121,0.8075605,0.6285791,0.81428957,0.6397326,0.8198663,0.6769159,0.83845794,0.64879125,0.82439566,0.6721933,0.83609664
9066,0.72281694,0.8614085,0.66192096,0.8309605,0.64036953,0.82018477,0.60790193,0.80395097,0.6298288,0.8149144,0.61106515,0.8055326,0.562752,0.781376,0.6257335,0.81286675,0.620006,0.81000304,0.6016085,0.80080426
9445,0.66054857,0.8302743,0.67314863,0.8365743,0.6319801,0.8159901,0.6684964,0.8342482,0.6121353,0.80606765,0.59342605,0.796713,0.5989748,0.7994874,0.6576421,0.82882106,0.65852773,0.82926387,0.6421937,0.82109684
9542,0.7445226,0.8722613,0.7452171,0.87260854,0.6759065,0.8379532,0.6911397,0.84556985,0.6857635,0.84288174,0.6279448,0.8139724,0.59209204,0.796046,0.7126471,0.85632354,0.65562254,0.82781124,0.63486195,0.817431
9546,0.7186413,0.85932064,0.6724609,0.83623046,0.63070726,0.81535363,0.6334075,0.81670374,0.66310894,0.8315545,0.6642195,0.83210975,0.6409949,0.82049745,0.68742466,0.84371233,0.6449586,0.8224793,0.63819826,0.8190991
9547,0.6190293,0.80951464,0.6064075,0.80320376,0.59098387,0.79549193,0.6151688,0.8075844,0.55200297,0.77600145,0.5123375,0.7561687,0.5233375,0.76166874,0.566177,0.7830885,0.5700394,0.7850197,0.54670846,0.77335423
9583,0.68662155,0.8433108,0.66782385,0.8339119,0.628006,0.814003,0.66196334,0.8309817,0.6023736,0.8011868,0.576315,0.78815746,0.57556427,0.78778213,0.6279124,0.8139562,0.6335945,0.81679726,0.6016929,0.80084646
9587,0.647149,0.82357454,0.6487243,0.82436216,0.6281631,0.81408155,0.56918174,0.78459084,0.59070647,0.79535323,0.64075696,0.8203785,0.6124845,0.8062422,0.64984107,0.82492054,0.63450456,0.8172523,0.6682388,0.83411944
12037,0.73065114,0.86532557,0.76048064,0.8802403,0.6920929,0.84604645,0.66681415,0.83340704,0.6723027,0.83615136,0.6522042,0.82610214,0.6693896,0.8346948,0.7352847,0.86764234,0.6828718,0.8414359,0.6794234,0.83971167
12116,0.61284804,0.806424,0.5946095,0.79730475,0.6167738,0.8083869,0.59509623,0.7975481,0.5378397,0.7689198,0.577906,0.788953,0.5582813,0.77914065,0.6056459,0.80282295,0.5895226,0.7947613,0.6120667,0.8060334
12122,0.70365214,0.8518261,0.6376854,0.8188427,0.6415399,0.8207699,0.57854414,0.78927207,0.60541224,0.8027061,0.6423868,0.8211934,0.5694897,0.78474486,0.62906766,0.8145338,0.6016742,0.8008371,0.60285217,0.80142605
12124,0.56782866,0.7839143,0.56205356,0.7810268,0.55349255,0.7767463,0.5238391,0.76191956,0.49072367,0.7453618,0.5434747,0.77173734,0.50826,0.75413,0.52607495,0.76303744,0.5438572,0.7719286,0.5534978,0.7767489
12141,0.576905,0.7884525,0.5336865,0.76684326,0.5120628,0.7560314,0.50535095,0.7526755,0.5451486,0.7725743,0.5421294,0.7710647,0.5790768,0.7895384,0.5218032,0.7609016,0.5425308,0.7712654,0.5523169,0.77615845
12143,0.65869516,0.8293476,0.64234984,0.8211749,0.63092804,0.815464,0.55561256,0.7778063,0.59617746,0.7980887,0.6472443,0.8236221,0.58539224,0.7926961,0.6464869,0.82324344,0.61986625,0.8099331,0.6447501,0.82237506
12149,0.68362796,0.841814,0.7081308,0.8540654,0.67679656,0.8383983,0.5879556,0.7939778,0.6412047,0.82060236,0.6259947,0.81299734,0.6489925,0.82449627,0.6614089,0.83070445,0.64436376,0.8221819,0.6498493,0.82492465
12161,0.55634695,0.77817345,0.58143103,0.7907155,0.54502255,0.77251124,0.5111355,0.7555678,0.5245654,0.7622827,0.51979613,0.75989807,0.5458642,0.7729321,0.56896234,0.78448117,0.55457604,0.777288,0.5613998,0.7806999
12252,0.71851856,0.85925925,0.73190856,0.8659543,0.67124665,0.8356233,0.6716344,0.8358172,0.7052766,0.8526383,0.7121043,0.85605216,0.6853039,0.84265196,0.7623551,0.88117754,0.7212167,0.86060834,0.73502755,0.8675138
12408,0.59264857,0.79632425,0.6247053,0.81235266,0.576159,0.7880795,0.5813416,0.7906708,0.57144487,0.78572243,0.5775156,0.7887578,0.5679153,0.78395766,0.6009274,0.8004637,0.5805876,0.7902938,0.60342276,0.8017114
12409,0.597591,0.79879546,0.57721716,0.78860855,0.54260445,0.7713022,0.54004556,0.77002275,0.5243131,0.76215655,0.55662286,0.77831143,0.5523068,0.7761534,0.562966,0.781483,0.5674403,0.78372014,0.5691693,0.78458464
12410,0.70739794,0.85369897,0.70753163,0.85376585,0.69402087,0.84701043,0.59851587,0.79925793,0.63807905,0.8190395,0.6594521,0.82972604,0.62057906,0.8102895,0.6880913,0.84404564,0.6557605,0.82788026,0.6441277,0.82206386
12418,0.7091166,0.8545583,0.62816733,0.8140837,0.68123865,0.8406193,0.5913454,0.7956727,0.6533016,0.8266508,0.7322694,0.8661347,0.65107894,0.82553947,0.6995042,0.84975207,0.6637206,0.8318603,0.71124816,0.8556241
12422,0.66176283,0.8308814,0.5938469,0.79692346,0.6236324,0.8118162,0.53228545,0.7661427,0.60982203,0.804911,0.6712154,0.8356077,0.5896013,0.79480064,0.6138915,0.80694574,0.6197747,0.80988735,0.6480876,0.8240438
12435,0.5869367,0.79346836,0.5523577,0.77617884,0.53192216,0.76596105,0.5538449,0.77692246,0.5360389,0.76801944,0.5256829,0.76284146,0.560328,0.780164,0.53074586,0.76537293,0.5562948,0.7781474,0.55922055,0.7796103
12436,0.6905241,0.84526205,0.6649393,0.83246964,0.6191766,0.8095883,0.5976052,0.7988026,0.61056113,0.80528057,0.63129854,0.8156493,0.5902627,0.7951313,0.6573628,0.8286814,0.6320142,0.81600714,0.6288682,0.8144341
12437,0.58885765,0.7944288,0.64260453,0.8213023,0.6105318,0.8052659,0.6082041,0.80410206,0.5965985,0.79829925,0.55057234,0.7752862,0.6076429,0.80382144,0.6411046,0.8205523,0.630391,0.8151955,0.5977154,0.7988577
12447,0.76119685,0.8805984,0.7400662,0.8700331,0.71989477,0.8599474,0.67606616,0.8380331,0.698504,0.849252,0.70745677,0.8537284,0.6786299,0.83931494,0.73971844,0.8698592,0.7183956,0.8591978,0.7136368,0.85681844
12448,0.7936499,0.89682496,0.73724675,0.8686234,0.76528156,0.8826408,0.6841824,0.8420912,0.75475657,0.8773783,0.7969258,0.8984629,0.71259123,0.8562956,0.7911645,0.89558226,0.7496828,0.8748414,0.77020156,0.8851008
12449,0.680145,0.8400725,0.5932112,0.7966056,0.6085131,0.80425656,0.55967325,0.77983665,0.59277046,0.7963852,0.68270636,0.8413532,0.5718361,0.78591806,0.6243264,0.81216323,0.6169255,0.80846274,0.6202713,0.81013566
12450,0.6197749,0.8098874,0.6517036,0.8258518,0.5951632,0.7975816,0.54792666,0.77396333,0.5947547,0.79737735,0.5741358,0.7870679,0.61591643,0.80795825,0.62308353,0.8115418,0.6011956,0.8005978,0.61567163,0.8078358
12451,0.7177149,0.85885745,0.6666461,0.83332306,0.69971246,0.84985626,0.5826816,0.7913408,0.64383453,0.8219173,0.6610224,0.8305112,0.5946077,0.79730386,0.65874076,0.8293704,0.6321,0.81605,0.65521455,0.8276073
12452,0.7463634,0.8731817,0.67138547,0.83569276,0.6842838,0.84214187,0.62541145,0.81270576,0.67853004,0.839265,0.70235586,0.85117793,0.625121,0.8125605,0.69367516,0.8468376,0.6894386,0.8447193,0.68897796,0.844489
12453,0.72093505,0.86046755,0.71933126,0.85966563,0.6647335,0.83236676,0.69665986,0.8483299,0.6565887,0.82829434,0.6236319,0.811816,0.6087477,0.80437386,0.70975786,0.8548789,0.6624838,0.8312419,0.6440487,0.82202435
12454,0.717726,0.858863,0.68887985,0.8444399,0.6291465,0.8145733,0.62637687,0.81318843,0.6649983,0.83249915,0.65787476,0.8289374,0.6429918,0.8214959,0.67477167,0.83738583,0.6738839,0.83694196,0.6593044,0.8296522
12455,0.72280025,0.8614001,0.66574347,0.83287174,0.6908709,0.84543544,0.6177399,0.80886996,0.6230736,0.8115368,0.68044555,0.8402228,0.57669115,0.7883456,0.6670478,0.83352387,0.670254,0.835127,0.6575429,0.8287715
12456,0.75694585,0.8784729,0.72712237,0.86356115,0.7220845,0.86104226,0.6641472,0.83207357,0.67365396,0.836827,0.64611936,0.8230597,0.6276425,0.81382126,0.7029708,0.8514854,0.6590599,0.82952994,0.63728666,0.81864333
12457,0.7191572,0.8595786,0.67670476,0.8383524,0.71379125,0.8568956,0.6093879,0.80469394,0.6621431,0.83107156,0.72030264,0.8601513,0.6851265,0.8425633,0.69944584,0.8497229,0.6492604,0.8246302,0.6815499,0.84077495
12458,0.7596928,0.8798464,0.7795476,0.8897738,0.7831789,0.89158946,0.6929741,0.84648705,0.7025018,0.8512509,0.70158005,0.85079,0.63975286,0.81987643,0.7671677,0.88358384,0.72712094,0.86356044,0.709194,0.854597
12459,0.58854616,0.7942731,0.6271571,0.81357855,0.59142315,0.7957116,0.5132213,0.75661063,0.57951397,0.789757,0.5366758,0.7683379,0.60360515,0.8018026,0.60311115,0.8015556,0.5363306,0.7681653,0.52806866,0.76403433
12460,0.66599405,0.832997,0.63099587,0.81549793,0.6179241,0.80896205,0.6197408,0.80987036,0.6020098,0.8010049,0.6693028,0.8346514,0.6145631,0.80728155,0.657371,0.8286855,0.7095449,0.85477245,0.66954744,0.8347737
12461,0.76378906,0.8818945,0.6571889,0.82859445,0.711589,0.8557945,0.62150085,0.8107504,0.66536903,0.8326845,0.74823236,0.8741162,0.6246216,0.8123108,0.69380975,0.8469049,0.6849898,0.8424949,0.71427536,0.8571377
12462,0.69495296,0.8474765,0.7346778,0.8673389,0.731044,0.865522,0.6452329,0.82261646,0.6736974,0.83684874,0.6989665,0.84948325,0.638587,0.8192935,0.72414154,0.8620708,0.748101,0.8740505,0.7302352,0.8651176
12463,0.6544484,0.8272242,0.65236276,0.8261814,0.6635598,0.8317799,0.58767927,0.79383963,0.65070975,0.8253549,0.6878387,0.84391934,0.7030164,0.8515082,0.68707764,0.8435388,0.70652425,0.8532621,0.72970545,0.8648527
12464,0.76426274,0.88213134,0.7103439,0.8551719,0.74302024,0.87151015,0.6336955,0.81684774,0.7142028,0.85710144,0.74833727,0.87416863,0.6520859,0.82604295,0.74111056,0.8705553,0.70647687,0.85323846,0.716596,0.858298
12465,0.64039534,0.8201977,0.67447793,0.83723897,0.62414443,0.8120722,0.58261704,0.7913085,0.61007404,0.805037,0.5980677,0.7990339,0.6272691,0.8136345,0.6555292,0.82776463,0.6366221,0.81831104,0.6724459,0.83622295
12466,0.6472516,0.8236258,0.5899089,0.7949544,0.60623,0.803115,0.52913594,0.764568,0.58444065,0.79222035,0.63005674,0.81502837,0.5595113,0.77975565,0.5943428,0.7971714,0.59663284,0.7983164,0.61040056,0.8052003
12467,0.6743927,0.83719635,0.684355,0.8421775,0.6469571,0.8234786,0.6243634,0.8121817,0.59530807,0.79765403,0.68475664,0.8423783,0.63960356,0.8198018,0.7189138,0.8594569,0.7292626,0.8646313,0.72322476,0.8616124
12468,0.57305044,0.78652525,0.57280713,0.78640354,0.57773256,0.7888663,0.52192926,0.76096463,0.5925933,0.79629666,0.58951116,0.7947556,0.6301614,0.8150807,0.5667097,0.7833549,0.6019577,0.80097884,0.5958422,0.79792106
12469,0.50424963,0.7521248,0.5535125,0.7767563,0.48811048,0.7440553,0.48663187,0.74331594,0.49756297,0.7487815,0.5057895,0.75289476,0.53486896,0.7674345,0.554413,0.77720654,0.6022304,0.8011152,0.5805168,0.7902584
12470,0.6762858,0.8381429,0.69854164,0.8492708,0.7135642,0.8567821,0.65348226,0.8267411,0.65539455,0.8276973,0.62821746,0.8141087,0.6246083,0.81230414,0.6913456,0.8456728,0.6647425,0.83237123,0.64948666,0.82474333
12471,0.67762715,0.83881354,0.67862165,0.8393108,0.6312183,0.81560916,0.667089,0.8335445,0.65700936,0.8285047,0.65982527,0.82991266,0.6678197,0.83390987,0.7137679,0.85688394,0.70198953,0.85099477,0.72594154,0.86297077
12472,0.65233546,0.8261677,0.69704276,0.84852135,0.6371732,0.8185866,0.63928837,0.8196442,0.62864244,0.8143212,0.62952,0.81475997,0.61392885,0.8069644,0.698015,0.8490075,0.6807194,0.8403597,0.6587948,0.82939744
12473,0.6753794,0.8376897,0.66890025,0.8344501,0.6130269,0.8065134,0.630035,0.81501746,0.6565517,0.82827586,0.6775994,0.8387997,0.6627598,0.8313799,0.68892026,0.8444601,0.6692993,0.8346497,0.7173399,0.85866994
12474,0.53657603,0.768288,0.51048404,0.755242,0.5391043,0.7695521,0.536594,0.76829696,0.47846276,0.73923135,0.5418643,0.77093214,0.4791792,0.7395896,0.5569217,0.77846086,0.58182395,0.790912,0.5424677,0.77123386
12475,0.6940824,0.8470412,0.65547466,0.82773733,0.6416309,0.82081544,0.6377386,0.8188693,0.6569012,0.82845056,0.6669946,0.8334973,0.6478915,0.82394576,0.65733165,0.82866585,0.6858542,0.8429271,0.65460765,0.8273038
12476,0.63013375,0.8150669,0.6412158,0.8206079,0.61427975,0.8071399,0.5831107,0.79155535,0.6372005,0.81860024,0.59866214,0.79933107,0.6532441,0.826622,0.65730155,0.8286508,0.61336267,0.80668133,0.6232798,0.8116399
12477,0.5730646,0.7865323,0.60386837,0.8019342,0.58102757,0.79051375,0.5803904,0.7901952,0.5521523,0.77607614,0.5718496,0.7859248,0.5308762,0.7654381,0.61774457,0.8088723,0.58106697,0.7905335,0.60352075,0.8017604
12478,0.7162536,0.85812676,0.7262057,0.86310285,0.7059568,0.8529784,0.6574869,0.82874346,0.6935786,0.8467893,0.67534477,0.83767235,0.64699507,0.82349753,0.7125661,0.85628307,0.6910968,0.8455484,0.68013096,0.8400655
12479,0.65780246,0.82890123,0.66783917,0.8339196,0.66151696,0.83075845,0.5897811,0.7948905,0.6135887,0.80679435,0.661674,0.830837,0.64168096,0.8208405,0.6814962,0.8407481,0.67442983,0.83721495,0.650682,0.825341
12480,0.7023077,0.85115385,0.6766419,0.838321,0.64696276,0.8234814,0.63955164,0.8197758,0.65482545,0.8274127,0.65446,0.82723,0.65585506,0.82792753,0.6817318,0.8408659,0.66458833,0.83229417,0.66797626,0.83398813
12481,0.6764525,0.83822626,0.6359111,0.81795555,0.6576353,0.8288176,0.6426749,0.82133746,0.60412216,0.8020611,0.6504015,0.82520074,0.616102,0.808051,0.67464423,0.8373221,0.6769397,0.83846986,0.6759844,0.8379922
12482,0.76372015,0.8818601,0.7290728,0.8645364,0.7278609,0.86393046,0.66295326,0.8314766,0.73604393,0.86802197,0.7486901,0.87434506,0.6958195,0.84790975,0.7535335,0.87676674,0.7228017,0.86140084,0.7441982,0.8720991
12483,0.6512165,0.82560825,0.6505513,0.82527566,0.64810836,0.8240542,0.5968677,0.79843384,0.6245365,0.81226826,0.68563986,0.8428199,0.656214,0.828107,0.68079007,0.84039503,0.6808007,0.84040034,0.71425915,0.8571296
12484,0.67291343,0.8364567,0.6538533,0.82692665,0.6571475,0.82857376,0.5685658,0.7842829,0.6387161,0.81935805,0.66686106,0.8334305,0.5952069,0.7976035,0.6343322,0.8171661,0.634451,0.81722546,0.64732885,0.8236644
12485,0.66709405,0.833547,0.66630596,0.833153,0.65376174,0.8268809,0.5950974,0.7975487,0.6441249,0.8220625,0.7452052,0.8726026,0.7114296,0.8557148,0.73533404,0.867667,0.70424736,0.8521237,0.763628,0.881814
12486,0.7850491,0.89252454,0.7923657,0.89618284,0.77183414,0.88591707,0.6802665,0.84013325,0.78164846,0.8908242,0.77104056,0.8855203,0.73689854,0.8684493,0.8123447,0.90617234,0.7616346,0.8808173,0.76556486,0.88278246
12487,0.7394408,0.8697204,0.73108083,0.8655404,0.71790546,0.85895276,0.6444588,0.8222294,0.68202454,0.84101224,0.693274,0.846637,0.6732515,0.83662575,0.7376218,0.8688109,0.7084314,0.85421574,0.7007343,0.8503672
12488,0.58429164,0.79214585,0.69058025,0.8452901,0.62678087,0.81339043,0.62800384,0.8140019,0.58955777,0.7947789,0.5633585,0.7816793,0.5682254,0.7841127,0.64955926,0.8247796,0.67480505,0.8374025,0.6245238,0.81226194
12489,0.58564377,0.7928219,0.59225225,0.7961261,0.5777464,0.7888732,0.53560495,0.7678025,0.54625094,0.77312547,0.55608153,0.77804077,0.5688412,0.7844206,0.5981866,0.7990933,0.5631063,0.78155315,0.5837846,0.7918923
12490,0.63376725,0.8168836,0.5879748,0.7939874,0.5986364,0.7993182,0.5577513,0.77887565,0.59179145,0.7958957,0.6239361,0.8119681,0.60786986,0.80393493,0.5852935,0.79264677,0.6176423,0.80882114,0.6282732,0.8141366
12491,0.7094978,0.8547489,0.6763205,0.8381603,0.6831708,0.8415854,0.60252905,0.8012645,0.67544806,0.83772403,0.7204988,0.8602494,0.6674731,0.83373654,0.7053168,0.8526584,0.6812272,0.8406136,0.71494687,0.85747343
12492,0.6065156,0.8032578,0.6006441,0.80032206,0.59921086,0.7996054,0.5933598,0.7966799,0.5574559,0.77872795,0.5457767,0.77288836,0.54068965,0.77034485,0.61191416,0.8059571,0.6065665,0.8032832,0.5305326,0.7652663
12493,0.617859,0.8089295,0.60703003,0.803515,0.6086662,0.8043331,0.56235105,0.7811755,0.55675524,0.77837765,0.63141906,0.81570953,0.6059271,0.80296355,0.6246623,0.81233114,0.6489336,0.8244668,0.65116477,0.8255824
12494,0.6282762,0.8141381,0.6320486,0.8160243,0.5989397,0.7994698,0.58447176,0.79223585,0.5821422,0.79107106,0.6154332,0.8077166,0.62402844,0.8120142,0.6079135,0.80395675,0.6804319,0.8402159,0.6604957,0.8302479
12495,0.7363351,0.8681675,0.73738724,0.8686936,0.6969862,0.8484931,0.6531184,0.8265592,0.7163265,0.85816324,0.7863501,0.893175,0.7144718,0.8572359,0.7829201,0.89146006,0.7800993,0.89004964,0.7775379,0.8887689
12496,0.7266846,0.8633423,0.68966717,0.8448336,0.7177794,0.8588897,0.66937864,0.8346893,0.65880024,0.8294001,0.6851856,0.84259284,0.6311853,0.81559265,0.7433423,0.87167114,0.74834144,0.8741707,0.7162086,0.8581043
12497,0.7202332,0.8601166,0.66448057,0.8322403,0.69085,0.845425,0.63350534,0.8167527,0.6554973,0.82774866,0.703146,0.851573,0.63126624,0.8156331,0.7088525,0.85442626,0.65658677,0.8282934,0.6743244,0.8371622
12498,0.69907963,0.8495398,0.71638227,0.85819113,0.67121303,0.8356065,0.63115036,0.8155752,0.64478636,0.8223932,0.6735499,0.83677495,0.65800714,0.8290036,0.6957577,0.8478788,0.7101036,0.85505176,0.6864877,0.84324384
12499,0.708521,0.8542605,0.67898023,0.8394901,0.70093393,0.85046697,0.5861064,0.7930532,0.7125733,0.85628664,0.6998998,0.8499499,0.68882114,0.84441054,0.70939213,0.85469604,0.6609936,0.8304968,0.68340355,0.84170175
12500,0.5397841,0.76989204,0.5300015,0.76500076,0.4555025,0.72775126,0.48356804,0.74178404,0.4789552,0.73947763,0.46708617,0.7335431,0.5252546,0.7626273,0.49441457,0.7472073,0.5168165,0.75840825,0.4942537,0.7471268
12501,0.45938984,0.7296949,0.45791084,0.7289554,0.44524273,0.7226214,0.4818685,0.74093425,0.42804512,0.7140226,0.38827536,0.6941377,0.4295082,0.7147541,0.42736262,0.71368134,0.42176732,0.7108837,0.40410143,0.7020507
12502,0.5772381,0.78861904,0.6844629,0.84223145,0.5836495,0.79182476,0.5541434,0.7770717,0.6578504,0.8289252,0.5456078,0.7728039,0.6654073,0.83270365,0.643438,0.821719,0.62703955,0.8135198,0.60903275,0.8045164
12503,0.64934313,0.82467157,0.60468364,0.8023418,0.63293904,0.81646955,0.5600977,0.78004885,0.5679273,0.7839637,0.6141367,0.80706835,0.54039985,0.7701999,0.621791,0.8108955,0.6160077,0.80800384,0.5801351,0.79006755
12504,0.6619421,0.83097106,0.6752542,0.8376271,0.6685071,0.83425355,0.6330066,0.8165033,0.6273987,0.81369936,0.57718104,0.78859055,0.58389705,0.79194856,0.66310334,0.8315517,0.6413817,0.8206909,0.58199334,0.7909967
12505,0.6840427,0.84202135,0.62906945,0.8145347,0.6687242,0.8343621,0.6053356,0.8026678,0.6127491,0.80637455,0.6576147,0.82880735,0.5804671,0.79023355,0.64102054,0.82051027,0.66242003,0.83121,0.6483896,0.8241948
12506,0.6644722,0.8322361,0.67340326,0.83670163,0.62698156,0.81349075,0.6010076,0.8005038,0.63513523,0.8175676,0.62249863,0.8112493,0.6083293,0.80416465,0.6168044,0.8084022,0.6348406,0.8174203,0.63325506,0.8166275
12507,0.5952865,0.79764324,0.6487093,0.82435465,0.67015845,0.8350792,0.56187946,0.7809397,0.64126575,0.8206329,0.58005613,0.7900281,0.63012236,0.8150612,0.6336767,0.8168384,0.6527797,0.82638985,0.64043003,0.820215
12508,0.7305652,0.8652826,0.68052036,0.84026015,0.6925232,0.8462616,0.5730467,0.78652334,0.685872,0.84293604,0.70398325,0.85199165,0.6268311,0.8134155,0.68737966,0.8436898,0.6174983,0.80874914,0.6590266,0.8295133
12509,0.6077137,0.80385685,0.62603855,0.8130193,0.68508863,0.8425443,0.5926289,0.7963145,0.5706811,0.78534055,0.57827866,0.78913933,0.51908505,0.7595425,0.63682663,0.8184133,0.6228845,0.81144226,0.6183,0.80915
12510,0.5944549,0.79722744,0.6146137,0.8073069,0.5772725,0.7886362,0.59565055,0.7978253,0.56421804,0.782109,0.5972077,0.7986039,0.59276426,0.7963821,0.627447,0.8137235,0.6496761,0.82483804,0.64596385,0.82298195
12511,0.57482374,0.78741187,0.57653534,0.7882677,0.5290556,0.7645278,0.53589594,0.767948,0.52535444,0.7626772,0.57442874,0.7872144,0.5491574,0.7745787,0.5863037,0.79315186,0.6082965,0.80414826,0.574636,0.787318
12512,0.5701118,0.7850559,0.5701574,0.7850787,0.5072707,0.75363535,0.5514548,0.7757274,0.53817004,0.76908505,0.48440188,0.742201,0.5178876,0.7589438,0.5385878,0.7692939,0.5558542,0.7779271,0.5163265,0.7581632
12513,0.67581373,0.83790684,0.62365234,0.81182617,0.6456901,0.82284504,0.57551366,0.7877568,0.59409523,0.7970476,0.62895083,0.8144754,0.5698259,0.78491294,0.6214767,0.8107383,0.6073506,0.8036753,0.6080575,0.80402875
12514,0.7511982,0.8755991,0.7454405,0.87272024,0.70880663,0.8544033,0.6576188,0.8288094,0.7234142,0.8617071,0.69673514,0.8483676,0.65687335,0.8284367,0.747766,0.873883,0.6890337,0.8445169,0.68755156,0.84377575
12515,0.7244487,0.86222434,0.71477866,0.85738933,0.6923497,0.84617484,0.6502439,0.82512194,0.66608006,0.83304,0.6548599,0.82742995,0.6196916,0.8098458,0.7117802,0.8558901,0.7122623,0.85613114,0.6628749,0.83143747
12516,0.6551519,0.8275759,0.65546286,0.82773143,0.67429316,0.8371466,0.6387284,0.8193642,0.5999929,0.79999644,0.53464144,0.76732075,0.56820256,0.78410125,0.64033246,0.82016623,0.5885465,0.79427326,0.55652493,0.7782625
12518,0.65891093,0.8294555,0.71640444,0.8582022,0.650223,0.8251115,0.6253393,0.81266963,0.68068653,0.84034324,0.6262438,0.8131219,0.6765167,0.8382584,0.7077695,0.85388476,0.6770344,0.8385172,0.68997294,0.84498644
12519,0.6610387,0.8305193,0.65193677,0.8259684,0.64202535,0.8210127,0.54762375,0.7738119,0.6028319,0.8014159,0.5872094,0.79360473,0.5827561,0.791378,0.6240671,0.81203353,0.59893465,0.7994673,0.58338416,0.7916921
12520,0.64398897,0.8219945,0.6545262,0.8272631,0.62376523,0.8118826,0.58010674,0.79005337,0.5873223,0.7936611,0.6402729,0.8201364,0.57896733,0.78948367,0.64223737,0.8211187,0.58814186,0.79407096,0.6421746,0.8210873
12521,0.73749816,0.8687491,0.6887821,0.84439105,0.7167406,0.8583703,0.6185916,0.8092958,0.6796154,0.8398077,0.6878154,0.8439077,0.63471794,0.817359,0.7083541,0.85417706,0.634833,0.8174165,0.66868436,0.8343422
12523,0.6604763,0.83023816,0.6332027,0.81660134,0.63739836,0.8186992,0.59499633,0.79749817,0.5789683,0.78948414,0.63238657,0.8161933,0.56497544,0.78248775,0.6313292,0.8156646,0.6358951,0.8179475,0.6727768,0.8363884
12525,0.8459903,0.92299515,0.7772199,0.88860995,0.79290545,0.8964527,0.69912595,0.849563,0.81215924,0.90607965,0.7880341,0.89401704,0.73684245,0.8684212,0.7950506,0.8975253,0.72348595,0.861743,0.75498796,0.877494
12526,0.7401116,0.8700558,0.68816423,0.8440821,0.70239145,0.8511957,0.6631,0.83155,0.6625648,0.8312824,0.68441784,0.8422089,0.6560282,0.82801414,0.6980704,0.8490352,0.67929614,0.83964807,0.6976477,0.84882385
12527,0.7558313,0.8779156,0.6954185,0.84770924,0.698513,0.8492565,0.6285001,0.81425005,0.69286513,0.84643257,0.7361421,0.8680711,0.6420442,0.8210221,0.73984516,0.8699226,0.70616746,0.8530837,0.6929025,0.8464513
12528,0.6791012,0.8395506,0.6462796,0.8231398,0.6759894,0.8379947,0.5668659,0.78343296,0.6295683,0.81478417,0.6958637,0.84793186,0.634755,0.8173775,0.6602201,0.8301101,0.64787346,0.8239367,0.67047644,0.8352382
12529,0.7929972,0.89649856,0.68204254,0.8410213,0.7393239,0.8696619,0.6455016,0.8227508,0.7219415,0.86097074,0.739604,0.869802,0.6368091,0.81840456,0.72744334,0.86372167,0.63694227,0.81847113,0.68102443,0.8405122
12530,0.59682536,0.7984127,0.5764208,0.7882104,0.5662439,0.78312194,0.5200591,0.76002955,0.51326334,0.7566317,0.52478623,0.7623931,0.49317682,0.7465884,0.5135975,0.75679874,0.5245567,0.7622783,0.553035,0.7765175
12531,0.5464583,0.7732291,0.57660866,0.7883043,0.55579317,0.7778966,0.4999736,0.74998677,0.53247315,0.76623654,0.5496365,0.77481824,0.5609405,0.78047025,0.53911227,0.76955616,0.57366437,0.7868322,0.5727365,0.78636825
12532,0.7617823,0.88089114,0.68992186,0.8449609,0.71107936,0.8555397,0.644132,0.822066,0.6898844,0.8449422,0.705577,0.8527885,0.6515435,0.82577175,0.69221807,0.84610903,0.6691419,0.83457094,0.6915135,0.84575677
12533,0.69764733,0.84882367,0.675333,0.8376665,0.67279744,0.8363987,0.5974026,0.7987013,0.6483141,0.82415706,0.6373788,0.8186894,0.6232046,0.8116023,0.68471324,0.8423566,0.6538377,0.82691884,0.64430404,0.822152
12565,0.7641734,0.8820867,0.73262453,0.86631227,0.7202817,0.86014086,0.6474501,0.82372504,0.71939194,0.859696,0.75910586,0.87955296,0.6485017,0.8242508,0.7592239,0.87961197,0.6756637,0.83783185,0.7184729,0.8592365
12656,0.69374824,0.8468741,0.7415173,0.87075865,0.6442789,0.82213944,0.628962,0.814481,0.70051914,0.85025954,0.6672629,0.83363146,0.6918187,0.84590936,0.7322854,0.8661427,0.7009002,0.8504501,0.72659266,0.86329633
12674,0.71950006,0.85975003,0.63841033,0.81920516,0.6913917,0.84569585,0.59742355,0.7987118,0.64991564,0.82495785,0.75073373,0.87536687,0.63143575,0.8157179,0.69185627,0.84592813,0.6876943,0.84384716,0.71565413,0.85782707
12687,0.58797365,0.7939868,0.6150014,0.8075007,0.5411902,0.7705951,0.5876412,0.7938206,0.6180024,0.8090012,0.6467055,0.82335275,0.65543795,0.827719,0.6894405,0.84472024,0.66849744,0.8342487,0.7014574,0.8507287
12736,0.6737449,0.83687246,0.65292716,0.8264636,0.5792933,0.7896466,0.66192037,0.83096015,0.63298833,0.81649417,0.5650057,0.7825029,0.6314706,0.81573534,0.63982606,0.819913,0.66168195,0.83084095,0.61528414,0.8076421
13078,0.7838073,0.89190364,0.7375183,0.86875916,0.72817016,0.8640851,0.6846709,0.84233546,0.77929044,0.8896452,0.77045584,0.8852279,0.74011743,0.8700587,0.7764226,0.8882113,0.72645533,0.86322767,0.7586,0.8793
13080,0.70397747,0.85198873,0.67519736,0.8375987,0.6785532,0.8392766,0.65184605,0.825923,0.60251707,0.80125856,0.62137115,0.8106856,0.5590807,0.77954036,0.6706238,0.8353119,0.66371673,0.8318584,0.6260364,0.8130182
13146,0.69655156,0.8482758,0.722445,0.8612225,0.62579036,0.8128952,0.66686106,0.8334305,0.6537828,0.8268914,0.6186682,0.8093341,0.63356566,0.81678283,0.683358,0.841679,0.74458003,0.87229,0.695544,0.847772
13147,0.7261183,0.86305916,0.6926985,0.84634924,0.65519977,0.8275999,0.63333976,0.8166699,0.6852702,0.8426351,0.6635496,0.83177483,0.670534,0.835267,0.6649006,0.8324503,0.7059988,0.8529994,0.703092,0.851546
13148,0.6278409,0.81392044,0.5820624,0.79103124,0.5876033,0.79380167,0.5619241,0.78096205,0.58456147,0.79228073,0.5181927,0.7590964,0.4883998,0.7441999,0.5801507,0.79007536,0.49983984,0.7499199,0.4761891,0.73809457
13149,0.6867704,0.8433852,0.64486456,0.8224323,0.57267034,0.7863352,0.5453484,0.7726742,0.65176666,0.8258833,0.57897633,0.7894882,0.56066453,0.78033227,0.58166254,0.79083127,0.5928279,0.79641396,0.59344125,0.7967206
13150,0.79683524,0.8984176,0.77996194,0.889981,0.73912877,0.8695644,0.7346134,0.8673067,0.78948,0.89474,0.7498739,0.87493694,0.72656167,0.86328083,0.8014567,0.90072834,0.75074804,0.875374,0.7616618,0.8808309
13196,0.74338055,0.8716903,0.7280079,0.86400396,0.6595659,0.82978296,0.62638354,0.8131918,0.65870905,0.8293545,0.6585933,0.82929665,0.6470566,0.8235283,0.6762523,0.8381262,0.66386235,0.8319312,0.6642009,0.83210045
13382,0.6690491,0.8345245,0.6768675,0.83843374,0.6492592,0.8246296,0.6598793,0.82993966,0.6213217,0.81066084,0.6293806,0.8146903,0.6417762,0.8208881,0.6724503,0.83622515,0.6601089,0.83005446,0.6761384,0.8380692
13461,0.5989197,0.7994598,0.62292314,0.81146157,0.6165657,0.80828285,0.56887233,0.78443617,0.5603723,0.7801862,0.5288647,0.7644323,0.5528714,0.77643573,0.57612085,0.7880604,0.55685157,0.7784258,0.54543424,0.7727171
13475,0.73106563,0.8655328,0.7235522,0.8617761,0.6850245,0.84251225,0.6228428,0.8114214,0.695491,0.84774554,0.7019354,0.8509677,0.7070757,0.85353786,0.7103542,0.8551771,0.67666566,0.83833283,0.7041104,0.8520552
13477,0.67422175,0.8371109,0.63018054,0.8150903,0.6124852,0.8062426,0.5842399,0.79212,0.60525906,0.80262953,0.5958924,0.7979462,0.58700436,0.7935022,0.62490356,0.8124518,0.5656188,0.7828094,0.60741544,0.8037077
13537,0.7450746,0.8725373,0.7135373,0.8567686,0.71536285,0.8576814,0.68600726,0.84300363,0.6608316,0.8304158,0.6613802,0.8306901,0.6374899,0.81874496,0.7016156,0.8508078,0.65652597,0.828263,0.66920376,0.8346019
13893,0.685174,0.842587,0.7044529,0.85222644,0.68169504,0.8408475,0.6612823,0.83064115,0.6587802,0.8293901,0.5600995,0.78004974,0.5666973,0.7833487,0.65069807,0.82534903,0.5970936,0.7985468,0.5820519,0.79102594
13897,0.58790064,0.7939503,0.5718725,0.78593624,0.5504043,0.77520216,0.56229013,0.7811451,0.5110245,0.75551224,0.4335652,0.71678257,0.4434747,0.7217374,0.5460512,0.77302563,0.5344717,0.7672359,0.43461797,0.717309
14744,0.75332415,0.8766621,0.7077457,0.85387284,0.696352,0.848176,0.6834744,0.8417372,0.6694143,0.83470714,0.68430483,0.8421524,0.6570073,0.8285036,0.6909026,0.8454513,0.70582795,0.852914,0.7112263,0.8556131
14862,0.7516116,0.8758058,0.7049414,0.8524707,0.7002194,0.8501097,0.67379487,0.83689743,0.7092978,0.8546489,0.66372937,0.8318647,0.65589345,0.8279467,0.7293282,0.8646641,0.66664314,0.8333216,0.6637312,0.8318656
14882,0.7705803,0.88529015,0.7740277,0.88701385,0.74090195,0.870451,0.6803508,0.8401754,0.7368425,0.86842126,0.70517945,0.8525897,0.6744768,0.83723843,0.77747196,0.888736,0.7022718,0.8511359,0.7081768,0.8540884
14890,0.73917556,0.8695878,0.7055708,0.8527854,0.68398285,0.8419914,0.6485704,0.8242852,0.6832001,0.84160006,0.6911611,0.8455806,0.6378248,0.8189124,0.7427978,0.8713989,0.66081333,0.83040667,0.6671906,0.8335953
14906,0.70039195,0.850196,0.66208756,0.8310438,0.6472498,0.8236249,0.7034849,0.85174245,0.6422274,0.8211137,0.55853796,0.779269,0.58410466,0.7920523,0.61366576,0.8068329,0.61330044,0.8066502,0.58486736,0.7924337
14907,0.564767,0.7823835,0.6235824,0.8117912,0.5463276,0.7731638,0.53648883,0.7682444,0.58590704,0.7929535,0.52254695,0.7612735,0.5724351,0.7862176,0.61205906,0.80602956,0.55750597,0.778753,0.55325043,0.7766252
14914,0.6915674,0.8457837,0.5984878,0.7992439,0.57288486,0.7864424,0.57096875,0.7854844,0.61144847,0.80572426,0.61301327,0.80650663,0.57560205,0.787801,0.6252429,0.8126215,0.576516,0.78825796,0.58872586,0.7943629
14916,0.63269687,0.81634843,0.660576,0.830288,0.5983536,0.7991768,0.62589604,0.812948,0.5636846,0.7818423,0.54963756,0.7748188,0.5751523,0.78757614,0.6098155,0.80490774,0.6306857,0.81534284,0.5931162,0.79655814
14930,0.7726871,0.88634354,0.67042106,0.83521056,0.6788349,0.83941746,0.64468604,0.822343,0.7223499,0.86117494,0.7349316,0.8674658,0.6558249,0.82791245,0.7110877,0.85554385,0.66181356,0.83090675,0.718752,0.859376
14932,0.63512963,0.81756485,0.6380086,0.8190043,0.62873995,0.81437,0.59351325,0.7967566,0.61731684,0.8086584,0.6324179,0.81620896,0.61445063,0.80722535,0.65401447,0.82700723,0.67968595,0.839843,0.672647,0.8363235
14939,0.7390214,0.8695107,0.6897642,0.84488213,0.70447993,0.85223997,0.6028161,0.80140805,0.6960447,0.84802234,0.7404441,0.8702221,0.668707,0.8343535,0.7067681,0.853384,0.6622894,0.8311447,0.72787917,0.8639396
14947,0.6464845,0.82324225,0.65322584,0.82661295,0.6092768,0.8046384,0.6026173,0.80130863,0.5727865,0.7863933,0.58348954,0.79174477,0.57373977,0.7868699,0.6149582,0.80747914,0.6278738,0.8139369,0.60092795,0.800464
15180,0.6742021,0.83710104,0.6373036,0.8186518,0.64820606,0.824103,0.6215129,0.81075644,0.6060163,0.80300814,0.6201678,0.81008387,0.5800024,0.7900012,0.5869975,0.79349875,0.63943636,0.8197182,0.6190086,0.8095043
15240,0.60138655,0.8006933,0.60034734,0.80017364,0.56333137,0.7816657,0.5556555,0.77782774,0.6174363,0.80871814,0.5909439,0.7954719,0.6077541,0.80387706,0.61426425,0.8071321,0.56435454,0.78217727,0.62967837,0.8148392
15339,0.58682597,0.793413,0.69127643,0.8456382,0.60033023,0.8001651,0.6033207,0.80166036,0.56288695,0.7814435,0.516343,0.7581715,0.5139657,0.75698286,0.62295103,0.8114755,0.5815698,0.7907849,0.55350494,0.7767525
15419,0.72338974,0.8616949,0.6659267,0.83296335,0.6783072,0.8391536,0.60021734,0.8001087,0.6397499,0.81987494,0.64067054,0.82033527,0.6052849,0.80264246,0.6616599,0.83083,0.6020113,0.80100566,0.6390006,0.8195003
15425,0.8037516,0.9018758,0.7053572,0.8526786,0.75531155,0.87765574,0.6941793,0.84708965,0.7435259,0.871763,0.7567278,0.8783639,0.66047406,0.83023703,0.73760235,0.8688012,0.70617115,0.8530856,0.75387067,0.87693536
15426,0.62502354,0.8125118,0.68387556,0.8419378,0.5934392,0.7967196,0.5528476,0.7764238,0.5663947,0.78319734,0.534793,0.7673965,0.5261264,0.7630632,0.6140374,0.8070187,0.6021293,0.8010646,0.5612378,0.7806189
15474,0.6938797,0.84693986,0.72631156,0.8631558,0.6762417,0.8381208,0.6529728,0.8264864,0.6871041,0.84355205,0.6445155,0.82225776,0.59555686,0.7977784,0.70305765,0.8515288,0.65342736,0.8267137,0.6798841,0.83994204
15519,0.67935085,0.8396754,0.73379695,0.8668985,0.66400087,0.83200043,0.61203104,0.8060155,0.67865336,0.8393267,0.62467873,0.81233937,0.64750385,0.8237519,0.6563705,0.82818526,0.6649202,0.8324601,0.6589104,0.8294552
15524,0.65041876,0.8252094,0.6668595,0.83342975,0.6167346,0.8083673,0.6005044,0.8002522,0.6194879,0.80974394,0.62993145,0.8149657,0.6170664,0.8085332,0.6541749,0.82708746,0.66833776,0.8341689,0.68943083,0.8447154
15589,0.72443223,0.8622161,0.68961287,0.84480643,0.6904722,0.84523606,0.62750506,0.81375253,0.68803084,0.8440154,0.6599953,0.82999766,0.6477392,0.8238696,0.67597866,0.83798933,0.66575027,0.83287513,0.6950929,0.84754646
15679,0.46858943,0.7342947,0.5132181,0.7566091,0.41611278,0.7080564,0.5112544,0.75562716,0.4980302,0.7490151,0.45651114,0.72825557,0.55553615,0.7777681,0.4800657,0.74003285,0.5602516,0.7801258,0.5303665,0.7651832
15743,0.72702193,0.86351097,0.74276835,0.87138414,0.6856235,0.84281176,0.65791893,0.82895947,0.691772,0.845886,0.6630957,0.83154786,0.68751705,0.8437585,0.73580825,0.8679041,0.70249933,0.8512497,0.70418394,0.85209197
16036,0.72253644,0.8612682,0.69113207,0.84556603,0.6309769,0.81548846,0.6854522,0.8427261,0.667658,0.833829,0.60169154,0.80084574,0.58639264,0.7931963,0.6630831,0.83154154,0.6051349,0.8025675,0.6094569,0.80472845
16039,0.6417666,0.8208833,0.60791993,0.80395997,0.63766146,0.8188307,0.68920934,0.8446047,0.5292497,0.76462483,0.48316723,0.7415836,0.45518827,0.72759414,0.5981871,0.79909354,0.5696087,0.78480434,0.49064213,0.74532104
16064,0.83877957,0.9193898,0.83171916,0.9158596,0.7788123,0.88940614,0.7630421,0.88152105,0.81272936,0.9063647,0.7461736,0.8730868,0.7212962,0.8606481,0.82497615,0.9124881,0.73901355,0.8695068,0.74631685,0.87315845
