,Modified_claude-opus-4-5_of_CV_Modelclaude-opus-4-5_doordash_pm_Raw_Score,Modified_claude-opus-4-5_of_CV_Modelclaude-opus-4-5_doordash_pm_Score,Modified_claude-opus-4-5_of_CV_Modelclaude-opus-4-5_apple_pm_Raw_Score,Modified_claude-opus-4-5_of_CV_Modelclaude-opus-4-5_apple_pm_Score,Modified_claude-opus-4-5_of_CV_Modelclaude-opus-4-5_samsara_pm_Raw_Score,Modified_claude-opus-4-5_of_CV_Modelclaude-opus-4-5_samsara_pm_Score,Modified_claude-opus-4-5_of_CV_Modelclaude-opus-4-5_yelp_pm_Raw_Score,Modified_claude-opus-4-5_of_CV_Modelclaude-opus-4-5_yelp_pm_Score,Modified_claude-opus-4-5_of_CV_Modelclaude-opus-4-5_match_pm_Raw_Score,Modified_claude-opus-4-5_of_CV_Modelclaude-opus-4-5_match_pm_Score,Modified_claude-opus-4-5_of_CV_Modelclaude-opus-4-5_i2c_ux_Raw_Score,Modified_claude-opus-4-5_of_CV_Modelclaude-opus-4-5_i2c_ux_Score,Modified_claude-opus-4-5_of_CV_Modelclaude-opus-4-5_adobe_ux_Raw_Score,Modified_claude-opus-4-5_of_CV_Modelclaude-opus-4-5_adobe_ux_Score,Modified_claude-opus-4-5_of_CV_Modelclaude-opus-4-5_amazon_ux_Raw_Score,Modified_claude-opus-4-5_of_CV_Modelclaude-opus-4-5_amazon_ux_Score,Modified_claude-opus-4-5_of_CV_Modelclaude-opus-4-5_rowan_ux_Raw_Score,Modified_claude-opus-4-5_of_CV_Modelclaude-opus-4-5_rowan_ux_Score,Modified_claude-opus-4-5_of_CV_Modelclaude-opus-4-5_google_ux_Raw_Score,Modified_claude-opus-4-5_of_CV_Modelclaude-opus-4-5_google_ux_Score
6018,0.6472894,0.8236447,0.66554785,0.8327739,0.5667653,0.78338265,0.6450553,0.82252765,0.6834581,0.84172904,0.74718356,0.8735918,0.72880197,0.864401,0.7787045,0.88935226,0.78287923,0.8914396,0.7772931,0.88864654
6021,0.68652105,0.8432605,0.6191069,0.80955344,0.5782772,0.78913856,0.61409605,0.807048,0.6355071,0.81775355,0.6915268,0.8457634,0.6322142,0.8161071,0.6745042,0.83725214,0.67443633,0.83721817,0.6716205,0.83581024
6026,0.6404766,0.8202383,0.6464287,0.82321435,0.5867052,0.7933526,0.6261277,0.81306386,0.6903112,0.8451556,0.7525537,0.87627685,0.7097068,0.8548534,0.7699816,0.8849908,0.77285326,0.8864266,0.79780877,0.8989044
9479,0.63142765,0.8157138,0.6015113,0.8007556,0.52807236,0.7640362,0.57056415,0.7852821,0.66907537,0.8345377,0.7545706,0.8772853,0.7459757,0.87298787,0.71906525,0.8595326,0.7294402,0.8647201,0.7658324,0.8829162
16980,0.72468275,0.8623414,0.7708556,0.88542783,0.6893642,0.8446821,0.71803975,0.8590199,0.72951275,0.86475635,0.7294779,0.86473894,0.7168534,0.8584267,0.7580776,0.8790388,0.7768495,0.88842475,0.74857163,0.8742858
17014,0.5338167,0.76690835,0.64441633,0.82220817,0.50063485,0.75031745,0.53476673,0.76738334,0.60526633,0.80263317,0.5722918,0.7861459,0.66194665,0.8309733,0.6112721,0.80563605,0.6900189,0.84500945,0.66936666,0.8346833
18230,0.6374102,0.8187051,0.62506574,0.8125329,0.5696149,0.78480744,0.61866647,0.8093332,0.6413337,0.82066685,0.6815767,0.84078836,0.6391089,0.81955445,0.7076311,0.85381556,0.688136,0.844068,0.6871021,0.84355104
18348,0.6189716,0.8094858,0.63329524,0.81664765,0.5313729,0.76568645,0.5727218,0.78636086,0.6512997,0.82564986,0.76295245,0.8814762,0.7271056,0.8635528,0.7478045,0.87390226,0.7602958,0.88014793,0.78879845,0.8943992
26715,0.69504285,0.8475214,0.6990695,0.84953475,0.564119,0.7820595,0.63477206,0.81738603,0.7319095,0.86595476,0.7157812,0.8578906,0.7682123,0.88410616,0.7370458,0.8685229,0.7568159,0.87840796,0.7261208,0.8630604
26747,0.7934617,0.89673084,0.71752167,0.85876083,0.6675711,0.83378553,0.6571014,0.8285507,0.8062711,0.90313554,0.8645798,0.9322899,0.7669775,0.8834888,0.8412583,0.92062914,0.74409854,0.8720493,0.81499076,0.9074954
29788,0.53515816,0.7675791,0.5638732,0.7819366,0.44731474,0.72365737,0.49491894,0.7474595,0.5871515,0.79357576,0.6323151,0.8161576,0.667814,0.833907,0.6403658,0.8201829,0.64526737,0.8226337,0.65401715,0.8270086
29835,0.61959994,0.80979997,0.60811627,0.80405813,0.5173024,0.7586512,0.55484223,0.7774211,0.62255496,0.8112775,0.7387541,0.869377,0.7052487,0.85262436,0.7056545,0.85282725,0.7314373,0.86571866,0.74385476,0.8719274
30606,0.51860833,0.75930417,0.49992216,0.7499611,0.45668364,0.7283418,0.5106857,0.75534284,0.575389,0.7876945,0.66404074,0.8320204,0.6057098,0.8028549,0.62854695,0.8142735,0.6512593,0.82562965,0.6694416,0.8347208
30845,0.6440604,0.8220302,0.6374609,0.8187305,0.55144894,0.7757245,0.60013556,0.8000678,0.6885834,0.8442917,0.80678976,0.9033949,0.7193165,0.85965824,0.77420425,0.8871021,0.7793108,0.8896554,0.7995889,0.89979446
32072,0.73661476,0.86830735,0.6733073,0.83665365,0.66565895,0.8328295,0.64566666,0.8228333,0.69243634,0.84621817,0.79472744,0.8973637,0.68785775,0.8439289,0.78643185,0.8932159,0.71132654,0.8556633,0.7435862,0.8717931
46443,0.7696251,0.8848126,0.7515806,0.8757903,0.72285473,0.86142737,0.6858047,0.84290236,0.7983221,0.89916104,0.84437144,0.9221857,0.7419483,0.8709742,0.8612814,0.9306407,0.78880906,0.89440453,0.8400117,0.92000586
46506,0.47223204,0.73611605,0.5214957,0.76074785,0.45375752,0.72687876,0.4608853,0.73044264,0.5173421,0.75867105,0.5815301,0.79076505,0.53754383,0.7687719,0.61313605,0.806568,0.6643859,0.83219296,0.6289824,0.8144912
50300,0.73971677,0.8698584,0.693916,0.84695804,0.70395315,0.8519766,0.6306306,0.8153153,0.79359055,0.8967953,0.8508013,0.9254006,0.7556474,0.8778237,0.8251473,0.91257364,0.799565,0.89978254,0.8422122,0.9211061
51419,0.67911386,0.83955693,0.6634033,0.83170164,0.6110344,0.8055172,0.6158087,0.80790436,0.69399405,0.846997,0.7878892,0.8939446,0.7491518,0.8745759,0.79556125,0.89778066,0.754816,0.877408,0.8130015,0.90650076
53971,0.63997406,0.81998706,0.6127037,0.80635184,0.54053974,0.7702699,0.56750834,0.78375417,0.6798984,0.8399492,0.733798,0.866899,0.73342943,0.8667147,0.73519915,0.8675996,0.74515325,0.8725766,0.74230784,0.87115395
53972,0.604252,0.802126,0.6329614,0.8164807,0.53025216,0.7651261,0.581592,0.79079604,0.61455035,0.8072752,0.68524396,0.842622,0.6850143,0.8425071,0.7061469,0.8530735,0.70832175,0.8541609,0.70330274,0.8516514
53973,0.7299813,0.86499065,0.6771822,0.8385911,0.63618064,0.8180903,0.6810141,0.84050703,0.72285867,0.86142933,0.80870026,0.90435016,0.7572966,0.8786483,0.8015355,0.90076774,0.80734944,0.9036747,0.8295666,0.9147833
53974,0.6206393,0.81031966,0.5867524,0.7933762,0.5375161,0.76875806,0.5805968,0.7902984,0.64736617,0.8236831,0.74917746,0.8745887,0.7249383,0.86246914,0.6965474,0.8482737,0.73579586,0.8678979,0.77165806,0.88582903
53975,0.62642294,0.81321144,0.552554,0.776277,0.5621176,0.7810588,0.54487014,0.77243507,0.6294697,0.8147348,0.75290316,0.8764516,0.644003,0.82200146,0.65252495,0.8262625,0.7086208,0.8543104,0.7078848,0.8539424
53976,0.5241906,0.76209533,0.51617247,0.7580862,0.4672494,0.7336247,0.4834712,0.7417356,0.551224,0.775612,0.6349844,0.8174922,0.64687145,0.8234357,0.5931313,0.79656565,0.6639316,0.8319658,0.65956163,0.8297808
53977,0.7447744,0.8723872,0.65314925,0.8265746,0.60874885,0.80437446,0.6081183,0.80405915,0.7200102,0.86000514,0.8166808,0.9083404,0.7506652,0.8753326,0.76965976,0.8848299,0.75744927,0.87872463,0.79076004,0.89538
53978,0.68090594,0.84045297,0.63013065,0.8150653,0.5882937,0.79414684,0.58103514,0.79051757,0.72019374,0.8600969,0.79559314,0.8977966,0.6982442,0.8491221,0.73568785,0.8678439,0.73423445,0.8671172,0.7602042,0.8801021
53979,0.74911475,0.8745574,0.70505893,0.85252947,0.6434324,0.8217162,0.63879776,0.8193989,0.7735408,0.88677037,0.8636687,0.93183434,0.76663357,0.88331676,0.81595683,0.9079784,0.76248384,0.8812419,0.8033473,0.9016737
53981,0.6287217,0.81436086,0.6523323,0.82616615,0.53159624,0.7657981,0.6116678,0.80583394,0.6756441,0.8378221,0.709928,0.854964,0.73592424,0.8679621,0.71894026,0.8594701,0.71688694,0.8584435,0.7325961,0.8662981
54796,0.602659,0.8013295,0.58969915,0.7948496,0.47293866,0.7364693,0.55733633,0.77866817,0.5471964,0.7735982,0.6055406,0.80277026,0.59010017,0.7950501,0.65935636,0.8296782,0.61646986,0.80823493,0.6143662,0.8071831
54797,0.7071075,0.8535538,0.6930287,0.84651434,0.6724211,0.83621055,0.6069375,0.80346876,0.72850966,0.86425483,0.83528864,0.9176443,0.72259384,0.8612969,0.8036487,0.90182436,0.75351214,0.8767561,0.7965052,0.8982526
54798,0.63102424,0.8155121,0.6551498,0.8275749,0.5669596,0.7834798,0.61715585,0.8085779,0.654896,0.827448,0.7002739,0.85013694,0.6595626,0.8297813,0.7095533,0.8547766,0.75078744,0.87539375,0.7053541,0.85267705
54799,0.5207342,0.7603671,0.5653674,0.78268373,0.4446948,0.7223474,0.5116483,0.75582415,0.5555068,0.7777534,0.6328858,0.8164429,0.64068484,0.8203424,0.63666356,0.8183318,0.7090489,0.8545245,0.7142657,0.85713285
54800,0.66373074,0.8318654,0.67831945,0.8391597,0.58287144,0.7914357,0.588526,0.794263,0.64864844,0.82432425,0.6807064,0.8403532,0.6847131,0.84235656,0.746289,0.8731445,0.71251833,0.85625917,0.68377304,0.8418865
56453,0.6399226,0.8199613,0.6596402,0.8298201,0.580089,0.7900445,0.60387605,0.80193806,0.69034564,0.8451728,0.7066982,0.8533491,0.79035103,0.8951755,0.7039012,0.8519506,0.7719133,0.88595665,0.76751256,0.8837563
56528,0.5665249,0.7832625,0.5285195,0.76425976,0.46347606,0.73173803,0.5391394,0.7695697,0.576844,0.788422,0.65160966,0.8258048,0.6419729,0.82098645,0.6156528,0.8078264,0.6632582,0.8316291,0.64134014,0.82067007
56542,0.6932399,0.84661996,0.6865977,0.84329885,0.6100431,0.8050215,0.63865185,0.8193259,0.7161968,0.8580984,0.79978096,0.8998905,0.75941586,0.87970793,0.79802424,0.8990121,0.77807796,0.889039,0.8123237,0.90616184
56543,0.57565475,0.7878274,0.56349504,0.7817475,0.4916194,0.7458097,0.49797636,0.74898815,0.5932739,0.79663694,0.62184435,0.81092215,0.6592653,0.82963264,0.63118994,0.815595,0.6477086,0.8238543,0.6317852,0.8158926
56544,0.66635686,0.8331784,0.6646298,0.8323149,0.5927514,0.7963757,0.6358163,0.81790817,0.6946857,0.84734285,0.7684019,0.88420093,0.7489337,0.87446684,0.75313467,0.87656736,0.76889247,0.88444626,0.81095123,0.9054756
56545,0.5116564,0.7558282,0.54737,0.773685,0.41806054,0.7090303,0.47153604,0.735768,0.47867733,0.73933864,0.4990403,0.7495202,0.5316958,0.7658479,0.5977901,0.79889506,0.5565445,0.7782723,0.52297616,0.7614881
56618,0.6296186,0.8148093,0.6782273,0.83911365,0.5600271,0.78001356,0.6177298,0.8088649,0.664428,0.832214,0.70636797,0.853184,0.71986544,0.8599327,0.77325606,0.88662803,0.75922763,0.8796138,0.7516122,0.8758061
56619,0.58802164,0.7940108,0.59380865,0.7969043,0.5004407,0.75022036,0.55053186,0.77526593,0.60349244,0.80174625,0.69114995,0.845575,0.67826974,0.8391349,0.6552808,0.8276404,0.6979729,0.84898645,0.7176242,0.8588121
56629,0.69807625,0.8490381,0.6307907,0.81539536,0.5822829,0.79114145,0.6201886,0.8100943,0.6680949,0.83404744,0.8051281,0.90256405,0.70686316,0.8534316,0.7903303,0.89516515,0.7233056,0.8616528,0.7999655,0.89998275
56630,0.65764093,0.82882047,0.6493442,0.8246721,0.543039,0.77151954,0.59942776,0.79971385,0.63787895,0.81893945,0.7196356,0.8598178,0.6990975,0.84954876,0.7350254,0.8675127,0.7555693,0.8777846,0.7515857,0.87579286
56631,0.5956145,0.7978072,0.6157521,0.80787605,0.52500904,0.7625045,0.5852194,0.7926097,0.6302754,0.81513774,0.6623811,0.8311906,0.6509582,0.8254791,0.6871512,0.8435756,0.72699594,0.863498,0.74354434,0.87177217
56632,0.74184996,0.87092495,0.6977246,0.8488623,0.63450176,0.81725085,0.66171193,0.83085597,0.7321573,0.8660786,0.83357286,0.91678643,0.7805534,0.8902767,0.8116014,0.9058007,0.7830669,0.8915335,0.841236,0.920618
56633,0.69225645,0.8461282,0.6772338,0.8386169,0.5894456,0.7947228,0.63315743,0.81657875,0.6968509,0.84842545,0.6904397,0.84521985,0.75266135,0.8763307,0.7131053,0.85655266,0.6822966,0.84114826,0.71487534,0.8574377
56634,0.5285896,0.7642948,0.5112126,0.7556063,0.46962196,0.73481095,0.49951664,0.7497583,0.5588799,0.7794399,0.6368878,0.8184439,0.6099676,0.8049838,0.6506058,0.8253029,0.6747385,0.83736926,0.6759803,0.83799016
56635,0.50007683,0.7500384,0.5582924,0.7791462,0.45397392,0.72698694,0.46846968,0.7342348,0.5227932,0.7613966,0.61111116,0.8055556,0.5975255,0.79876274,0.61784613,0.80892307,0.59721637,0.7986082,0.6281313,0.81406564
56637,0.64393765,0.8219688,0.62518656,0.8125933,0.55670464,0.7783523,0.6306708,0.8153354,0.6682658,0.8341329,0.7330555,0.86652774,0.7118676,0.8559338,0.7458486,0.8729243,0.72294295,0.8614715,0.74441195,0.872206
56638,0.70401037,0.8520052,0.6874634,0.8437317,0.62352335,0.8117617,0.60085535,0.8004277,0.7347069,0.86735344,0.79904294,0.89952147,0.7833612,0.8916806,0.7755674,0.8877837,0.75247097,0.8762355,0.79681146,0.89840573
56639,0.5617505,0.7808752,0.5812555,0.7906277,0.5168153,0.75840765,0.53103787,0.7655189,0.6432377,0.82161885,0.69603467,0.84801733,0.73628867,0.86814433,0.71341527,0.85670763,0.71125376,0.8556269,0.7297881,0.86489403
56641,0.6492322,0.8246161,0.60875726,0.8043786,0.55194974,0.77597487,0.58703446,0.79351723,0.6711787,0.83558935,0.7615983,0.8807992,0.74645126,0.8732256,0.7107549,0.85537744,0.72595316,0.86297655,0.78583765,0.8929188
56642,0.62400043,0.8120002,0.60495245,0.8024762,0.54454637,0.7722732,0.5361676,0.7680838,0.6345219,0.817261,0.7127299,0.85636497,0.7275474,0.8637737,0.6763284,0.8381642,0.72571933,0.86285967,0.7298976,0.8649488
56643,0.7242695,0.86213475,0.6852524,0.8426262,0.657748,0.828874,0.65661645,0.8283082,0.67984116,0.8399206,0.7175026,0.8587513,0.61201525,0.8060076,0.7476829,0.87384146,0.71122646,0.85561323,0.67989373,0.83994687
56644,0.59924996,0.799625,0.5698453,0.78492266,0.50478035,0.75239015,0.536633,0.7683165,0.6021738,0.8010869,0.674196,0.837098,0.68779755,0.8438988,0.6768602,0.8384301,0.66806626,0.83403313,0.6837343,0.84186715
56645,0.6343192,0.8171596,0.63705146,0.81852573,0.5634426,0.7817213,0.6314523,0.81572616,0.6314601,0.81573004,0.68861896,0.84430945,0.6628021,0.83140105,0.75190926,0.8759546,0.696741,0.8483705,0.71019876,0.8550994
56646,0.52613,0.763065,0.5308413,0.7654207,0.43139863,0.7156993,0.5403055,0.77015275,0.51865417,0.75932705,0.584853,0.79242647,0.5797672,0.7898836,0.5776947,0.7888473,0.6352718,0.8176359,0.6205986,0.8102993
56647,0.6700094,0.8350047,0.707867,0.8539335,0.6090141,0.804507,0.6504109,0.82520545,0.7052217,0.8526108,0.73809993,0.86904997,0.7478036,0.87390184,0.7439871,0.87199354,0.7470455,0.87352276,0.75983846,0.87991923
56648,0.69373167,0.84686583,0.6685245,0.83426225,0.58289725,0.7914486,0.6576867,0.82884336,0.6972016,0.8486008,0.75018257,0.8750913,0.7290926,0.8645463,0.7626416,0.88132083,0.7576618,0.8788309,0.7567662,0.8783831
56649,0.61483705,0.8074185,0.623948,0.811974,0.5279664,0.7639832,0.5450493,0.77252465,0.60204095,0.8010205,0.6490718,0.8245359,0.57904303,0.7895215,0.63739574,0.81869787,0.6566453,0.82832265,0.63032603,0.815163
56650,0.72142255,0.8607113,0.6769567,0.8384783,0.60316354,0.80158174,0.6214583,0.81072915,0.7508273,0.87541366,0.83298236,0.91649115,0.7951138,0.8975569,0.78407764,0.8920388,0.77282417,0.8864121,0.81265473,0.90632737
56651,0.6242595,0.81212974,0.5773914,0.7886957,0.54777306,0.77388656,0.5268104,0.7634052,0.6874942,0.84374714,0.7837491,0.89187455,0.715286,0.857643,0.7270448,0.8635224,0.7151792,0.8575896,0.7631434,0.8815717
56652,0.67419434,0.83709717,0.701813,0.8509065,0.5752424,0.7876212,0.64887345,0.8244367,0.69738775,0.84869385,0.7258812,0.8629406,0.7137767,0.85688835,0.75976574,0.8798829,0.7658943,0.88294715,0.73056424,0.8652821
56653,0.6153871,0.80769354,0.6031766,0.8015883,0.5414395,0.77071977,0.54034567,0.77017283,0.6136272,0.8068136,0.71026826,0.8551341,0.67853105,0.8392655,0.6994141,0.849707,0.70687866,0.85343933,0.6993973,0.84969866
56654,0.6918179,0.84590894,0.6496915,0.8248458,0.58994687,0.79497343,0.6067406,0.8033703,0.73966587,0.86983293,0.8144731,0.9072366,0.7670425,0.88352126,0.7637842,0.8818921,0.773414,0.886707,0.8107649,0.90538245
56656,0.5989247,0.7994623,0.6058253,0.80291265,0.5418652,0.7709326,0.5528921,0.77644604,0.6247847,0.81239235,0.64683247,0.82341623,0.6550112,0.8275056,0.64224035,0.82112014,0.66279346,0.8313967,0.67122644,0.83561325
56657,0.48894143,0.7444707,0.4506966,0.7253483,0.38099238,0.6904962,0.4260043,0.71300215,0.527355,0.7636775,0.671461,0.8357305,0.6377293,0.81886464,0.561161,0.7805805,0.6102553,0.8051276,0.6786647,0.83933234
56661,0.7021079,0.85105395,0.6718617,0.8359308,0.5726032,0.7863016,0.5938835,0.79694176,0.6902149,0.84510744,0.7983297,0.89916486,0.67948484,0.8397424,0.7472692,0.8736346,0.7310449,0.86552244,0.75857496,0.8792875
56662,0.6765833,0.83829165,0.66353023,0.8317651,0.5565927,0.77829635,0.6499169,0.82495844,0.6517894,0.8258947,0.7587662,0.8793831,0.66737723,0.8336886,0.77668625,0.8883431,0.78375745,0.8918787,0.7776824,0.8888412
56725,0.6525211,0.82626057,0.63392365,0.8169618,0.5855787,0.79278934,0.6130168,0.8065084,0.671314,0.835657,0.73436606,0.867183,0.7526994,0.8763497,0.7265918,0.8632959,0.73182327,0.8659116,0.76271677,0.8813584
56795,0.63186526,0.81593263,0.66363764,0.8318188,0.5902112,0.7951056,0.5929595,0.79647976,0.6750612,0.8375306,0.7462946,0.8731473,0.77754873,0.8887744,0.7671089,0.88355446,0.78680575,0.8934029,0.79810464,0.8990523
56796,0.53351986,0.76675993,0.58456475,0.79228234,0.49034283,0.7451714,0.5198213,0.75991064,0.5951406,0.7975703,0.6079173,0.80395865,0.66685104,0.8334255,0.65577215,0.8278861,0.6284672,0.8142336,0.6300463,0.8150232
56797,0.6855119,0.8427559,0.6870204,0.8435102,0.5723808,0.7861904,0.59419763,0.7970988,0.7099974,0.8549987,0.7025103,0.8512552,0.6738516,0.8369258,0.75424075,0.8771204,0.6967408,0.84837043,0.6848146,0.8424073
56798,0.58012545,0.7900627,0.5980264,0.7990132,0.5390569,0.76952845,0.56472397,0.782362,0.6163776,0.8081888,0.68829954,0.84414977,0.7221777,0.8610889,0.7000346,0.8500173,0.70848083,0.8542404,0.7349361,0.86746806
56799,0.5435468,0.7717734,0.5214695,0.76073474,0.43380547,0.71690273,0.4887305,0.7443652,0.5621873,0.78109366,0.6311656,0.8155828,0.6529906,0.8264953,0.62187564,0.8109378,0.6342206,0.8171103,0.66633403,0.833167
56800,0.59488356,0.7974418,0.56200814,0.7810041,0.50381213,0.75190604,0.56566936,0.78283465,0.5450808,0.7725404,0.58959377,0.7947969,0.5300518,0.7650259,0.61869663,0.80934834,0.5900132,0.79500663,0.5817697,0.79088485
56801,0.67849857,0.83924925,0.6670478,0.83352387,0.5895412,0.7947706,0.6021781,0.80108905,0.70561993,0.85280997,0.8014966,0.9007483,0.72876656,0.8643833,0.77979815,0.8898991,0.7485515,0.87427574,0.76921904,0.8846095
56802,0.57223177,0.7861159,0.5470377,0.77351886,0.51177466,0.7558873,0.53012145,0.7650607,0.5655771,0.7827885,0.6586409,0.82932043,0.6382983,0.81914914,0.64700484,0.8235024,0.69852126,0.8492606,0.64589214,0.8229461
56803,0.7301388,0.8650694,0.7368854,0.8684427,0.70261174,0.85130584,0.66433823,0.8321691,0.7034719,0.85173595,0.78238714,0.89119357,0.7009718,0.8504859,0.8187238,0.9093619,0.74840283,0.8742014,0.77251244,0.8862562
56804,0.7186224,0.8593112,0.7103763,0.85518813,0.6291115,0.81455576,0.6538553,0.82692766,0.74424386,0.87212193,0.8037802,0.9018901,0.73220444,0.8661022,0.84158945,0.9207947,0.77339953,0.8866998,0.7821278,0.8910639
56805,0.62661296,0.81330645,0.6090299,0.80451494,0.5682026,0.7841013,0.60747707,0.80373853,0.5935111,0.79675555,0.66875446,0.8343772,0.61639225,0.8081961,0.69739926,0.8486996,0.71404326,0.85702163,0.69084656,0.8454233
56807,0.6958211,0.8479105,0.6954274,0.8477137,0.6096269,0.80481344,0.63523304,0.8176165,0.7076284,0.85381424,0.73369074,0.86684537,0.7205156,0.8602578,0.7361185,0.8680593,0.7727109,0.88635546,0.7646157,0.8823079
56809,0.70587873,0.85293937,0.71138424,0.85569215,0.62451255,0.8122563,0.68145525,0.8407276,0.705672,0.852836,0.78271955,0.8913598,0.7512243,0.87561214,0.8209287,0.91046435,0.79949343,0.8997467,0.8032704,0.90163517
56859,0.586815,0.7934075,0.54353,0.771765,0.4588765,0.72943825,0.5652508,0.78262544,0.5796532,0.78982663,0.6692561,0.83462805,0.6286465,0.81432325,0.6403239,0.82016194,0.6750947,0.83754736,0.6696771,0.8348385
56860,0.66027796,0.830139,0.63705075,0.8185254,0.58827585,0.79413795,0.70867205,0.854336,0.6722679,0.83613396,0.7895223,0.89476115,0.70475936,0.8523797,0.78989846,0.8949492,0.76331556,0.8816578,0.80175114,0.90087557
56861,0.54108787,0.77054393,0.52871466,0.7643573,0.446114,0.72305703,0.5945424,0.7972712,0.53177667,0.76588833,0.5487031,0.77435154,0.58662266,0.79331136,0.58523464,0.7926173,0.596313,0.7981565,0.5873089,0.79365444
56862,0.6652385,0.83261925,0.6894846,0.8447423,0.56762064,0.7838103,0.6140578,0.8070289,0.6522269,0.82611346,0.69734097,0.8486705,0.6950859,0.84754294,0.7355844,0.8677922,0.7406335,0.87031674,0.7057172,0.8528586
57384,0.72600335,0.8630017,0.6756159,0.83780795,0.6268935,0.81344676,0.63240385,0.8162019,0.7222598,0.8611299,0.8290372,0.9145186,0.74641025,0.8732051,0.8194182,0.9097091,0.73578453,0.86789227,0.8083347,0.90416735
57400,0.7490324,0.8745162,0.6891937,0.84459686,0.62043405,0.810217,0.64863014,0.8243151,0.7352812,0.8676406,0.7915828,0.8957914,0.7285423,0.86427116,0.7897165,0.89485824,0.7242026,0.8621013,0.7723328,0.8861664
62042,0.72347355,0.8617368,0.6520257,0.82601285,0.6484475,0.82422376,0.6257256,0.8128628,0.6660546,0.8330273,0.7115351,0.85576755,0.6381084,0.8190542,0.6703154,0.8351577,0.6732695,0.83663476,0.6722746,0.8361373
63086,0.5053276,0.7526638,0.51821095,0.75910544,0.44242623,0.7212131,0.45883054,0.7294153,0.5446776,0.7723388,0.63781595,0.818908,0.6332189,0.81660944,0.58825576,0.7941279,0.64174026,0.82087016,0.643841,0.8219205
63087,0.71363974,0.85681987,0.6778226,0.8389113,0.5973314,0.7986657,0.68144727,0.84072363,0.73957217,0.8697861,0.767534,0.883767,0.77782863,0.88891435,0.75960183,0.8798009,0.7440729,0.87203646,0.7673646,0.8836823
83710,0.7148664,0.8574332,0.7106359,0.85531795,0.62755036,0.8137752,0.70860004,0.8543,0.73021847,0.8651092,0.7855562,0.8927781,0.7402771,0.8701385,0.8073869,0.90369344,0.76796365,0.8839818,0.8022234,0.9011117
83711,0.46347034,0.73173517,0.55374706,0.7768735,0.4819557,0.7409779,0.47888693,0.7394435,0.41606355,0.7080318,0.40771836,0.7038592,0.4179692,0.7089846,0.5240886,0.7620443,0.5292159,0.7646079,0.43280208,0.71640104
86666,0.648411,0.8242055,0.7141446,0.8570723,0.59154344,0.7957717,0.65663236,0.8283162,0.6753818,0.8376909,0.7409774,0.8704887,0.73866117,0.8693306,0.8171096,0.9085548,0.7814261,0.89071304,0.78348315,0.8917416
87779,0.45704222,0.7285211,0.51958954,0.7597948,0.40270376,0.7013519,0.50731695,0.7536585,0.44926775,0.7246339,0.41703463,0.7085173,0.49708414,0.7485421,0.4752746,0.7376373,0.5057068,0.7528534,0.4758307,0.73791534
97622,0.7313285,0.86566424,0.7017746,0.8508873,0.66157496,0.8307875,0.6195718,0.8097859,0.7388164,0.8694082,0.84529173,0.92264587,0.77529,0.887645,0.8256642,0.91283214,0.79380304,0.8969015,0.83996046,0.9199802
98134,0.6474727,0.8237363,0.62019897,0.8100995,0.59504414,0.79752207,0.5350395,0.7675197,0.65104973,0.82552487,0.72328925,0.8616446,0.69796836,0.8489842,0.71565557,0.8578278,0.69353676,0.8467684,0.7271743,0.86358714
98135,0.66284645,0.8314232,0.63388693,0.81694347,0.61435974,0.80717987,0.60933673,0.80466837,0.6852831,0.8426416,0.8297775,0.91488874,0.7190969,0.85954845,0.8006222,0.9003111,0.7501572,0.87507856,0.7986003,0.89930016
98136,0.5390306,0.7695153,0.5210865,0.7605432,0.46664098,0.7333205,0.5468139,0.773407,0.54373354,0.7718668,0.6036657,0.80183285,0.5392845,0.76964223,0.624345,0.81217253,0.6057838,0.8028919,0.6136893,0.80684465
98137,0.62696207,0.81348103,0.6435622,0.8217811,0.54026747,0.77013373,0.61856997,0.809285,0.66006404,0.830032,0.70541257,0.8527063,0.7090754,0.8545377,0.72424537,0.86212265,0.7189111,0.8594556,0.71745634,0.8587282
98138,0.6068181,0.80340904,0.5644387,0.78221935,0.5391697,0.7695849,0.5793067,0.78965336,0.63396823,0.8169841,0.74373823,0.8718691,0.6772492,0.8386246,0.7150799,0.85753995,0.7130456,0.8565228,0.7541491,0.87707454
98171,0.63910043,0.8195502,0.6244286,0.81221426,0.55432564,0.7771628,0.5958884,0.7979442,0.6795262,0.8397631,0.70943165,0.8547158,0.7021461,0.851073,0.71795833,0.85897917,0.71175456,0.8558773,0.7206316,0.8603158
98172,0.5700718,0.7850359,0.59707004,0.798535,0.50256133,0.75128067,0.5420991,0.77104956,0.66875553,0.83437777,0.7355234,0.86776173,0.7535231,0.87676156,0.7284015,0.8642007,0.7001175,0.8500588,0.7453331,0.87266654
98173,0.6939802,0.8469901,0.66037774,0.8301889,0.58388525,0.7919426,0.5978302,0.7989151,0.73201334,0.8660067,0.8168069,0.90840346,0.7585906,0.8792953,0.7415898,0.8707949,0.77535397,0.88767695,0.8135643,0.90678215
98245,0.51330906,0.7566545,0.5532121,0.7766061,0.48385715,0.7419286,0.4972679,0.748634,0.55530965,0.7776548,0.62874705,0.8143735,0.6279901,0.81399506,0.6460036,0.8230018,0.6564864,0.8282432,0.6395105,0.81975526
98250,0.60938114,0.8046906,0.6832887,0.84164435,0.5879437,0.79397184,0.6083175,0.80415875,0.5599824,0.7799912,0.5097889,0.75489444,0.50662607,0.75331306,0.63251525,0.8162576,0.55130506,0.7756525,0.48734528,0.7436726
98251,0.5054721,0.7527361,0.4604043,0.73020214,0.4080759,0.70403796,0.47956416,0.7397821,0.48078936,0.7403947,0.5018543,0.75092715,0.5009153,0.75045764,0.49255034,0.7462752,0.5524479,0.77622396,0.4793336,0.7396668
98252,0.488353,0.7441765,0.4651156,0.7325578,0.391452,0.69572604,0.5879451,0.79397255,0.4968797,0.74843985,0.4600751,0.73003757,0.47322834,0.73661417,0.4710937,0.7355468,0.52494895,0.7624745,0.45988813,0.72994405
98253,0.7128157,0.8564079,0.7048917,0.85244584,0.6122105,0.80610526,0.6517621,0.82588106,0.70858514,0.8542926,0.71627295,0.8581365,0.6849245,0.84246224,0.7545073,0.87725365,0.7497514,0.87487566,0.71937215,0.8596861
98254,0.6455585,0.82277924,0.60785615,0.8039281,0.5785794,0.7892897,0.63430643,0.8171532,0.64122283,0.8206114,0.7483306,0.8741653,0.65277624,0.8263881,0.7196086,0.8598043,0.73151916,0.8657596,0.72830105,0.8641505
98255,0.72629726,0.8631486,0.7040882,0.8520441,0.6548971,0.82744855,0.72364855,0.8618243,0.7585773,0.8792887,0.7792075,0.88960373,0.7209105,0.8604553,0.80207694,0.90103847,0.7471632,0.8735816,0.7861024,0.8930512
98256,0.61387,0.806935,0.5984956,0.7992478,0.5317701,0.76588506,0.64595234,0.8229762,0.62566817,0.8128341,0.6902648,0.8451324,0.5991501,0.7995751,0.6747739,0.83738697,0.6757794,0.8378897,0.64925474,0.8246274
98257,0.67178273,0.83589137,0.67482615,0.8374131,0.59913814,0.7995691,0.6816815,0.84084076,0.62045336,0.8102267,0.7004112,0.8502056,0.63968426,0.8198421,0.732241,0.86612046,0.7422276,0.8711138,0.7092773,0.85463864
98258,0.60237145,0.8011857,0.63074315,0.8153716,0.5373272,0.7686636,0.61062473,0.8053124,0.5424026,0.7712013,0.57237434,0.7861872,0.6020504,0.8010252,0.5949125,0.79745626,0.633403,0.81670153,0.62906843,0.8145342
98259,0.6371031,0.81855154,0.6085035,0.8042518,0.5515455,0.77577275,0.61068726,0.8053436,0.6370362,0.8185181,0.70161414,0.8508071,0.6939065,0.8469533,0.68677497,0.8433875,0.72708213,0.86354107,0.7366129,0.86830646
98260,0.65788704,0.8289435,0.6498934,0.8249467,0.62069565,0.8103478,0.7102355,0.85511774,0.6574595,0.82872975,0.712613,0.8563065,0.6536157,0.82680786,0.746631,0.8733155,0.71207285,0.8560364,0.7033086,0.8516543
98261,0.62121403,0.810607,0.5793397,0.7896699,0.57463527,0.78731763,0.62964064,0.8148203,0.6253631,0.81268156,0.704002,0.852001,0.6612734,0.83063674,0.667019,0.8335095,0.6934891,0.84674454,0.71972644,0.8598632
98262,0.6084273,0.80421364,0.5775493,0.7887746,0.52702457,0.76351225,0.6595651,0.82978255,0.58851874,0.79425937,0.6637905,0.83189523,0.6206964,0.8103482,0.6693585,0.83467925,0.7106786,0.8553393,0.68192995,0.840965
98263,0.61842597,0.809213,0.6457605,0.82288027,0.5613958,0.78069794,0.622118,0.811059,0.6585564,0.82927823,0.71567166,0.8578358,0.65108943,0.8255447,0.73209584,0.8660479,0.69043684,0.8452184,0.7123599,0.85617995
98264,0.6590581,0.82952905,0.60862994,0.804315,0.52923644,0.7646182,0.7048067,0.85240334,0.5847977,0.7923988,0.6097884,0.8048942,0.560724,0.780362,0.656366,0.828183,0.6205025,0.81025124,0.60577196,0.802886
98265,0.7474973,0.87374866,0.70603615,0.85301805,0.6571332,0.8285666,0.6732728,0.8366364,0.7375473,0.86877364,0.8276414,0.91382074,0.7163218,0.8581609,0.8000917,0.9000459,0.77595973,0.88797987,0.7809199,0.89045995
98266,0.77088714,0.88544357,0.6818347,0.84091735,0.6461978,0.8230989,0.6865543,0.84327716,0.7319453,0.86597264,0.83798534,0.91899264,0.72074056,0.8603703,0.7981422,0.8990711,0.77790475,0.8889524,0.80481553,0.90240777
98267,0.678763,0.83938146,0.65035117,0.8251756,0.6062622,0.8031311,0.6446118,0.8223059,0.68436664,0.84218335,0.71064925,0.8553246,0.6488273,0.82441366,0.728391,0.86419547,0.752541,0.87627053,0.727757,0.8638785
98268,0.6499058,0.8249529,0.66903967,0.83451986,0.64133674,0.82066834,0.6300634,0.8150317,0.60348964,0.8017448,0.6342289,0.8171145,0.54706323,0.7735316,0.70250857,0.8512543,0.64490616,0.8224531,0.64095294,0.8204765
98269,0.66430706,0.83215356,0.59258175,0.7962909,0.5432811,0.77164054,0.60672057,0.8033603,0.63253915,0.8162696,0.7353624,0.8676812,0.64745224,0.8237261,0.7056115,0.85280573,0.6921792,0.8460896,0.6953492,0.8476746
98270,0.6776738,0.8388369,0.63248384,0.8162419,0.56050646,0.78025323,0.6500639,0.82503194,0.63678324,0.8183916,0.70467675,0.8523384,0.6711074,0.8355537,0.6876424,0.84382117,0.7127863,0.85639316,0.70090574,0.8504529
98271,0.61278343,0.8063917,0.59603155,0.7980158,0.5079057,0.75395286,0.55770934,0.77885467,0.62824,0.81412,0.7780963,0.88904816,0.7213395,0.86066973,0.7062113,0.85310566,0.73770225,0.8688511,0.77219474,0.8860974
98272,0.6475421,0.82377106,0.67405224,0.8370261,0.59503174,0.79751587,0.6358738,0.8179369,0.6879871,0.84399354,0.79461706,0.8973085,0.75339115,0.8766956,0.79780024,0.89890015,0.76023155,0.88011575,0.81702054,0.90851027
98273,0.61116266,0.80558133,0.67241293,0.83620644,0.5572425,0.77862126,0.628224,0.814112,0.5793512,0.7896756,0.6272285,0.81361425,0.63285637,0.8164282,0.7189213,0.85946065,0.70881027,0.85440516,0.70016724,0.8500836
98274,0.6537845,0.82689226,0.6324135,0.81620675,0.58163846,0.7908192,0.66419166,0.83209586,0.65428746,0.8271437,0.7620034,0.8810017,0.6672791,0.83363956,0.7409648,0.8704824,0.7199204,0.8599602,0.7415798,0.8707899
98275,0.6914392,0.8457196,0.6568852,0.8284426,0.6028337,0.8014169,0.63936067,0.81968033,0.7304939,0.86524695,0.7893857,0.89469284,0.74639314,0.8731966,0.78837895,0.8941895,0.74613506,0.8730675,0.7830235,0.89151174
98276,0.7048195,0.8524097,0.681213,0.8406065,0.60681665,0.8034083,0.6589702,0.82948506,0.7322731,0.86613655,0.7785672,0.8892836,0.74814296,0.8740715,0.7738349,0.8869175,0.7930106,0.8965053,0.7938868,0.8969434
98277,0.6991706,0.8495853,0.65903294,0.8295165,0.5763637,0.78818184,0.65100014,0.8255001,0.7023382,0.8511691,0.80072117,0.9003606,0.74946153,0.87473077,0.7796516,0.8898258,0.7952435,0.89762175,0.81307614,0.90653807
98278,0.7580122,0.8790061,0.70836884,0.8541844,0.66629297,0.83314645,0.6760381,0.838019,0.76706904,0.88353455,0.88006043,0.9400302,0.7823554,0.8911777,0.8322532,0.9161266,0.7809088,0.8904544,0.8367405,0.91837025
98279,0.72654855,0.8632743,0.69004005,0.84502006,0.61199063,0.80599535,0.6485605,0.82428026,0.70840967,0.85420483,0.82208514,0.9110426,0.73013234,0.8650662,0.7848388,0.8924194,0.7408955,0.87044775,0.7915782,0.8957891
98280,0.7384601,0.86923003,0.7071203,0.85356015,0.64675415,0.8233771,0.72100264,0.8605013,0.7188126,0.8594063,0.79510427,0.89755213,0.7458582,0.8729291,0.80627155,0.9031358,0.80055845,0.9002792,0.81211483,0.9060574
98281,0.66403586,0.8320179,0.6148053,0.8074026,0.5517743,0.77588713,0.6467015,0.8233508,0.68009806,0.840049,0.7410381,0.87051904,0.7142395,0.85711974,0.7210835,0.86054176,0.7355325,0.86776626,0.7246361,0.86231804
98282,0.6695348,0.8347674,0.69138646,0.84569323,0.59896564,0.7994828,0.69959915,0.8497996,0.6634084,0.8317042,0.7286161,0.86430806,0.71950436,0.8597522,0.7605643,0.88028216,0.74906754,0.8745338,0.76220834,0.8811042
98283,0.6771821,0.83859104,0.65551376,0.8277569,0.5768856,0.7884428,0.65338993,0.82669497,0.6904533,0.84522665,0.75853306,0.8792665,0.7231657,0.8615829,0.733565,0.8667825,0.7353203,0.86766016,0.7748563,0.88742816
98284,0.47634858,0.7381743,0.52383626,0.7619181,0.4180142,0.7090071,0.45351416,0.72675705,0.53438634,0.7671932,0.565508,0.782754,0.61194724,0.80597365,0.592459,0.7962295,0.6027769,0.80138844,0.58952934,0.79476464
98285,0.5794903,0.78974515,0.543125,0.77156246,0.4645929,0.73229647,0.5509547,0.77547735,0.577167,0.7885835,0.63934004,0.81967,0.61137706,0.8056885,0.62368864,0.81184435,0.677292,0.838646,0.6519783,0.8259891
98286,0.58973086,0.7948654,0.58953506,0.7947675,0.5337388,0.7668694,0.53444934,0.76722467,0.6334218,0.8167109,0.6965821,0.84829104,0.66601706,0.8330085,0.7225661,0.86128306,0.68935895,0.8446795,0.71361166,0.8568058
98287,0.6989839,0.84949195,0.70294625,0.8514731,0.63444424,0.8172221,0.6493846,0.8246923,0.707438,0.853719,0.7877897,0.89389485,0.7224158,0.8612079,0.8272548,0.9136274,0.7487515,0.87437576,0.775228,0.887614
98288,0.702845,0.8514225,0.6709918,0.8354959,0.58683723,0.79341865,0.58521533,0.79260767,0.68580294,0.84290147,0.67778295,0.8388915,0.61546445,0.8077322,0.7196686,0.8598343,0.6645826,0.8322913,0.6720486,0.8360243
98289,0.6164299,0.80821496,0.5908216,0.7954108,0.55398035,0.7769902,0.60314345,0.8015717,0.6240005,0.8120003,0.72706515,0.86353254,0.6275773,0.81378865,0.70013404,0.850067,0.70286226,0.85143113,0.7104625,0.8552313
98290,0.489218,0.744609,0.5056462,0.7528231,0.48385364,0.7419268,0.44638982,0.7231949,0.55486524,0.7774326,0.62011844,0.8100592,0.6494804,0.8247402,0.56322527,0.78161263,0.6413685,0.82068425,0.6733123,0.83665615
98291,0.67539144,0.8376957,0.6600976,0.8300488,0.59341663,0.79670835,0.6058241,0.80291206,0.69229513,0.84614754,0.8064736,0.9032368,0.75660145,0.8783007,0.75812703,0.8790635,0.78547543,0.89273775,0.8096339,0.904817
98292,0.57635236,0.7881762,0.6271162,0.8135581,0.52311194,0.76155597,0.5882963,0.79414815,0.6333143,0.8166572,0.6822655,0.84113276,0.6977924,0.8488962,0.7137035,0.85685176,0.69968355,0.8498418,0.6987113,0.84935564
98293,0.6424941,0.82124704,0.63585263,0.8179263,0.54533076,0.7726654,0.6024737,0.80123687,0.64309824,0.8215491,0.7168479,0.85842395,0.6745268,0.8372634,0.7026805,0.8513403,0.6978618,0.8489309,0.6959876,0.8479938
98294,0.5377466,0.76887333,0.50888133,0.75444067,0.47172585,0.7358629,0.53553116,0.7677656,0.55242765,0.7762138,0.5669124,0.7834562,0.525525,0.7627625,0.5797478,0.7898739,0.58316755,0.7915838,0.53177345,0.7658867
98295,0.6156051,0.80780256,0.6083908,0.8041954,0.5295781,0.76478904,0.5764481,0.78822404,0.65480936,0.8274047,0.7644923,0.88224614,0.7078375,0.8539188,0.73383915,0.8669196,0.75177413,0.87588704,0.7793411,0.88967055
98296,0.61301005,0.806505,0.6307565,0.81537825,0.54273605,0.771368,0.6059239,0.80296195,0.6170306,0.8085153,0.6400447,0.82002234,0.6310955,0.81554776,0.7191865,0.8595933,0.6589873,0.82949364,0.64683366,0.8234168
98297,0.70849127,0.85424566,0.6830847,0.84154236,0.6336453,0.81682265,0.69689345,0.8484467,0.670735,0.8353675,0.6997226,0.84986126,0.6642233,0.83211166,0.7690252,0.8845126,0.760983,0.8804915,0.7583666,0.8791833
98298,0.70127606,0.85063803,0.6595309,0.82976544,0.5881524,0.7940762,0.6772405,0.83862025,0.6901907,0.84509534,0.77899694,0.8894985,0.7207295,0.86036474,0.7686261,0.88431305,0.7622986,0.8811493,0.78972185,0.8948609
98299,0.6368213,0.81841063,0.6565449,0.82827246,0.56220895,0.78110445,0.5808951,0.7904476,0.6907624,0.8453812,0.75823426,0.87911713,0.696779,0.8483895,0.7543155,0.87715775,0.6715597,0.83577985,0.72488105,0.8624405
98300,0.6184603,0.80923015,0.6465813,0.82329065,0.5678779,0.78393894,0.59288335,0.7964417,0.68273604,0.841368,0.7506657,0.87533283,0.75711745,0.87855875,0.7684611,0.88423055,0.7532116,0.8766058,0.7798266,0.8899133
98301,0.5419772,0.7709886,0.5141526,0.75707626,0.47363484,0.7368174,0.48712826,0.7435641,0.57434785,0.7871739,0.6683813,0.8341906,0.65131116,0.8256556,0.6424559,0.8212279,0.65330017,0.8266501,0.69255996,0.84628
98302,0.740448,0.870224,0.69077206,0.845386,0.623387,0.8116935,0.6893021,0.84465104,0.7477305,0.87386525,0.8211682,0.9105841,0.75208986,0.8760449,0.7918725,0.89593625,0.75429386,0.87714696,0.8126714,0.9063357
98303,0.6942357,0.84711784,0.6342665,0.81713325,0.5840604,0.7920302,0.6253674,0.8126837,0.70855093,0.85427547,0.8177886,0.9088943,0.7349827,0.86749136,0.7585989,0.87929946,0.77742803,0.888714,0.8370243,0.9185121
98304,0.7374593,0.86872965,0.7133234,0.8566617,0.6449465,0.8224733,0.64109623,0.8205481,0.6959923,0.8479961,0.7938653,0.89693266,0.72891724,0.8644586,0.77294123,0.8864706,0.77115184,0.8855759,0.7795539,0.88977695
98305,0.719731,0.8598655,0.6892371,0.84461856,0.59985095,0.79992545,0.6596202,0.82981014,0.7119249,0.85596246,0.809815,0.90490746,0.7512952,0.8756476,0.7871189,0.89355946,0.776327,0.8881635,0.7931958,0.89659786
98306,0.65583676,0.8279184,0.65734184,0.8286709,0.57194364,0.7859718,0.6127274,0.8063637,0.67817223,0.8390861,0.7585926,0.8792963,0.7102842,0.8551421,0.752212,0.876106,0.73388916,0.86694455,0.73461556,0.8673078
98307,0.71217406,0.856087,0.6997483,0.84987414,0.6266347,0.81331736,0.64722335,0.8236117,0.7393497,0.86967486,0.8464482,0.9232241,0.76366806,0.88183403,0.8346088,0.9173044,0.7865115,0.8932557,0.8157832,0.90789163
98308,0.62163603,0.810818,0.6745676,0.8372838,0.5229049,0.76145244,0.60163176,0.8008159,0.623132,0.811566,0.64520293,0.82260144,0.6996801,0.84984004,0.66921973,0.83460987,0.71717757,0.8585888,0.690648,0.84532404
98309,0.65959406,0.829797,0.62426716,0.81213355,0.563912,0.78195596,0.5868308,0.7934154,0.682653,0.8413265,0.7551213,0.8775606,0.6873938,0.8436969,0.7635647,0.88178235,0.7480413,0.87402064,0.72796154,0.86398077
98310,0.7190622,0.8595311,0.66254246,0.83127123,0.6418382,0.8209191,0.5934643,0.7967322,0.70322144,0.8516107,0.8260959,0.9130479,0.7388439,0.86942196,0.75550455,0.8777523,0.6936391,0.8468195,0.7815087,0.89075434
98311,0.7107731,0.85538656,0.6914718,0.8457359,0.6193537,0.8096769,0.63958347,0.81979173,0.69175744,0.8458787,0.761963,0.8809815,0.72224784,0.8611239,0.7437862,0.8718931,0.7655877,0.88279384,0.7814112,0.8907056
98312,0.67572737,0.8378637,0.7082332,0.85411656,0.6059918,0.8029959,0.649611,0.8248055,0.71125615,0.8556281,0.7769465,0.8884733,0.77708507,0.88854253,0.7827241,0.8913621,0.7286155,0.86430776,0.810135,0.9050675
98313,0.66740286,0.83370143,0.647511,0.8237555,0.61517584,0.8075879,0.61873496,0.8093675,0.6642853,0.83214265,0.79106563,0.89553285,0.6554053,0.82770264,0.7810526,0.8905263,0.7267088,0.86335444,0.75804925,0.8790246
98314,0.7496891,0.87484455,0.69504106,0.84752053,0.63323826,0.81661916,0.69601834,0.84800917,0.7450807,0.87254035,0.8213042,0.9106521,0.72048926,0.86024463,0.80335027,0.9016751,0.76947623,0.8847381,0.8086317,0.9043158
98315,0.6070478,0.8035239,0.64153314,0.82076657,0.57179725,0.7858986,0.62521124,0.8126056,0.64238983,0.8211949,0.73167956,0.8658398,0.65934277,0.8296714,0.70603544,0.8530177,0.74527574,0.87263787,0.7162343,0.85811716
98316,0.7801987,0.89009935,0.7445154,0.8722577,0.67288876,0.8364444,0.6729676,0.83648384,0.76134014,0.8806701,0.83697915,0.9184896,0.71084845,0.8554242,0.8224143,0.91120714,0.7341505,0.86707526,0.7778107,0.88890535
98317,0.5906798,0.79533994,0.5928672,0.79643357,0.5232456,0.7616228,0.5284231,0.76421154,0.65917826,0.8295891,0.78998494,0.8949925,0.745392,0.87269604,0.7083279,0.85416394,0.712246,0.856123,0.78520405,0.892602
98318,0.70045054,0.85022527,0.6563823,0.82819116,0.6169071,0.80845356,0.67097783,0.8354889,0.6804223,0.84021115,0.75707024,0.87853515,0.73283803,0.866419,0.7257229,0.86286145,0.748388,0.874194,0.7862187,0.8931093
98319,0.65886426,0.82943213,0.6258381,0.812919,0.5816714,0.79083574,0.7025589,0.85127944,0.6204589,0.8102294,0.6868429,0.84342146,0.625008,0.812504,0.7005657,0.85028285,0.6999593,0.84997964,0.68913513,0.84456754
98320,0.68226445,0.8411322,0.67668605,0.838343,0.6418085,0.82090425,0.61770064,0.8088503,0.7205882,0.8602941,0.83058196,0.91529095,0.7280524,0.8640262,0.79571056,0.8978553,0.7719842,0.8859921,0.7996651,0.89983255
98321,0.7002834,0.8501417,0.68739843,0.8436992,0.6332123,0.81660616,0.7003031,0.85015154,0.6927372,0.8463686,0.78221977,0.8911099,0.7043857,0.8521929,0.77036726,0.88518363,0.77199566,0.88599783,0.7873273,0.89366364
98322,0.69561183,0.8478059,0.6843459,0.842173,0.5887743,0.79438716,0.6174613,0.80873066,0.7568369,0.87841845,0.8382902,0.9191451,0.7513262,0.8756631,0.7928748,0.8964374,0.78976274,0.89488137,0.8203937,0.91019684
98323,0.66057515,0.8302876,0.6115171,0.80575854,0.538971,0.7694855,0.56424737,0.7821237,0.67543364,0.8377168,0.7551993,0.87759966,0.7009443,0.85047215,0.75209004,0.876045,0.6885717,0.84428585,0.7322281,0.866114
98324,0.70500016,0.8525001,0.6601039,0.83005196,0.61345756,0.8067288,0.71338546,0.85669273,0.6745671,0.83728355,0.75515664,0.8775783,0.690359,0.8451795,0.7368578,0.8684289,0.76191974,0.88095987,0.7807897,0.8903948
98325,0.68232495,0.84116244,0.61545604,0.80772805,0.5910044,0.7955022,0.60301137,0.8015057,0.70082414,0.8504121,0.8030343,0.90151715,0.72789097,0.8639455,0.7668712,0.8834356,0.7434956,0.8717478,0.7815959,0.890798
98326,0.6245289,0.81226444,0.6252812,0.8126406,0.5562695,0.77813476,0.5936523,0.7968261,0.5999037,0.79995185,0.68267864,0.84133935,0.62087923,0.8104396,0.721449,0.8607245,0.74278843,0.8713942,0.705619,0.8528095
98327,0.52984273,0.76492137,0.5755613,0.78778064,0.48041564,0.7402078,0.5361416,0.7680708,0.54674876,0.7733744,0.63170916,0.81585455,0.62753254,0.81376624,0.6250343,0.81251717,0.69360673,0.84680337,0.670431,0.8352155
98328,0.69154495,0.8457725,0.64669263,0.8233463,0.6044479,0.8022239,0.7106068,0.8553034,0.67038107,0.83519053,0.7338337,0.86691684,0.67179644,0.8358982,0.76836735,0.88418365,0.7165207,0.8582604,0.72723645,0.86361825
98329,0.61864877,0.8093244,0.6242534,0.8121267,0.5267456,0.7633728,0.62583387,0.81291693,0.61552024,0.8077601,0.66955173,0.83477587,0.666588,0.83329403,0.7165297,0.85826486,0.7165658,0.8582829,0.7203858,0.8601929
98330,0.61819434,0.8090972,0.64069206,0.820346,0.5718887,0.78594434,0.614102,0.807051,0.6574767,0.82873833,0.6774322,0.8387161,0.6666443,0.83332217,0.70281124,0.8514056,0.6872916,0.8436458,0.6869101,0.8434551
98331,0.531097,0.76554847,0.47770393,0.73885196,0.45114088,0.72557044,0.5304251,0.76521254,0.50133747,0.75066876,0.60084885,0.80042446,0.45798713,0.72899354,0.56065655,0.7803283,0.6034565,0.80172825,0.51437116,0.7571856
98332,0.52254677,0.7612734,0.53555286,0.7677764,0.46754438,0.73377216,0.52734625,0.7636731,0.5461912,0.7730956,0.6176137,0.80880684,0.62013054,0.81006527,0.64214265,0.8210713,0.6355235,0.8177618,0.6506055,0.8253027
98333,0.54266715,0.7713336,0.4990701,0.7495351,0.48539758,0.7426988,0.5260784,0.76303923,0.5406229,0.7703115,0.66895044,0.8344752,0.62720907,0.81360453,0.587261,0.7936305,0.6817161,0.84085804,0.68865967,0.84432983
98334,0.68349147,0.84174573,0.66464293,0.83232147,0.6680874,0.83404374,0.61450815,0.8072541,0.6132748,0.8066374,0.63941705,0.8197085,0.5373945,0.76869726,0.6680587,0.8340293,0.6376828,0.8188414,0.6106025,0.80530125
98335,0.722666,0.861333,0.7155329,0.85776645,0.6640763,0.83203816,0.6640229,0.83201146,0.7395239,0.86976194,0.8228136,0.91140676,0.7540703,0.87703514,0.82087576,0.9104379,0.79622513,0.89811254,0.81885034,0.90942514
98336,0.5483833,0.7741916,0.5493599,0.77467996,0.5381679,0.769084,0.56167305,0.7808365,0.5519376,0.7759688,0.626896,0.813448,0.51332325,0.75666165,0.6304971,0.81524855,0.59963596,0.799818,0.56762624,0.7838131
98337,0.47291127,0.7364556,0.45411843,0.72705925,0.3877095,0.69385475,0.46741515,0.73370755,0.4887017,0.74435085,0.5177835,0.75889176,0.55065364,0.77532685,0.48897916,0.74448955,0.53516227,0.7675811,0.5415127,0.77075636
98338,0.6218443,0.81092215,0.6622383,0.8311192,0.5822036,0.7911018,0.6129734,0.8064867,0.60046434,0.8002322,0.57535017,0.7876751,0.5999446,0.7999723,0.6541569,0.82707846,0.6736817,0.83684087,0.6142541,0.80712706
98339,0.48005277,0.74002635,0.5001936,0.7500968,0.43990773,0.7199539,0.45193458,0.7259673,0.5194969,0.75974846,0.6164116,0.80820584,0.56372094,0.7818605,0.5941173,0.79705864,0.59931344,0.79965675,0.6132654,0.8066327
98340,0.59288645,0.7964432,0.57209015,0.7860451,0.50188947,0.75094473,0.5757459,0.7878729,0.599211,0.7996055,0.68331635,0.8416582,0.6637677,0.83188385,0.6405659,0.82028294,0.6648972,0.8324486,0.6755762,0.8377881
98341,0.6553727,0.8276863,0.66984653,0.83492327,0.61143935,0.8057197,0.66273,0.831365,0.66846967,0.83423483,0.77332735,0.8866637,0.7111107,0.85555536,0.79456544,0.8972827,0.7758261,0.88791305,0.7784014,0.8892007
98342,0.73757046,0.86878526,0.68307024,0.8415351,0.6268406,0.8134203,0.6501262,0.8250631,0.72233677,0.8611684,0.78449655,0.8922483,0.71064126,0.85532063,0.7824683,0.89123416,0.75223804,0.876119,0.774696,0.887348
98343,0.4595998,0.72979987,0.45152098,0.72576046,0.3907325,0.69536626,0.45292974,0.72646487,0.48102403,0.740512,0.5499196,0.7749598,0.5263246,0.7631623,0.5355743,0.76778716,0.5756072,0.7878036,0.5810244,0.7905122
98344,0.73559254,0.8677963,0.6961121,0.8480561,0.6112206,0.8056103,0.68872285,0.8443614,0.70182633,0.85091317,0.77651525,0.8882576,0.71289176,0.8564459,0.7742927,0.88714635,0.7547929,0.87739646,0.78297627,0.89148813
98345,0.6691974,0.83459866,0.6518239,0.82591194,0.5971194,0.79855967,0.59927046,0.79963523,0.6952747,0.84763736,0.7894839,0.89474195,0.6931782,0.8465891,0.74680495,0.8734025,0.72268295,0.8613415,0.7745819,0.88729095
98346,0.59229326,0.79614663,0.5880342,0.7940171,0.54415685,0.7720784,0.58262986,0.79131496,0.6017857,0.80089283,0.7035334,0.8517667,0.62491447,0.8124572,0.7174216,0.85871077,0.655951,0.8279755,0.66765773,0.83382887
98347,0.5311863,0.7655932,0.5427652,0.7713826,0.48947275,0.7447364,0.5138145,0.7569072,0.5465354,0.7732677,0.62085426,0.8104271,0.6092318,0.8046159,0.60207486,0.80103743,0.69334686,0.8466734,0.65234685,0.8261734
98348,0.582391,0.7911955,0.55333924,0.7766696,0.5207501,0.760375,0.5596416,0.7798208,0.5953443,0.79767215,0.6878351,0.84391755,0.6379664,0.8189832,0.6583525,0.82917625,0.7156848,0.8578424,0.70856094,0.8542805
98349,0.6734662,0.8367331,0.7017919,0.85089594,0.5948626,0.7974313,0.6240163,0.81200814,0.6808453,0.84042263,0.74475217,0.8723761,0.6690341,0.83451706,0.78652173,0.89326084,0.7396941,0.86984706,0.7195755,0.85978776
98350,0.60646474,0.8032324,0.5964892,0.7982446,0.52364814,0.7618241,0.6254214,0.8127107,0.6385993,0.81929964,0.72635293,0.86317647,0.67496747,0.83748376,0.7148309,0.85741544,0.7097063,0.85485315,0.74735343,0.8736767
98351,0.5792808,0.7896404,0.6225666,0.8112833,0.5445715,0.77228576,0.55570567,0.77785283,0.6432111,0.82160556,0.6815063,0.84075314,0.68105507,0.84052753,0.7029134,0.8514567,0.7069268,0.8534634,0.69064164,0.8453208
98352,0.5953636,0.7976818,0.5949358,0.7974679,0.5188638,0.7594319,0.5691166,0.7845583,0.63582456,0.8179123,0.7505368,0.8752684,0.73655295,0.8682765,0.73790467,0.86895233,0.7794894,0.8897447,0.80139184,0.9006959
98353,0.53058827,0.76529413,0.51592445,0.7579622,0.45567918,0.7278396,0.47183913,0.7359196,0.56203234,0.7810162,0.6458546,0.8229273,0.65449536,0.8272477,0.6021711,0.8010856,0.624962,0.812481,0.66294664,0.83147335
98354,0.4343603,0.71718013,0.5266312,0.76331556,0.47152722,0.7357636,0.44381425,0.72190714,0.47665268,0.7383263,0.39038944,0.6951947,0.42959458,0.71479726,0.46004632,0.73002315,0.45153213,0.72576606,0.3896254,0.6948127
98355,0.6510402,0.8255201,0.65776026,0.82888013,0.61236167,0.80618083,0.6201016,0.8100508,0.6538643,0.8269322,0.6540017,0.82700086,0.6572384,0.82861924,0.65723056,0.8286153,0.6965668,0.8482834,0.69217503,0.8460875
98356,0.581422,0.790711,0.60311437,0.8015572,0.533013,0.7665065,0.5672477,0.7836238,0.6049409,0.80247045,0.6327047,0.81635237,0.621523,0.8107615,0.66353285,0.8317664,0.6643368,0.8321684,0.6309662,0.8154831
98357,0.6772957,0.83864784,0.72248423,0.8612421,0.60033447,0.8001672,0.6235548,0.8117774,0.6763598,0.8381799,0.5802602,0.79013014,0.5908387,0.79541934,0.6397679,0.81988394,0.6290103,0.81450516,0.5748763,0.78743815
98358,0.69987667,0.84993833,0.69890386,0.8494519,0.64095235,0.8204762,0.63736475,0.8186824,0.75431025,0.8771551,0.83566594,0.917833,0.7731743,0.88658714,0.82007724,0.9100386,0.82439905,0.9121995,0.8312688,0.9156344
98359,0.6076433,0.8038217,0.57853806,0.78926903,0.53970945,0.7698547,0.53995883,0.7699794,0.631843,0.8159215,0.7044466,0.8522233,0.694033,0.8470165,0.68391895,0.8419595,0.746747,0.8733735,0.7372838,0.8686419
98360,0.5109883,0.7554941,0.559028,0.779514,0.5064744,0.7532372,0.65192497,0.8259625,0.46921533,0.7346077,0.4708195,0.73540974,0.45691848,0.72845924,0.5531486,0.7765743,0.59087735,0.79543865,0.52448875,0.76224434
98361,0.705975,0.8529875,0.7230851,0.8615426,0.6381748,0.8190874,0.69410115,0.84705055,0.7189996,0.8594998,0.7688937,0.88444686,0.7096739,0.85483694,0.8173455,0.90867275,0.7723335,0.88616675,0.78724074,0.8936204
98362,0.59083223,0.7954161,0.5939111,0.7969556,0.51603556,0.7580178,0.53644645,0.7682232,0.62567776,0.8128389,0.71360934,0.85680467,0.69731116,0.8486556,0.69573265,0.8478663,0.7079369,0.85396844,0.71064353,0.85532176
98363,0.6804626,0.8402313,0.68553424,0.8427671,0.6354569,0.81772846,0.6353799,0.81768996,0.68905234,0.8445262,0.74536836,0.8726842,0.68170357,0.8408518,0.7637534,0.8818767,0.77339566,0.8866978,0.7594572,0.87972856
98364,0.6170814,0.8085407,0.600588,0.80029404,0.57209885,0.7860494,0.5492704,0.7746352,0.63572884,0.8178644,0.68128467,0.84064233,0.6271497,0.81357485,0.70241255,0.8512063,0.64948905,0.8247445,0.65179175,0.8258959
98365,0.634697,0.8173485,0.6744209,0.8372104,0.6126957,0.80634785,0.6259771,0.8129885,0.60170186,0.8008509,0.6587516,0.8293758,0.6147967,0.8073983,0.7187792,0.8593896,0.7077681,0.85388404,0.6818907,0.84094536
98366,0.5348275,0.76741374,0.5771624,0.7885812,0.5029654,0.7514827,0.4963632,0.7481816,0.5520823,0.77604115,0.53156507,0.76578254,0.5454898,0.7727449,0.5870732,0.7935366,0.57358366,0.7867918,0.5436355,0.77181774
98367,0.6463034,0.8231517,0.61516297,0.8075815,0.6172215,0.80861074,0.61763453,0.80881727,0.63203096,0.8160155,0.7406622,0.8703311,0.64284635,0.8214232,0.68587387,0.84293693,0.7526847,0.87634236,0.72540665,0.8627033
98368,0.5592043,0.77960217,0.59892404,0.799462,0.50982803,0.75491405,0.54123557,0.7706178,0.58620733,0.7931037,0.66545045,0.8327252,0.6196015,0.80980074,0.6442803,0.82214016,0.6889717,0.8444859,0.66950685,0.8347534
98369,0.5718112,0.7859056,0.6028383,0.80141914,0.55131924,0.7756596,0.5716611,0.78583056,0.6417463,0.82087314,0.74382365,0.8719118,0.719556,0.859778,0.7370693,0.8685347,0.71004236,0.8550212,0.7517897,0.87589484
98370,0.6571163,0.82855815,0.66009134,0.8300457,0.56223667,0.78111833,0.6362417,0.81812084,0.6816766,0.8408383,0.799796,0.899898,0.7461479,0.87307394,0.7797109,0.88985544,0.78457785,0.8922889,0.8177328,0.9088664
98371,0.6680705,0.8340353,0.6405651,0.8202826,0.62497604,0.812488,0.69151217,0.84575605,0.6416258,0.82081294,0.73455304,0.86727655,0.65931404,0.829657,0.75075823,0.8753791,0.7442527,0.87212634,0.7532939,0.87664694
98372,0.700943,0.8504715,0.6670599,0.83352995,0.60549104,0.8027455,0.63266826,0.8163341,0.7154425,0.8577212,0.8042991,0.90214956,0.7572657,0.87863284,0.79207027,0.89603513,0.7589546,0.87947726,0.8057303,0.9028652
98373,0.72605634,0.86302817,0.650028,0.825014,0.61140585,0.8057029,0.6614618,0.8307309,0.6769233,0.83846164,0.75940865,0.87970436,0.61999035,0.8099952,0.7268736,0.8634368,0.7051938,0.8525969,0.6891033,0.8445517
98374,0.66903514,0.8345176,0.645398,0.822699,0.5916903,0.79584515,0.6646675,0.83233374,0.6808824,0.8404412,0.73771155,0.8688558,0.6813997,0.84069985,0.7436919,0.87184596,0.74425673,0.87212837,0.73124284,0.86562145
98375,0.68097544,0.8404877,0.67193997,0.83597,0.64168906,0.82084453,0.6745173,0.83725864,0.66746175,0.8337309,0.7269583,0.86347914,0.65790784,0.8289539,0.7420558,0.8710279,0.7275294,0.8637647,0.7155656,0.85778284
98376,0.76573265,0.8828663,0.712461,0.8562305,0.6619993,0.8309996,0.6752322,0.8376161,0.7147485,0.85737425,0.80494714,0.90247357,0.680663,0.8403315,0.75356245,0.8767812,0.7788743,0.88943714,0.76793146,0.88396573
98377,0.65514886,0.82757443,0.657349,0.8286745,0.599293,0.7996465,0.646933,0.82346654,0.685287,0.8426435,0.8055912,0.9027956,0.74495304,0.8724765,0.794621,0.8973105,0.8232652,0.9116326,0.84303045,0.9215152
98378,0.6558353,0.82791764,0.63223606,0.816118,0.5653746,0.7826873,0.6109834,0.8054917,0.68367255,0.8418363,0.7883425,0.89417124,0.7167709,0.85838544,0.7566173,0.87830865,0.72474074,0.8623704,0.78471994,0.89236
98379,0.7016305,0.85081524,0.6458111,0.82290554,0.6268952,0.8134476,0.6393484,0.8196742,0.693478,0.846739,0.8087169,0.90435845,0.7050738,0.8525369,0.7655798,0.8827899,0.7517861,0.87589306,0.7882583,0.89412916
98380,0.6926265,0.84631324,0.68553406,0.842767,0.61704767,0.80852383,0.68155384,0.8407769,0.7115375,0.85576874,0.808571,0.9042855,0.76719254,0.8835963,0.79703593,0.89851797,0.80774575,0.90387285,0.8243878,0.9121939
98381,0.60129046,0.80064523,0.6242142,0.8121071,0.5226868,0.76134336,0.59024924,0.79512465,0.59809804,0.799049,0.6515715,0.82578576,0.6291053,0.81455266,0.6956991,0.84784955,0.6606238,0.8303119,0.65616786,0.82808393
98382,0.6130485,0.8065243,0.62197715,0.81098855,0.5226522,0.7613261,0.5872151,0.7936076,0.65406734,0.82703364,0.7213149,0.86065745,0.705405,0.8527025,0.745525,0.8727625,0.7352065,0.86760324,0.75692874,0.87846434
98383,0.6813172,0.8406586,0.6694809,0.83474046,0.60044384,0.8002219,0.6265856,0.8132928,0.6935842,0.8467921,0.74497247,0.87248623,0.6554744,0.8277372,0.7292492,0.8646246,0.7369171,0.8684585,0.7114674,0.8557337
98384,0.71393764,0.8569688,0.7013216,0.8506608,0.6237294,0.81186473,0.7004309,0.85021544,0.7230216,0.8615108,0.7670369,0.88351846,0.74294883,0.8714744,0.7738191,0.88690954,0.78115726,0.8905786,0.7903588,0.8951794
98385,0.62784225,0.8139211,0.5962461,0.79812306,0.52421737,0.7621087,0.6049961,0.80249804,0.63501483,0.8175074,0.72186756,0.8609338,0.67526853,0.83763427,0.72341734,0.86170864,0.703009,0.8515045,0.75110686,0.8755534
98386,0.72650754,0.8632538,0.7278484,0.8639242,0.67678916,0.8383946,0.7247184,0.86235917,0.72909874,0.8645494,0.776282,0.88814104,0.7416892,0.8708446,0.8079094,0.90395474,0.7966645,0.89833224,0.80362713,0.90181357
98387,0.73179924,0.8658996,0.75157815,0.87578905,0.66604567,0.83302283,0.7134036,0.8567018,0.771081,0.8855405,0.7921809,0.89609045,0.77075714,0.8853786,0.80089635,0.9004482,0.7681577,0.88407886,0.81138027,0.90569013
98388,0.75153446,0.87576723,0.7039355,0.85196775,0.63791454,0.81895727,0.67246866,0.83623433,0.7455858,0.8727929,0.844002,0.922001,0.74031305,0.8701565,0.80833715,0.9041686,0.7774153,0.88870764,0.8119191,0.90595955
98389,0.71224165,0.8561208,0.6865263,0.84326315,0.60916567,0.80458283,0.6370786,0.81853926,0.7167803,0.85839015,0.8081864,0.9040932,0.7407157,0.8703579,0.78714323,0.8935716,0.77465874,0.88732934,0.8166883,0.90834415
98390,0.66107863,0.83053935,0.59329224,0.7966461,0.557839,0.77891946,0.7188724,0.8594362,0.624887,0.8124435,0.7017065,0.85085326,0.6193929,0.80969644,0.69086814,0.84543407,0.69704914,0.8485246,0.6989569,0.8494785
98391,0.5907084,0.7953542,0.5713699,0.78568494,0.54470867,0.77235436,0.5240612,0.7620306,0.6498798,0.8249399,0.77053225,0.8852661,0.72351885,0.8617594,0.6995775,0.8497888,0.7378546,0.8689273,0.77843547,0.88921773
98392,0.6290182,0.8145091,0.597746,0.798873,0.5497557,0.77487785,0.61494684,0.8074734,0.59314084,0.7965704,0.67868245,0.8393412,0.5997534,0.7998767,0.69995934,0.84997964,0.7122756,0.8561378,0.69269776,0.8463489
98393,0.54794973,0.7739749,0.5634703,0.7817352,0.4654938,0.7327469,0.54917485,0.7745874,0.5714116,0.7857058,0.64410377,0.8220519,0.6390239,0.81951195,0.6536863,0.82684314,0.66887885,0.8344394,0.6525491,0.8262745
98394,0.52346826,0.7617341,0.5362618,0.7681309,0.43854168,0.7192708,0.47506416,0.7375321,0.56687164,0.7834358,0.6454822,0.8227411,0.6515043,0.82575214,0.6331305,0.8165653,0.6834935,0.84174675,0.67149925,0.8357496
98395,0.68677783,0.8433889,0.6245276,0.8122638,0.5914117,0.79570585,0.57878363,0.7893918,0.73376095,0.8668805,0.8686182,0.9343091,0.74658597,0.873293,0.8054701,0.90273505,0.74218696,0.8710935,0.8161653,0.90808266
98396,0.62753546,0.81376773,0.6400458,0.82002294,0.5678536,0.78392684,0.65502447,0.82751226,0.65049046,0.82524526,0.7204219,0.86021096,0.7113291,0.85566455,0.74950176,0.87475085,0.77636516,0.8881826,0.77780825,0.8889041
98397,0.60152483,0.8007624,0.61279833,0.80639917,0.5474917,0.7737459,0.5790199,0.78950995,0.65482634,0.8274132,0.7222249,0.8611125,0.7108633,0.8554317,0.7413132,0.8706566,0.7414387,0.8707193,0.7810312,0.89051557
98398,0.6417165,0.82085824,0.5954733,0.79773664,0.5718934,0.7859467,0.5286852,0.7643426,0.675134,0.837567,0.769979,0.8849895,0.6833174,0.8416587,0.713597,0.8567985,0.7230624,0.8615312,0.72456837,0.8622842
98399,0.46949726,0.7347486,0.46926472,0.7346324,0.42630693,0.7131535,0.42393935,0.7119697,0.5102949,0.75514746,0.54031134,0.77015567,0.54661524,0.7733076,0.5323802,0.7661901,0.5361813,0.7680906,0.53765273,0.76882637
98400,0.58223474,0.79111737,0.5886922,0.7943461,0.49400684,0.74700344,0.59882385,0.7994119,0.59116465,0.7955823,0.6066599,0.80332994,0.62491024,0.8124551,0.62622,0.81311,0.7004101,0.85020506,0.6451906,0.8225953
98401,0.65182114,0.82591057,0.68048966,0.8402448,0.59260964,0.7963048,0.61292726,0.8064636,0.63572407,0.81786203,0.6803694,0.8401847,0.66220963,0.8311048,0.765314,0.882657,0.7290411,0.86452055,0.70348394,0.85174197
98402,0.7278652,0.8639326,0.694353,0.8471765,0.66543865,0.8327193,0.64923394,0.82461697,0.72656703,0.8632835,0.8146591,0.90732956,0.7245444,0.8622722,0.7984632,0.8992316,0.7676406,0.8838203,0.8100154,0.9050077
1747,0.670279,0.8351395,0.6395346,0.8197673,0.60191494,0.80095744,0.65056205,0.825281,0.6399211,0.8199606,0.66251194,0.831256,0.64772695,0.8238635,0.6672361,0.83361804,0.71426785,0.8571339,0.6816369,0.84081846
1784,0.5659721,0.78298604,0.59855664,0.7992783,0.51468456,0.7573423,0.5474448,0.7737224,0.6199571,0.80997854,0.5757526,0.7878763,0.6125651,0.8062825,0.6216017,0.81080085,0.65710247,0.82855123,0.55172336,0.7758617
2476,0.78938806,0.89469403,0.71223813,0.85611904,0.7235354,0.8617677,0.6571866,0.8285933,0.7613174,0.8806587,0.7651043,0.88255215,0.7106568,0.85532844,0.75827676,0.87913835,0.70710015,0.8535501,0.7442739,0.87213695
2515,0.74653554,0.87326777,0.68701136,0.8435057,0.6635678,0.8317839,0.6406398,0.8203199,0.67763066,0.83881533,0.65945065,0.8297253,0.6147202,0.8073601,0.65354586,0.8267729,0.656631,0.8283155,0.6475078,0.8237539
2517,0.7238082,0.86190414,0.6389959,0.81949794,0.66883147,0.83441573,0.5702099,0.785105,0.68040997,0.84020495,0.62751496,0.8137575,0.55504215,0.7775211,0.6529312,0.8264656,0.59361196,0.796806,0.5921412,0.7960706
2529,0.6584481,0.82922405,0.61119056,0.8055953,0.5847316,0.7923658,0.5302633,0.76513165,0.65473336,0.8273667,0.6466627,0.82333136,0.6725563,0.83627814,0.63879496,0.81939745,0.60962075,0.8048104,0.67218614,0.83609307
2538,0.73281235,0.8664062,0.67987955,0.8399398,0.6453832,0.82269156,0.63866806,0.81933403,0.66479003,0.832395,0.6463342,0.8231671,0.5958899,0.79794496,0.67495733,0.83747864,0.6159626,0.8079813,0.611853,0.8059265
2551,0.7110431,0.85552156,0.68848914,0.8442446,0.61717045,0.8085852,0.5514146,0.7757073,0.66979575,0.8348979,0.68515706,0.84257853,0.61823916,0.8091196,0.6491227,0.82456136,0.6410052,0.82050264,0.6559387,0.8279693
2553,0.7634709,0.88173544,0.7110501,0.855525,0.68411815,0.8420591,0.6462602,0.82313013,0.71017087,0.85508543,0.7133712,0.85668564,0.6918349,0.84591746,0.7006682,0.8503341,0.6987033,0.84935164,0.70505774,0.85252887
2554,0.6728812,0.83644056,0.68420076,0.8421004,0.6096633,0.8048316,0.6539296,0.8269648,0.65980935,0.8299047,0.7225338,0.8612669,0.67109597,0.835548,0.72684133,0.86342067,0.7316133,0.86580664,0.7359905,0.86799526
2555,0.58817446,0.79408723,0.5934296,0.7967148,0.53596723,0.7679836,0.5828421,0.79142106,0.5343312,0.7671656,0.53562164,0.7678108,0.5261813,0.7630906,0.5658871,0.78294355,0.59635067,0.79817533,0.5572102,0.7786051
2556,0.6756101,0.83780503,0.7292229,0.86461145,0.6865348,0.84326744,0.6486852,0.8243426,0.6203309,0.81016546,0.60281533,0.8014077,0.56326723,0.7816336,0.6660975,0.83304876,0.635245,0.81762254,0.607361,0.80368054
2577,0.7716364,0.88581824,0.73532736,0.8676637,0.68483627,0.84241813,0.63676065,0.81838036,0.6995125,0.84975624,0.7485832,0.8742916,0.69117016,0.8455851,0.72045666,0.8602283,0.7199688,0.8599844,0.73230296,0.86615145
2582,0.7461778,0.8730889,0.69393444,0.8469672,0.685284,0.842642,0.5878253,0.79391265,0.70108056,0.8505403,0.7572979,0.87864894,0.6628167,0.8314084,0.732582,0.866291,0.6837689,0.8418845,0.7078638,0.8539319
2583,0.66947937,0.8347397,0.72718644,0.8635932,0.7134237,0.85671186,0.6374296,0.8187148,0.6657163,0.83285815,0.64760906,0.8238045,0.6084657,0.80423284,0.6944016,0.8472008,0.65658605,0.828293,0.62739694,0.8136985
2584,0.7590258,0.8795129,0.6727996,0.8363998,0.66643256,0.8332163,0.59338444,0.79669225,0.68419766,0.84209883,0.70439965,0.8521998,0.5933392,0.7966696,0.70664823,0.8533241,0.58953285,0.7947664,0.6289332,0.8144666
2585,0.700153,0.8500765,0.6784636,0.8392318,0.6177249,0.80886245,0.5984746,0.7992373,0.6627629,0.83138144,0.6913627,0.8456813,0.6380538,0.8190269,0.69562906,0.84781456,0.6681392,0.8340696,0.67407656,0.8370383
2586,0.71037626,0.85518813,0.6911755,0.84558773,0.6150398,0.8075199,0.63428795,0.817144,0.6182153,0.80910766,0.6209698,0.8104849,0.590006,0.795003,0.65502197,0.82751095,0.6493964,0.8246982,0.6252817,0.81264085
2587,0.6444897,0.8222449,0.6364035,0.8182018,0.65232563,0.8261628,0.5884243,0.79421216,0.5755302,0.7877651,0.56458306,0.78229153,0.5378608,0.76893044,0.6275997,0.81379986,0.58980167,0.79490083,0.54277563,0.7713878
2588,0.7603143,0.8801571,0.70439553,0.85219777,0.65465,0.827325,0.6903038,0.8451519,0.6519367,0.8259684,0.6279074,0.8139537,0.5829389,0.79146945,0.6860467,0.84302336,0.6960816,0.8480408,0.64361596,0.821808
2589,0.76245344,0.8812267,0.6957911,0.84789556,0.6922196,0.8461098,0.63927555,0.8196378,0.7002144,0.8501072,0.7224642,0.8612321,0.6621326,0.8310663,0.7265526,0.8632763,0.65777504,0.8288875,0.6893433,0.8446716
2590,0.7015617,0.85078084,0.68455434,0.84227717,0.676757,0.8383785,0.64501345,0.8225067,0.65636414,0.8281821,0.6691461,0.83457303,0.6208342,0.81041706,0.68458533,0.84229267,0.61735475,0.8086774,0.64730144,0.8236507
2591,0.72405314,0.8620266,0.68145955,0.8407298,0.63962126,0.8198106,0.59880346,0.79940176,0.70927656,0.8546383,0.7495232,0.8747616,0.68166846,0.84083426,0.70529807,0.85264903,0.670381,0.83519053,0.7160897,0.85804486
2592,0.77862966,0.88931483,0.7151087,0.8575543,0.7251966,0.8625983,0.68509156,0.84254575,0.73368084,0.8668404,0.67835253,0.8391763,0.5915755,0.79578775,0.6931395,0.8465698,0.610489,0.8052445,0.6528444,0.8264222
2594,0.67671144,0.8383557,0.6554611,0.82773054,0.6097108,0.8048554,0.6786071,0.83930355,0.6492669,0.8246335,0.6298229,0.8149115,0.61392355,0.8069618,0.6425427,0.82127136,0.6064868,0.8032434,0.59657,0.798285
2595,0.60153234,0.80076617,0.6085331,0.8042666,0.5610051,0.78050256,0.5753461,0.78767306,0.5361174,0.76805866,0.5492039,0.77460194,0.54014075,0.7700704,0.5941613,0.79708064,0.5643061,0.782153,0.55416226,0.77708113
2597,0.78472686,0.8923634,0.69359004,0.846795,0.73176706,0.8658835,0.6346464,0.8173232,0.7261411,0.86307055,0.76741755,0.8837088,0.6659902,0.83299506,0.7364339,0.868217,0.66873884,0.8343694,0.7004094,0.8502047
2645,0.66722167,0.83361083,0.67268324,0.8363416,0.6961665,0.84808326,0.6116435,0.8058218,0.6226727,0.81133634,0.6479809,0.82399046,0.59249854,0.7962493,0.6484618,0.8242309,0.65520287,0.82760143,0.6442443,0.82212216
2654,0.76239693,0.88119847,0.7063598,0.85317993,0.7128132,0.85640657,0.7049259,0.85246295,0.7072687,0.85363436,0.6863457,0.84317285,0.6166518,0.8083259,0.7133769,0.85668844,0.6313746,0.8156873,0.6447586,0.8223793
2655,0.7390919,0.86954594,0.6765784,0.8382892,0.66704583,0.8335229,0.6600838,0.8300419,0.6621176,0.8310588,0.70550865,0.85275435,0.6130188,0.8065094,0.68537533,0.84268767,0.6419029,0.82095146,0.65640306,0.82820153
2656,0.69739294,0.8486965,0.72207654,0.86103827,0.64395493,0.8219775,0.63572675,0.81786335,0.6588111,0.82940555,0.6643647,0.83218235,0.6006955,0.80034775,0.7070948,0.8535474,0.6567739,0.82838696,0.61675495,0.8083775
2657,0.63151085,0.8157554,0.6249888,0.8124944,0.58730257,0.7936513,0.57801974,0.78900987,0.62457585,0.8122879,0.68236315,0.8411816,0.5874057,0.79370284,0.71975875,0.8598794,0.72466147,0.86233073,0.69881666,0.8494083
2658,0.71047544,0.8552377,0.6273036,0.8136518,0.62956214,0.81478107,0.6025312,0.8012656,0.61922264,0.8096113,0.6097335,0.8048668,0.48774844,0.7438742,0.65117073,0.82558537,0.5891962,0.7945981,0.5558225,0.77791125
2659,0.6217453,0.8108727,0.6318237,0.8159119,0.57478464,0.7873923,0.56887805,0.784439,0.6020235,0.80101174,0.5928252,0.7964126,0.6223397,0.81116986,0.60428554,0.80214274,0.6443651,0.82218254,0.607025,0.8035125
2660,0.6709336,0.8354668,0.6276418,0.8138209,0.5823773,0.79118866,0.55124307,0.77562153,0.6397548,0.8198774,0.6574169,0.8287084,0.63901764,0.8195088,0.6448823,0.82244116,0.63985234,0.81992614,0.6422688,0.8211344
2741,0.608037,0.8040185,0.5062809,0.75314045,0.48676318,0.7433816,0.542907,0.7714535,0.5169849,0.75849247,0.5101337,0.7550669,0.4522068,0.7261034,0.49038827,0.74519414,0.5042305,0.75211525,0.47962958,0.73981476
2766,0.7326302,0.8663151,0.80128914,0.90064454,0.7200381,0.8600191,0.64155257,0.8207763,0.698501,0.8492505,0.6815461,0.84077305,0.64223707,0.82111853,0.75294626,0.8764731,0.6956165,0.84780824,0.651271,0.8256355
2793,0.64078236,0.8203912,0.69376504,0.8468825,0.5470159,0.77350795,0.5922151,0.79610753,0.6307117,0.81535584,0.6138173,0.8069086,0.6538737,0.82693684,0.67284054,0.8364203,0.6467991,0.82339954,0.66205513,0.83102757
2810,0.6924528,0.8462264,0.7101805,0.85509026,0.66342425,0.8317121,0.60056627,0.80028313,0.6308201,0.81541,0.58177614,0.7908881,0.50682694,0.75341344,0.669906,0.834953,0.58135664,0.7906783,0.521824,0.760912
2824,0.69811827,0.8490591,0.7354878,0.8677439,0.65801024,0.8290051,0.6515192,0.8257596,0.7005159,0.850258,0.6511214,0.8255607,0.63929284,0.8196464,0.7434323,0.87171614,0.69609535,0.8480477,0.66209304,0.8310465
3002,0.7092889,0.8546444,0.6730726,0.8365363,0.66597545,0.8329877,0.60958445,0.8047922,0.675683,0.8378415,0.654161,0.8270805,0.6685487,0.83427435,0.6782395,0.8391198,0.64842284,0.8242114,0.6530107,0.82650536
3021,0.62782115,0.8139106,0.64631844,0.8231592,0.5455427,0.77277136,0.5569793,0.77848965,0.58664334,0.79332167,0.51723605,0.758618,0.50937116,0.7546856,0.5720358,0.7860179,0.56924987,0.78462493,0.51285744,0.7564287
3093,0.78683174,0.89341587,0.7477852,0.8738926,0.7078451,0.85392255,0.6543149,0.82715744,0.79518366,0.8975918,0.7744899,0.88724494,0.73039836,0.8651992,0.7630913,0.88154566,0.7189965,0.85949826,0.756371,0.8781855
3105,0.78831017,0.8941551,0.75637674,0.8781884,0.69201624,0.8460081,0.6587568,0.82937837,0.74450165,0.8722508,0.74225116,0.8711256,0.732713,0.8663565,0.7235733,0.86178666,0.71655977,0.8582799,0.7543766,0.8771883
3113,0.640641,0.8203205,0.5856769,0.79283845,0.5796465,0.7898233,0.5419397,0.77096987,0.5866231,0.79331154,0.6565318,0.8282659,0.5832477,0.79162383,0.6142546,0.8071273,0.5879131,0.7939565,0.6242052,0.81210256
3118,0.685375,0.8426875,0.66914004,0.83457005,0.5886559,0.794328,0.59936,0.79968,0.65086436,0.8254322,0.6529182,0.8264591,0.6197252,0.8098626,0.6689658,0.8344829,0.67893064,0.8394653,0.6511123,0.82555616
3120,0.63018847,0.81509423,0.6542822,0.8271411,0.5861211,0.79306054,0.60312414,0.8015621,0.59862125,0.7993106,0.614299,0.8071495,0.6054598,0.8027299,0.6462092,0.8231046,0.63694143,0.8184707,0.6265924,0.8132962
3122,0.78511345,0.8925567,0.7273569,0.86367846,0.7031392,0.8515696,0.641002,0.82050097,0.7085519,0.85427594,0.7332692,0.8666346,0.63177705,0.8158885,0.7463894,0.8731947,0.69371593,0.84685796,0.7018744,0.8509372
3123,0.6928125,0.8464062,0.635085,0.8175425,0.61847955,0.80923975,0.56531036,0.7826552,0.6585819,0.829291,0.709216,0.854608,0.6504927,0.82524633,0.6762314,0.8381157,0.67261744,0.8363087,0.674317,0.8371585
3133,0.78260684,0.8913034,0.7039491,0.85197455,0.70699346,0.85349673,0.6715272,0.8357636,0.70053446,0.85026723,0.7338626,0.8669313,0.66768384,0.8338419,0.74818474,0.87409234,0.6832285,0.84161425,0.71008307,0.8550415
3134,0.82770234,0.91385114,0.7338321,0.86691606,0.72400725,0.8620036,0.63649726,0.8182486,0.77802,0.88901,0.79262424,0.8963121,0.7118803,0.85594016,0.7552536,0.8776268,0.72116184,0.8605809,0.74971735,0.8748587
3135,0.69859505,0.8492975,0.64944565,0.8247228,0.6273074,0.8136537,0.58190763,0.7909538,0.62998736,0.8149937,0.6137495,0.80687475,0.5577386,0.7788693,0.61762357,0.8088118,0.5786503,0.7893251,0.5761148,0.7880574
3136,0.74845785,0.87422895,0.7752416,0.8876208,0.67152417,0.8357621,0.6373259,0.81866294,0.73418987,0.86709493,0.71396995,0.856985,0.6904139,0.845207,0.74885774,0.87442887,0.71715,0.858575,0.7172478,0.85862386
3137,0.734733,0.8673665,0.6162503,0.80812514,0.6191312,0.8095656,0.56871474,0.78435737,0.6445876,0.82229376,0.71047646,0.8552382,0.5867833,0.79339164,0.65863156,0.8293158,0.61651886,0.8082594,0.6563336,0.82816684
3138,0.71731853,0.85865927,0.65844077,0.8292204,0.69231445,0.8461572,0.6230991,0.81154954,0.6740864,0.83704317,0.6837265,0.8418633,0.61857235,0.8092862,0.68253917,0.8412696,0.6382065,0.81910324,0.65833706,0.82916856
3139,0.75660026,0.87830013,0.674397,0.8371985,0.6885048,0.8442524,0.62637496,0.8131875,0.6826857,0.8413428,0.70316464,0.8515823,0.5873746,0.79368734,0.71327686,0.85663843,0.6526383,0.82631916,0.66866016,0.8343301
3140,0.7111958,0.8555979,0.6097187,0.80485934,0.60936725,0.8046836,0.553692,0.776846,0.64802074,0.8240104,0.711051,0.8555255,0.6243801,0.81219006,0.64949965,0.8247498,0.607699,0.80384946,0.6463181,0.82315904
3141,0.6983373,0.84916866,0.70096135,0.8504807,0.6210923,0.81054616,0.5788832,0.7894416,0.6630728,0.8315364,0.6792749,0.83963746,0.6137649,0.80688244,0.67408866,0.83704436,0.65303034,0.8265152,0.6792623,0.83963114
3142,0.7472769,0.87363845,0.6785934,0.8392967,0.70771754,0.85385877,0.6109643,0.80548215,0.69469714,0.8473486,0.7358372,0.8679186,0.6201329,0.81006646,0.72928774,0.8646439,0.67204237,0.8360212,0.69691306,0.8484565
3143,0.77353954,0.8867698,0.7031596,0.8515798,0.7053615,0.85268074,0.6426946,0.8213473,0.70693254,0.8534663,0.7355566,0.8677783,0.67072546,0.83536273,0.72013116,0.8600656,0.67363346,0.8368167,0.69484955,0.84742475
3144,0.6892944,0.84464717,0.62733996,0.81367,0.6720655,0.83603275,0.5655046,0.7827523,0.65144074,0.82572037,0.6475088,0.82375443,0.5639265,0.7819632,0.6929554,0.8464777,0.5917946,0.7958973,0.5786859,0.78934294
3145,0.69906145,0.8495307,0.6541413,0.82707065,0.6217339,0.81086695,0.61255,0.806275,0.65325207,0.82662606,0.6463793,0.8231896,0.6167925,0.8083962,0.6381997,0.81909984,0.63730854,0.8186543,0.622953,0.81147647
3146,0.7252037,0.8626019,0.6346495,0.81732476,0.65628874,0.8281444,0.5791679,0.7895839,0.68106955,0.8405348,0.73940504,0.8697025,0.6259728,0.8129864,0.6881522,0.8440761,0.6554569,0.82772845,0.6860157,0.84300786
3147,0.7099794,0.8549897,0.67330015,0.8366501,0.645669,0.8228345,0.65413415,0.8270671,0.63769853,0.81884927,0.6617987,0.83089936,0.5893543,0.79467714,0.7086698,0.8543349,0.6629493,0.83147466,0.6495299,0.82476497
3148,0.72481453,0.86240727,0.70009184,0.8500459,0.6836442,0.8418221,0.6028778,0.8014389,0.7140708,0.8570354,0.718326,0.859163,0.6837028,0.8418514,0.71891296,0.8594565,0.68779343,0.84389675,0.72593355,0.8629668
3149,0.71314085,0.8565704,0.65807784,0.8290389,0.6393331,0.81966656,0.6243818,0.8121909,0.66059244,0.8302962,0.6616062,0.8308031,0.61800325,0.8090016,0.64531887,0.82265943,0.6128837,0.80644184,0.62765235,0.8138262
3150,0.77891874,0.8894594,0.63989437,0.8199472,0.6727823,0.83639115,0.61928767,0.80964386,0.6957166,0.8478583,0.75954306,0.87977153,0.6190634,0.8095317,0.7055606,0.85278034,0.6338114,0.81690574,0.6923907,0.84619534
3153,0.7035587,0.85177934,0.6576681,0.82883406,0.67730486,0.83865243,0.6203965,0.81019825,0.6748055,0.83740276,0.68027914,0.84013957,0.630707,0.8153535,0.68562496,0.8428125,0.6534795,0.8267398,0.6602316,0.8301158
3155,0.61242014,0.80621004,0.6095258,0.8047629,0.57133996,0.78567,0.4865867,0.74329334,0.57641613,0.78820807,0.54390484,0.7719524,0.5311207,0.7655604,0.5569139,0.7784569,0.52421635,0.7621082,0.51754093,0.75877047
3156,0.7562851,0.87814254,0.60208815,0.8010441,0.6438066,0.8219033,0.57380486,0.7869024,0.6540766,0.8270383,0.6771758,0.8385879,0.5382914,0.7691457,0.6474464,0.8237232,0.56768095,0.7838405,0.6149445,0.8074722
3157,0.75927377,0.8796369,0.69970196,0.849851,0.7112895,0.85564476,0.6650151,0.83250755,0.7160498,0.8580249,0.73231876,0.8661594,0.65833676,0.8291684,0.7258181,0.8629091,0.67844737,0.8392237,0.70406556,0.8520328
3158,0.67976356,0.8398818,0.6329868,0.8164934,0.573439,0.7867195,0.5642161,0.78210807,0.6176499,0.80882496,0.64358974,0.82179487,0.60188115,0.8009406,0.6301801,0.81509006,0.59775054,0.7988753,0.6067467,0.80337334
3159,0.7163956,0.8581978,0.6566769,0.82833844,0.70019823,0.8500991,0.5678519,0.78392595,0.6837537,0.84187686,0.71252024,0.8562601,0.62950516,0.8147526,0.69933677,0.8496684,0.63732123,0.8186606,0.67121154,0.83560574
3160,0.74961454,0.87480724,0.6981781,0.849089,0.6690446,0.8345223,0.62301296,0.8115065,0.697384,0.848692,0.7277941,0.8638971,0.6884328,0.8442164,0.7297516,0.8648758,0.6787044,0.8393522,0.7127116,0.8563558
3161,0.774304,0.88715196,0.74793243,0.8739662,0.72782195,0.863911,0.65082884,0.8254144,0.75628436,0.8781422,0.7456111,0.87280554,0.6691654,0.8345827,0.7432499,0.87162495,0.7152126,0.8576063,0.7367176,0.8683588
3162,0.7019694,0.8509847,0.5927717,0.7963859,0.61395574,0.80697787,0.57886064,0.7894303,0.612334,0.806167,0.66373384,0.8318669,0.57126117,0.7856306,0.6671596,0.8335798,0.5973684,0.79868424,0.61874723,0.8093736
3186,0.8092252,0.9046126,0.73310626,0.8665531,0.6749031,0.8374516,0.66203356,0.8310168,0.737023,0.8685115,0.7102694,0.8551347,0.6456586,0.8228293,0.71718335,0.8585917,0.65843385,0.82921696,0.7017007,0.85085034
3225,0.6493012,0.8246506,0.70695937,0.8534797,0.5977303,0.79886514,0.6239301,0.81196505,0.63176966,0.8158848,0.56957126,0.7847856,0.57962,0.78981,0.6117915,0.80589575,0.6118699,0.8059349,0.5659212,0.7829606
3315,0.67564774,0.83782387,0.6310091,0.81550455,0.6613932,0.8306966,0.58426666,0.79213333,0.6142645,0.80713224,0.6803011,0.84015054,0.59025395,0.795127,0.6796869,0.83984345,0.63788307,0.81894153,0.65306103,0.8265305
3321,0.6426703,0.82133514,0.61703503,0.8085175,0.5973048,0.7986524,0.60279644,0.8013982,0.5910743,0.7955371,0.60874736,0.8043737,0.5517101,0.77585506,0.65663284,0.82831645,0.57621765,0.7881088,0.56445664,0.78222835
3332,0.65484786,0.82742393,0.61705035,0.8085252,0.66829103,0.83414555,0.6055709,0.80278546,0.5902312,0.7951156,0.6239246,0.8119623,0.5243,0.76215,0.62958896,0.8147945,0.616877,0.80843854,0.56833947,0.78416973
5877,0.6682799,0.83413994,0.7298789,0.86493945,0.6310144,0.8155072,0.6170228,0.8085114,0.65952164,0.8297608,0.6409702,0.8204851,0.6503743,0.82518715,0.66459465,0.8322973,0.6879387,0.84396935,0.66780084,0.83390045
5981,0.76210934,0.88105464,0.69859314,0.84929657,0.73474306,0.86737156,0.6356102,0.8178051,0.70215154,0.85107577,0.66654015,0.8332701,0.6115562,0.8057781,0.69497365,0.84748685,0.6639538,0.8319769,0.64888334,0.8244417
6043,0.72702754,0.86351377,0.6560156,0.8280078,0.60943294,0.80471647,0.59817326,0.79908663,0.6846384,0.8423192,0.7171711,0.85858554,0.66679895,0.8333995,0.6451261,0.82256305,0.7023486,0.8511743,0.6917848,0.8458924
6078,0.7525688,0.87628436,0.659799,0.8298995,0.65840507,0.82920253,0.60868746,0.8043437,0.7074683,0.85373414,0.72204435,0.8610222,0.6379807,0.81899035,0.6766711,0.8383355,0.6850784,0.8425392,0.69712406,0.848562
6081,0.7847166,0.8923583,0.69632953,0.8481648,0.6834993,0.84174967,0.6882022,0.8441011,0.7404549,0.87022746,0.77916455,0.8895823,0.72613806,0.86306906,0.7347331,0.86736655,0.7445836,0.8722918,0.732797,0.8663985
6082,0.716087,0.8580435,0.6105582,0.80527914,0.6182979,0.8091489,0.60209787,0.80104893,0.68344593,0.84172297,0.7523785,0.87618923,0.6980581,0.84902906,0.6851921,0.84259605,0.6904694,0.8452347,0.6950594,0.8475297
6090,0.6883177,0.8441589,0.60741365,0.8037068,0.6212189,0.81060946,0.61964554,0.8098228,0.5845756,0.7922878,0.6219793,0.8109896,0.5546317,0.77731586,0.63634014,0.8181701,0.58029413,0.79014707,0.61196595,0.80598295
6127,0.76793635,0.8839682,0.7886294,0.8943147,0.76546824,0.8827341,0.6524108,0.8262054,0.7751106,0.8875553,0.77769214,0.88884604,0.6952209,0.8476105,0.7990835,0.89954174,0.6856837,0.84284186,0.73642194,0.868211
6211,0.68038887,0.84019446,0.64149845,0.8207492,0.6056634,0.8028317,0.5377967,0.76889837,0.630049,0.8150245,0.6702075,0.83510375,0.6301925,0.81509626,0.6447152,0.8223576,0.6454299,0.8227149,0.6594343,0.82971716
6213,0.7295938,0.8647969,0.6270286,0.8135143,0.5973593,0.79867965,0.56167483,0.7808374,0.6537765,0.82688826,0.6777307,0.83886534,0.63224053,0.81612027,0.6408752,0.8204376,0.6475877,0.8237939,0.644956,0.822478
6214,0.6627505,0.83137524,0.6275344,0.8137672,0.5608125,0.78040624,0.55149114,0.7757456,0.6177838,0.8088919,0.63192856,0.8159643,0.6188999,0.8094499,0.60914385,0.8045719,0.64724994,0.82362497,0.6398337,0.81991684
6231,0.6563594,0.8281797,0.5928384,0.7964192,0.558619,0.7793095,0.54215163,0.77107584,0.58542657,0.7927133,0.6064521,0.80322605,0.55991864,0.7799593,0.59382075,0.7969104,0.5843784,0.79218924,0.5774878,0.7887439
6232,0.7664008,0.8832004,0.68890935,0.84445465,0.7016674,0.8508337,0.6223813,0.81119066,0.71219033,0.8560952,0.74410194,0.872051,0.646073,0.8230365,0.7311177,0.86555886,0.66777754,0.83388877,0.7130785,0.85653925
6233,0.7064554,0.85322773,0.69056547,0.84528273,0.6725572,0.83627856,0.57684803,0.788424,0.6628741,0.83143705,0.6523731,0.82618654,0.5786774,0.7893387,0.6658374,0.8329187,0.63853717,0.8192686,0.5895888,0.79479444
6239,0.68656266,0.8432813,0.64277464,0.8213873,0.63124,0.81562,0.5981921,0.79909605,0.6442977,0.82214886,0.70206493,0.8510325,0.65748763,0.8287438,0.6729884,0.8364942,0.7104382,0.8552191,0.69327545,0.8466377
6240,0.69350743,0.8467537,0.61795557,0.8089778,0.6126508,0.80632544,0.5507978,0.7753989,0.65693736,0.8284687,0.6754446,0.8377223,0.6414254,0.8207127,0.62633836,0.8131692,0.65466714,0.82733357,0.65646505,0.8282325
6254,0.70327246,0.85163623,0.7180041,0.85900205,0.6134515,0.80672574,0.6334329,0.81671643,0.682281,0.8411405,0.70011115,0.8500556,0.66734695,0.8336735,0.710173,0.8550865,0.6681802,0.8340901,0.71123475,0.8556174
6255,0.6157754,0.8078877,0.56902736,0.7845137,0.5893853,0.79469264,0.51417875,0.7570894,0.57192034,0.7859602,0.5908923,0.79544616,0.56875944,0.7843797,0.56802714,0.78401357,0.5888152,0.7944076,0.57499063,0.7874953
6342,0.64661014,0.8233051,0.63407576,0.8170379,0.581091,0.79054546,0.5465716,0.7732858,0.6259632,0.8129816,0.62337756,0.8116888,0.5919476,0.7959738,0.6251483,0.81257415,0.5603762,0.7801881,0.56489074,0.7824454
7630,0.6482086,0.8241043,0.6830553,0.84152764,0.546899,0.77344954,0.62631494,0.81315744,0.64429843,0.8221492,0.63035965,0.8151798,0.65643126,0.8282156,0.6870221,0.84351104,0.67725015,0.8386251,0.71835995,0.85918
7654,0.6698256,0.8349128,0.6347407,0.81737036,0.60099065,0.8004953,0.529747,0.7648735,0.6127298,0.8063649,0.66302145,0.8315107,0.5655333,0.78276664,0.6109842,0.8054921,0.6069968,0.8034984,0.5843301,0.79216504
8890,0.58508486,0.79254246,0.59515613,0.7975781,0.5659716,0.7829858,0.628954,0.81447697,0.5702876,0.7851438,0.5859833,0.79299164,0.56595373,0.78297687,0.6420903,0.82104516,0.6591084,0.8295542,0.63812375,0.8190619
8916,0.5342937,0.7671468,0.55595434,0.77797717,0.5406443,0.77032214,0.4756307,0.7378154,0.4929462,0.7464731,0.42848852,0.71424425,0.4222293,0.71111465,0.47188443,0.73594224,0.48987675,0.7449384,0.4182289,0.70911443
9028,0.6483815,0.82419074,0.6127912,0.8063956,0.5831834,0.7915917,0.58908314,0.7945416,0.57756925,0.7887846,0.62655985,0.8132799,0.5841745,0.79208726,0.63070804,0.815354,0.591185,0.7955925,0.63165075,0.81582534
9066,0.7379688,0.8689844,0.66246593,0.83123296,0.6190512,0.8095256,0.5662341,0.78311706,0.68162286,0.84081143,0.68724394,0.84362197,0.6028448,0.80142236,0.6614982,0.8307491,0.6385584,0.8192792,0.6364758,0.8182379
9445,0.684538,0.842269,0.6736146,0.8368073,0.60653615,0.8032681,0.6527196,0.8263598,0.6305956,0.81529784,0.65588,0.82794,0.6402747,0.8201374,0.67062414,0.83531207,0.6724231,0.83621156,0.6609312,0.8304656
9542,0.70713294,0.85356647,0.6987184,0.8493592,0.63085115,0.8154256,0.6624442,0.83122206,0.68415725,0.8420786,0.62559056,0.8127953,0.56874704,0.7843735,0.67599344,0.8379967,0.64382315,0.8219116,0.593626,0.796813
9546,0.6865878,0.8432939,0.6628164,0.8314082,0.6016264,0.8008132,0.5697942,0.7848971,0.6076228,0.80381143,0.5892159,0.79460794,0.5522579,0.77612895,0.6483395,0.82416975,0.5873927,0.79369634,0.54726315,0.7736316
9547,0.65753186,0.8287659,0.6165904,0.8082952,0.616627,0.8083135,0.6177714,0.8088857,0.58478296,0.7923915,0.56517434,0.7825872,0.542192,0.771096,0.5908351,0.79541755,0.5981,0.79905,0.56448114,0.78224057
9583,0.65565693,0.82782847,0.63033414,0.81516707,0.58145434,0.79072714,0.62200147,0.8110007,0.583107,0.7915535,0.55890083,0.7794504,0.53457046,0.7672852,0.5939728,0.7969864,0.6067562,0.8033781,0.5369047,0.76845235
9587,0.60756874,0.8037844,0.5848495,0.79242474,0.5572016,0.7786008,0.48823252,0.74411625,0.5434537,0.77172685,0.62880886,0.8144044,0.5563283,0.77816415,0.58265376,0.7913269,0.6118407,0.80592036,0.61027837,0.8051392
12037,0.7244632,0.8622316,0.7388233,0.86941165,0.68732584,0.8436629,0.63903177,0.8195159,0.7118628,0.8559314,0.7491671,0.87458354,0.7182156,0.8591078,0.77197623,0.8859881,0.7584401,0.87922,0.7796335,0.88981676
12116,0.6593939,0.82969695,0.63247085,0.8162354,0.6404122,0.8202061,0.5787126,0.7893563,0.63082445,0.8154122,0.6866121,0.84330606,0.64634216,0.8231711,0.6677789,0.8338895,0.6595759,0.82978797,0.6934252,0.8467126
12122,0.69527525,0.84763765,0.6213407,0.8106704,0.63786554,0.8189328,0.5545464,0.7772732,0.61225575,0.8061279,0.6588137,0.82940686,0.5425817,0.77129084,0.6362829,0.81814146,0.601996,0.800998,0.5927074,0.7963537
12124,0.6712556,0.8356278,0.63196707,0.81598353,0.6512383,0.82561916,0.5750466,0.78752327,0.60144556,0.8007228,0.6798817,0.83994085,0.5947022,0.7973511,0.636819,0.8184095,0.63172543,0.8158627,0.6490082,0.82450414
12141,0.6371403,0.81857014,0.5804709,0.79023546,0.56555355,0.7827768,0.5064115,0.7532058,0.5848671,0.79243356,0.62774956,0.8138748,0.57902074,0.78951037,0.5845264,0.7922632,0.57692534,0.78846264,0.573442,0.786721
12143,0.6746282,0.8373141,0.6834731,0.84173656,0.6516572,0.8258286,0.57374334,0.7868717,0.6383195,0.81915975,0.6955885,0.8477943,0.62890786,0.81445396,0.6796551,0.83982754,0.66667974,0.83333987,0.6871165,0.84355825
12149,0.70037794,0.850189,0.72198075,0.8609904,0.7263789,0.86318946,0.610549,0.8052745,0.6627637,0.83138186,0.6522879,0.826144,0.64408785,0.8220439,0.6761293,0.8380647,0.6668752,0.83343756,0.6702578,0.8351289
12161,0.63494873,0.81747437,0.6103604,0.8051802,0.578815,0.7894075,0.554158,0.777079,0.60857046,0.8042852,0.62567174,0.8128359,0.59660625,0.7983031,0.6111113,0.80555564,0.59862953,0.79931474,0.5953512,0.7976756
12252,0.70638996,0.85319495,0.711853,0.8559265,0.64657867,0.82328933,0.6740086,0.8370043,0.6754231,0.8377116,0.6809455,0.84047276,0.63828313,0.81914157,0.73078024,0.8653901,0.70416284,0.8520814,0.7089931,0.85449654
12408,0.62996197,0.814981,0.6559183,0.8279592,0.59041154,0.7952058,0.5799271,0.78996354,0.6197464,0.8098732,0.6514679,0.82573396,0.61179453,0.80589724,0.65736574,0.8286829,0.6489934,0.8244967,0.6691751,0.8345876
12409,0.7000866,0.8500433,0.6467091,0.82335454,0.60602915,0.8030146,0.572794,0.786397,0.6361078,0.8180539,0.6763789,0.8381895,0.6148033,0.80740166,0.67490494,0.8374525,0.62538743,0.8126937,0.65680325,0.8284016
12410,0.7491183,0.87455916,0.7322249,0.8661125,0.7141836,0.8570918,0.5958015,0.79790074,0.7303486,0.8651743,0.7381952,0.8690976,0.68470436,0.84235215,0.7443805,0.87219024,0.6810324,0.8405162,0.6892761,0.84463805
12418,0.70786536,0.8539327,0.66759384,0.8337969,0.66994494,0.8349725,0.6272004,0.8136002,0.64856076,0.8242804,0.700915,0.8504575,0.6463999,0.8232,0.6832566,0.8416283,0.6769938,0.8384969,0.69000936,0.8450047
12422,0.6494571,0.82472855,0.6048367,0.80241835,0.59857625,0.79928815,0.5597455,0.7798728,0.6239232,0.8119616,0.6033756,0.80168784,0.58742994,0.793715,0.5965645,0.79828227,0.58842415,0.7942121,0.58916515,0.7945826
12435,0.5656429,0.7828214,0.50215816,0.7510791,0.5125653,0.7562827,0.4836082,0.7418041,0.5140703,0.75703514,0.55513084,0.7775654,0.52560675,0.7628034,0.52367115,0.7618356,0.5067523,0.7533761,0.5223777,0.76118886
12436,0.70338416,0.8516921,0.64894366,0.82447183,0.64475614,0.82237804,0.59937716,0.7996886,0.63845474,0.81922734,0.6138402,0.8069201,0.55318904,0.7765945,0.663355,0.8316775,0.5749171,0.78745854,0.574422,0.787211
12437,0.6657345,0.83286726,0.66646,0.83323,0.62463987,0.81231993,0.570266,0.785133,0.65209645,0.82604825,0.6985246,0.8492623,0.65479714,0.82739854,0.69369256,0.8468463,0.6757599,0.83787996,0.6929275,0.84646374
12447,0.7561408,0.8780704,0.73625386,0.8681269,0.69223416,0.8461171,0.66698563,0.8334928,0.7027031,0.85135156,0.72590363,0.8629518,0.66002643,0.8300132,0.71536237,0.85768116,0.71108276,0.85554135,0.69995356,0.8499768
12448,0.76419246,0.88209623,0.7226676,0.8613338,0.7075694,0.8537847,0.6637459,0.83187294,0.7482461,0.87412304,0.78850234,0.89425117,0.6884027,0.8442013,0.76343757,0.88171875,0.7311559,0.86557794,0.73568237,0.8678412
12449,0.72440624,0.8622031,0.644669,0.8223345,0.61045694,0.8052285,0.56403965,0.78201985,0.6857025,0.8428513,0.75872874,0.8793644,0.6590866,0.8295433,0.68152833,0.84076416,0.6635324,0.8317662,0.67961025,0.8398051
12450,0.69437647,0.84718823,0.6367288,0.8183644,0.63103133,0.81551564,0.56770456,0.7838523,0.64459324,0.8222966,0.68320584,0.8416029,0.62053776,0.8102689,0.66847706,0.8342385,0.63085806,0.81542903,0.654232,0.827116
12451,0.683396,0.841698,0.6542699,0.82713497,0.65189314,0.82594657,0.5416937,0.77084684,0.62476003,0.81238,0.5958698,0.7979349,0.53878844,0.7693942,0.60331213,0.80165607,0.576045,0.7880225,0.552621,0.7763105
12452,0.733826,0.86691296,0.67601025,0.8380051,0.68676233,0.84338117,0.6279917,0.81399584,0.68315864,0.8415793,0.710632,0.85531604,0.63046575,0.8152329,0.7058419,0.85292095,0.675963,0.83798146,0.6817676,0.8408838
12453,0.6301643,0.8150822,0.65386844,0.8269342,0.59439415,0.7971971,0.60435736,0.8021787,0.5858658,0.79293287,0.57309395,0.78654695,0.5476167,0.77380836,0.6361092,0.81805456,0.58792937,0.7939647,0.5769397,0.78846985
12454,0.7258377,0.86291885,0.6762409,0.83812046,0.614472,0.80723596,0.61806417,0.8090321,0.72025144,0.8601257,0.7147645,0.85738224,0.6699325,0.83496624,0.69549394,0.84774697,0.6948782,0.8474391,0.6738901,0.83694506
12455,0.7387818,0.8693909,0.69429404,0.847147,0.70572734,0.85286367,0.62561303,0.8128065,0.6537874,0.8268937,0.6941533,0.84707665,0.5958656,0.7979328,0.687658,0.84382904,0.6788691,0.83943456,0.6532483,0.82662416
12456,0.76465714,0.88232857,0.69160306,0.84580153,0.6842936,0.8421468,0.59422046,0.7971102,0.7004548,0.85022736,0.7183842,0.85919213,0.65992403,0.829962,0.6926578,0.8463289,0.64713585,0.8235679,0.6825633,0.84128165
12457,0.70358336,0.8517917,0.6673454,0.8336727,0.68362164,0.8418108,0.61842734,0.80921364,0.6476932,0.8238466,0.69605994,0.84803,0.64920795,0.824604,0.6945429,0.84727144,0.6620283,0.83101416,0.65468174,0.82734084
12458,0.7150309,0.85751545,0.69721246,0.8486062,0.71417177,0.8570859,0.608034,0.804017,0.659745,0.8298725,0.7018927,0.8509463,0.566225,0.7831125,0.7199881,0.85999405,0.6697797,0.8348899,0.6512073,0.82560366
12459,0.673895,0.8369475,0.6143747,0.8071873,0.6114625,0.80573124,0.5215467,0.76077336,0.64429617,0.8221481,0.6842432,0.8421216,0.6185286,0.8092643,0.6591131,0.8295566,0.58551824,0.7927591,0.62422395,0.812112
12460,0.72939944,0.8646997,0.69823694,0.8491185,0.70199573,0.85099787,0.62498266,0.8124913,0.70581675,0.8529084,0.7429544,0.8714772,0.665514,0.832757,0.7336761,0.86683804,0.71447337,0.8572367,0.6978032,0.8489016
12461,0.7400547,0.87002736,0.6512717,0.82563585,0.69790876,0.8489544,0.59946436,0.7997322,0.6572514,0.8286257,0.73456717,0.8672836,0.5883305,0.79416525,0.67658734,0.8382937,0.6703688,0.8351844,0.67419815,0.8370991
12462,0.67761755,0.8388088,0.68747425,0.8437371,0.70177263,0.85088634,0.6036161,0.80180806,0.6307883,0.81539416,0.66755104,0.8337755,0.57485735,0.7874287,0.68632585,0.8431629,0.70061815,0.8503091,0.64762205,0.82381105
12463,0.6420609,0.82103044,0.6164434,0.8082217,0.6421596,0.8210798,0.53732216,0.7686611,0.61236763,0.8061838,0.6659565,0.83297825,0.61008203,0.805041,0.63350606,0.81675303,0.65459764,0.8272988,0.63853496,0.8192675
12464,0.75159156,0.8757958,0.67771304,0.8388565,0.69337314,0.8466866,0.618775,0.8093875,0.7121918,0.8560959,0.76815295,0.8840765,0.64413106,0.82206553,0.72001517,0.8600076,0.6925894,0.8462947,0.70904344,0.85452175
12465,0.74615645,0.8730782,0.71739614,0.85869807,0.67071426,0.8353571,0.6264845,0.81324226,0.7090639,0.85453194,0.7109107,0.85545534,0.719555,0.8597775,0.70509744,0.8525487,0.6717309,0.83586544,0.70240915,0.8512046
12466,0.5769144,0.7884572,0.5559932,0.7779966,0.53444046,0.76722026,0.49156934,0.74578464,0.56492317,0.7824616,0.6135971,0.8067986,0.54728186,0.77364093,0.5679371,0.78396857,0.57612133,0.78806067,0.5708779,0.78543895
12467,0.6280311,0.8140155,0.6234809,0.81174046,0.6129122,0.8064561,0.57010984,0.7850549,0.5766642,0.7883321,0.64694774,0.8234739,0.6089119,0.80445594,0.6762961,0.83814806,0.6440246,0.8220123,0.6271117,0.81355584
12468,0.6818583,0.84092915,0.6390259,0.81951296,0.65073,0.825365,0.5491683,0.7745842,0.70683265,0.8534163,0.7245033,0.86225164,0.69835424,0.8491771,0.67424786,0.83712393,0.66892654,0.83446324,0.69723654,0.84861827
12469,0.5386398,0.7693199,0.60609293,0.80304646,0.5327073,0.7663536,0.49475783,0.74737895,0.5430552,0.7715276,0.571954,0.785977,0.56533897,0.7826695,0.60750175,0.8037509,0.65187037,0.8259352,0.6456226,0.8228113
12470,0.7996719,0.89983594,0.76378906,0.8818945,0.7617204,0.8808602,0.66617817,0.8330891,0.79582524,0.8979126,0.7839008,0.89195037,0.7150631,0.85753155,0.80504924,0.9025246,0.71096694,0.8554835,0.7409146,0.8704573
12471,0.78002435,0.89001215,0.7497138,0.8748569,0.6733202,0.8366601,0.657248,0.828624,0.7497611,0.87488055,0.7877394,0.8938697,0.72587335,0.8629367,0.78750694,0.89375347,0.76193464,0.8809673,0.7777674,0.8888837
12472,0.7124696,0.8562348,0.7547643,0.87738216,0.664269,0.8321345,0.65867037,0.8293352,0.69106984,0.8455349,0.6948761,0.84743804,0.6568279,0.82841396,0.7631094,0.8815547,0.73083234,0.86541617,0.69932437,0.8496622
12473,0.6932589,0.84662944,0.6755497,0.8377749,0.63575923,0.8178796,0.6433809,0.82169044,0.6640467,0.8320234,0.6723875,0.83619374,0.68704176,0.8435209,0.6800314,0.8400157,0.6531402,0.8265701,0.67274445,0.83637226
12474,0.5868217,0.79341084,0.5848782,0.7924391,0.5907601,0.79538006,0.5455127,0.77275634,0.5627989,0.7813995,0.6463685,0.82318425,0.5670173,0.78350866,0.63144916,0.8157246,0.6166808,0.80834043,0.5928632,0.7964316
12475,0.6552695,0.82763475,0.6172203,0.80861014,0.59420186,0.7971009,0.60372686,0.80186343,0.6201429,0.81007147,0.632848,0.816424,0.62838995,0.814195,0.6207093,0.81035465,0.650064,0.825032,0.6280354,0.8140177
12476,0.66600543,0.8330027,0.63050795,0.815254,0.6055242,0.8027621,0.5658916,0.7829458,0.69079375,0.8453969,0.69889534,0.84944767,0.72607696,0.8630385,0.69219184,0.8460959,0.6663522,0.83317614,0.7205273,0.86026365
12477,0.65370595,0.826853,0.6180986,0.8090493,0.58408606,0.79204303,0.63305795,0.816529,0.6164439,0.80822194,0.6603271,0.83016354,0.6068136,0.80340683,0.6526361,0.826318,0.63838446,0.81919223,0.65621936,0.8281097
12478,0.6263664,0.8131832,0.61740494,0.80870247,0.58026665,0.79013336,0.6058813,0.8029406,0.59420365,0.79710186,0.6281915,0.81409574,0.5577837,0.77889186,0.6451507,0.82257533,0.65043294,0.8252165,0.6264584,0.8132292
12479,0.5659305,0.78296524,0.5379856,0.7689928,0.5739838,0.7869919,0.4670871,0.7335435,0.52862346,0.76431173,0.61146545,0.8057327,0.51230985,0.7561549,0.579437,0.7897185,0.5663241,0.78316206,0.54534495,0.7726725
12480,0.7553345,0.87766725,0.70325106,0.85162556,0.6942346,0.8471173,0.6470574,0.8235287,0.6900308,0.8450154,0.7127267,0.85636336,0.6145232,0.8072616,0.7189831,0.8594916,0.6690872,0.8345436,0.66360277,0.8318014
12481,0.72979057,0.8648953,0.6625345,0.83126724,0.6671368,0.8335684,0.63920414,0.8196021,0.67697847,0.83848923,0.7315091,0.86575454,0.65256125,0.8262806,0.7292745,0.86463726,0.7159653,0.85798264,0.727212,0.863606
12482,0.7445213,0.8722607,0.66363543,0.83181775,0.6605437,0.83027184,0.5957734,0.7978867,0.72007215,0.8600361,0.7672314,0.88361573,0.7024962,0.8512481,0.7095413,0.85477066,0.67352223,0.8367611,0.7152252,0.8576126
12483,0.64513636,0.8225682,0.65157354,0.82578677,0.62102455,0.8105123,0.5901152,0.7950576,0.61008954,0.8050448,0.67132825,0.83566415,0.63467234,0.8173362,0.6628329,0.8314165,0.67418915,0.83709455,0.67178345,0.8358917
12484,0.669529,0.8347645,0.6205896,0.8102948,0.66610146,0.8330507,0.5480459,0.77402294,0.6392628,0.8196314,0.65139884,0.82569945,0.54983205,0.77491605,0.637668,0.818834,0.6178013,0.80890065,0.63028175,0.81514084
12485,0.6410741,0.8205371,0.63710696,0.81855345,0.63359815,0.81679904,0.5589515,0.77947575,0.6192474,0.8096237,0.70165515,0.8508276,0.6546165,0.82730824,0.69307506,0.84653753,0.6603866,0.8301933,0.68218946,0.84109473
12486,0.7338209,0.86691046,0.7201672,0.8600836,0.71024585,0.8551229,0.61058235,0.8052912,0.69995284,0.8499764,0.71730864,0.8586543,0.6548169,0.82740843,0.74194384,0.8709719,0.67662144,0.8383107,0.67086196,0.835431
12487,0.74928325,0.87464166,0.7067076,0.8533538,0.70111704,0.8505585,0.5961296,0.7980648,0.7043233,0.85216165,0.771293,0.88564646,0.7013227,0.85066134,0.74537563,0.8726878,0.7165738,0.85828686,0.7375462,0.8687731
12488,0.53259075,0.7662954,0.6489313,0.82446563,0.5561236,0.7780618,0.5561203,0.77806014,0.5396135,0.76980674,0.51280594,0.75640297,0.5290079,0.76450396,0.5888034,0.7944017,0.62574434,0.8128722,0.556607,0.7783035
12489,0.60059625,0.8002981,0.5994953,0.79974765,0.6096376,0.8048188,0.5333675,0.76668376,0.56010425,0.7800521,0.5982365,0.7991183,0.5770243,0.7885121,0.62243927,0.81121963,0.56760025,0.7838001,0.5840069,0.79200345
12490,0.57896256,0.7894813,0.5486779,0.77433896,0.5225897,0.76129484,0.5489829,0.7744914,0.5165385,0.75826925,0.5537467,0.77687335,0.52613425,0.7630671,0.5375339,0.76876694,0.5800803,0.79004014,0.5576083,0.7788042
12491,0.63535917,0.8176796,0.6128608,0.8064304,0.6052706,0.8026353,0.5845321,0.792266,0.5868176,0.7934088,0.6284288,0.8142144,0.5848112,0.7924056,0.62964714,0.81482357,0.6331141,0.81655705,0.6233971,0.81169856
12492,0.5575138,0.77875686,0.5672051,0.78360254,0.5530206,0.7765103,0.54997706,0.77498853,0.5263244,0.7631622,0.5073704,0.75368524,0.5156219,0.75781095,0.5672965,0.78364825,0.573439,0.7867195,0.48641223,0.74320614
12493,0.64446384,0.8222319,0.6300206,0.8150103,0.62096936,0.81048465,0.601925,0.8009625,0.6072196,0.8036098,0.67094314,0.8354716,0.6242974,0.8121487,0.6672201,0.83361006,0.6852828,0.8426414,0.6725698,0.8362849
12494,0.6783812,0.8391906,0.6445538,0.8222769,0.61007303,0.80503654,0.60075766,0.8003788,0.634524,0.817262,0.683774,0.841887,0.6438489,0.82192445,0.6672627,0.83363134,0.70368016,0.8518401,0.682274,0.841137
12495,0.71207964,0.8560398,0.6818894,0.8409447,0.6570375,0.82851875,0.613635,0.80681753,0.682019,0.8410095,0.76524067,0.88262033,0.67710185,0.8385509,0.739221,0.8696105,0.7377892,0.8688946,0.7416371,0.87081856
12496,0.74835885,0.8741794,0.7070023,0.85350114,0.71377707,0.85688853,0.6213999,0.81069994,0.71489155,0.8574458,0.777306,0.88865304,0.6805773,0.84028864,0.7562351,0.87811756,0.76670754,0.88335377,0.7590169,0.87950844
12497,0.78963524,0.8948176,0.7269479,0.86347395,0.71540165,0.8577008,0.6486768,0.82433844,0.7413808,0.8706904,0.79310596,0.896553,0.6939894,0.8469947,0.76138866,0.8806943,0.7193148,0.8596574,0.7360382,0.8680191
12498,0.64649475,0.8232474,0.65768105,0.8288405,0.62173665,0.8108683,0.61189383,0.80594695,0.5966475,0.79832375,0.63695383,0.8184769,0.614192,0.807096,0.66046345,0.8302317,0.66768515,0.8338426,0.6475246,0.8237623
12499,0.6825991,0.84129953,0.68860966,0.8443048,0.6938531,0.84692657,0.5889349,0.79446745,0.70400935,0.85200465,0.6968212,0.8484106,0.706762,0.85338104,0.7125332,0.8562666,0.67532146,0.83766073,0.6984285,0.84921426
12500,0.6911049,0.84555244,0.65421534,0.82710767,0.6199316,0.8099658,0.559986,0.779993,0.6789099,0.83945495,0.68059963,0.84029984,0.6709664,0.8354832,0.6786866,0.8393433,0.6448089,0.82240444,0.6586832,0.8293416
12501,0.555431,0.7777155,0.5529475,0.77647376,0.54358697,0.7717935,0.5107786,0.75538933,0.51514924,0.7575746,0.44945303,0.7247265,0.48270696,0.7413535,0.4721653,0.7360827,0.49877343,0.7493867,0.47092462,0.7354623
12502,0.6911588,0.8455794,0.7047421,0.85237104,0.6512399,0.82561994,0.59740263,0.7987013,0.70132196,0.850661,0.6204461,0.81022304,0.6444123,0.82220614,0.69181824,0.8459091,0.6287885,0.81439424,0.6164501,0.80822504
12503,0.5945173,0.7972586,0.54605806,0.773029,0.5807951,0.7903975,0.5201125,0.76005626,0.5348891,0.76744455,0.607097,0.8035485,0.51383376,0.7569169,0.5791738,0.7895869,0.600793,0.8003965,0.550519,0.7752595
12504,0.73079747,0.86539876,0.74026227,0.87013113,0.7128334,0.8564167,0.68330324,0.8416516,0.6858176,0.8429088,0.64629984,0.8231499,0.6112261,0.80561304,0.7312424,0.8656212,0.65946937,0.8297347,0.61749697,0.8087485
12505,0.667006,0.833503,0.6081705,0.80408525,0.641292,0.820646,0.574055,0.7870275,0.6126063,0.80630314,0.6758435,0.83792174,0.5696879,0.7848439,0.64647365,0.8232368,0.66411537,0.8320577,0.6371894,0.8185947
12506,0.6703744,0.8351872,0.6536524,0.8268262,0.63137215,0.8156861,0.57165885,0.7858294,0.62908995,0.814545,0.6436104,0.82180524,0.5928695,0.79643476,0.6387465,0.81937325,0.611648,0.80582404,0.62614906,0.8130745
12507,0.6671526,0.8335763,0.7005122,0.8502561,0.70795715,0.8539786,0.61035514,0.80517757,0.69056,0.84528,0.6699272,0.83496356,0.6813233,0.84066164,0.68498755,0.8424938,0.7015556,0.8507778,0.7106811,0.85534054
12508,0.7419175,0.87095875,0.6571135,0.8285568,0.6415392,0.8207696,0.55772364,0.7788618,0.70065874,0.8503294,0.7291843,0.8645922,0.64505553,0.82252777,0.6809798,0.84048986,0.63045305,0.81522655,0.6751188,0.8375594
12509,0.63154507,0.81577253,0.61927384,0.80963695,0.6417658,0.8208829,0.562108,0.781054,0.591882,0.795941,0.6648867,0.83244336,0.5745672,0.7872836,0.63222724,0.8161136,0.63039744,0.8151987,0.62087417,0.8104371
12510,0.6075164,0.8037582,0.61294043,0.8064702,0.59677577,0.7983879,0.61144745,0.8057237,0.57998824,0.7899941,0.60156786,0.80078393,0.58313036,0.7915652,0.62803185,0.8140159,0.6489668,0.8244834,0.6365524,0.81827617
12511,0.64245135,0.82122564,0.6380771,0.8190385,0.6101699,0.80508494,0.53104144,0.7655207,0.5865161,0.7932581,0.67967623,0.83983815,0.6032709,0.80163544,0.64448625,0.8222431,0.6618407,0.83092034,0.6507104,0.8253552
12512,0.61465406,0.80732703,0.5980915,0.79904574,0.5367158,0.7683579,0.5276771,0.7638385,0.5826292,0.7913146,0.54152334,0.77076167,0.5391487,0.76957434,0.5739087,0.78695434,0.5979948,0.7989974,0.5494559,0.77472794
12513,0.64626056,0.82313025,0.59472394,0.79736197,0.6354876,0.8177438,0.570318,0.785159,0.5854592,0.7927296,0.62322795,0.811614,0.5341919,0.7670959,0.63212943,0.8160647,0.59142256,0.7957113,0.5829656,0.7914828
12514,0.7566247,0.87831235,0.7206766,0.86033833,0.71675646,0.85837823,0.63692415,0.8184621,0.7534861,0.8767431,0.76266646,0.88133323,0.67113036,0.8355652,0.7703714,0.8851857,0.68435305,0.84217656,0.7212014,0.8606007
12515,0.6906326,0.8453163,0.6329168,0.8164584,0.58945334,0.79472667,0.58400166,0.79200083,0.62218714,0.81109357,0.66906404,0.834532,0.6063851,0.80319256,0.66637814,0.8331891,0.65934134,0.82967067,0.63495517,0.8174776
12516,0.7486004,0.87430024,0.70606256,0.8530313,0.7444601,0.87223005,0.6669386,0.8334693,0.7138096,0.8569048,0.693812,0.846906,0.6690004,0.8345002,0.741138,0.870569,0.70132613,0.85066307,0.7149137,0.85745686
12518,0.6930274,0.8465137,0.74909973,0.87454987,0.71021616,0.8551081,0.6549318,0.8274659,0.7548573,0.87742865,0.71053565,0.8552678,0.7433729,0.87168646,0.7723,0.88615,0.7309825,0.8654913,0.730885,0.8654425
12519,0.6823671,0.84118354,0.64288175,0.8214409,0.6108522,0.8054261,0.53462267,0.76731133,0.62210345,0.8110517,0.6309422,0.8154711,0.5879706,0.7939853,0.6356405,0.81782025,0.60400057,0.8020003,0.6177416,0.8088708
12520,0.7768029,0.88840145,0.70613945,0.8530697,0.65975916,0.8298796,0.62447774,0.8122389,0.71476495,0.8573825,0.7761437,0.8880719,0.6833006,0.8416503,0.7080958,0.8540479,0.69359314,0.8467966,0.7440952,0.8720476
12521,0.75819254,0.87909627,0.69785166,0.8489258,0.7177802,0.85889006,0.6128042,0.8064021,0.69854903,0.8492745,0.71441925,0.8572096,0.6298442,0.8149221,0.71503085,0.85751545,0.6335981,0.81679904,0.7051405,0.85257024
12523,0.6687988,0.8343994,0.6556853,0.82784265,0.64614713,0.82307357,0.6179467,0.8089733,0.6048058,0.8024029,0.6763252,0.8381626,0.61584926,0.8079246,0.66747314,0.83373654,0.6637532,0.83187664,0.69150776,0.8457539
12525,0.8129941,0.90649706,0.70833075,0.8541654,0.74867606,0.87433803,0.6095942,0.8047971,0.80604506,0.9030225,0.82135594,0.91067797,0.7282624,0.8641312,0.7789297,0.88946486,0.70866776,0.8543339,0.7620205,0.8810103
12526,0.7511822,0.8755911,0.663221,0.8316105,0.684011,0.8420055,0.6342864,0.8171432,0.672436,0.836218,0.7225564,0.8612782,0.62446725,0.8122336,0.69566405,0.847832,0.683443,0.84172153,0.68775064,0.8438753
12527,0.7442249,0.87211245,0.6684927,0.83424634,0.66158473,0.83079237,0.6083072,0.80415356,0.69221616,0.8461081,0.7491586,0.8745793,0.6439517,0.8219758,0.72962725,0.8648136,0.6977532,0.8488766,0.68794334,0.84397167
12528,0.6226989,0.81134945,0.64035964,0.8201798,0.63066566,0.81533283,0.5609931,0.78049654,0.59962463,0.7998123,0.64170134,0.8208507,0.5697051,0.78485256,0.6711012,0.8355506,0.6450714,0.8225357,0.6069921,0.80349606
12529,0.78005,0.890025,0.68597674,0.8429884,0.714963,0.8574815,0.6075022,0.8037511,0.72405446,0.8620272,0.7500898,0.87504494,0.62728286,0.8136414,0.7228614,0.8614307,0.61225414,0.8061271,0.66271305,0.8313565
12530,0.56761974,0.7838099,0.5272451,0.7636225,0.5230881,0.76154405,0.4989633,0.7494817,0.47122627,0.7356131,0.4802321,0.74011606,0.43032956,0.7151648,0.4813646,0.7406823,0.46837986,0.7341899,0.476987,0.7384935
12531,0.6315622,0.8157811,0.63692254,0.8184613,0.62280214,0.81140107,0.53428733,0.76714367,0.62146246,0.81073123,0.6697627,0.8348813,0.6178019,0.80890095,0.6298156,0.8149078,0.6237326,0.8118663,0.6449379,0.82246894
12532,0.742059,0.8710295,0.6449007,0.82245034,0.65888095,0.8294405,0.5666389,0.7833195,0.67074335,0.8353717,0.7067735,0.85338676,0.62320346,0.81160176,0.66833806,0.83416903,0.62333274,0.81166637,0.6508117,0.82540584
12533,0.70208454,0.8510423,0.65522337,0.8276117,0.643764,0.821882,0.5740644,0.7870322,0.66591763,0.8329588,0.724491,0.8622455,0.65929854,0.82964927,0.69377124,0.8468856,0.65199363,0.8259968,0.6927035,0.84635174
12565,0.78532857,0.8926643,0.685886,0.842943,0.6971816,0.8485908,0.61481553,0.80740774,0.7360286,0.86801434,0.8232075,0.91160375,0.6748117,0.83740586,0.7543453,0.87717265,0.7202526,0.86012626,0.762391,0.8811955
12656,0.6444268,0.8222134,0.69721913,0.84860957,0.6025436,0.8012718,0.60179573,0.80089784,0.64612097,0.8230605,0.61452454,0.8072623,0.6175503,0.8087752,0.6720282,0.8360141,0.65166676,0.8258334,0.64271533,0.82135767
12674,0.72642535,0.8632127,0.6592592,0.8296296,0.6810602,0.8405301,0.5708401,0.78542006,0.67413527,0.8370676,0.76648104,0.8832405,0.6333352,0.81666756,0.6984585,0.8492292,0.67872906,0.8393645,0.7011769,0.85058844
12687,0.6319979,0.8159989,0.641398,0.820699,0.58591545,0.7929577,0.5607219,0.78036094,0.63739336,0.8186967,0.7119453,0.85597265,0.68792033,0.84396017,0.7013271,0.85066354,0.6994827,0.84974134,0.7247625,0.8623812
12736,0.78137803,0.890689,0.70642304,0.8532115,0.6160893,0.8080447,0.66723645,0.8336182,0.73223263,0.8661163,0.6940254,0.8470127,0.70101094,0.8505055,0.71469533,0.85734767,0.71099937,0.8554997,0.7085104,0.8542552
13078,0.6899327,0.84496635,0.6327708,0.8163854,0.62220615,0.8111031,0.5918095,0.79590476,0.6580335,0.82901675,0.6995054,0.84975266,0.6307949,0.81539744,0.6833612,0.8416806,0.61234885,0.8061744,0.643685,0.8218425
13080,0.7502355,0.8751178,0.7069322,0.8534661,0.68111193,0.84055597,0.59433687,0.79716843,0.7259958,0.8629979,0.7553254,0.87766266,0.6575074,0.8287537,0.74248207,0.87124103,0.6902379,0.84511894,0.7049509,0.85247546
13146,0.712335,0.8561675,0.7253729,0.86268646,0.62409794,0.812049,0.66409004,0.832045,0.69703126,0.8485156,0.7130375,0.85651875,0.7034212,0.85171056,0.7255459,0.86277294,0.78220886,0.89110446,0.7638085,0.88190424
13147,0.7361041,0.868052,0.6464023,0.8232012,0.62889695,0.8144485,0.60488415,0.8024421,0.67545813,0.8377291,0.6264352,0.81321764,0.59531224,0.7976561,0.6315761,0.81578803,0.61929476,0.8096474,0.6288637,0.81443185
13148,0.63650036,0.8182502,0.5329525,0.7664763,0.56858516,0.7842926,0.46633863,0.7331693,0.61898834,0.80949414,0.59316486,0.79658246,0.49538696,0.7476935,0.5912906,0.7956453,0.46050924,0.73025465,0.4999436,0.7499718
13149,0.6111945,0.80559725,0.57553387,0.78776693,0.5029299,0.75146496,0.49260187,0.74630094,0.57677764,0.78838885,0.53303516,0.7665176,0.49504897,0.7475245,0.50197184,0.7509859,0.5214138,0.7607069,0.51726305,0.7586315
13150,0.73623294,0.8681165,0.68059397,0.840297,0.6983615,0.84918076,0.63977027,0.81988513,0.7201602,0.8600801,0.7100775,0.85503876,0.6443276,0.8221638,0.72572744,0.8628637,0.6561149,0.8280574,0.7036935,0.85184675
13196,0.72190475,0.8609524,0.7258919,0.8629459,0.6440439,0.82202196,0.61107826,0.80553913,0.6646737,0.83233684,0.6468736,0.8234368,0.6188029,0.80940145,0.6575083,0.8287542,0.64276063,0.8213803,0.6306101,0.81530505
13382,0.6633465,0.83167326,0.6480818,0.8240409,0.6495788,0.8247894,0.5826696,0.7913348,0.6359465,0.81797326,0.6697495,0.83487475,0.6329995,0.8164997,0.6327053,0.8163526,0.63497037,0.8174852,0.6657207,0.83286035
13461,0.6821626,0.84108126,0.64401686,0.82200843,0.62363565,0.8118178,0.5693302,0.7846651,0.61779,0.808895,0.64135677,0.82067835,0.57523495,0.78761744,0.62722456,0.8136123,0.60703504,0.8035175,0.6130159,0.80650795
13475,0.692659,0.8463295,0.6389573,0.81947863,0.61774904,0.8088745,0.5219614,0.7609807,0.6466911,0.82334554,0.6915109,0.84575546,0.62245595,0.811228,0.6485721,0.82428604,0.5993012,0.7996506,0.6401189,0.8200594
13477,0.66608816,0.83304405,0.590927,0.7954635,0.6164566,0.8082283,0.5712246,0.7856123,0.6189674,0.8094837,0.62918806,0.81459403,0.57297933,0.78648967,0.6322942,0.8161471,0.5195245,0.7597623,0.60070336,0.8003517
13537,0.7533236,0.8766618,0.6921164,0.8460582,0.70507467,0.85253733,0.6535543,0.82677716,0.6858971,0.84294856,0.70093584,0.8504679,0.62741137,0.8137057,0.6977597,0.8488798,0.6432161,0.82160807,0.6724306,0.83621526
13893,0.68754804,0.843774,0.712137,0.8560685,0.6703414,0.8351707,0.6409584,0.8204792,0.6745917,0.8372959,0.55603427,0.77801716,0.565036,0.782518,0.65663064,0.8283153,0.5751565,0.7875782,0.55650437,0.7782522
13897,0.7198458,0.8599229,0.61458516,0.8072926,0.5890363,0.7945181,0.57332313,0.78666157,0.6112808,0.8056404,0.54059994,0.7703,0.48416588,0.74208295,0.5932624,0.7966312,0.5376984,0.7688492,0.5045077,0.7522539
14744,0.7252964,0.8626482,0.6815525,0.84077626,0.69301474,0.8465074,0.6516345,0.8258172,0.6481393,0.8240696,0.68304795,0.841524,0.6236446,0.8118223,0.67189914,0.83594954,0.6854983,0.8427491,0.67760605,0.83880305
14862,0.7658194,0.88290966,0.71178406,0.85589206,0.673218,0.836609,0.6691518,0.8345759,0.73450553,0.86725277,0.71509707,0.85754853,0.67088556,0.8354428,0.7440728,0.8720364,0.6859342,0.8429671,0.69257367,0.84628683
14882,0.7713959,0.88569796,0.7359595,0.86797976,0.72329664,0.8616483,0.6357013,0.81785065,0.7538513,0.87692565,0.6992457,0.84962285,0.61912966,0.8095648,0.73407716,0.8670386,0.66738605,0.833693,0.6622439,0.8311219
14890,0.7428833,0.87144166,0.685151,0.8425755,0.6239903,0.81199515,0.60945463,0.8047273,0.6930311,0.84651554,0.71276945,0.85638475,0.6229107,0.81145537,0.7294717,0.86473584,0.63859457,0.8192973,0.6545401,0.82727003
14906,0.63255906,0.81627953,0.6269285,0.8134643,0.56166637,0.7808332,0.60307723,0.8015386,0.6065431,0.80327153,0.53153086,0.7657654,0.55732626,0.77866316,0.5815331,0.79076654,0.58349884,0.7917494,0.5549905,0.77749527
14907,0.5410085,0.77050424,0.57825994,0.78913,0.5174514,0.7587257,0.48085895,0.74042946,0.5776112,0.7888056,0.51391876,0.7569594,0.543905,0.7719525,0.59361696,0.7968085,0.5297899,0.76489496,0.5148415,0.7574208
14914,0.6944423,0.84722114,0.5697757,0.78488785,0.53599894,0.7679995,0.52063006,0.76031506,0.6211868,0.81059337,0.6132839,0.80664194,0.50938255,0.75469124,0.58654,0.79327,0.5566099,0.77830493,0.53375256,0.7668763
14916,0.68912005,0.84456,0.70225364,0.8511268,0.6248016,0.8124008,0.64170766,0.8208538,0.62051255,0.81025624,0.5774274,0.7887137,0.5787071,0.78935355,0.6594856,0.8297428,0.63633764,0.8181688,0.59435093,0.79717547
14930,0.7519802,0.8759901,0.6417643,0.82088214,0.674576,0.837288,0.59372836,0.79686415,0.7064584,0.85322917,0.7739309,0.88696545,0.6617297,0.83086485,0.71639526,0.8581976,0.68001485,0.8400074,0.7357075,0.86785376
14932,0.59393024,0.7969651,0.6176047,0.80880237,0.5658481,0.78292406,0.5308188,0.7654094,0.5758629,0.78793144,0.6129582,0.8064791,0.5784067,0.78920335,0.60216916,0.8010846,0.6402289,0.8201145,0.61967,0.80983496
14939,0.7718992,0.8859496,0.7031293,0.85156465,0.71427906,0.8571395,0.6222944,0.8111472,0.7278724,0.8639362,0.75294805,0.876474,0.69205725,0.8460286,0.7205119,0.86025596,0.6863132,0.8431566,0.7472497,0.87362486
14947,0.6938206,0.8469103,0.6537403,0.82687014,0.6154405,0.80772024,0.58162236,0.7908112,0.6318635,0.81593174,0.69973934,0.84986967,0.635554,0.81777704,0.66990936,0.8349547,0.6675376,0.83376884,0.67848825,0.8392441
15180,0.6375134,0.8187567,0.6112906,0.8056453,0.62046915,0.81023455,0.6283952,0.8141976,0.5609038,0.7804519,0.5805478,0.7902739,0.52676535,0.7633827,0.556498,0.778249,0.6057253,0.80286264,0.57705355,0.7885268
15240,0.6376662,0.8188331,0.5969825,0.79849124,0.5592713,0.77963567,0.54842174,0.7742109,0.627413,0.8137065,0.61639786,0.8081989,0.6523479,0.82617396,0.6081849,0.8040924,0.6040729,0.80203646,0.66466475,0.8323324
15339,0.56968385,0.7848419,0.6719382,0.8359691,0.5649697,0.7824849,0.608076,0.804038,0.560179,0.7800895,0.49018556,0.74509275,0.50049746,0.75024873,0.5990287,0.79951435,0.5553565,0.77767825,0.5453266,0.7726633
15419,0.78502077,0.8925104,0.7190561,0.85952806,0.7146274,0.8573137,0.6427078,0.8213539,0.72073966,0.8603698,0.7059582,0.85297906,0.66049504,0.8302475,0.71575785,0.8578789,0.665359,0.8326795,0.6940167,0.84700835
15425,0.7931223,0.89656115,0.6708975,0.83544874,0.7221667,0.8610834,0.63693845,0.8184692,0.7144061,0.857203,0.72792697,0.8639635,0.5685345,0.78426725,0.7156239,0.8578119,0.6419982,0.8209991,0.6729512,0.8364756
15426,0.6814662,0.8407331,0.686101,0.8430505,0.5963758,0.7981879,0.56567216,0.7828361,0.6020434,0.8010217,0.61252093,0.80626047,0.55011296,0.7750565,0.6656158,0.8328079,0.6102144,0.80510724,0.58482355,0.7924118
15474,0.7099942,0.8549971,0.7384558,0.8692279,0.68207407,0.84103703,0.62762374,0.8138119,0.70597804,0.852989,0.70936763,0.8546838,0.64757574,0.82378787,0.72292006,0.86146003,0.68462247,0.84231126,0.7311363,0.86556816
15519,0.74101335,0.87050664,0.71175706,0.85587853,0.6633189,0.83165944,0.59121895,0.7956095,0.70119834,0.85059917,0.71070826,0.85535413,0.68414813,0.84207404,0.688256,0.844128,0.68750805,0.84375405,0.7130055,0.8565028
15524,0.6839479,0.84197396,0.69522345,0.8476117,0.6419399,0.82096994,0.60296303,0.8014815,0.65319645,0.8265982,0.66096216,0.83048105,0.6372914,0.8186457,0.66505414,0.83252704,0.68936974,0.84468484,0.6994347,0.8497174
15589,0.71788216,0.8589411,0.6609582,0.8304791,0.6406299,0.82031494,0.5839286,0.7919643,0.6784807,0.8392403,0.6773559,0.83867794,0.65061873,0.8253094,0.66324496,0.8316225,0.6353329,0.8176664,0.6811321,0.84056604
15679,0.55551934,0.7777597,0.52008224,0.7600411,0.4088557,0.70442784,0.506863,0.7534315,0.56489027,0.78244513,0.56727815,0.7836391,0.57569575,0.7878479,0.5357839,0.76789194,0.62088543,0.8104427,0.6051182,0.80255914
15743,0.74440396,0.872202,0.72585714,0.86292857,0.62735605,0.813678,0.6249291,0.81246454,0.69893444,0.8494672,0.6981631,0.8490815,0.7039934,0.85199666,0.7225059,0.86125296,0.68736327,0.84368163,0.71944577,0.85972285
16036,0.7528386,0.8764193,0.70496905,0.8524845,0.6455806,0.82279027,0.67408407,0.83704203,0.7098131,0.85490656,0.6643482,0.83217406,0.6375763,0.8187882,0.7073592,0.8536796,0.64997935,0.8249897,0.65642065,0.82821035
16039,0.6647256,0.8323628,0.633026,0.816513,0.6439241,0.82196206,0.69203293,0.84601647,0.54822105,0.77411056,0.5034159,0.7517079,0.4646551,0.7323276,0.6146193,0.8073096,0.5817933,0.79089665,0.4932223,0.7466111
16064,0.8074538,0.90372694,0.78527325,0.89263666,0.6789565,0.83947825,0.6837326,0.8418663,0.8031714,0.9015857,0.75728774,0.8786439,0.73159343,0.8657967,0.7938721,0.89693606,0.69897056,0.8494853,0.74251825,0.8712591
