,Modified_claude-sonnet-4-5_of_Modified_claude-sonnet-4-5_of_Modified_claude-sonnet-4-5_of_CV_Modelclaude-sonnet-4-5_Modelclaude-sonnet-4-5_Modelclaude-sonnet-4-5_doordash_pm_Raw_Score,Modified_claude-sonnet-4-5_of_Modified_claude-sonnet-4-5_of_Modified_claude-sonnet-4-5_of_CV_Modelclaude-sonnet-4-5_Modelclaude-sonnet-4-5_Modelclaude-sonnet-4-5_doordash_pm_Score,Modified_claude-sonnet-4-5_of_Modified_claude-sonnet-4-5_of_Modified_claude-sonnet-4-5_of_CV_Modelclaude-sonnet-4-5_Modelclaude-sonnet-4-5_Modelclaude-sonnet-4-5_apple_pm_Raw_Score,Modified_claude-sonnet-4-5_of_Modified_claude-sonnet-4-5_of_Modified_claude-sonnet-4-5_of_CV_Modelclaude-sonnet-4-5_Modelclaude-sonnet-4-5_Modelclaude-sonnet-4-5_apple_pm_Score,Modified_claude-sonnet-4-5_of_Modified_claude-sonnet-4-5_of_Modified_claude-sonnet-4-5_of_CV_Modelclaude-sonnet-4-5_Modelclaude-sonnet-4-5_Modelclaude-sonnet-4-5_samsara_pm_Raw_Score,Modified_claude-sonnet-4-5_of_Modified_claude-sonnet-4-5_of_Modified_claude-sonnet-4-5_of_CV_Modelclaude-sonnet-4-5_Modelclaude-sonnet-4-5_Modelclaude-sonnet-4-5_samsara_pm_Score,Modified_claude-sonnet-4-5_of_Modified_claude-sonnet-4-5_of_Modified_claude-sonnet-4-5_of_CV_Modelclaude-sonnet-4-5_Modelclaude-sonnet-4-5_Modelclaude-sonnet-4-5_yelp_pm_Raw_Score,Modified_claude-sonnet-4-5_of_Modified_claude-sonnet-4-5_of_Modified_claude-sonnet-4-5_of_CV_Modelclaude-sonnet-4-5_Modelclaude-sonnet-4-5_Modelclaude-sonnet-4-5_yelp_pm_Score,Modified_claude-sonnet-4-5_of_Modified_claude-sonnet-4-5_of_Modified_claude-sonnet-4-5_of_CV_Modelclaude-sonnet-4-5_Modelclaude-sonnet-4-5_Modelclaude-sonnet-4-5_match_pm_Raw_Score,Modified_claude-sonnet-4-5_of_Modified_claude-sonnet-4-5_of_Modified_claude-sonnet-4-5_of_CV_Modelclaude-sonnet-4-5_Modelclaude-sonnet-4-5_Modelclaude-sonnet-4-5_match_pm_Score,Modified_claude-sonnet-4-5_of_Modified_claude-sonnet-4-5_of_Modified_claude-sonnet-4-5_of_CV_Modelclaude-sonnet-4-5_Modelclaude-sonnet-4-5_Modelclaude-sonnet-4-5_i2c_ux_Raw_Score,Modified_claude-sonnet-4-5_of_Modified_claude-sonnet-4-5_of_Modified_claude-sonnet-4-5_of_CV_Modelclaude-sonnet-4-5_Modelclaude-sonnet-4-5_Modelclaude-sonnet-4-5_i2c_ux_Score,Modified_claude-sonnet-4-5_of_Modified_claude-sonnet-4-5_of_Modified_claude-sonnet-4-5_of_CV_Modelclaude-sonnet-4-5_Modelclaude-sonnet-4-5_Modelclaude-sonnet-4-5_adobe_ux_Raw_Score,Modified_claude-sonnet-4-5_of_Modified_claude-sonnet-4-5_of_Modified_claude-sonnet-4-5_of_CV_Modelclaude-sonnet-4-5_Modelclaude-sonnet-4-5_Modelclaude-sonnet-4-5_adobe_ux_Score,Modified_claude-sonnet-4-5_of_Modified_claude-sonnet-4-5_of_Modified_claude-sonnet-4-5_of_CV_Modelclaude-sonnet-4-5_Modelclaude-sonnet-4-5_Modelclaude-sonnet-4-5_amazon_ux_Raw_Score,Modified_claude-sonnet-4-5_of_Modified_claude-sonnet-4-5_of_Modified_claude-sonnet-4-5_of_CV_Modelclaude-sonnet-4-5_Modelclaude-sonnet-4-5_Modelclaude-sonnet-4-5_amazon_ux_Score,Modified_claude-sonnet-4-5_of_Modified_claude-sonnet-4-5_of_Modified_claude-sonnet-4-5_of_CV_Modelclaude-sonnet-4-5_Modelclaude-sonnet-4-5_Modelclaude-sonnet-4-5_rowan_ux_Raw_Score,Modified_claude-sonnet-4-5_of_Modified_claude-sonnet-4-5_of_Modified_claude-sonnet-4-5_of_CV_Modelclaude-sonnet-4-5_Modelclaude-sonnet-4-5_Modelclaude-sonnet-4-5_rowan_ux_Score,Modified_claude-sonnet-4-5_of_Modified_claude-sonnet-4-5_of_Modified_claude-sonnet-4-5_of_CV_Modelclaude-sonnet-4-5_Modelclaude-sonnet-4-5_Modelclaude-sonnet-4-5_google_ux_Raw_Score,Modified_claude-sonnet-4-5_of_Modified_claude-sonnet-4-5_of_Modified_claude-sonnet-4-5_of_CV_Modelclaude-sonnet-4-5_Modelclaude-sonnet-4-5_Modelclaude-sonnet-4-5_google_ux_Score
6018,0.7158471,0.8579235,0.6743591,0.83717954,0.64816797,0.824084,0.62498075,0.81249034,0.7522333,0.87611663,0.8346795,0.91733974,0.76481056,0.8824053,0.8212605,0.9106302,0.80947113,0.90473557,0.84807026,0.92403513
6021,0.6894214,0.8447107,0.6094167,0.80470836,0.5943744,0.7971872,0.5993188,0.7996594,0.6269066,0.8134533,0.7414556,0.8707278,0.66997725,0.8349886,0.6882931,0.84414655,0.70356184,0.8517809,0.72008365,0.86004186
6026,0.5563737,0.77818686,0.5920648,0.7960324,0.47060242,0.7353012,0.55262095,0.77631044,0.5815369,0.79076844,0.66372585,0.8318629,0.6503489,0.82517445,0.6747024,0.8373512,0.6728822,0.8364411,0.6872593,0.84362966
9479,0.68474054,0.8423703,0.6463469,0.82317346,0.55917144,0.7795857,0.61645734,0.8082287,0.693207,0.8466035,0.7760354,0.8880177,0.7501369,0.8750684,0.7486261,0.87431306,0.7513715,0.87568575,0.81121266,0.9056063
16980,0.76255906,0.8812795,0.76664054,0.8833203,0.7026428,0.8513214,0.7253455,0.86267275,0.76098776,0.8804939,0.7865167,0.89325833,0.7574909,0.87874544,0.7806772,0.8903386,0.81761265,0.9088063,0.8102437,0.90512186
17014,0.4931946,0.7465973,0.59954333,0.79977167,0.46648806,0.73324406,0.4966968,0.7483484,0.5823184,0.7911592,0.5204295,0.76021475,0.6036612,0.8018306,0.5732293,0.78661466,0.657127,0.8285635,0.6115875,0.80579376
18230,0.6619894,0.8309947,0.6567316,0.8283658,0.55841076,0.7792054,0.5981542,0.7990771,0.6794313,0.83971566,0.74378633,0.87189317,0.72719663,0.86359835,0.7421471,0.87107354,0.7279643,0.86398214,0.7389879,0.86949396
18348,0.6859251,0.84296256,0.6999015,0.8499508,0.6199922,0.8099961,0.6282652,0.8141326,0.71467215,0.85733604,0.8174555,0.90872777,0.758199,0.8790995,0.81544304,0.9077215,0.8107394,0.9053697,0.8507502,0.9253751
26715,0.7494812,0.8747406,0.7099167,0.85495836,0.6447306,0.8223653,0.64532405,0.822662,0.7861218,0.8930609,0.79825115,0.8991256,0.77769876,0.8888494,0.7968391,0.89841956,0.7773522,0.8886761,0.7891433,0.89457166
26747,0.82195044,0.9109752,0.7275369,0.86376846,0.701118,0.850559,0.6857369,0.84286845,0.78771913,0.89385957,0.8683244,0.9341622,0.7537278,0.8768639,0.84836483,0.9241824,0.758087,0.87904346,0.8284637,0.91423184
29788,0.59435487,0.79717743,0.60159534,0.8007977,0.49911216,0.74955606,0.5325824,0.7662912,0.63528174,0.8176409,0.71415496,0.8570775,0.7138876,0.8569438,0.68785596,0.843928,0.6968633,0.84843165,0.72254217,0.8612711
29835,0.7204586,0.8602293,0.68747246,0.84373623,0.6113249,0.80566245,0.62107027,0.81053513,0.7127365,0.85636824,0.815795,0.9078975,0.77136284,0.8856814,0.7983316,0.8991658,0.7854394,0.8927197,0.8216795,0.91083974
30606,0.6629987,0.83149934,0.5821576,0.7910788,0.5433701,0.77168506,0.55800146,0.77900076,0.6793717,0.83968586,0.8216803,0.91084015,0.70274353,0.85137177,0.7174071,0.85870355,0.72616214,0.8630811,0.7915691,0.89578456
30845,0.69621706,0.84810853,0.6446808,0.82234037,0.5914557,0.79572785,0.6528874,0.8264437,0.69288266,0.8464413,0.80777025,0.9038851,0.732583,0.8662915,0.77111644,0.88555825,0.784558,0.892279,0.7937106,0.8968553
32072,0.79360104,0.8968005,0.75153154,0.8757658,0.73546755,0.8677338,0.7028347,0.85141736,0.74279654,0.87139827,0.8057191,0.90285957,0.73331785,0.8666589,0.8167821,0.90839106,0.7720145,0.88600725,0.8050525,0.90252626
46443,0.69928956,0.8496448,0.70615256,0.8530763,0.6370268,0.8185134,0.63259506,0.81629753,0.7453661,0.87268305,0.8037207,0.90186036,0.7339419,0.86697096,0.8082832,0.9041416,0.77564526,0.8878226,0.82828605,0.914143
46506,0.48527917,0.7426396,0.54022896,0.7701145,0.4772619,0.73863095,0.4909613,0.74548066,0.5225508,0.7612754,0.59798825,0.7989941,0.53181875,0.7659094,0.6261623,0.81308115,0.6604086,0.8302043,0.63154376,0.8157719
50300,0.6985892,0.8492946,0.6816879,0.8408439,0.67952454,0.8397623,0.6282491,0.8141246,0.7373023,0.86865115,0.8025553,0.90127766,0.7025947,0.8512974,0.7931069,0.89655346,0.7666589,0.88332945,0.8036337,0.90181684
51419,0.69954467,0.84977233,0.6459209,0.82296044,0.6020057,0.80100286,0.58697563,0.7934878,0.7218619,0.8609309,0.8451296,0.9225648,0.7373978,0.8686989,0.7834575,0.89172876,0.7192551,0.85962754,0.80516535,0.90258265
53971,0.6211709,0.81058544,0.59925586,0.7996279,0.53441375,0.7672069,0.57063663,0.7853183,0.6455827,0.82279134,0.69958174,0.8497909,0.68041074,0.8402054,0.71065205,0.85532606,0.7098628,0.8549314,0.7055794,0.8527897
53972,0.643233,0.82161653,0.6400656,0.82003284,0.5643958,0.7821979,0.5948982,0.7974491,0.66779065,0.8338953,0.73416305,0.8670815,0.70028555,0.8501428,0.7270818,0.8635409,0.74856085,0.87428045,0.73758674,0.86879337
53973,0.6338367,0.8169184,0.6005001,0.80025005,0.5705089,0.7852545,0.62638223,0.8131911,0.6537753,0.8268876,0.7450303,0.87251514,0.70408356,0.8520418,0.7432276,0.8716138,0.76426834,0.8821342,0.77959454,0.8897973
53974,0.62217337,0.81108665,0.5727476,0.7863738,0.53080624,0.76540315,0.5648489,0.78242445,0.64689666,0.8234483,0.74941546,0.8747077,0.71475804,0.857379,0.694437,0.8472185,0.72151864,0.8607593,0.7607089,0.88035446
53975,0.61399627,0.80699813,0.5620526,0.7810263,0.5610113,0.78050566,0.55822444,0.7791122,0.618286,0.809143,0.73273754,0.8663688,0.66183805,0.830919,0.67628187,0.83814096,0.72446823,0.8622341,0.7212218,0.8606109
53976,0.5348148,0.7674074,0.51402944,0.75701475,0.47984484,0.7399224,0.496528,0.748264,0.5501479,0.77507395,0.6188624,0.8094312,0.63351,0.816755,0.5934955,0.79674774,0.6482761,0.82413805,0.6360536,0.8180268
53977,0.73345196,0.866726,0.66421103,0.8321055,0.58066744,0.79033375,0.6155064,0.8077532,0.71814585,0.8590729,0.79792374,0.8989619,0.7499212,0.8749606,0.7645067,0.88225335,0.774073,0.8870365,0.79097253,0.89548624
53978,0.7029,0.85144997,0.60598695,0.8029935,0.5836382,0.7918191,0.5630717,0.78153586,0.711727,0.8558635,0.8473196,0.9236598,0.7221101,0.861055,0.7429559,0.87147796,0.73267484,0.8663374,0.8231931,0.91159654
53979,0.7245261,0.8622631,0.69184345,0.84592175,0.6434113,0.82170564,0.6370433,0.8185216,0.7673872,0.8836936,0.8488623,0.92443115,0.76512194,0.88256097,0.81633955,0.90816975,0.7706207,0.88531035,0.7936236,0.89681184
53981,0.6108806,0.8054403,0.603504,0.801752,0.5340328,0.7670164,0.58620006,0.7931,0.6528764,0.8264382,0.7201383,0.86006916,0.7170048,0.8585024,0.7026107,0.85130537,0.7192736,0.8596368,0.7507862,0.8753931
54796,0.62438357,0.8121918,0.630062,0.815031,0.51563275,0.7578164,0.5910691,0.79553455,0.5724322,0.78621614,0.62294364,0.8114718,0.6086786,0.8043393,0.6749941,0.83749706,0.64778006,0.82389003,0.6376468,0.8188234
54797,0.7054642,0.85273206,0.66293883,0.8314694,0.6411165,0.82055825,0.5728202,0.7864101,0.742584,0.871292,0.8644022,0.9322011,0.73842216,0.8692111,0.7897683,0.8948841,0.7350444,0.86752224,0.7897381,0.8948691
54798,0.6526494,0.8263247,0.68527997,0.84264,0.57475936,0.7873797,0.6210613,0.81053066,0.6665785,0.83328927,0.7271893,0.86359465,0.6856704,0.8428352,0.7196123,0.8598062,0.7653404,0.88267016,0.7370091,0.8685045
54799,0.55297935,0.7764897,0.58508,0.79254,0.47796768,0.73898387,0.55155134,0.7757757,0.57104987,0.78552496,0.64793694,0.82396847,0.6494868,0.8247434,0.6682601,0.83413005,0.72827816,0.8641391,0.7307749,0.86538744
54800,0.69177234,0.8458862,0.67170095,0.8358505,0.60336506,0.80168253,0.5979972,0.7989986,0.6871494,0.8435747,0.7669821,0.88349104,0.732687,0.8663435,0.78092253,0.89046127,0.7666371,0.88331854,0.7755258,0.8877629
56453,0.70695484,0.8534774,0.63660854,0.8183043,0.6029413,0.80147064,0.5443145,0.77215725,0.7167099,0.8583549,0.807522,0.903761,0.7833139,0.89165694,0.726177,0.8630885,0.7471077,0.8735539,0.80245686,0.9012284
56528,0.6341698,0.8170849,0.6006508,0.8003254,0.50819105,0.75409555,0.5919856,0.7959928,0.6382941,0.81914705,0.7163875,0.85819376,0.6950897,0.84754485,0.68789345,0.8439467,0.73732626,0.86866313,0.7192962,0.8596481
56542,0.69481725,0.84740865,0.66909254,0.83454627,0.6021894,0.8010947,0.65206766,0.82603383,0.7004199,0.85020995,0.78404033,0.89202017,0.71663725,0.8583186,0.7860211,0.89301056,0.7697555,0.88487774,0.79723144,0.8986157
56543,0.62190294,0.8109515,0.60830957,0.80415475,0.53514093,0.7675705,0.5589229,0.77946144,0.63079435,0.81539714,0.6932428,0.8466214,0.7074175,0.85370874,0.6969162,0.8484581,0.7230396,0.8615198,0.7233973,0.8616986
56544,0.6509839,0.82549196,0.61797345,0.8089867,0.5614106,0.78070533,0.6191031,0.80955154,0.66932875,0.83466434,0.7619118,0.88095593,0.73866355,0.8693318,0.7391633,0.86958164,0.73819625,0.8690981,0.79243195,0.896216
56545,0.5077988,0.7538994,0.57148176,0.78574085,0.43547845,0.7177392,0.50102234,0.75051117,0.48349378,0.7417469,0.46739507,0.73369753,0.49277142,0.7463857,0.5696113,0.78480566,0.5689617,0.7844808,0.5061123,0.75305617
56618,0.7156866,0.8578433,0.7210717,0.86053586,0.63871074,0.81935537,0.6466704,0.8233352,0.71460336,0.8573017,0.80845594,0.904228,0.7592292,0.8796146,0.854091,0.92704546,0.79079914,0.8953996,0.83445907,0.91722953
56619,0.59155965,0.7957798,0.6028023,0.80140114,0.49619222,0.7480961,0.55827224,0.7791361,0.6248525,0.8124262,0.69968736,0.8498437,0.70330215,0.8516511,0.67021006,0.83510506,0.7068042,0.85340214,0.7262543,0.8631271
56629,0.7037816,0.8518908,0.66381097,0.8319055,0.6085251,0.8042625,0.64699996,0.8235,0.70762026,0.85381013,0.817565,0.9087825,0.73839855,0.8691993,0.8220901,0.9110451,0.7614317,0.88071585,0.8115316,0.9057658
56630,0.70401376,0.8520069,0.66113305,0.8305665,0.5680332,0.7840166,0.59085643,0.7954282,0.700289,0.8501445,0.799091,0.8995455,0.7423443,0.8711722,0.7643704,0.8821852,0.76990473,0.88495237,0.81097496,0.9054875
56631,0.57802165,0.7890108,0.61945975,0.8097299,0.5195252,0.7597626,0.5777935,0.78889674,0.610492,0.805246,0.67520267,0.8376013,0.6663104,0.8331552,0.6846268,0.8423134,0.7322155,0.86610776,0.748459,0.8742295
56632,0.6990279,0.84951395,0.6749093,0.8374547,0.60167575,0.8008379,0.6485042,0.8242521,0.72206664,0.8610333,0.8080479,0.90402395,0.8011178,0.9005589,0.80198073,0.90099037,0.7655555,0.88277775,0.8300135,0.91500676
56633,0.68356556,0.8417828,0.6266357,0.81331784,0.581602,0.790801,0.56337607,0.78168803,0.6935341,0.84676707,0.79479754,0.89739877,0.74906564,0.8745328,0.7454005,0.8727002,0.721431,0.8607155,0.77908075,0.8895404
56634,0.5946743,0.7973372,0.59753335,0.7987667,0.5050307,0.7525153,0.538907,0.7694535,0.6314639,0.81573194,0.7017943,0.8508972,0.70622,0.85310996,0.6974916,0.8487458,0.7247323,0.86236614,0.726267,0.8631335
56635,0.42883262,0.7144163,0.4623499,0.73117495,0.43085146,0.7154257,0.4075273,0.70376366,0.41290534,0.70645267,0.4362492,0.7181246,0.5018811,0.75094056,0.46192998,0.730965,0.493845,0.7469225,0.52016133,0.7600807
56637,0.75500053,0.8775003,0.71885395,0.859427,0.6297735,0.81488675,0.6469733,0.8234867,0.760761,0.8803805,0.8219993,0.91099966,0.7801759,0.89008796,0.8278531,0.91392654,0.768584,0.884292,0.82205045,0.9110252
56638,0.73772633,0.86886317,0.666363,0.8331815,0.5924876,0.7962438,0.563802,0.781901,0.75602865,0.8780143,0.85867584,0.9293379,0.79315674,0.8965784,0.76481414,0.88240707,0.7165773,0.85828865,0.8169707,0.90848535
56639,0.5468341,0.77341706,0.54369295,0.7718465,0.47198772,0.73599386,0.5023015,0.7511507,0.5836829,0.79184145,0.6760485,0.83802426,0.68507016,0.8425351,0.65846646,0.8292332,0.66385734,0.8319287,0.7019679,0.850984
56641,0.5715927,0.78579634,0.54329586,0.77164793,0.48906547,0.7445327,0.53405976,0.7670299,0.59703255,0.7985163,0.68619,0.843095,0.6895765,0.84478825,0.63639224,0.8181961,0.6829474,0.8414737,0.7225616,0.8612808
56642,0.65910435,0.8295522,0.5747287,0.78736436,0.5278781,0.763939,0.53374857,0.7668743,0.64459133,0.82229567,0.7660384,0.8830192,0.73597986,0.8679899,0.70415545,0.8520777,0.7300776,0.8650388,0.7724676,0.8862338
56643,0.72414565,0.8620728,0.67701215,0.8385061,0.6541867,0.82709336,0.6357051,0.81785256,0.6959852,0.8479926,0.7519536,0.8759768,0.6321944,0.8160972,0.7622648,0.88113236,0.7009203,0.8504602,0.70576906,0.85288453
56644,0.707121,0.8535605,0.67277277,0.8363864,0.6162544,0.80812716,0.63299215,0.8164961,0.7001109,0.85005546,0.75169253,0.87584627,0.73843515,0.8692176,0.7636237,0.88181186,0.7587394,0.87936974,0.772971,0.88648546
56645,0.6067805,0.80339026,0.6291812,0.8145906,0.5463375,0.77316874,0.60339266,0.8016963,0.6080894,0.8040447,0.6766725,0.8383362,0.6564954,0.82824767,0.72784257,0.8639213,0.71672755,0.85836375,0.7167587,0.85837936
56646,0.62422967,0.81211483,0.5816785,0.79083925,0.507714,0.753857,0.59497774,0.79748887,0.6129824,0.8064912,0.71764183,0.8588209,0.67428225,0.83714116,0.6721959,0.83609796,0.7157345,0.85786724,0.71459556,0.8572978
56647,0.6561158,0.8280579,0.6628915,0.83144575,0.59526,0.79763,0.63255095,0.8162755,0.6855918,0.8427959,0.76683307,0.88341653,0.75756335,0.8787817,0.7524506,0.8762253,0.75478786,0.87739396,0.80147684,0.9007384
56648,0.722883,0.8614415,0.6523605,0.8261802,0.62626165,0.81313086,0.6390376,0.8195188,0.6941382,0.84706914,0.7861987,0.8930993,0.71991295,0.8599565,0.77411747,0.88705873,0.7513378,0.8756689,0.7713994,0.8856997
56649,0.66179705,0.8308985,0.65545356,0.8277268,0.5717437,0.78587186,0.6002013,0.8001007,0.6278532,0.8139266,0.6986356,0.8493178,0.6414186,0.8207093,0.6952445,0.8476223,0.7100725,0.85503626,0.7000208,0.8500104
56650,0.6619345,0.83096725,0.62475026,0.8123751,0.5662926,0.78314626,0.54893255,0.7744663,0.7127135,0.85635674,0.8231014,0.9115507,0.78603065,0.8930153,0.74024856,0.8701243,0.75375354,0.8768768,0.8162574,0.90812874
56651,0.6541221,0.82706106,0.59301627,0.79650813,0.5472182,0.7736091,0.52972543,0.7648627,0.7180368,0.8590184,0.8261033,0.91305166,0.74829495,0.8741475,0.7369348,0.8684674,0.7374984,0.8687492,0.8046572,0.9023286
56652,0.7226025,0.86130124,0.68487847,0.84243923,0.58327913,0.79163957,0.61367315,0.8068366,0.7259377,0.86296886,0.84336925,0.9216846,0.79583764,0.8979188,0.7758157,0.88790786,0.7877201,0.89386004,0.82661426,0.91330713
56653,0.6222879,0.811144,0.6189505,0.80947524,0.56373817,0.78186905,0.5823631,0.79118156,0.62658846,0.81329423,0.70309883,0.8515494,0.64997375,0.8249869,0.7115986,0.8557993,0.718464,0.859232,0.7206915,0.8603457
56654,0.7662353,0.8831177,0.7429661,0.8714831,0.65941715,0.8297086,0.6917555,0.84587777,0.771805,0.8859025,0.81963634,0.9098182,0.7989019,0.89945096,0.80868626,0.9043431,0.82115006,0.91057503,0.8385774,0.9192887
56656,0.61179906,0.8058995,0.63891697,0.8194585,0.55017287,0.7750864,0.5677935,0.78389674,0.6711769,0.83558846,0.68319523,0.8415976,0.7179693,0.85898465,0.6813873,0.84069365,0.7047453,0.85237265,0.7182282,0.8591141
56657,0.6051581,0.80257905,0.5389342,0.7694671,0.49888453,0.7494423,0.51189333,0.75594664,0.62426317,0.8121316,0.7771367,0.88856834,0.696056,0.848028,0.67549413,0.8377471,0.69582283,0.8479114,0.7633258,0.8816629
56661,0.71301997,0.85651,0.6676498,0.8338249,0.5773976,0.7886988,0.6041572,0.8020786,0.6829879,0.84149396,0.7865632,0.8932816,0.6927154,0.8463577,0.7487708,0.87438536,0.7248187,0.86240935,0.7685143,0.88425714
56662,0.67094606,0.83547306,0.66566455,0.8328323,0.57297206,0.786486,0.6691805,0.83459026,0.6590173,0.82950866,0.74955493,0.87477744,0.6855766,0.84278834,0.7800926,0.8900463,0.7995249,0.89976245,0.7900907,0.89504534
56725,0.76000154,0.88000077,0.70746464,0.85373235,0.66094184,0.8304709,0.68285936,0.8414297,0.7632283,0.88161415,0.83219147,0.91609573,0.7688925,0.88444626,0.83881056,0.9194053,0.75149536,0.8757477,0.82812285,0.9140614
56795,0.68270886,0.8413544,0.70562714,0.8528136,0.60135186,0.8006759,0.62584645,0.8129232,0.7358406,0.8679203,0.7814641,0.89073205,0.8041645,0.90208226,0.79607344,0.8980367,0.78893554,0.8944678,0.80907714,0.9045386
56796,0.6744428,0.8372214,0.640133,0.8200665,0.5706556,0.7853278,0.57564294,0.7878215,0.739936,0.869968,0.8223513,0.9111756,0.7701881,0.88509405,0.79251754,0.8962588,0.7722059,0.8861029,0.8030578,0.9015289
56797,0.728814,0.864407,0.6857594,0.8428797,0.5838749,0.7919375,0.60924435,0.8046222,0.73255616,0.86627805,0.8064176,0.9032088,0.73955655,0.8697783,0.79452026,0.8972601,0.7681067,0.88405335,0.8037448,0.9018724
56798,0.61762106,0.80881053,0.6186633,0.80933166,0.54676384,0.77338195,0.5842463,0.79212314,0.64946914,0.82473457,0.68925714,0.8446286,0.723052,0.861526,0.71897465,0.8594873,0.7147815,0.85739076,0.76243794,0.88121897
56799,0.65195966,0.8259798,0.6122111,0.80610555,0.5445024,0.7722512,0.55995136,0.77997565,0.66871417,0.8343571,0.7732761,0.88663805,0.74117106,0.87058556,0.74610174,0.87305087,0.77450335,0.8872517,0.7997997,0.89989984
56800,0.62536097,0.8126805,0.59820193,0.799101,0.5393792,0.76968956,0.5855199,0.79275995,0.58599406,0.792997,0.6300514,0.8150257,0.5737891,0.78689456,0.654969,0.8274845,0.6295769,0.81478846,0.6213096,0.81065476
56801,0.6718334,0.8359167,0.65090495,0.82545245,0.6008899,0.80044496,0.59899986,0.7994999,0.6588086,0.8294043,0.77907956,0.8895398,0.6707889,0.83539444,0.7472931,0.87364656,0.72722185,0.8636109,0.7530943,0.87654716
56802,0.7008923,0.85044616,0.63842076,0.8192104,0.6013542,0.80067706,0.6202176,0.8101088,0.65871763,0.8293588,0.74681246,0.87340623,0.6828437,0.84142184,0.7430575,0.87152874,0.74293184,0.8714659,0.74405277,0.8720264
56803,0.7500196,0.8750098,0.7093401,0.85467005,0.62611866,0.81305933,0.6146618,0.8073309,0.7613734,0.8806867,0.88253415,0.9412671,0.7955625,0.89778125,0.8102001,0.90510005,0.78981566,0.89490783,0.8561914,0.9280957
56804,0.72149813,0.86074907,0.69276416,0.8463821,0.627846,0.813923,0.66501033,0.83250517,0.7424284,0.8712142,0.8124761,0.9062381,0.7584455,0.87922275,0.8356778,0.91783893,0.78140557,0.8907028,0.81795645,0.9089782
56805,0.65573555,0.82786775,0.65726495,0.8286325,0.6007688,0.8003844,0.6447975,0.8223988,0.64218736,0.8210937,0.71464956,0.8573248,0.6708987,0.83544934,0.7537847,0.8768923,0.7471963,0.87359816,0.73638713,0.86819357
56807,0.6868377,0.84341884,0.68460333,0.84230167,0.60759676,0.8037984,0.6108086,0.8054043,0.71451116,0.8572556,0.78017604,0.890088,0.7794001,0.88970006,0.7633066,0.8816533,0.7961047,0.89805233,0.8203478,0.9101739
56809,0.71084845,0.8554242,0.7210468,0.8605234,0.61627793,0.80813897,0.6760446,0.8380223,0.72448504,0.8622425,0.77374744,0.8868737,0.75944126,0.8797206,0.799982,0.89999104,0.8005314,0.9002657,0.801703,0.9008515
56859,0.6077106,0.8038553,0.55525047,0.7776252,0.47671783,0.7383589,0.5834122,0.7917061,0.5946392,0.7973196,0.6963078,0.8481539,0.6411434,0.82057166,0.66494894,0.83247447,0.7023128,0.8511564,0.6944329,0.8472165
56860,0.6682209,0.83411044,0.65507746,0.8275387,0.60136473,0.80068237,0.70106125,0.8505306,0.6789919,0.83949596,0.7758807,0.88794035,0.7130079,0.85650396,0.80297065,0.9014853,0.7547593,0.87737966,0.7997956,0.8998978
56861,0.6282449,0.81412244,0.58894837,0.7944742,0.5249418,0.7624709,0.6252264,0.8126132,0.6112168,0.8056084,0.68052465,0.8402623,0.6533258,0.8266629,0.70309716,0.85154855,0.6760814,0.8380407,0.69948435,0.8497422
56862,0.7250259,0.86251295,0.6927054,0.8463527,0.57362187,0.78681093,0.6158694,0.8079347,0.70474887,0.85237443,0.7824291,0.89121455,0.72832847,0.86416423,0.7919744,0.8959872,0.73806804,0.86903405,0.78481066,0.89240533
57384,0.7690841,0.88454205,0.725362,0.86268103,0.668522,0.834261,0.6579071,0.82895356,0.76701736,0.8835087,0.88032997,0.940165,0.78176117,0.8908806,0.85956204,0.929781,0.78721654,0.8936083,0.8526194,0.9263097
57400,0.732427,0.8662135,0.6598811,0.82994056,0.5937269,0.79686344,0.6025605,0.80128026,0.7095243,0.85476214,0.81399876,0.90699935,0.74671435,0.8733572,0.77712613,0.88856304,0.68814975,0.84407485,0.786436,0.89321804
62042,0.7343541,0.867177,0.65185523,0.8259276,0.66099155,0.8304958,0.63060963,0.8153048,0.6565787,0.8282894,0.7119054,0.85595274,0.6175687,0.80878437,0.675785,0.83789253,0.6626891,0.83134454,0.6522585,0.82612926
63086,0.52519655,0.7625983,0.54735494,0.77367747,0.48040754,0.74020374,0.494004,0.747002,0.5570177,0.77850884,0.6655543,0.83277714,0.63565934,0.81782967,0.6404656,0.8202328,0.67656827,0.83828413,0.6873963,0.84369814
63087,0.7462804,0.8731402,0.6971339,0.84856695,0.64317936,0.8215897,0.6707053,0.83535266,0.74058735,0.8702937,0.7726263,0.88631314,0.7608201,0.8804101,0.755896,0.877948,0.7599561,0.87997806,0.80098414,0.9004921
83710,0.6888095,0.84440476,0.66359127,0.83179563,0.58114934,0.79057467,0.63023967,0.81511986,0.66308904,0.8315445,0.7366071,0.86830354,0.64663345,0.8233167,0.75434965,0.87717485,0.70157707,0.85078853,0.72477376,0.8623869
83711,0.5890118,0.7945059,0.6819067,0.84095335,0.564541,0.7822705,0.54658884,0.77329445,0.54794204,0.773971,0.52282387,0.7614119,0.54339576,0.7716979,0.61795783,0.8089789,0.5933816,0.7966908,0.53443485,0.7672174
86666,0.6957888,0.84789443,0.7329167,0.86645836,0.6226008,0.8113004,0.662966,0.831483,0.7073645,0.8536823,0.7983247,0.89916235,0.75186634,0.8759332,0.8391384,0.9195692,0.8147065,0.9073533,0.82926047,0.91463023
87779,0.45700437,0.72850215,0.5244658,0.7622329,0.4048857,0.7024429,0.48533604,0.74266803,0.43545717,0.7177286,0.44437075,0.7221854,0.5130058,0.75650287,0.4880799,0.74403995,0.508985,0.7544925,0.49671912,0.74835956
97622,0.7197561,0.85987806,0.68161154,0.84080577,0.6259624,0.8129812,0.61353004,0.806765,0.761055,0.8805275,0.8680737,0.93403685,0.78399783,0.8919989,0.82803845,0.9140192,0.77633023,0.8881651,0.84641176,0.92320585
98134,0.7308576,0.8654288,0.67970026,0.8398501,0.63172704,0.8158635,0.5725186,0.7862593,0.7251425,0.86257124,0.8063296,0.9031648,0.76884145,0.88442075,0.77345634,0.88672817,0.7657982,0.8828991,0.81927156,0.9096358
98135,0.6467911,0.82339555,0.6385379,0.81926894,0.59751606,0.79875803,0.60629296,0.8031465,0.67669296,0.8383465,0.79217494,0.89608747,0.7400462,0.87002313,0.7968085,0.89840424,0.7517596,0.87587976,0.7906448,0.89532244
98136,0.72738874,0.86369437,0.6798501,0.83992505,0.62041724,0.8102086,0.6490167,0.8245083,0.735668,0.867834,0.8377298,0.9188649,0.738505,0.8692525,0.82176936,0.9108847,0.76123035,0.8806152,0.8202218,0.9101109
98137,0.6696608,0.8348304,0.6880262,0.8440131,0.58010054,0.79005027,0.62814355,0.8140718,0.7058836,0.8529418,0.7325737,0.8662869,0.73077166,0.86538583,0.7560462,0.8780231,0.73439074,0.86719537,0.7454739,0.87273693
98138,0.6245136,0.8122568,0.5956049,0.79780245,0.5573038,0.7786519,0.5978556,0.7989278,0.64616424,0.8230821,0.75685126,0.8784256,0.7235483,0.86177415,0.72478867,0.86239433,0.7488777,0.8744389,0.7827755,0.89138776
98171,0.6830863,0.84154314,0.61840427,0.80920213,0.57853556,0.7892678,0.5665275,0.78326374,0.7276343,0.86381716,0.8213222,0.9106611,0.76257646,0.88128823,0.75533545,0.8776677,0.7435572,0.8717786,0.80912185,0.9045609
98172,0.58392984,0.7919649,0.5990146,0.79950726,0.51006526,0.75503266,0.52632767,0.7631638,0.66240364,0.8312018,0.73043746,0.86521876,0.74556386,0.87278193,0.71360576,0.8568029,0.68481433,0.84240717,0.74322486,0.8716124
98173,0.7138467,0.85692334,0.725134,0.862567,0.6406077,0.82030386,0.67841625,0.8392081,0.7263534,0.8631767,0.7445531,0.87227654,0.7233361,0.86166805,0.7643318,0.8821659,0.77451295,0.8872565,0.7717422,0.8858711
98245,0.6492326,0.8246163,0.65885055,0.8294253,0.59670174,0.7983509,0.6240899,0.812045,0.67069155,0.83534575,0.7644309,0.88221544,0.7141881,0.85709405,0.76481533,0.88240767,0.76276904,0.8813845,0.7457969,0.87289846
98250,0.6334282,0.8167141,0.68781435,0.8439072,0.60457635,0.8022882,0.65117896,0.8255895,0.5904218,0.7952109,0.55392444,0.7769622,0.5382304,0.7691152,0.66174823,0.8308741,0.6085982,0.8042991,0.55554736,0.7777737
98251,0.5806881,0.79034406,0.5548506,0.7774253,0.48809722,0.7440486,0.5517998,0.7758999,0.5704284,0.7852142,0.602404,0.801202,0.59778535,0.7988927,0.59113985,0.7955699,0.6449307,0.82246536,0.58564,0.79282
98252,0.5229863,0.76149315,0.52618766,0.7630938,0.43509763,0.71754885,0.6768053,0.8384026,0.5198318,0.7599159,0.52159566,0.76079786,0.5177682,0.7588841,0.55542845,0.77771425,0.60633016,0.8031651,0.5258957,0.76294786
98253,0.7448,0.8724,0.71696496,0.8584825,0.6679077,0.83395386,0.6970455,0.8485228,0.69922066,0.8496103,0.7320794,0.8660397,0.6705328,0.8352664,0.75527644,0.8776382,0.74286824,0.8714341,0.733626,0.866813
98254,0.62689424,0.8134471,0.63551474,0.81775737,0.5776021,0.7888011,0.6557184,0.82785916,0.6516678,0.8258339,0.73306006,0.86653006,0.6574961,0.82874805,0.75735986,0.87867993,0.7447771,0.87238854,0.7459936,0.8729968
98255,0.7236488,0.8618244,0.6906151,0.8453076,0.64942944,0.8247147,0.66509175,0.8325459,0.7321764,0.8660882,0.8226334,0.9113167,0.748187,0.87409353,0.7980931,0.89904654,0.78823507,0.89411753,0.83027744,0.9151387
98256,0.65630263,0.82815135,0.62176156,0.8108808,0.5816691,0.79083455,0.67219687,0.83609843,0.6284908,0.8142454,0.6981397,0.84906983,0.6022655,0.80113274,0.6977074,0.8488537,0.70526254,0.8526313,0.6820668,0.8410334
98257,0.71632475,0.8581624,0.6724741,0.8362371,0.6333579,0.81667894,0.66890705,0.8344535,0.6937549,0.84687746,0.7888517,0.89442587,0.67278755,0.8363938,0.80122066,0.9006103,0.7260388,0.8630194,0.749086,0.874543
98258,0.71345085,0.85672545,0.6846136,0.8423068,0.62573576,0.8128679,0.64195454,0.8209773,0.67318547,0.83659273,0.7200458,0.8600229,0.7056606,0.8528303,0.685173,0.8425865,0.6959887,0.8479943,0.7218277,0.8609139
98259,0.63932085,0.8196604,0.6120999,0.80604994,0.5613369,0.78066844,0.60114646,0.8005732,0.66967773,0.83483887,0.7963855,0.89819276,0.7710818,0.8855409,0.7382449,0.86912245,0.76166946,0.8808347,0.8133615,0.90668076
98260,0.58928,0.79464,0.5737809,0.78689045,0.5730792,0.7865396,0.6832217,0.84161085,0.58486164,0.7924308,0.65535617,0.8276781,0.59540427,0.79770213,0.68618476,0.8430924,0.6890097,0.84450483,0.6701727,0.83508635
98261,0.676731,0.8383655,0.6428281,0.82141405,0.62487626,0.81243813,0.6952477,0.8476238,0.6649647,0.83248234,0.74474764,0.8723738,0.70397717,0.85198855,0.73145056,0.8657253,0.74402976,0.8720149,0.7686956,0.8843478
98262,0.6589222,0.8294611,0.5769269,0.7884635,0.5322521,0.76612604,0.60659933,0.80329967,0.6531376,0.82656884,0.7971859,0.89859295,0.6836853,0.84184265,0.7327367,0.86636835,0.71611714,0.8580586,0.7806389,0.89031947
98263,0.5841063,0.79205316,0.62975,0.814875,0.6176559,0.80882794,0.6218372,0.81091857,0.6213897,0.8106948,0.6567186,0.8283593,0.5857388,0.7928694,0.6978023,0.84890115,0.7150614,0.8575307,0.68427116,0.84213555
98264,0.6274028,0.8137014,0.60453856,0.8022693,0.5306032,0.7653016,0.69079983,0.8453999,0.5708537,0.78542686,0.6129932,0.8064966,0.56133574,0.7806679,0.682403,0.84120154,0.64330864,0.8216543,0.63109434,0.81554717
98265,0.73477304,0.8673865,0.6940875,0.84704375,0.64240426,0.82120216,0.6434963,0.82174814,0.73973763,0.8698688,0.8656155,0.93280774,0.7479025,0.87395126,0.80467296,0.9023365,0.7997122,0.8998561,0.82697093,0.91348547
98266,0.77191377,0.8859569,0.6745111,0.83725554,0.641058,0.820529,0.6920363,0.84601814,0.7141959,0.857098,0.8373441,0.9186721,0.72664833,0.86332417,0.7901379,0.89506894,0.7794267,0.88971335,0.819252,0.909626
98267,0.71723104,0.8586155,0.6694145,0.83470726,0.62462825,0.81231415,0.6957642,0.8478821,0.71649945,0.8582497,0.7576674,0.8788337,0.6920542,0.84602714,0.7608171,0.8804085,0.7866656,0.89333284,0.778381,0.8891905
98268,0.6656402,0.83282006,0.67232656,0.8361633,0.6527235,0.8263618,0.6362127,0.81810635,0.6143711,0.80718553,0.6235152,0.81175756,0.53646207,0.76823103,0.70168626,0.85084313,0.612024,0.80601203,0.59888595,0.799443
98269,0.7285857,0.86429286,0.6969248,0.8484624,0.6547917,0.82739586,0.668884,0.834442,0.7363589,0.86817944,0.8115886,0.90579426,0.73255104,0.86627555,0.8072148,0.90360737,0.80167514,0.90083754,0.7966896,0.8983448
98270,0.6694349,0.83471745,0.6342927,0.81714636,0.57412475,0.7870624,0.64025164,0.8201258,0.6242801,0.81214005,0.7321234,0.8660617,0.6639606,0.8319803,0.7217821,0.86089104,0.76224357,0.88112175,0.72023195,0.860116
98271,0.6166948,0.8083474,0.6139906,0.8069953,0.51982474,0.7599124,0.57354796,0.786774,0.6385275,0.81926376,0.77898836,0.8894942,0.72634304,0.8631715,0.7196992,0.8598496,0.7661685,0.88308424,0.78595287,0.8929764
98272,0.6608734,0.8304367,0.65553844,0.8277692,0.5864541,0.7932271,0.60858357,0.8042918,0.6978519,0.84892595,0.8258119,0.91290593,0.7342112,0.8671056,0.7973428,0.8986714,0.7802721,0.89013606,0.83587384,0.9179369
98273,0.6916314,0.84581566,0.7196586,0.8598293,0.60794246,0.80397123,0.6495912,0.8247956,0.7008829,0.85044146,0.7803119,0.8901559,0.74542034,0.87271017,0.8224342,0.9112171,0.7872249,0.89361244,0.8171333,0.90856665
98274,0.71068,0.85534,0.6535789,0.82678944,0.63878995,0.81939495,0.6466621,0.82333106,0.7060846,0.8530423,0.8571422,0.9285711,0.71796405,0.858982,0.7799549,0.88997746,0.7725381,0.8862691,0.80947596,0.90473795
98275,0.6973392,0.8486696,0.62321615,0.8116081,0.61180544,0.8059027,0.64156264,0.82078135,0.71227694,0.85613847,0.83487403,0.917437,0.7584131,0.87920654,0.80001044,0.9000052,0.7829329,0.89146644,0.82895887,0.91447943
98276,0.6993088,0.84965444,0.6642989,0.83214945,0.5941111,0.79705554,0.6047838,0.8023919,0.7229806,0.8614903,0.7839935,0.89199674,0.7348914,0.8674457,0.76613975,0.8830699,0.77754027,0.8887701,0.7834995,0.89174974
98277,0.6997375,0.8498688,0.68077767,0.84038883,0.5928797,0.7964399,0.6525933,0.8262967,0.72075415,0.8603771,0.8143408,0.9071704,0.779044,0.88952196,0.8003135,0.90015674,0.80855006,0.90427506,0.8395183,0.91975915
98278,0.7408268,0.8704134,0.670787,0.8353935,0.6374455,0.8187227,0.65071905,0.8253595,0.7298405,0.86492026,0.8544559,0.927228,0.746482,0.873241,0.7935842,0.8967921,0.7722013,0.88610065,0.8145826,0.9072913
98279,0.6962166,0.8481083,0.6845516,0.8422758,0.6080335,0.8040167,0.68842727,0.8442136,0.6873421,0.8436711,0.7735657,0.8867829,0.70346,0.85173,0.7850433,0.8925216,0.7459568,0.8729784,0.7734597,0.88672984
98280,0.7321414,0.8660707,0.70977676,0.8548884,0.6390581,0.81952906,0.6783706,0.8391853,0.7272228,0.8636114,0.812363,0.9061815,0.740286,0.870143,0.79493237,0.8974662,0.7845252,0.8922626,0.80593735,0.90296865
98281,0.69614035,0.84807014,0.66105855,0.8305293,0.5920904,0.7960452,0.6340617,0.81703085,0.69851184,0.8492559,0.7943692,0.8971846,0.7506356,0.8753178,0.7737944,0.8868972,0.76198757,0.8809938,0.81619996,0.9081
98282,0.6885159,0.84425795,0.7008467,0.85042334,0.63295615,0.8164781,0.7050437,0.85252184,0.6874105,0.84370524,0.77532196,0.887661,0.7288276,0.8644138,0.7993519,0.89967597,0.79638743,0.8981937,0.80730283,0.9036514
98283,0.71786284,0.8589314,0.6996155,0.84980774,0.6172893,0.80864465,0.67996734,0.8399837,0.7429956,0.8714978,0.81992775,0.90996385,0.7616787,0.88083935,0.8154982,0.90774906,0.78709745,0.8935487,0.82042617,0.9102131
98284,0.51206386,0.75603193,0.5411254,0.7705627,0.45042264,0.7252113,0.50232804,0.751164,0.55679953,0.77839977,0.63825893,0.81912947,0.6626646,0.8313323,0.65976274,0.82988137,0.6487851,0.82439256,0.65759206,0.828796
98285,0.63168824,0.8158441,0.6118946,0.8059473,0.5405728,0.77028644,0.598485,0.7992425,0.65652364,0.82826185,0.7508213,0.8754107,0.70164555,0.8508228,0.7325578,0.8662789,0.74815595,0.874078,0.7800919,0.89004594
98286,0.63595283,0.8179764,0.654851,0.8274255,0.6128546,0.8064273,0.5879251,0.79396254,0.651101,0.8255505,0.7175282,0.8587641,0.6578703,0.82893515,0.7529769,0.87648845,0.70981336,0.8549067,0.70010203,0.85005105
98287,0.71990854,0.85995424,0.7196348,0.8598174,0.6528468,0.8264234,0.6439214,0.8219607,0.7524233,0.87621164,0.85922587,0.92961293,0.7713089,0.88565445,0.87814593,0.93907297,0.7852688,0.8926344,0.8344736,0.9172368
98288,0.6097761,0.804888,0.6591947,0.82959735,0.5916965,0.79584825,0.5664897,0.78324485,0.62169826,0.81084913,0.6159855,0.80799276,0.6140432,0.8070216,0.69529223,0.8476461,0.71662796,0.858314,0.67231274,0.83615637
98289,0.6930646,0.8465323,0.639182,0.819591,0.61594015,0.80797005,0.64701545,0.8235077,0.6710174,0.8355087,0.75503224,0.87751615,0.6615095,0.83075476,0.74447656,0.8722383,0.7281846,0.8640923,0.7302739,0.865137
98290,0.50741017,0.7537051,0.52797484,0.7639874,0.5239325,0.7619662,0.44640845,0.72320426,0.5889255,0.79446274,0.6543361,0.82716805,0.6779283,0.83896416,0.5937081,0.796854,0.6512077,0.82560384,0.68836695,0.84418344
98291,0.6993554,0.8496777,0.683455,0.8417275,0.6416638,0.8208319,0.6606723,0.83033615,0.6979494,0.8489747,0.8007278,0.9003639,0.72191346,0.8609567,0.7747227,0.88736135,0.7783167,0.88915837,0.77227235,0.8861362
98292,0.65246594,0.82623297,0.6434867,0.82174337,0.57497656,0.7874883,0.6158391,0.80791956,0.69394505,0.8469725,0.8009987,0.90049934,0.72660315,0.8633016,0.78304964,0.8915248,0.7525729,0.87628645,0.7681062,0.8840531
98293,0.61429596,0.807148,0.62014645,0.81007326,0.5300409,0.7650205,0.58802754,0.79401374,0.63189155,0.81594574,0.72968256,0.8648413,0.6934197,0.84670985,0.7309139,0.86545694,0.7356893,0.86784464,0.7481331,0.8740666
98294,0.6657394,0.8328697,0.6300533,0.81502664,0.5796871,0.78984356,0.67566967,0.83783484,0.66444826,0.83222413,0.67155397,0.835777,0.6207905,0.81039524,0.69281054,0.84640527,0.6928882,0.84644413,0.6416467,0.8208233
98295,0.57473606,0.78736806,0.5517364,0.7758682,0.5243787,0.7621894,0.54893064,0.7744653,0.60104096,0.8005205,0.69946647,0.84973323,0.64744234,0.8237212,0.6761445,0.83807224,0.67504156,0.8375208,0.7078779,0.85393894
98296,0.7191503,0.85957515,0.72055435,0.8602772,0.6407423,0.82037115,0.6425697,0.8212849,0.7054006,0.8527003,0.77314353,0.88657176,0.7008382,0.8504191,0.81928253,0.90964127,0.7708281,0.88541406,0.7938297,0.89691484
98297,0.6994915,0.84974575,0.676384,0.838192,0.62206304,0.8110315,0.6599287,0.82996434,0.68739593,0.84369797,0.7709807,0.88549036,0.7111347,0.85556734,0.77688813,0.88844407,0.7683922,0.8841961,0.81305826,0.9065291
98298,0.6530119,0.82650596,0.64134,0.82067,0.5598931,0.77994657,0.657706,0.828853,0.64893395,0.82446694,0.74116355,0.87058175,0.7063666,0.85318327,0.7525189,0.87625945,0.7432767,0.87163836,0.7652664,0.8826332
98299,0.6420692,0.8210346,0.6321556,0.8160778,0.55182123,0.7759106,0.57299566,0.78649783,0.68576336,0.8428817,0.78236675,0.8911834,0.71788853,0.8589443,0.7651678,0.88258386,0.6840554,0.84202766,0.7546456,0.8773228
98300,0.6802037,0.84010184,0.6689365,0.83446825,0.6097848,0.8048924,0.63256,0.81628,0.6889198,0.8444599,0.75518346,0.8775917,0.6937107,0.84685534,0.7692369,0.88461846,0.71942437,0.8597122,0.75700474,0.87850237
98301,0.67361104,0.8368055,0.63821685,0.8191084,0.5974778,0.7987389,0.55684805,0.778424,0.73588085,0.8679404,0.8597263,0.92986315,0.80622196,0.903111,0.78639174,0.89319587,0.78077596,0.890388,0.86029005,0.930145
98302,0.74137485,0.8706874,0.6820601,0.84103006,0.6423695,0.82118475,0.6786007,0.8393004,0.74292016,0.8714601,0.83351517,0.9167576,0.7474984,0.8737492,0.79876494,0.8993825,0.7688267,0.88441336,0.8311634,0.9155817
98303,0.69039106,0.84519553,0.610085,0.8050425,0.5503371,0.77516854,0.5813506,0.7906753,0.701987,0.8509935,0.8361639,0.91808194,0.7444094,0.87220466,0.7424302,0.8712151,0.76252013,0.88126004,0.8272134,0.9136067
98304,0.7653424,0.88267124,0.715257,0.85762846,0.66085005,0.830425,0.62782204,0.813911,0.7077414,0.8538707,0.8304281,0.91521406,0.70201564,0.8510078,0.80094075,0.9004704,0.7674329,0.88371646,0.79469705,0.8973485
98305,0.7254289,0.8627144,0.70504546,0.85252273,0.62780154,0.81390077,0.6703279,0.83516395,0.70800936,0.8540047,0.8012571,0.90062857,0.7380687,0.86903435,0.80053645,0.9002682,0.76438403,0.882192,0.7965106,0.8982553
98306,0.66295457,0.8314773,0.6276061,0.8138031,0.56871915,0.7843596,0.60179496,0.8008975,0.65805674,0.82902837,0.7787056,0.8893528,0.6950288,0.8475144,0.75223243,0.8761162,0.72770476,0.8638524,0.74761117,0.8738056
98307,0.7200111,0.86000556,0.70993733,0.85496867,0.6381928,0.8190964,0.65021884,0.8251094,0.77029014,0.88514507,0.88101023,0.94050515,0.8006743,0.90033716,0.8498693,0.9249346,0.8032387,0.9016193,0.8645731,0.93228656
98308,0.6785046,0.8392523,0.7204238,0.8602119,0.5977401,0.7988701,0.6547502,0.8273751,0.6881386,0.8440693,0.76050246,0.8802512,0.75990474,0.8799524,0.77871,0.889355,0.7992223,0.8996111,0.7912922,0.8956461
98309,0.71284544,0.8564227,0.6860584,0.8430292,0.63454443,0.8172722,0.63441145,0.8172057,0.70669097,0.8533455,0.77419174,0.88709587,0.6967732,0.8483866,0.79998213,0.89999104,0.77154016,0.8857701,0.7574229,0.87871146
98310,0.75355303,0.8767765,0.74256545,0.8712827,0.7104584,0.8552292,0.64850545,0.8242527,0.75535285,0.8776764,0.82432663,0.9121633,0.7770014,0.8885007,0.81627625,0.90813816,0.7361189,0.86805946,0.7960644,0.8980322
98311,0.68513024,0.8425651,0.6544301,0.8272151,0.57542884,0.7877144,0.6040914,0.8020457,0.68455803,0.842279,0.77712214,0.88856107,0.74668646,0.8733432,0.73810613,0.86905307,0.7295099,0.8647549,0.78816795,0.894084
98312,0.65178734,0.82589364,0.68909955,0.8445498,0.5690421,0.78452104,0.61762285,0.8088114,0.70512486,0.8525624,0.75420827,0.87710416,0.753151,0.87657547,0.7769828,0.8884914,0.70213115,0.8510656,0.77840334,0.88920164
98313,0.7017624,0.8508812,0.67587566,0.83793783,0.6237909,0.8118955,0.6225152,0.8112576,0.6982845,0.84914225,0.8380763,0.9190382,0.70508295,0.85254145,0.7881255,0.89406276,0.7599896,0.8799948,0.7984424,0.8992212
98314,0.70105577,0.8505279,0.6522528,0.8261264,0.61035115,0.80517554,0.67224514,0.8361226,0.70060563,0.8503028,0.8199721,0.909986,0.6912823,0.84564114,0.77518374,0.88759184,0.75683916,0.8784196,0.7971134,0.8985567
98315,0.604928,0.802464,0.5991312,0.7995656,0.5079827,0.75399137,0.57774043,0.7888702,0.62052876,0.81026435,0.7477195,0.87385976,0.6905879,0.84529394,0.70164645,0.8508232,0.697734,0.848867,0.74875927,0.87437963
98316,0.7776164,0.8888082,0.70887315,0.8544366,0.6518948,0.8259474,0.62948847,0.81474423,0.7608648,0.88043237,0.8688251,0.93441254,0.7459655,0.87298274,0.8054025,0.90270126,0.76012397,0.880062,0.80241156,0.9012058
98317,0.71150875,0.8557544,0.6837455,0.84187275,0.60052955,0.8002648,0.6079506,0.80397534,0.7526504,0.8763252,0.8749114,0.9374557,0.8023157,0.90115786,0.8001901,0.90009505,0.77447426,0.88723713,0.8691218,0.9345609
98318,0.7073808,0.8536904,0.6769587,0.83847934,0.61835754,0.80917877,0.6914035,0.84570175,0.71035457,0.8551773,0.7777881,0.8888941,0.7371057,0.86855286,0.75959,0.879795,0.7676805,0.88384026,0.80594563,0.9029728
98319,0.6679354,0.8339677,0.6403607,0.82018036,0.5956905,0.79784524,0.66353166,0.83176583,0.63909453,0.8195473,0.7391873,0.8695936,0.6585358,0.82926786,0.7256652,0.8628326,0.7374496,0.8687248,0.73734736,0.8686737
98320,0.7296839,0.86484194,0.67310476,0.8365524,0.61689043,0.8084452,0.59999853,0.79999924,0.7562287,0.87811434,0.8852804,0.9426402,0.7729448,0.8864724,0.8081778,0.9040889,0.76425004,0.882125,0.8441117,0.92205584
98321,0.713326,0.856663,0.64364755,0.8218238,0.6196055,0.8098028,0.64810276,0.8240514,0.7118447,0.85592234,0.883646,0.941823,0.76087224,0.8804361,0.7943722,0.8971861,0.7811601,0.89058006,0.84847987,0.92423993
98322,0.7199558,0.8599779,0.65323436,0.8266172,0.5680158,0.7840079,0.57969415,0.7898471,0.75007904,0.8750395,0.87932885,0.9396644,0.77229995,0.88615,0.78758943,0.8937947,0.757558,0.878779,0.8558098,0.9279049
98323,0.7364103,0.8682052,0.6837584,0.8418792,0.6132649,0.80663246,0.60496515,0.8024826,0.7636068,0.8818034,0.8184109,0.90920544,0.757777,0.8788885,0.8054856,0.9027428,0.7413404,0.8706702,0.7998141,0.89990705
98324,0.6519042,0.8259521,0.64617354,0.82308674,0.5852903,0.79264516,0.64441514,0.82220757,0.6594145,0.82970726,0.76566845,0.8828342,0.71051013,0.85525507,0.7539618,0.8769809,0.75465506,0.87732756,0.77897245,0.8894862
98325,0.6842898,0.8421449,0.6400895,0.82004476,0.6105779,0.8052889,0.62487733,0.81243867,0.6891587,0.84457934,0.826394,0.91319704,0.7270603,0.86353016,0.8067591,0.90337956,0.78433084,0.8921654,0.80770755,0.9038538
98326,0.61844194,0.80922097,0.6353353,0.81766766,0.5291765,0.76458824,0.58555377,0.7927769,0.63035834,0.81517917,0.7473255,0.8736627,0.66967636,0.83483815,0.7574485,0.8787242,0.7672733,0.88363665,0.75769264,0.8788463
98327,0.7161039,0.85805196,0.7394217,0.86971086,0.6587148,0.8293574,0.66549814,0.83274907,0.7099463,0.85497314,0.79544634,0.8977232,0.73927176,0.8696359,0.82681036,0.9134052,0.8031124,0.9015562,0.80896354,0.90448177
98328,0.7212869,0.86064345,0.6169754,0.8084877,0.6309346,0.8154673,0.68815815,0.8440791,0.69734716,0.8486736,0.811033,0.9055165,0.71620893,0.85810447,0.7777459,0.888873,0.76615894,0.88307947,0.8120514,0.9060257
98329,0.69752,0.84876,0.69190454,0.8459523,0.61124253,0.80562127,0.67598933,0.8379947,0.7063745,0.85318726,0.7741283,0.88706416,0.75248456,0.8762423,0.78490543,0.8924527,0.7826367,0.8913183,0.8181875,0.90909374
98330,0.6206279,0.81031394,0.62658805,0.81329405,0.55160874,0.7758044,0.59542847,0.79771423,0.6305672,0.8152836,0.7125648,0.8562824,0.6614442,0.8307221,0.70569324,0.8528466,0.69982994,0.84991497,0.7089499,0.85447496
98331,0.5924403,0.7962202,0.55586565,0.7779328,0.5542199,0.77711,0.6251817,0.81259084,0.58145666,0.79072833,0.65559566,0.82779783,0.5212809,0.76064044,0.6284437,0.81422186,0.66188896,0.8309445,0.59635246,0.7981762
98332,0.5782472,0.7891236,0.6047968,0.80239844,0.53272665,0.7663633,0.6026887,0.8013444,0.59909153,0.79954576,0.674451,0.8372255,0.6819721,0.840986,0.7240578,0.8620289,0.71642125,0.8582106,0.7079832,0.8539916
98333,0.6037655,0.80188274,0.57291067,0.78645533,0.52019846,0.76009923,0.559222,0.779611,0.6175425,0.80877125,0.7383361,0.86916804,0.72293144,0.8614657,0.6792386,0.8396193,0.7476053,0.87380266,0.7821997,0.8910998
98334,0.7257189,0.8628595,0.7181617,0.85908085,0.732299,0.8661495,0.6800055,0.8400028,0.67175406,0.83587706,0.6752118,0.8376059,0.58331513,0.79165757,0.7130296,0.8565148,0.68984354,0.84492177,0.65757495,0.82878745
98335,0.6897348,0.8448674,0.69510543,0.8475527,0.6469985,0.82349926,0.68016785,0.84008396,0.6972434,0.8486217,0.76727784,0.8836389,0.7118635,0.85593176,0.7939874,0.8969937,0.7636697,0.88183486,0.7670611,0.88353056
98336,0.57996047,0.78998023,0.55728126,0.7786406,0.5661354,0.7830677,0.56366897,0.7818345,0.5999417,0.79997087,0.69369394,0.84684694,0.5640293,0.7820146,0.65660614,0.8283031,0.6541008,0.8270504,0.6374949,0.81874746
98337,0.47549602,0.737748,0.4155785,0.70778924,0.36410767,0.6820538,0.47352362,0.7367618,0.47813898,0.73906946,0.47735992,0.73867995,0.4811983,0.74059916,0.42924076,0.71462035,0.51217425,0.7560871,0.47185266,0.73592633
98338,0.6889311,0.84446555,0.7076919,0.85384595,0.60909873,0.80454934,0.6988673,0.84943366,0.6647704,0.8323852,0.6509559,0.82547796,0.6324232,0.8162116,0.7527561,0.87637806,0.72567856,0.8628393,0.6783651,0.83918256
98339,0.5700997,0.78504986,0.5968809,0.79844046,0.53396815,0.7669841,0.5819093,0.79095465,0.6150546,0.8075273,0.70743006,0.85371506,0.6716219,0.83581096,0.71019435,0.8550972,0.7165507,0.85827535,0.7395494,0.8697747
98340,0.59915686,0.7995784,0.56761515,0.7838076,0.51361877,0.75680935,0.58050865,0.79025435,0.6200199,0.81000996,0.72897613,0.86448807,0.6896162,0.8448081,0.6752712,0.83763564,0.69267905,0.8463395,0.726915,0.8634575
98341,0.66941917,0.8347096,0.6570887,0.8285444,0.58445907,0.79222953,0.6467922,0.8233961,0.67443347,0.83721673,0.7818043,0.89090216,0.71451664,0.8572583,0.77995145,0.8899757,0.7288327,0.86441636,0.7635147,0.8817574
98342,0.7417645,0.8708823,0.67231864,0.83615935,0.6184923,0.8092462,0.6191523,0.80957615,0.75376475,0.8768824,0.84095097,0.9204755,0.76036096,0.8801805,0.795723,0.8978615,0.76999676,0.8849984,0.83908916,0.9195446
98343,0.54290974,0.7714549,0.5332829,0.76664144,0.49107218,0.7455361,0.53532714,0.7676636,0.5542572,0.7771286,0.6632458,0.8316229,0.6053028,0.8026514,0.6542469,0.82712346,0.6982168,0.8491084,0.6957475,0.84787375
98344,0.64653575,0.8232679,0.6488366,0.8244183,0.56431895,0.78215945,0.6601678,0.8300839,0.6394651,0.81973255,0.713176,0.856588,0.6653869,0.83269346,0.73188555,0.8659428,0.7035346,0.8517673,0.738263,0.8691315
98345,0.7348731,0.8674365,0.67310774,0.8365539,0.642627,0.8213135,0.6023792,0.8011896,0.7486246,0.8743123,0.8499335,0.92496675,0.71529704,0.8576485,0.7653047,0.88265234,0.71893734,0.8594687,0.81784874,0.90892434
98346,0.57472634,0.7873632,0.6131675,0.80658376,0.5593139,0.77965695,0.5944234,0.7972117,0.6311688,0.8155844,0.7118195,0.85590976,0.65156734,0.82578367,0.7247052,0.8623526,0.72313786,0.8615689,0.72424996,0.862125
98347,0.5592788,0.77963936,0.60138565,0.8006928,0.520617,0.7603085,0.5582744,0.7791372,0.60579616,0.80289805,0.6825409,0.84127045,0.6545401,0.82727003,0.6828444,0.8414222,0.7266353,0.8633176,0.69165367,0.84582686
98348,0.6104209,0.8052105,0.57352424,0.7867621,0.54784274,0.7739214,0.5641445,0.78207225,0.62221694,0.81110847,0.7502175,0.8751087,0.6881103,0.8440552,0.701783,0.8508915,0.7566062,0.8783031,0.77745515,0.88872755
98349,0.7156869,0.85784346,0.6924623,0.84623116,0.6059013,0.8029506,0.6407734,0.8203867,0.72160995,0.860805,0.8299464,0.9149732,0.73317873,0.86658937,0.80800295,0.9040015,0.7850566,0.8925283,0.81099033,0.90549517
98350,0.6633623,0.83168113,0.6500457,0.8250228,0.5993451,0.79967254,0.6330234,0.8165117,0.70201194,0.851006,0.8127313,0.90636563,0.741063,0.8705315,0.76803523,0.8840176,0.7658242,0.8829121,0.8097872,0.90489364
98351,0.6741582,0.8370791,0.6367892,0.8183946,0.5983777,0.79918885,0.5893277,0.79466385,0.6896994,0.8448497,0.8054041,0.9027021,0.74256545,0.8712827,0.7537159,0.87685794,0.75483465,0.8774173,0.7976505,0.8988253
98352,0.5416729,0.7708365,0.53230476,0.7661524,0.44881177,0.7244059,0.535958,0.767979,0.56231296,0.7811565,0.7087121,0.85435605,0.673839,0.8369195,0.6796821,0.839841,0.73127913,0.86563957,0.74820167,0.8741008
98353,0.6851884,0.8425942,0.6033335,0.80166674,0.5805112,0.7902556,0.532486,0.766243,0.6905091,0.84525454,0.86357826,0.93178916,0.7425344,0.8712672,0.7479181,0.87395906,0.731153,0.8655765,0.8049381,0.90246904
98354,0.5445385,0.77226925,0.6021747,0.8010874,0.55437183,0.7771859,0.5069456,0.7534728,0.5636865,0.78184325,0.5132218,0.7566109,0.5375794,0.7687897,0.5563073,0.77815366,0.5425695,0.77128476,0.5035738,0.7517869
98355,0.6475928,0.8237964,0.635007,0.8175035,0.60260904,0.8013045,0.6032164,0.8016082,0.64698946,0.82349473,0.70703983,0.8535199,0.70840806,0.85420406,0.6847915,0.8423958,0.7316597,0.8658298,0.7513932,0.8756966
98356,0.5992454,0.7996227,0.62072587,0.81036294,0.5413513,0.77067566,0.5597601,0.77988005,0.6212112,0.8106056,0.674378,0.83718896,0.659624,0.829812,0.6767796,0.8383898,0.69690955,0.8484548,0.68118656,0.8405933
98357,0.6757964,0.8378982,0.71899605,0.859498,0.6315137,0.81575686,0.6366662,0.8183331,0.6466962,0.8233481,0.57388085,0.78694046,0.5744623,0.78723115,0.64064413,0.82032204,0.6187066,0.8093533,0.5551415,0.7775707
98358,0.73334634,0.8666732,0.6852288,0.8426144,0.62742954,0.81371474,0.62697697,0.8134885,0.772686,0.886343,0.8560425,0.92802125,0.78912795,0.894564,0.8145819,0.90729094,0.81287944,0.9064397,0.8405515,0.92027575
98359,0.607989,0.80399454,0.57810915,0.7890546,0.5566624,0.77833116,0.54216653,0.77108324,0.6188376,0.8094188,0.7021853,0.85109264,0.6726238,0.83631194,0.67607975,0.8380399,0.72884524,0.8644226,0.72678065,0.8633903
98360,0.51093173,0.75546587,0.56124866,0.78062433,0.4818921,0.74094605,0.6323291,0.81616455,0.4613978,0.7306989,0.46240735,0.7312037,0.46934754,0.73467374,0.56291366,0.7814568,0.59414965,0.7970748,0.5054467,0.75272334
98361,0.7019814,0.8509907,0.72597384,0.8629869,0.6187875,0.80939376,0.67635345,0.8381767,0.72199464,0.8609973,0.78930426,0.8946521,0.7569489,0.8784745,0.8224597,0.91122985,0.7930689,0.89653444,0.8184396,0.9092198
98362,0.53475296,0.7673765,0.5689765,0.78448826,0.5180143,0.75900716,0.5211808,0.76059043,0.593078,0.796539,0.60823786,0.80411893,0.6587566,0.8293783,0.6084441,0.80422205,0.64873075,0.8243654,0.6493305,0.82466525
98363,0.67839664,0.83919835,0.6772032,0.8386016,0.641665,0.8208325,0.6629693,0.8314847,0.66650283,0.8332514,0.7187655,0.85938275,0.6527789,0.82638943,0.76083344,0.88041675,0.76592886,0.88296443,0.74505806,0.87252903
98364,0.6177906,0.8088953,0.61191726,0.8059586,0.61761546,0.80880773,0.5724318,0.7862159,0.6326034,0.8163017,0.7131294,0.8565647,0.62638783,0.8131939,0.7252434,0.86262167,0.67965233,0.83982617,0.69332606,0.846663
98365,0.56711316,0.7835566,0.60809326,0.80404663,0.5362677,0.7681339,0.5665232,0.7832616,0.54148346,0.7707417,0.5962773,0.7981386,0.56750536,0.7837527,0.66766465,0.8338323,0.64384913,0.82192457,0.6575408,0.8287704
98366,0.5330311,0.76651555,0.5606495,0.78032476,0.49126536,0.74563265,0.460502,0.730251,0.5529544,0.7764772,0.54999995,0.775,0.54475963,0.7723798,0.5972749,0.79863745,0.56600285,0.7830014,0.5355153,0.76775765
98367,0.66602254,0.83301127,0.6411766,0.8205883,0.6074885,0.80374426,0.6268384,0.8134192,0.64752233,0.82376117,0.756861,0.8784305,0.6733286,0.8366643,0.7198425,0.8599212,0.7552725,0.87763625,0.75932574,0.8796629
98368,0.5710653,0.78553265,0.620192,0.810096,0.52892804,0.764464,0.58415747,0.79207873,0.5825182,0.7912591,0.68090516,0.84045255,0.6242018,0.8121009,0.66935086,0.83467543,0.7083616,0.8541808,0.7038547,0.85192734
98369,0.5089326,0.7544663,0.5487921,0.77439606,0.49105382,0.7455269,0.5370659,0.768533,0.59048826,0.7952441,0.7060771,0.85303855,0.6610699,0.83053493,0.6964755,0.84823775,0.6837621,0.84188104,0.721764,0.86088204
98370,0.6682663,0.83413315,0.62768245,0.8138412,0.55175114,0.77587557,0.5805898,0.7902949,0.691865,0.8459325,0.8164061,0.908203,0.7513316,0.8756658,0.7609633,0.88048166,0.74170727,0.87085366,0.80675936,0.9033797
98371,0.6553376,0.8276688,0.63841265,0.81920636,0.56475973,0.78237987,0.69851565,0.8492578,0.6181067,0.80905336,0.6999738,0.8499869,0.66217923,0.8310896,0.72422767,0.86211383,0.68814886,0.8440744,0.69943017,0.8497151
98372,0.71621484,0.85810745,0.6552783,0.82763916,0.5848108,0.79240537,0.5816678,0.7908339,0.7457227,0.8728614,0.8395728,0.9197864,0.7581884,0.87909424,0.7857971,0.89289856,0.73565155,0.86782575,0.80327904,0.9016395
98373,0.66754943,0.8337747,0.6381759,0.819088,0.6012971,0.80064857,0.6834206,0.8417103,0.62322176,0.8116109,0.68052655,0.84026325,0.598717,0.7993585,0.68441033,0.84220517,0.66877586,0.8343879,0.6862883,0.8431442
98374,0.7530457,0.87652284,0.7250607,0.86253035,0.6393471,0.81967354,0.6902738,0.8451369,0.761004,0.880502,0.8175727,0.90878636,0.7410197,0.87050986,0.8077301,0.90386504,0.77700603,0.888503,0.78716075,0.8935804
98375,0.73163325,0.8658166,0.73109806,0.865549,0.69170237,0.8458512,0.6970757,0.84853786,0.72456294,0.86228144,0.78003645,0.8900182,0.7153343,0.85766715,0.7704271,0.88521355,0.77660584,0.8883029,0.7862468,0.8931234
98376,0.7027831,0.85139155,0.6901196,0.8450598,0.58099186,0.79049593,0.6398082,0.8199041,0.70958865,0.8547943,0.782735,0.8913675,0.6727458,0.8363729,0.7348931,0.86744654,0.7279047,0.86395234,0.7490113,0.87450564
98377,0.6686505,0.83432525,0.6564113,0.82820565,0.59988755,0.7999438,0.64349663,0.8217483,0.6768153,0.83840764,0.7874918,0.8937459,0.7308353,0.86541766,0.8053423,0.90267116,0.8070936,0.9035468,0.83193254,0.9159663
98378,0.72307605,0.86153805,0.6820311,0.8410156,0.6061648,0.8030824,0.6416562,0.8208281,0.72486305,0.8624315,0.85675406,0.92837703,0.79366994,0.89683497,0.8199345,0.90996724,0.78213036,0.8910652,0.84852576,0.9242629
98379,0.70351136,0.8517557,0.6463338,0.8231669,0.61578846,0.80789423,0.623623,0.8118115,0.7399352,0.8699676,0.83706284,0.9185314,0.7485058,0.8742529,0.77302957,0.8865148,0.7577639,0.87888193,0.813692,0.906846
98380,0.7172305,0.8586153,0.68704504,0.84352255,0.62363034,0.81181514,0.68413883,0.8420694,0.74474835,0.8723742,0.8552902,0.9276451,0.7824671,0.89123356,0.82274103,0.9113705,0.80348635,0.9017432,0.8555665,0.92778325
98381,0.68731236,0.8436562,0.6893902,0.8446951,0.60513085,0.80256546,0.6516607,0.82583034,0.67689013,0.83844507,0.7527774,0.87638867,0.7069268,0.8534634,0.77218354,0.88609177,0.7741129,0.88705647,0.7450087,0.87250435
98382,0.65357137,0.8267857,0.64346814,0.8217341,0.56715083,0.7835754,0.6086452,0.8043226,0.6865315,0.8432658,0.7682451,0.88412255,0.714475,0.85723746,0.7791185,0.88955927,0.7388699,0.86943495,0.79152346,0.8957617
98383,0.6880958,0.8440479,0.6881944,0.8440972,0.6024157,0.80120784,0.629211,0.8146055,0.71133983,0.8556699,0.76306677,0.8815334,0.69730234,0.8486512,0.7436365,0.87181824,0.756722,0.878361,0.7455281,0.87276405
98384,0.672158,0.836079,0.6853993,0.84269965,0.6040602,0.8020301,0.69463825,0.8473191,0.64695156,0.8234758,0.66924715,0.8346236,0.64975744,0.8248787,0.7059963,0.85299814,0.71744764,0.8587238,0.70898056,0.8544903
98385,0.6385702,0.8192851,0.6175971,0.80879855,0.54363364,0.77181685,0.5834645,0.79173225,0.6388167,0.81940836,0.78251415,0.89125705,0.68132067,0.84066033,0.74279493,0.8713975,0.7451979,0.87259895,0.77738607,0.88869303
98386,0.6866597,0.84332985,0.6982255,0.84911275,0.6240345,0.81201726,0.6735572,0.83677864,0.7241926,0.8620963,0.74126256,0.8706313,0.7093183,0.85465914,0.75089663,0.87544835,0.75339204,0.876696,0.75855744,0.8792787
98387,0.6990876,0.8495438,0.6865724,0.84328616,0.64601773,0.8230089,0.67585015,0.8379251,0.73224807,0.86612403,0.7956148,0.89780736,0.7087114,0.8543557,0.79803157,0.8990158,0.72045046,0.8602252,0.7636286,0.8818143
98388,0.72941935,0.8647097,0.6973802,0.8486901,0.61910915,0.8095546,0.6479721,0.82398605,0.7469572,0.8734786,0.8413336,0.9206668,0.7546497,0.8773248,0.8129882,0.90649414,0.7496275,0.87481374,0.80774724,0.9038736
98389,0.7090304,0.8545152,0.6874822,0.84374106,0.63055325,0.8152766,0.6427257,0.82136285,0.7519332,0.8759666,0.8531405,0.92657024,0.7820358,0.8910179,0.8198659,0.909933,0.7730113,0.88650566,0.8608667,0.9304334
98390,0.66674113,0.83337057,0.6439943,0.82199717,0.5876764,0.7938382,0.68106455,0.8405323,0.669723,0.8348615,0.7826456,0.8913228,0.69386935,0.8469347,0.7476132,0.8738066,0.73975825,0.8698791,0.7829159,0.8914579
98391,0.51948595,0.759743,0.46931282,0.7346564,0.4508357,0.72541785,0.4341628,0.7170814,0.57067364,0.78533685,0.7224864,0.8612432,0.6732966,0.8366483,0.60947454,0.80473727,0.6644017,0.8322009,0.72630715,0.8631536
98392,0.6174437,0.80872184,0.58229464,0.79114735,0.5415858,0.7707929,0.6382747,0.81913733,0.5600275,0.78001374,0.64820653,0.82410324,0.579471,0.7897355,0.6946559,0.84732795,0.7048838,0.8524419,0.6882027,0.8441013
98393,0.5405653,0.7702826,0.5525173,0.77625865,0.46023887,0.73011947,0.5346585,0.7673292,0.5586923,0.7793461,0.6502516,0.8251258,0.6337857,0.81689286,0.6324391,0.81621957,0.6655154,0.8327577,0.6734232,0.8367116
98394,0.5726681,0.78633404,0.54861194,0.77430594,0.4909327,0.74546635,0.50890654,0.7544533,0.6165632,0.8082816,0.70787203,0.853936,0.6913643,0.84568214,0.67687213,0.83843607,0.7214949,0.86074746,0.7429415,0.87147075
98395,0.69859517,0.8492976,0.6480316,0.8240158,0.6208782,0.8104391,0.57492876,0.7874644,0.74643564,0.8732178,0.8780817,0.93904084,0.76100564,0.8805028,0.81866944,0.9093347,0.76581866,0.8829093,0.8269153,0.91345763
98396,0.64296234,0.82148117,0.65537393,0.82768697,0.5931169,0.79655844,0.6519629,0.82598144,0.69689107,0.84844553,0.7633367,0.8816683,0.74786365,0.8739318,0.78735316,0.8936766,0.77745736,0.8887287,0.8024807,0.90124035
98397,0.63226056,0.8161303,0.6217421,0.81087106,0.5412945,0.7706473,0.56761134,0.78380567,0.6748619,0.83743095,0.7677485,0.88387424,0.74721503,0.8736075,0.7339452,0.86697257,0.7662421,0.883121,0.79395795,0.896979
98398,0.6794437,0.83972186,0.6236408,0.8118204,0.58607334,0.7930367,0.5467099,0.77335495,0.72655475,0.8632774,0.829352,0.914676,0.7219669,0.8609835,0.76286113,0.88143057,0.7463498,0.8731749,0.7727028,0.8863514
98399,0.5405199,0.77026,0.5241792,0.7620896,0.46004167,0.7300208,0.48378778,0.7418939,0.5565598,0.7782799,0.5999885,0.79999423,0.591959,0.7959795,0.58530617,0.7926531,0.60180473,0.80090237,0.586138,0.793069
98400,0.58156216,0.7907811,0.5821314,0.7910657,0.5171976,0.7585988,0.60385144,0.8019257,0.594172,0.797086,0.5979074,0.7989537,0.6011785,0.80058926,0.63221276,0.8161064,0.69674534,0.8483727,0.6381817,0.81909084
98401,0.63834,0.81917,0.6741859,0.83709294,0.58139443,0.7906972,0.60102534,0.8005127,0.62623835,0.8131192,0.68603677,0.8430184,0.66504514,0.8325226,0.7617738,0.8808869,0.7267591,0.86337954,0.7102049,0.8551024
98402,0.73401356,0.8670068,0.7030299,0.85151494,0.6554866,0.8277433,0.65786254,0.8289313,0.72672874,0.86336434,0.8153447,0.90767235,0.7353747,0.86768734,0.8036264,0.9018132,0.7835495,0.8917748,0.8235501,0.91177505
1747,0.76834893,0.88417447,0.6929201,0.84646004,0.6476547,0.8238274,0.677198,0.83859897,0.7285356,0.8642678,0.73926514,0.8696326,0.7035085,0.85175425,0.7464255,0.87321275,0.75241214,0.87620604,0.7469187,0.87345934
1784,0.5618179,0.78090894,0.6101492,0.8050746,0.52243245,0.7612162,0.56273293,0.78136647,0.6097371,0.8048686,0.56158483,0.7807924,0.61876583,0.8093829,0.6073779,0.80368894,0.66351485,0.8317574,0.56067705,0.7803385
2476,0.7496581,0.87482905,0.6568136,0.8284068,0.6685749,0.83428746,0.5982504,0.7991252,0.7121845,0.8560922,0.72549504,0.86274755,0.64011693,0.82005847,0.70207626,0.8510381,0.62426287,0.8121314,0.6729377,0.8364688
2515,0.7864025,0.89320123,0.70340574,0.85170287,0.69785655,0.8489283,0.6210562,0.8105281,0.74285156,0.87142575,0.74541295,0.8727065,0.6613196,0.8306598,0.719556,0.859778,0.688442,0.844221,0.71573186,0.8578659
2517,0.74096525,0.8704826,0.66040313,0.83020157,0.6871089,0.84355444,0.57692635,0.7884632,0.68314075,0.8415704,0.6377506,0.8188753,0.5489825,0.77449125,0.666074,0.833037,0.61597824,0.8079891,0.61385065,0.8069253
2529,0.771688,0.885844,0.6591048,0.8295524,0.6603332,0.8301666,0.5877718,0.7938859,0.72088027,0.86044014,0.73265946,0.8663297,0.6717377,0.83586884,0.70880413,0.85440207,0.6286041,0.8143021,0.6930598,0.8465299
2538,0.73720837,0.8686042,0.6839746,0.8419873,0.6551502,0.8275751,0.6350029,0.8175014,0.6724142,0.8362071,0.6697151,0.8348576,0.6064682,0.8032341,0.6946938,0.8473469,0.64805555,0.8240278,0.6461985,0.82309926
2551,0.70752704,0.8537635,0.6937962,0.8468981,0.6543562,0.8271781,0.56042385,0.7802119,0.6799402,0.8399701,0.70534277,0.8526714,0.63313776,0.81656885,0.6884849,0.84424245,0.6651286,0.8325643,0.6854929,0.84274644
2553,0.8069222,0.9034611,0.7171627,0.85858136,0.6949233,0.84746164,0.65939724,0.8296986,0.7636816,0.8818408,0.7754803,0.88774014,0.72919154,0.8645958,0.7453861,0.87269306,0.7015846,0.8507923,0.7486412,0.8743206
2554,0.6977179,0.84885895,0.6689036,0.8344518,0.6281163,0.8140582,0.6449458,0.82247293,0.6316556,0.8158278,0.65675855,0.8283793,0.5820036,0.7910018,0.6772084,0.8386042,0.6397328,0.8198664,0.6440382,0.8220191
2555,0.6738752,0.8369376,0.608179,0.8040895,0.5995382,0.7997691,0.5986229,0.79931146,0.60339963,0.8016998,0.65133315,0.82566655,0.57407534,0.7870377,0.6329514,0.8164757,0.636371,0.8181855,0.6394881,0.81974405
2556,0.75337905,0.87668955,0.75070614,0.8753531,0.7439805,0.87199026,0.66828334,0.8341417,0.7217473,0.86087364,0.71718025,0.8585901,0.6362268,0.8181134,0.7506998,0.8753499,0.7029846,0.8514923,0.69606686,0.8480334
2577,0.7864575,0.89322877,0.71639776,0.8581989,0.6892704,0.8446352,0.6391969,0.81959844,0.72950625,0.8647531,0.7413688,0.8706844,0.6887877,0.84439385,0.71734256,0.8586713,0.6811465,0.84057325,0.7203946,0.8601973
2582,0.72750974,0.86375487,0.67873335,0.8393667,0.6820242,0.8410121,0.6150919,0.80754596,0.7027352,0.8513676,0.7423666,0.8711833,0.6723554,0.8361777,0.72081673,0.86040837,0.6878458,0.8439229,0.7086035,0.85430175
2583,0.669736,0.834868,0.7024001,0.85120004,0.6771977,0.83859885,0.5988574,0.7994287,0.66981196,0.834906,0.6760174,0.8380087,0.62293726,0.8114686,0.67247856,0.8362393,0.646469,0.8232345,0.63960207,0.81980103
2584,0.78050554,0.89025277,0.6742093,0.8371047,0.670235,0.83511746,0.59111744,0.7955587,0.7213421,0.86067104,0.7581673,0.87908363,0.6357604,0.8178802,0.7310048,0.86550236,0.6253103,0.81265515,0.6843387,0.84216934
2585,0.68216395,0.841082,0.6639559,0.83197796,0.60208243,0.80104125,0.5949447,0.79747236,0.6458596,0.8229298,0.68583393,0.84291697,0.6455151,0.82275754,0.6878948,0.8439474,0.6679044,0.8339522,0.6897118,0.8448559
2586,0.75536406,0.87768203,0.6989888,0.8494944,0.65744317,0.8287216,0.652205,0.8261025,0.66566,0.83283,0.694901,0.8474505,0.6018091,0.8009045,0.6921756,0.8460878,0.67107654,0.83553827,0.64938354,0.8246918
2587,0.6597972,0.8298986,0.6497234,0.8248617,0.6388769,0.81943846,0.589555,0.7947775,0.62066686,0.81033343,0.5904312,0.7952156,0.57090175,0.7854509,0.64526457,0.8226323,0.6006843,0.80034214,0.5633894,0.7816947
2588,0.7357199,0.86785996,0.7017276,0.8508638,0.6407176,0.8203588,0.67222357,0.8361118,0.6348715,0.81743574,0.6137332,0.8068666,0.574245,0.7871225,0.68393934,0.84196967,0.6677643,0.83388215,0.61645395,0.80822694
2589,0.7665503,0.88327515,0.69451946,0.84725976,0.6725377,0.83626884,0.58671314,0.79335654,0.72605765,0.8630288,0.76620805,0.883104,0.66720045,0.8336002,0.7327465,0.86637324,0.64810556,0.8240528,0.7196641,0.85983205
2590,0.73758674,0.86879337,0.67251855,0.83625925,0.66168606,0.83084303,0.6094011,0.80470055,0.6677853,0.83389264,0.7106123,0.85530615,0.62884593,0.81442297,0.6872524,0.8436262,0.64379954,0.8218998,0.6717407,0.8358704
2591,0.7642388,0.8821194,0.6701848,0.8350924,0.64809084,0.8240454,0.5810541,0.79052705,0.7157052,0.8578526,0.77062356,0.8853118,0.6646911,0.83234555,0.6973265,0.8486632,0.64342004,0.82171,0.712515,0.8562575
2592,0.7070439,0.85352194,0.65347195,0.826736,0.6506238,0.8253119,0.6028869,0.80144346,0.6661552,0.8330776,0.6486982,0.8243491,0.5418281,0.7709141,0.64073837,0.8203692,0.56555074,0.7827754,0.60768235,0.8038412
2594,0.69270015,0.8463501,0.62484884,0.8124244,0.6343699,0.8171849,0.64812005,0.82406,0.6471471,0.8235736,0.6486273,0.82431364,0.5752063,0.78760314,0.64907753,0.82453877,0.5849312,0.79246557,0.5900562,0.7950281
2595,0.64316106,0.8215805,0.64500815,0.82250404,0.6201539,0.81007695,0.5908298,0.7954149,0.5993128,0.7996564,0.6181607,0.80908036,0.5918063,0.79590315,0.65216434,0.82608217,0.6026216,0.8013108,0.6115649,0.80578244
2597,0.79041314,0.8952066,0.66071016,0.83035505,0.72511953,0.8625598,0.5907752,0.7953876,0.7212039,0.86060196,0.78111845,0.8905592,0.63419497,0.8170975,0.7186748,0.8593374,0.6295785,0.81478924,0.6960732,0.8480366
2645,0.70747316,0.8537366,0.7217751,0.8608875,0.71783304,0.8589165,0.64928824,0.8246441,0.66606224,0.8330311,0.67556524,0.8377826,0.63238156,0.8161908,0.70045555,0.8502278,0.6938962,0.8469481,0.6782165,0.8391082
2654,0.71701086,0.8585054,0.6790123,0.83950615,0.6553433,0.82767165,0.6852505,0.84262526,0.6470252,0.8235126,0.6078209,0.8039105,0.57274544,0.7863727,0.65860605,0.829303,0.6061969,0.80309844,0.60329354,0.80164677
2655,0.77664554,0.8883228,0.7203815,0.86019075,0.6951665,0.8475833,0.6305709,0.81528544,0.7284688,0.8642344,0.7594174,0.8797087,0.6867144,0.8433572,0.7506511,0.87532556,0.68295467,0.84147733,0.7262315,0.8631158
2656,0.73802316,0.8690116,0.7307502,0.8653751,0.6804676,0.8402338,0.63957113,0.8197856,0.6690937,0.83454686,0.6922549,0.84612745,0.6446966,0.8223483,0.7162994,0.8581497,0.6692075,0.8346038,0.65867674,0.8293384
2657,0.6691989,0.83459944,0.64715147,0.82357574,0.61733896,0.80866945,0.5837078,0.7918539,0.6552671,0.82763356,0.713139,0.8565695,0.6204373,0.8102187,0.7412938,0.8706469,0.74433315,0.8721666,0.7060344,0.8530172
2658,0.7042897,0.85214484,0.6236297,0.81181484,0.62431705,0.8121585,0.6197518,0.8098759,0.6243018,0.8121509,0.62079406,0.810397,0.49989876,0.7499494,0.64463437,0.8223172,0.6051723,0.80258614,0.5688117,0.7844058
2659,0.67628825,0.8381441,0.65221685,0.82610846,0.61218774,0.8060939,0.56164,0.78082,0.63969123,0.8198456,0.7076645,0.85383224,0.6756643,0.83783215,0.6513533,0.8256767,0.6689776,0.8344888,0.700251,0.8501255
2660,0.76246715,0.8812336,0.71590793,0.85795397,0.6881704,0.8440852,0.64861727,0.82430863,0.7042585,0.8521292,0.70209897,0.8510495,0.68720734,0.8436037,0.7097155,0.85485774,0.685393,0.8426965,0.7031426,0.8515713
2741,0.64758515,0.8237926,0.5797126,0.7898563,0.55021405,0.775107,0.59916013,0.7995801,0.56045043,0.7802252,0.52689236,0.7634462,0.50584054,0.75292027,0.5283724,0.7641862,0.5491939,0.7745969,0.52108145,0.7605407
2766,0.7520071,0.87600356,0.7892491,0.8946246,0.7108709,0.8554355,0.6623211,0.83116055,0.71012163,0.8550608,0.71900463,0.8595023,0.6564833,0.82824165,0.7696221,0.88481104,0.7015141,0.85075706,0.6930009,0.84650046
2793,0.7437883,0.8718941,0.77967596,0.889838,0.6503719,0.82518595,0.62381184,0.8119059,0.725198,0.862599,0.7160521,0.858026,0.6872251,0.84361255,0.7655356,0.8827678,0.68728197,0.843641,0.7128172,0.8564086
2810,0.6821583,0.8410791,0.70314205,0.851571,0.6521295,0.8260647,0.59175086,0.79587543,0.6094805,0.80474025,0.563921,0.7819605,0.50056344,0.7502817,0.66276836,0.8313842,0.5849254,0.7924627,0.5142364,0.7571182
2824,0.6918329,0.84591645,0.7258838,0.86294186,0.6739292,0.8369646,0.6636224,0.8318112,0.7010949,0.85054743,0.64576876,0.8228844,0.6255702,0.8127851,0.70389295,0.8519465,0.7045467,0.85227334,0.6977344,0.8488672
3002,0.7449033,0.87245166,0.6745621,0.83728105,0.651605,0.8258025,0.6348234,0.81741166,0.6685662,0.8342831,0.68547773,0.84273887,0.67881954,0.83940977,0.67033845,0.8351692,0.6655011,0.83275056,0.6944976,0.8472488
3021,0.7432936,0.87164676,0.6985835,0.84929174,0.6359711,0.81798553,0.6011424,0.8005712,0.6912356,0.8456178,0.6527655,0.82638276,0.6309366,0.8154683,0.6613086,0.83065426,0.62626594,0.813133,0.62932825,0.8146641
3093,0.79294527,0.89647263,0.77377963,0.8868898,0.7098638,0.8549319,0.69739515,0.84869754,0.78978956,0.8948948,0.7472406,0.8736203,0.75723433,0.87861717,0.76700354,0.88350177,0.7396085,0.86980426,0.7538454,0.8769227
3105,0.8092072,0.9046036,0.7537788,0.8768894,0.71948147,0.85974073,0.66364574,0.8318229,0.74005497,0.8700275,0.74470437,0.8723522,0.708164,0.854082,0.7301326,0.8650663,0.70354354,0.8517718,0.7454375,0.87271875
3113,0.65887696,0.82943845,0.6118022,0.8059011,0.6013073,0.80065364,0.5773168,0.7886584,0.588549,0.7942745,0.6548744,0.82743716,0.5707494,0.7853747,0.63398606,0.816993,0.604292,0.80214596,0.63891816,0.8194591
3118,0.65088433,0.8254422,0.66099554,0.83049774,0.590297,0.7951485,0.57104146,0.78552073,0.6470461,0.82352304,0.6202212,0.81011057,0.619853,0.8099265,0.6606292,0.83031464,0.6651641,0.83258206,0.64349484,0.8217474
3120,0.6562114,0.8281057,0.65151525,0.8257576,0.59916747,0.79958373,0.61242604,0.806213,0.6080289,0.80401444,0.63453686,0.81726843,0.59238136,0.7961907,0.657153,0.8285765,0.6336662,0.81683314,0.6335665,0.81678325
3122,0.7941456,0.8970728,0.7253132,0.8626566,0.6983284,0.8491642,0.61918217,0.80959105,0.73891854,0.8694593,0.7522919,0.87614596,0.6777102,0.8388551,0.7462276,0.8731138,0.71333766,0.85666883,0.7319468,0.8659734
3123,0.71756554,0.85878277,0.69096303,0.8454815,0.6760905,0.83804524,0.61732125,0.8086606,0.71902645,0.8595132,0.7481387,0.87406933,0.71585035,0.8579252,0.72776043,0.8638802,0.72065693,0.86032844,0.7375529,0.86877644
3133,0.7581924,0.8790962,0.666474,0.833237,0.6571065,0.82855326,0.5938393,0.79691964,0.70862293,0.85431147,0.77529323,0.8876466,0.69900745,0.84950376,0.74148405,0.870742,0.66123235,0.8306162,0.72722137,0.8636107
3134,0.8009629,0.90048146,0.71353185,0.8567659,0.7314762,0.8657381,0.6286286,0.8143143,0.7367711,0.86838555,0.7750658,0.8875329,0.6485385,0.82426924,0.7403408,0.8701704,0.6805634,0.8402817,0.70628285,0.8531414
3135,0.7305808,0.8652904,0.6931149,0.84655744,0.6766305,0.83831525,0.60660267,0.80330133,0.68706244,0.84353125,0.67822933,0.83911467,0.6121175,0.80605876,0.67733383,0.8386669,0.62613964,0.8130698,0.6290949,0.8145474
3136,0.7710459,0.88552296,0.7171092,0.8585546,0.677287,0.8386435,0.60150015,0.8007501,0.7276914,0.8638457,0.767027,0.8835135,0.65727794,0.828639,0.7565707,0.87828535,0.69025594,0.84512794,0.7299588,0.8649794
3137,0.7668512,0.8834256,0.65966415,0.8298321,0.6625907,0.8312954,0.5911126,0.7955563,0.6944211,0.8472105,0.729413,0.8647065,0.6367558,0.8183779,0.6984712,0.8492356,0.6160152,0.8080076,0.6664727,0.83323634
3138,0.74424875,0.8721244,0.66760945,0.8338047,0.6814774,0.8407387,0.6265514,0.8132757,0.6795591,0.83977956,0.72506845,0.8625342,0.64396083,0.8219804,0.699613,0.8498065,0.65445423,0.8272271,0.69420326,0.8471016
3139,0.7432533,0.8716266,0.6683835,0.83419174,0.6668421,0.83342105,0.61448216,0.8072411,0.6840359,0.84201795,0.71479607,0.85739803,0.5939997,0.7969998,0.7168306,0.8584153,0.64464235,0.8223212,0.6566782,0.8283391
3140,0.7277972,0.86389863,0.6347759,0.81738794,0.63641816,0.81820905,0.5832568,0.79162836,0.6594721,0.82973605,0.7286527,0.86432636,0.640881,0.82044053,0.6894966,0.84474826,0.62785995,0.81393,0.6705146,0.8352573
3141,0.5589485,0.77947426,0.58416,0.79208,0.565169,0.7825845,0.4990098,0.7495049,0.50259674,0.75129837,0.5373418,0.7686709,0.46248972,0.73124486,0.5607659,0.780383,0.5403367,0.77016836,0.5330112,0.7665056
3142,0.76910275,0.8845514,0.6805144,0.84025717,0.7025434,0.8512717,0.6205803,0.81029016,0.7106981,0.85534906,0.7720306,0.8860153,0.65825725,0.8291286,0.74120796,0.870604,0.69497824,0.8474891,0.72138214,0.8606911
3143,0.75489235,0.8774462,0.65417176,0.82708585,0.65571916,0.8278596,0.5848926,0.79244626,0.6979364,0.8489682,0.7328873,0.86644363,0.6351999,0.81759995,0.7021596,0.8510798,0.64480984,0.8224049,0.68512046,0.84256023
3144,0.6829444,0.8414722,0.64431065,0.82215536,0.68944097,0.8447205,0.56295985,0.78147995,0.67986345,0.8399317,0.7026851,0.85134256,0.6078189,0.8039094,0.71753335,0.8587667,0.6340676,0.81703377,0.637573,0.8187865
3145,0.68123674,0.8406184,0.63093966,0.81546986,0.5985418,0.79927087,0.58217204,0.791086,0.645767,0.8228835,0.6689809,0.8344904,0.6336841,0.8168421,0.6475102,0.8237551,0.6407767,0.8203883,0.65328133,0.82664067
3146,0.7170818,0.8585409,0.6564263,0.82821316,0.6631278,0.8315639,0.5928251,0.7964126,0.680987,0.8404935,0.7053071,0.85265356,0.6281879,0.81409395,0.68699,0.843495,0.6387719,0.81938595,0.64961916,0.82480955
3147,0.7075963,0.85379815,0.6612786,0.8306393,0.6064007,0.80320036,0.6369029,0.81845146,0.66076946,0.83038473,0.713755,0.8568775,0.65943134,0.82971567,0.71429586,0.85714793,0.69348884,0.8467444,0.7006265,0.85031325
3148,0.7646326,0.8823163,0.6719354,0.83596766,0.66251135,0.8312557,0.58367014,0.79183507,0.720281,0.8601405,0.77332205,0.88666105,0.69574857,0.8478743,0.7299855,0.86499274,0.6653605,0.8326802,0.7385086,0.8692543
3149,0.7312541,0.86562705,0.66052574,0.8302629,0.64181685,0.8209084,0.6123279,0.8061639,0.6610224,0.8305112,0.69476044,0.8473802,0.6314075,0.81570375,0.67389846,0.8369492,0.6134514,0.80672574,0.6475383,0.82376915
3150,0.76558864,0.8827943,0.64594656,0.82297325,0.6578752,0.8289376,0.6077324,0.8038662,0.6758465,0.8379233,0.74919444,0.8745972,0.6096518,0.8048259,0.70636237,0.8531812,0.63493824,0.8174691,0.6799927,0.83999634
3153,0.7111739,0.85558695,0.6689411,0.8344705,0.65783274,0.8289164,0.601843,0.8009215,0.6819862,0.8409931,0.67027444,0.83513725,0.6219218,0.8109609,0.67174757,0.8358738,0.6443536,0.8221768,0.6488497,0.82442486
3155,0.6518396,0.8259198,0.5985555,0.7992778,0.59869915,0.79934955,0.48628128,0.74314064,0.5796101,0.78980505,0.57356715,0.7867836,0.5126232,0.7563116,0.5703598,0.7851799,0.49750996,0.748755,0.519726,0.759863
3156,0.7782184,0.8891092,0.6150898,0.8075449,0.6271533,0.81357664,0.5578796,0.77893984,0.69827574,0.8491379,0.728619,0.8643095,0.6039102,0.8019551,0.663319,0.8316595,0.581251,0.7906255,0.65730184,0.82865095
3157,0.769072,0.884536,0.6616467,0.83082336,0.70343375,0.8517169,0.63612986,0.8180649,0.6903664,0.8451832,0.71397614,0.8569881,0.6140636,0.8070318,0.7095349,0.85476744,0.6305307,0.81526536,0.69037753,0.84518874
3158,0.74986905,0.87493455,0.6660425,0.8330213,0.62937576,0.81468785,0.5972206,0.7986103,0.6847867,0.84239334,0.7137039,0.85685194,0.6373193,0.81865966,0.6862781,0.84313905,0.6233026,0.8116513,0.6568597,0.8284298
3159,0.77546513,0.88773257,0.677146,0.838573,0.68018997,0.840095,0.58894694,0.79447347,0.7156143,0.85780716,0.7946287,0.8973143,0.6855612,0.8427806,0.7475365,0.8737682,0.683604,0.841802,0.7533812,0.8766906
3160,0.7706839,0.88534194,0.7044741,0.85223705,0.69638276,0.8481914,0.6489063,0.8244531,0.7068908,0.8534454,0.70349944,0.8517497,0.6496124,0.8248062,0.72471285,0.8623564,0.65033317,0.8251666,0.66839886,0.8341994
3161,0.8158269,0.90791345,0.743417,0.8717085,0.7293619,0.86468095,0.6326679,0.81633395,0.76963234,0.88481617,0.7474505,0.87372524,0.6630757,0.83153784,0.7352594,0.8676297,0.6624725,0.83123624,0.7091286,0.8545643
3162,0.76243484,0.8812174,0.6587342,0.8293671,0.6741431,0.83707154,0.6159211,0.8079605,0.6831168,0.8415584,0.73251224,0.8662561,0.6242832,0.8121416,0.71850896,0.8592545,0.65611964,0.8280598,0.68153906,0.8407695
3186,0.80737996,0.90369,0.7433733,0.87168664,0.6884077,0.8442038,0.6930755,0.8465377,0.7293644,0.8646822,0.7234164,0.86170816,0.6871078,0.8435539,0.7259643,0.86298215,0.69420683,0.8471034,0.7258588,0.8629294
3225,0.5976226,0.7988113,0.6379266,0.8189633,0.5600052,0.7800026,0.58641195,0.793206,0.5649611,0.78248054,0.49794412,0.74897206,0.49828762,0.74914384,0.55669916,0.7783496,0.5362352,0.7681176,0.488528,0.744264
3315,0.69159603,0.845798,0.6350789,0.81753945,0.64911383,0.82455695,0.55952203,0.779761,0.6482632,0.8241316,0.7350025,0.86750126,0.63221717,0.8161086,0.7007905,0.85039526,0.6833881,0.84169406,0.6968411,0.84842056
3321,0.6964581,0.84822905,0.63487595,0.817438,0.6195662,0.8097831,0.58805144,0.7940257,0.6716998,0.8358499,0.716391,0.85819554,0.62753016,0.81376505,0.69647765,0.8482388,0.61206555,0.8060328,0.6421673,0.82108366
3332,0.76581794,0.88290894,0.67740285,0.8387014,0.7255738,0.8627869,0.6331194,0.8165597,0.6919223,0.84596115,0.7222825,0.86114126,0.5954658,0.7977329,0.7007475,0.85037374,0.6537752,0.8268876,0.6380265,0.81901324
5877,0.595241,0.79762053,0.6805008,0.8402504,0.56541437,0.7827072,0.5939346,0.79696727,0.5710976,0.7855488,0.5420381,0.77101904,0.53672355,0.7683618,0.59094405,0.795472,0.6235379,0.81176895,0.58263797,0.791319
5981,0.811359,0.90567946,0.7086274,0.85431373,0.76623017,0.88311505,0.6635445,0.8317722,0.7383841,0.86919206,0.69752675,0.84876335,0.62088704,0.8104435,0.72291636,0.8614582,0.6761918,0.8380959,0.6683891,0.83419454
6043,0.750652,0.87532604,0.64920676,0.8246034,0.61541736,0.8077087,0.5731467,0.78657335,0.6875533,0.84377664,0.74478936,0.8723947,0.6544641,0.82723206,0.6656306,0.8328153,0.69023305,0.8451165,0.6964803,0.84824014
6078,0.7650393,0.88251966,0.65985775,0.8299289,0.65759224,0.82879615,0.594361,0.79718053,0.7066214,0.8533107,0.72234046,0.86117023,0.6094998,0.8047499,0.683619,0.8418095,0.6507964,0.8253982,0.6702036,0.83510184
6081,0.79521096,0.8976055,0.7125974,0.8562987,0.672475,0.8362375,0.628847,0.8144235,0.7639832,0.8819916,0.8252152,0.9126076,0.7258431,0.86292154,0.771628,0.885814,0.73022646,0.86511326,0.77374566,0.8868728
6082,0.72300375,0.8615019,0.6332097,0.81660485,0.6179559,0.80897796,0.6010635,0.80053174,0.6875209,0.8437605,0.7707917,0.8853959,0.7050456,0.8525228,0.69993675,0.8499684,0.7051574,0.8525787,0.7236272,0.8618136
6090,0.74539584,0.87269795,0.6661878,0.8330939,0.6723882,0.8361941,0.65966344,0.8298317,0.66425425,0.8321271,0.67882586,0.8394129,0.64470327,0.82235163,0.7077815,0.8538908,0.6596889,0.8298445,0.68673146,0.8433657
6127,0.737217,0.8686085,0.75064826,0.87532413,0.7213458,0.8606729,0.59515184,0.79757595,0.73352754,0.8667638,0.7658758,0.8829379,0.6497401,0.82487005,0.7551297,0.87756485,0.6264302,0.81321514,0.69780195,0.848901
6211,0.7421936,0.8710968,0.7150402,0.8575201,0.6987096,0.8493548,0.5934807,0.79674035,0.71493226,0.8574661,0.74432856,0.87216425,0.6875241,0.84376204,0.7278099,0.86390495,0.6925067,0.84625334,0.7175288,0.8587644
6213,0.79165894,0.89582944,0.6771016,0.8385508,0.6505315,0.82526577,0.5908535,0.7954267,0.7287495,0.86437476,0.7343241,0.86716205,0.66907084,0.8345354,0.6898815,0.8449408,0.6616644,0.83083224,0.6934866,0.8467433
6214,0.7504495,0.8752247,0.6631151,0.8315575,0.6806416,0.8403208,0.5941707,0.79708534,0.6782075,0.83910376,0.73943686,0.86971843,0.6537783,0.82688916,0.68259656,0.8412983,0.6815195,0.84075975,0.7048757,0.85243785
6231,0.729319,0.8646595,0.67253655,0.8362683,0.627715,0.8138575,0.60341775,0.8017089,0.6631266,0.8315633,0.67978966,0.83989483,0.6576993,0.8288497,0.66812766,0.8340638,0.6456691,0.82283455,0.65506804,0.827534
6232,0.7902736,0.89513683,0.6658624,0.83293116,0.69602585,0.8480129,0.6053058,0.8026529,0.72335243,0.8616762,0.7687229,0.88436145,0.65910894,0.82955444,0.72392666,0.86196333,0.6501534,0.8250767,0.7287071,0.86435354
6233,0.7323868,0.8661934,0.68330467,0.84165233,0.66306,0.83153,0.5979098,0.7989549,0.6736914,0.8368457,0.66540706,0.83270353,0.6067055,0.8033527,0.6777133,0.83885664,0.6749911,0.83749557,0.6319706,0.8159853
6239,0.7099353,0.85496765,0.66664636,0.8333232,0.6773039,0.83865196,0.63063896,0.8153195,0.67954344,0.83977175,0.73234564,0.8661728,0.65636533,0.8281827,0.71352077,0.8567604,0.7154789,0.85773945,0.7328868,0.8664434
6240,0.7725967,0.88629836,0.6675476,0.8337738,0.64399016,0.8219951,0.55677843,0.7783892,0.73619455,0.8680973,0.7730801,0.88654006,0.67564565,0.8378228,0.6945672,0.8472836,0.63324475,0.8166224,0.7153724,0.85768616
6254,0.7664697,0.88323486,0.78305733,0.89152867,0.6973405,0.84867024,0.6461265,0.82306325,0.7431117,0.87155586,0.71486,0.85743,0.6554523,0.8277261,0.7902465,0.89512324,0.6871985,0.84359926,0.7067853,0.85339266
6255,0.72585976,0.8629299,0.61655664,0.8082783,0.62582886,0.81291443,0.53263336,0.76631665,0.6554934,0.8277467,0.7177658,0.8588829,0.6206652,0.8103326,0.6492258,0.82461286,0.6349804,0.8174902,0.67159444,0.8357972
6342,0.6705966,0.8352983,0.64505184,0.8225259,0.63650167,0.81825083,0.5394062,0.7697031,0.6530758,0.8265379,0.6751586,0.8375793,0.6249683,0.81248415,0.6712476,0.8356238,0.5948802,0.7974401,0.6203495,0.81017476
7630,0.7594841,0.879742,0.7822907,0.89114535,0.6694902,0.8347451,0.61214983,0.8060749,0.7399504,0.8699752,0.70785975,0.8539299,0.6640166,0.8320083,0.7643634,0.8821817,0.65268004,0.82634,0.6769588,0.8384794
7654,0.71346796,0.856734,0.6716591,0.83582956,0.6565032,0.8282516,0.5867156,0.7933578,0.661651,0.8308255,0.7080101,0.85400504,0.61596185,0.8079809,0.67507786,0.83753896,0.64040244,0.8202012,0.65944433,0.82972217
8890,0.62608576,0.8130429,0.63960636,0.8198032,0.62621415,0.8131071,0.64853585,0.8242679,0.6183841,0.80919206,0.61557126,0.80778563,0.5905801,0.79529005,0.67944247,0.8397212,0.65424955,0.8271248,0.6450964,0.8225482
8916,0.6273903,0.8136952,0.60167104,0.8008355,0.60141176,0.8007059,0.5207863,0.76039314,0.57583547,0.78791773,0.52267236,0.7613362,0.49080524,0.74540263,0.5442549,0.77212745,0.54796773,0.77398384,0.51047885,0.7552394
9028,0.6478637,0.8239318,0.6530154,0.8265077,0.60199845,0.8009992,0.5977912,0.7988956,0.61809796,0.809049,0.6481466,0.8240733,0.63162345,0.81581175,0.6749024,0.8374512,0.61964357,0.8098218,0.6619357,0.83096784
9066,0.69153523,0.8457676,0.60621774,0.8031089,0.57887965,0.7894398,0.5478312,0.7739156,0.61348855,0.8067443,0.60214424,0.8010721,0.52207166,0.7610358,0.59590924,0.7979546,0.5664716,0.7832358,0.5580253,0.7790127
9445,0.6903689,0.84518445,0.6671509,0.8335755,0.6163647,0.80818236,0.6342789,0.81713945,0.63746583,0.8187329,0.6247666,0.8123833,0.6078707,0.80393535,0.6605303,0.83026516,0.6594461,0.82972306,0.63219273,0.81609637
9542,0.7716476,0.8858238,0.7177181,0.85885906,0.67656255,0.8382813,0.67416954,0.8370848,0.7330457,0.86652285,0.7110598,0.8555299,0.6231617,0.81158084,0.73916745,0.8695837,0.67415094,0.8370755,0.6599333,0.82996666
9546,0.6643032,0.8321516,0.6057341,0.80286705,0.56625044,0.7831252,0.59617895,0.7980895,0.605333,0.8026665,0.6318096,0.8159048,0.5599868,0.7799934,0.61376905,0.8068845,0.64533484,0.8226674,0.58511406,0.792557
9547,0.66002136,0.83001065,0.62025476,0.8101274,0.59885895,0.7994295,0.6157537,0.8078768,0.5821718,0.7910859,0.5828999,0.79144996,0.5652288,0.7826144,0.5987599,0.79937994,0.622203,0.8111015,0.58522165,0.7926108
9583,0.75886,0.87943,0.6885013,0.8442507,0.6740973,0.83704865,0.6698363,0.83491814,0.67430973,0.83715487,0.6690548,0.8345274,0.6214612,0.8107306,0.681424,0.840712,0.6578394,0.8289197,0.64846915,0.8242346
9587,0.6442627,0.82213134,0.6402723,0.8201362,0.59979606,0.799898,0.5555047,0.77775234,0.59276146,0.79638076,0.6492678,0.8246339,0.61908674,0.8095434,0.6468293,0.8234147,0.6454119,0.822706,0.649361,0.8246805
12037,0.7307695,0.86538476,0.7463045,0.87315226,0.6886338,0.8443169,0.63569176,0.8178459,0.725014,0.862507,0.73745334,0.8687267,0.7186006,0.85930026,0.7712731,0.88563657,0.7212778,0.86063886,0.75222343,0.87611175
12116,0.6354095,0.81770474,0.61003757,0.8050188,0.62736464,0.8136823,0.5658539,0.7829269,0.5930485,0.7965243,0.6430012,0.8215006,0.6164637,0.80823183,0.63254225,0.8162711,0.63419056,0.8170953,0.6610439,0.83052194
12122,0.7041266,0.8520633,0.6411139,0.82055694,0.65003335,0.8250167,0.58812094,0.79406047,0.6183222,0.80916107,0.6723472,0.8361736,0.58320475,0.7916024,0.6579762,0.8289881,0.6288967,0.81444836,0.61828196,0.809141
12124,0.69848835,0.8492442,0.6288785,0.81443924,0.6563375,0.82816875,0.5505637,0.77528185,0.64927804,0.824639,0.72083783,0.8604189,0.63534606,0.817673,0.676162,0.838081,0.6433246,0.8216623,0.6959823,0.8479911
12141,0.71123123,0.8556156,0.64807045,0.8240352,0.63959557,0.81979775,0.5819489,0.79097444,0.6698667,0.83493334,0.7056706,0.8528353,0.6729673,0.83648366,0.6668932,0.8334466,0.6724117,0.83620584,0.6837436,0.8418718
12143,0.68584603,0.84292305,0.6883179,0.84415895,0.67790633,0.83895314,0.571838,0.785919,0.6679949,0.8339975,0.7332031,0.8666016,0.62323093,0.81161547,0.70288134,0.85144067,0.68446946,0.84223473,0.70579493,0.85289747
12149,0.7583468,0.8791734,0.6882647,0.84413236,0.68545914,0.84272957,0.60343623,0.8017181,0.6891339,0.84456694,0.72843236,0.8642162,0.6660204,0.8330102,0.69646174,0.84823084,0.65063673,0.82531834,0.698365,0.8491825
12161,0.5956298,0.7978149,0.58425987,0.79212993,0.5901623,0.79508114,0.53389204,0.766946,0.5742909,0.78714544,0.6309143,0.8154571,0.5899329,0.79496646,0.6170794,0.8085397,0.64063555,0.82031775,0.6279136,0.8139568
12252,0.7409284,0.8704642,0.71555865,0.8577793,0.68661714,0.84330857,0.65059507,0.82529753,0.7235379,0.86176896,0.75223565,0.8761178,0.68663704,0.8433185,0.77175057,0.8858753,0.729771,0.8648855,0.74569917,0.8728496
12408,0.6124115,0.80620575,0.63118625,0.8155931,0.5683933,0.7841966,0.58167946,0.79083973,0.603716,0.801858,0.6522554,0.8261277,0.6309273,0.81546366,0.63797754,0.8189888,0.64069796,0.820349,0.6469034,0.8234517
12409,0.74732614,0.87366307,0.68589723,0.8429486,0.64523774,0.82261884,0.6031337,0.80156684,0.6964251,0.84821254,0.7086337,0.85431683,0.6494484,0.8247242,0.72389895,0.86194944,0.6500498,0.8250249,0.7007147,0.85035735
12410,0.72020924,0.8601046,0.69920343,0.84960175,0.69038904,0.8451945,0.5816494,0.7908247,0.67913294,0.83956647,0.70197475,0.8509874,0.62837243,0.8141862,0.7175548,0.8587774,0.6542556,0.8271278,0.65448284,0.8272414
12418,0.6598549,0.82992744,0.6213335,0.81066674,0.6095416,0.8047708,0.5940497,0.79702485,0.5974433,0.7987217,0.6234192,0.81170964,0.6010425,0.80052125,0.63887954,0.81943977,0.6004611,0.80023056,0.6125582,0.80627906
12422,0.6915567,0.84577835,0.6365201,0.8182601,0.6210122,0.8105061,0.5781229,0.7890614,0.6661097,0.83305484,0.66482234,0.83241117,0.61455214,0.80727607,0.63265055,0.8163253,0.64422995,0.82211494,0.6657789,0.83288944
12435,0.60883045,0.8044152,0.60065085,0.8003254,0.56739676,0.7836984,0.57086766,0.7854338,0.5709692,0.7854846,0.5597969,0.77989846,0.5842906,0.7921453,0.5774571,0.78872854,0.58237505,0.7911875,0.5960603,0.79803014
12436,0.660429,0.8302145,0.6109003,0.80545014,0.60279727,0.80139863,0.551648,0.775824,0.6237216,0.8118608,0.6304246,0.8152123,0.5669849,0.78349245,0.63696575,0.8184829,0.6182411,0.80912054,0.58355236,0.7917762
12437,0.6691128,0.8345564,0.64097047,0.82048523,0.66319335,0.8315967,0.59282875,0.7964144,0.6666997,0.8333498,0.65248144,0.8262407,0.64680123,0.8234006,0.67812777,0.8390639,0.67374873,0.83687437,0.6793846,0.8396923
12447,0.7048188,0.85240936,0.6974407,0.8487203,0.64484656,0.8224233,0.65223753,0.82611877,0.6586076,0.8293038,0.70003366,0.85001683,0.62849975,0.8142499,0.6836482,0.8418241,0.680648,0.84032404,0.6721357,0.83606786
12448,0.75266373,0.87633187,0.6846121,0.842306,0.6921019,0.846051,0.6633062,0.8316531,0.7210705,0.86053526,0.78094137,0.8904707,0.6837756,0.84188783,0.73413175,0.8670659,0.72196054,0.8609803,0.72876656,0.8643833
12449,0.76009077,0.8800454,0.6448231,0.82241154,0.65232205,0.826161,0.5743719,0.7871859,0.687533,0.8437665,0.7430749,0.87153745,0.62080544,0.81040275,0.68161035,0.8408052,0.6235122,0.81175613,0.6620753,0.83103764
12450,0.7557608,0.8778804,0.6705561,0.83527803,0.66698223,0.8334911,0.598353,0.7991765,0.7066163,0.85330814,0.7516682,0.8758341,0.6863178,0.8431589,0.6961709,0.84808546,0.67003566,0.8350178,0.72000486,0.8600024
12451,0.6970478,0.8485239,0.61743534,0.80871767,0.6247207,0.81236035,0.49561924,0.74780965,0.64497447,0.82248724,0.66822445,0.8341122,0.5482987,0.77414936,0.61857796,0.809289,0.5851969,0.7925985,0.60743904,0.8037195
12452,0.725338,0.862669,0.59836674,0.79918337,0.6303263,0.81516314,0.5365387,0.76826936,0.65497506,0.8274875,0.71380293,0.85690147,0.5493465,0.7746732,0.66428757,0.8321438,0.5982197,0.7991098,0.6515385,0.82576925
12453,0.662328,0.831164,0.67134225,0.8356711,0.61026835,0.8051342,0.61669385,0.8083469,0.61930436,0.8096522,0.6297556,0.8148778,0.5825069,0.79125345,0.6829967,0.8414984,0.62982357,0.8149118,0.62425685,0.8121284
12454,0.7619513,0.88097566,0.7031112,0.8515556,0.6711524,0.8355762,0.6375599,0.81877995,0.73482454,0.86741227,0.73009646,0.8650482,0.66456413,0.83228207,0.7382777,0.86913884,0.7169354,0.8584677,0.6892319,0.84461594
12455,0.7448984,0.87244916,0.6793591,0.83967954,0.6933608,0.8466804,0.6097708,0.8048854,0.66361916,0.8318096,0.7072011,0.85360056,0.6087402,0.8043701,0.67616224,0.8380811,0.6809454,0.8404727,0.6681811,0.8340906
12456,0.7917832,0.8958916,0.6957125,0.8478563,0.68446845,0.84223425,0.6038277,0.80191386,0.71375227,0.85687613,0.7307861,0.86539304,0.65512997,0.82756495,0.715719,0.8578595,0.6306151,0.81530756,0.67575955,0.8378798
12457,0.73201823,0.8660091,0.67643356,0.8382168,0.7045131,0.85225654,0.5842726,0.7921363,0.7016231,0.85081154,0.79386127,0.89693063,0.71197635,0.85598814,0.7143196,0.8571598,0.6860355,0.84301776,0.7145588,0.8572794
12458,0.782864,0.891432,0.7483802,0.8741901,0.78451157,0.8922558,0.6788725,0.8394363,0.73953164,0.8697658,0.7568475,0.87842375,0.6545297,0.82726485,0.7783464,0.8891732,0.71894366,0.8594718,0.7349445,0.8674723
12459,0.7515076,0.87575376,0.6373224,0.8186612,0.64239657,0.8211983,0.55689156,0.7784458,0.71265113,0.85632557,0.74241674,0.87120837,0.62719727,0.81359863,0.7074072,0.8537036,0.62168026,0.81084013,0.67735183,0.8386759
12460,0.74051124,0.8702556,0.62612015,0.81306005,0.64177406,0.820887,0.5461964,0.77309823,0.7032454,0.8516227,0.8101841,0.90509206,0.6444224,0.8222112,0.6989998,0.84949994,0.67425454,0.83712727,0.7041204,0.8520602
12461,0.73006845,0.8650342,0.6470324,0.8235162,0.728428,0.864214,0.6176553,0.80882764,0.63838995,0.819195,0.6975287,0.84876436,0.5367575,0.76837873,0.66683257,0.8334163,0.63415194,0.81707597,0.6297715,0.81488574
12462,0.71950084,0.8597504,0.69523674,0.84761834,0.7064459,0.85322297,0.5810337,0.79051685,0.7037538,0.8518769,0.77931994,0.88966,0.6545242,0.8272621,0.7217064,0.8608532,0.7290383,0.8645191,0.7514202,0.8757101
12463,0.5821018,0.7910509,0.5437368,0.7718684,0.59232926,0.79616463,0.50502884,0.7525144,0.5467495,0.77337474,0.63198686,0.8159934,0.60109985,0.8005499,0.596074,0.798037,0.62078756,0.8103938,0.62593216,0.8129661
12464,0.74696016,0.8734801,0.6580211,0.82901055,0.6778422,0.83892107,0.5656325,0.7828163,0.6943095,0.84715474,0.7775674,0.8887837,0.6316896,0.8158448,0.7144985,0.85724926,0.6844088,0.8422044,0.70302856,0.8515143
12465,0.69956595,0.84978294,0.68606704,0.84303355,0.67144614,0.83572304,0.6041709,0.80208546,0.66648245,0.8332412,0.6577301,0.82886505,0.6311357,0.81556785,0.6617731,0.83088654,0.6311905,0.81559527,0.63566184,0.8178309
12466,0.62387395,0.811937,0.5993139,0.799657,0.5763177,0.7881589,0.52267265,0.7613363,0.5955475,0.7977737,0.6439861,0.82199305,0.59448504,0.7972425,0.63021046,0.8151052,0.58501816,0.7925091,0.62608236,0.8130412
12467,0.71317714,0.8565886,0.68728065,0.8436403,0.67168725,0.8358436,0.6246551,0.81232756,0.68383515,0.8419176,0.763399,0.8816995,0.68391204,0.841956,0.7762963,0.8881482,0.7112154,0.8556077,0.73140633,0.86570317
12468,0.7323776,0.86618876,0.636451,0.8182255,0.6461742,0.8230871,0.5483463,0.77417314,0.72671795,0.863359,0.7736804,0.8868402,0.71405673,0.85702837,0.7012607,0.85063034,0.66074497,0.83037245,0.7230078,0.8615039
12469,0.4911509,0.7455754,0.5275104,0.7637552,0.48977602,0.744888,0.45745358,0.7287268,0.47495723,0.7374786,0.5053708,0.7526854,0.49204844,0.74602425,0.5272603,0.76363015,0.6066444,0.8033222,0.57244015,0.7862201
12470,0.78761154,0.89380574,0.7444026,0.8722013,0.74434274,0.8721714,0.67156345,0.8357817,0.8105873,0.90529364,0.77371395,0.886857,0.7060733,0.85303664,0.80633247,0.90316623,0.6837605,0.84188026,0.71023124,0.85511565
12471,0.7206557,0.86032784,0.6949277,0.84746385,0.6495508,0.8247754,0.65460217,0.8273011,0.6902923,0.8451462,0.74221784,0.8711089,0.70350766,0.85175383,0.74877775,0.8743889,0.73227155,0.8661358,0.7634626,0.8817313
12472,0.75381553,0.87690777,0.756403,0.8782015,0.66370296,0.8318515,0.6831615,0.84158075,0.7200154,0.8600077,0.7303773,0.86518866,0.6903537,0.8451768,0.77406394,0.887032,0.73898935,0.8694947,0.73485565,0.8674278
12473,0.71353364,0.8567668,0.67146015,0.8357301,0.6342025,0.81710124,0.601587,0.8007935,0.68842655,0.84421325,0.71456754,0.8572838,0.714967,0.8574835,0.69290566,0.84645283,0.6552489,0.82762444,0.71591437,0.8579572
12474,0.6290833,0.81454164,0.606482,0.803241,0.6219374,0.8109687,0.5473109,0.7736554,0.6055916,0.80279577,0.6899133,0.84495664,0.58422285,0.7921114,0.6574764,0.8287382,0.63581955,0.8179098,0.6179857,0.80899286
12475,0.7626723,0.88133615,0.6802782,0.8401391,0.6680862,0.8340431,0.64136153,0.82068074,0.69706047,0.84853023,0.69512856,0.8475643,0.6438155,0.82190776,0.6875633,0.84378165,0.68847525,0.8442376,0.67648447,0.83824223
12476,0.70955586,0.85477793,0.66175354,0.83087677,0.63680446,0.81840223,0.5536146,0.7768073,0.7084037,0.85420185,0.71968955,0.8598448,0.7249249,0.86246246,0.7167208,0.8583604,0.6731473,0.83657366,0.71732175,0.8586609
12477,0.6867347,0.84336734,0.64707255,0.8235363,0.674059,0.83702946,0.6418708,0.82093537,0.6591906,0.8295953,0.7047708,0.8523854,0.6221188,0.81105936,0.7123578,0.8561789,0.6729838,0.83649194,0.70866454,0.85433227
12478,0.7635413,0.8817706,0.7228061,0.86140305,0.7322287,0.8661144,0.6500111,0.82500553,0.73958194,0.869791,0.79541934,0.89770967,0.6858643,0.84293216,0.77365446,0.88682723,0.7622778,0.8811389,0.7665015,0.8832507
12479,0.68880844,0.8444042,0.6125665,0.80628324,0.68865216,0.8443261,0.5350943,0.76754713,0.650064,0.825032,0.71017385,0.8550869,0.5558102,0.7779051,0.6512437,0.82562184,0.61917186,0.8095859,0.657774,0.828887
12480,0.7234981,0.86174905,0.67616963,0.8380848,0.7013103,0.85065514,0.61675215,0.8083761,0.6556128,0.8278064,0.7151909,0.85759544,0.5874467,0.79372334,0.69635284,0.8481764,0.6610724,0.8305362,0.6617947,0.83089733
12481,0.76871437,0.8843572,0.6973127,0.84865636,0.7170458,0.8585229,0.6322421,0.81612104,0.726423,0.8632115,0.7999877,0.89999384,0.68795973,0.84397984,0.76197696,0.8809885,0.7209703,0.86048514,0.7521995,0.8760997
12482,0.7594749,0.87973744,0.66693395,0.833467,0.68101025,0.8405051,0.6030699,0.80153495,0.6988679,0.84943396,0.7652291,0.88261455,0.656851,0.8284255,0.69994074,0.84997034,0.6704105,0.83520526,0.69649565,0.8482478
12483,0.71292603,0.856463,0.70925736,0.8546287,0.70602584,0.8530129,0.66432333,0.83216166,0.6766588,0.83832943,0.7102735,0.85513675,0.6526717,0.82633585,0.7211648,0.8605824,0.69709706,0.84854853,0.7048278,0.8524139
12484,0.6879597,0.84397984,0.653883,0.8269415,0.65955985,0.8297799,0.57677746,0.7883887,0.6747161,0.83735806,0.64109546,0.8205477,0.58106357,0.79053175,0.64874846,0.8243742,0.5957154,0.7978577,0.59761935,0.79880965
12485,0.7101692,0.8550846,0.65828943,0.8291447,0.660655,0.8303275,0.5730659,0.78653294,0.68815386,0.84407693,0.7637578,0.8818789,0.67036307,0.83518153,0.72159857,0.8607993,0.6676569,0.83382845,0.7171385,0.85856926
12486,0.7829998,0.8914999,0.7546654,0.8773327,0.73582673,0.86791337,0.6500213,0.82501066,0.7727114,0.8863557,0.7885227,0.89426136,0.72576475,0.8628824,0.8006538,0.9003269,0.7421547,0.87107736,0.7556329,0.87781644
12487,0.77422774,0.88711387,0.72390556,0.8619528,0.73706454,0.8685323,0.60833126,0.8041656,0.73891133,0.8694557,0.7787525,0.8893763,0.68384737,0.8419237,0.76703024,0.8835151,0.7134354,0.8567177,0.72839296,0.8641965
12488,0.7143756,0.8571878,0.7590121,0.87950605,0.7453118,0.87265587,0.6480794,0.8240397,0.72172236,0.8608612,0.729915,0.8649575,0.6488484,0.8244242,0.75543165,0.8777158,0.71281785,0.85640895,0.7176291,0.85881454
12489,0.6255492,0.8127746,0.6233071,0.81165355,0.6141319,0.80706596,0.5476328,0.7738164,0.58129174,0.79064584,0.64232194,0.821161,0.6176772,0.8088386,0.6472766,0.8236383,0.61610836,0.8080542,0.61622083,0.8081104
12490,0.6457381,0.82286906,0.5673476,0.78367376,0.5827914,0.79139566,0.5139627,0.7569814,0.57652533,0.78826267,0.63049424,0.8152471,0.55725336,0.7786267,0.57298815,0.7864941,0.58180594,0.790903,0.5969608,0.7984804
12491,0.7599265,0.8799633,0.6888067,0.8444034,0.6875341,0.84376705,0.6232994,0.8116497,0.69881624,0.84940815,0.727617,0.8638085,0.67324173,0.83662087,0.7186414,0.8593207,0.6931646,0.8465823,0.71526635,0.8576332
12492,0.73833096,0.8691655,0.6934162,0.84670806,0.7143755,0.85718775,0.62965524,0.8148276,0.6676663,0.83383316,0.68154216,0.8407711,0.59187686,0.79593843,0.70220655,0.8511033,0.6518127,0.82590634,0.6029713,0.80148566
12493,0.6684871,0.83424354,0.63815844,0.8190792,0.65345323,0.8267266,0.5890572,0.7945286,0.6261234,0.8130617,0.7036052,0.8518026,0.63043314,0.81521654,0.69495475,0.8474774,0.6710089,0.8355044,0.68672943,0.8433647
12494,0.7289883,0.86449414,0.6689338,0.83446693,0.6829318,0.8414659,0.58725584,0.7936279,0.6851604,0.8425802,0.7583825,0.8791913,0.6772392,0.8386196,0.7076057,0.85380286,0.70327795,0.851639,0.72348607,0.86174303
12495,0.7402244,0.8701122,0.68993616,0.8449681,0.6729485,0.83647424,0.62605006,0.813025,0.69808483,0.8490424,0.7715726,0.8857863,0.67560214,0.8378011,0.7533518,0.8766759,0.72533584,0.8626679,0.7337305,0.8668653
12496,0.75547796,0.87773895,0.6643375,0.83216876,0.69261134,0.84630567,0.56578106,0.78289056,0.6971413,0.84857064,0.77286017,0.8864301,0.63352215,0.8167611,0.7320049,0.86600244,0.7135402,0.8567701,0.7134924,0.8567462
12497,0.7764026,0.8882013,0.7148719,0.85743594,0.7200247,0.86001235,0.6105645,0.80528224,0.7364496,0.8682248,0.77063406,0.885317,0.6567184,0.8283592,0.75715965,0.87857985,0.6708207,0.83541036,0.7019471,0.85097355
12498,0.75615597,0.878078,0.77771014,0.8888551,0.7132306,0.8566153,0.67310596,0.836553,0.7157384,0.8578692,0.71646965,0.8582348,0.69523454,0.84761727,0.7637791,0.8818896,0.732319,0.8661595,0.7183161,0.85915804
12499,0.6983477,0.84917384,0.6996577,0.84982884,0.6886487,0.84432435,0.5869564,0.7934782,0.7187352,0.8593676,0.692081,0.8460405,0.6970769,0.84853846,0.70779765,0.8538988,0.6515211,0.82576054,0.67836225,0.8391811
12500,0.7206403,0.86032015,0.66625917,0.8331296,0.6354841,0.81774205,0.57457125,0.7872856,0.71431243,0.8571562,0.7295996,0.8647998,0.6959367,0.84796834,0.7019417,0.85097086,0.6715413,0.8357706,0.70453215,0.8522661
12501,0.60477793,0.80238897,0.6101741,0.8050871,0.5878318,0.79391587,0.52711546,0.76355773,0.5717582,0.78587914,0.50212663,0.75106335,0.5332647,0.7666323,0.5226792,0.7613396,0.54496896,0.7724845,0.52382547,0.7619127
12502,0.80580753,0.9029038,0.74658155,0.8732908,0.72190666,0.86095333,0.6626034,0.8313017,0.78520775,0.8926039,0.7189114,0.8594557,0.69062245,0.8453112,0.7584592,0.8792296,0.6572809,0.82864046,0.6927096,0.84635484
12503,0.65057343,0.82528675,0.5536891,0.77684456,0.61915064,0.8095753,0.51835775,0.7591789,0.5904763,0.79523814,0.71737534,0.85868764,0.5462184,0.7731092,0.64340425,0.8217021,0.6326027,0.81630135,0.6254376,0.8127188
12504,0.7555616,0.8777808,0.7460487,0.87302434,0.74242294,0.87121147,0.7213094,0.8606547,0.6991116,0.8495558,0.6812031,0.84060156,0.62789005,0.81394506,0.76692235,0.8834612,0.6889695,0.84448475,0.65108204,0.825541
12505,0.61338186,0.80669093,0.56324905,0.78162456,0.6015242,0.80076206,0.52089703,0.7604485,0.57894164,0.7894708,0.6553261,0.82766306,0.54559636,0.7727982,0.59731805,0.798659,0.64208484,0.8210424,0.63019216,0.8150961
12506,0.69510514,0.84755254,0.6675576,0.8337788,0.6614667,0.83073336,0.5971161,0.79855806,0.6636596,0.8318298,0.680974,0.840487,0.65151376,0.8257569,0.66604495,0.8330225,0.643914,0.821957,0.6626313,0.83131564
12507,0.67464805,0.837324,0.6765981,0.83829904,0.6966063,0.84830314,0.6029743,0.80148715,0.72555643,0.8627782,0.7299504,0.8649752,0.7174101,0.85870504,0.7104118,0.8552059,0.69978344,0.8498917,0.7310048,0.86550236
12508,0.7164669,0.85823345,0.5931486,0.7965743,0.6104894,0.8052447,0.49743307,0.74871653,0.6784072,0.8392036,0.77355486,0.8867774,0.61832523,0.8091626,0.660605,0.8303025,0.5883287,0.79416436,0.68403757,0.8420188
12509,0.66442764,0.8322138,0.65680796,0.82840395,0.6885564,0.8442782,0.60528994,0.80264497,0.61516047,0.80758023,0.6649015,0.83245075,0.5892947,0.79464734,0.65942085,0.8297104,0.6606463,0.83032316,0.64558816,0.8227941
12510,0.5964087,0.79820436,0.602456,0.801228,0.59759736,0.7987987,0.58525515,0.7926276,0.57134616,0.7856731,0.5973809,0.79869044,0.59509236,0.79754615,0.6277139,0.81385696,0.6281113,0.8140557,0.6386653,0.81933266
12511,0.6835226,0.8417613,0.6529082,0.8264541,0.6336256,0.8168128,0.5550351,0.77751756,0.6219498,0.8109749,0.713879,0.8569395,0.6396867,0.81984335,0.66791326,0.8339566,0.6857331,0.84286654,0.68625665,0.8431283
12512,0.6293817,0.8146908,0.6343763,0.81718814,0.5630145,0.78150725,0.59387726,0.79693866,0.6009096,0.8004548,0.56040096,0.7802005,0.5814463,0.79072315,0.62784326,0.81392163,0.64580065,0.8229003,0.5972626,0.7986313
12513,0.678916,0.839458,0.61566067,0.80783033,0.63180745,0.8159037,0.5643563,0.78217816,0.63372743,0.8168637,0.6842447,0.8421223,0.5975095,0.79875475,0.65498275,0.8274914,0.6392008,0.8196004,0.6373601,0.81868005
12514,0.7372631,0.86863154,0.68385303,0.8419265,0.70186687,0.85093343,0.5982899,0.799145,0.71437895,0.8571895,0.7495316,0.8747658,0.6094114,0.80470574,0.7260418,0.8630209,0.6667094,0.8333547,0.6716566,0.8358283
12515,0.72297263,0.8614863,0.63670385,0.8183519,0.6333896,0.8166948,0.58689725,0.7934486,0.675156,0.837578,0.71456116,0.8572806,0.597159,0.7985795,0.7059133,0.85295665,0.6533874,0.8266937,0.6537913,0.82689565
12516,0.77343917,0.8867196,0.68776906,0.8438845,0.6990121,0.849506,0.63767916,0.81883955,0.7214235,0.86071175,0.7057561,0.8528781,0.63628995,0.818145,0.73715484,0.8685774,0.65064096,0.8253205,0.6705112,0.8352556
12518,0.69608307,0.84804153,0.72953963,0.8647698,0.69449776,0.8472489,0.66170824,0.8308541,0.7142432,0.8571216,0.66854405,0.834272,0.6916181,0.84580904,0.7325301,0.86626506,0.69801605,0.849008,0.6833329,0.84166646
12519,0.69258606,0.84629303,0.6296353,0.81481767,0.60595953,0.80297977,0.536623,0.7683115,0.6266516,0.81332576,0.6279797,0.8139899,0.5559959,0.777998,0.6227523,0.81137615,0.5836803,0.79184014,0.5803733,0.79018664
12520,0.7639935,0.88199675,0.6903857,0.84519285,0.6785818,0.83929086,0.5885406,0.7942703,0.69483113,0.84741557,0.74114597,0.870573,0.62758887,0.81379443,0.69601613,0.84800804,0.6533556,0.8266778,0.71160644,0.85580325
12521,0.7699804,0.8849902,0.67597854,0.8379893,0.6749165,0.83745825,0.59732705,0.7986635,0.7082851,0.85414255,0.78215903,0.89107955,0.6777724,0.8388862,0.71866673,0.8593334,0.64869404,0.824347,0.73736274,0.8686814
12523,0.6844513,0.8422257,0.66821444,0.8341072,0.6615149,0.83075744,0.61535835,0.8076792,0.62404966,0.81202483,0.67363405,0.836817,0.61976856,0.8098843,0.6872648,0.8436324,0.6593064,0.8296532,0.6880058,0.8440029
12525,0.83767325,0.9188366,0.716366,0.858183,0.7592888,0.8796444,0.62353444,0.8117672,0.8004719,0.90023595,0.8186015,0.90930074,0.70499396,0.852497,0.77307916,0.8865396,0.6979008,0.8489504,0.75418085,0.87709045
12526,0.7485614,0.8742807,0.65697217,0.8284861,0.6842474,0.8421237,0.61876506,0.80938256,0.6817597,0.84087986,0.7467176,0.8733588,0.6277789,0.81388944,0.6949316,0.8474658,0.6954188,0.8477094,0.6989108,0.84945536
12527,0.7643875,0.88219374,0.68902504,0.8445125,0.6715131,0.83575654,0.61354274,0.8067714,0.71584374,0.85792184,0.7777436,0.8888718,0.6544261,0.82721305,0.7477678,0.8738839,0.71695554,0.8584778,0.7041344,0.85206723
12528,0.65847945,0.8292397,0.63212264,0.8160613,0.6621915,0.83109576,0.57654977,0.7882749,0.6060668,0.8030334,0.66317993,0.83158994,0.5547669,0.77738345,0.65827227,0.82913613,0.66905993,0.83453,0.6122714,0.8061357
12529,0.75201124,0.87600565,0.6416755,0.82083774,0.6615773,0.8307886,0.57406783,0.7870339,0.6856413,0.84282064,0.7226007,0.86130035,0.6125453,0.8062726,0.68812823,0.8440641,0.59390664,0.7969533,0.6432013,0.8216007
12530,0.6110567,0.80552834,0.5665368,0.7832684,0.5473231,0.77366155,0.5299487,0.76497436,0.5188118,0.7594059,0.51621985,0.7581099,0.48868555,0.7443428,0.51769376,0.7588469,0.5162982,0.7581491,0.5233566,0.76167834
12531,0.7117107,0.85585535,0.68422955,0.8421148,0.66645646,0.83322823,0.57415164,0.7870758,0.69247526,0.84623766,0.72615606,0.863078,0.65288955,0.82644475,0.6806761,0.84033805,0.6638024,0.8319012,0.68560696,0.8428035
12532,0.7252948,0.8626474,0.6211095,0.81055474,0.6624032,0.8312016,0.54017735,0.7700887,0.6460216,0.8230108,0.7240213,0.86201066,0.6032305,0.80161524,0.64769244,0.8238462,0.61207163,0.8060358,0.6579772,0.8289886
12533,0.7711942,0.8855971,0.6613165,0.83065826,0.6543528,0.8271764,0.56298566,0.7814928,0.72442234,0.86221117,0.77125645,0.8856282,0.65380406,0.82690203,0.7214346,0.8607173,0.6395182,0.81975913,0.71986616,0.8599331
12565,0.7334568,0.8667284,0.6604847,0.83024234,0.63399357,0.8169968,0.62710977,0.8135549,0.66896766,0.83448386,0.73913527,0.86956763,0.623548,0.811774,0.73480463,0.8674023,0.6918541,0.84592706,0.7082857,0.85414284
12656,0.6893876,0.8446938,0.7179087,0.8589543,0.6468029,0.82340145,0.6046572,0.8023286,0.7136762,0.8568381,0.7018118,0.8509059,0.6883909,0.8441955,0.71879053,0.85939527,0.7011933,0.85059667,0.72870636,0.8643532
12674,0.7675256,0.88376284,0.691275,0.8456375,0.70518404,0.852592,0.60860723,0.80430365,0.71655977,0.8582799,0.78365433,0.89182717,0.65555143,0.8277757,0.73791826,0.8689591,0.67531013,0.83765507,0.7171594,0.8585797
12687,0.6009127,0.80045635,0.6168417,0.80842084,0.54085886,0.77042943,0.5591399,0.77957,0.5985244,0.79926217,0.6353364,0.8176682,0.65578836,0.8278942,0.6395639,0.81978196,0.66327894,0.83163947,0.67809093,0.83904546
12736,0.71934044,0.8596702,0.66800165,0.8340008,0.5811937,0.79059684,0.6636134,0.83180666,0.6751015,0.83755076,0.5933278,0.7966639,0.64203316,0.82101655,0.65879476,0.8293974,0.6728902,0.8364451,0.61905235,0.8095262
13078,0.69284916,0.8464246,0.6388501,0.81942505,0.6232239,0.81161195,0.6177218,0.8088609,0.65856427,0.82928216,0.69992954,0.84996474,0.6175717,0.80878586,0.6864319,0.84321594,0.63982326,0.8199116,0.6527714,0.82638574
13080,0.75266457,0.8763323,0.7113111,0.85565555,0.6835896,0.8417948,0.596702,0.798351,0.73636496,0.8681825,0.75522554,0.87761277,0.6861869,0.84309345,0.7300842,0.8650421,0.7059799,0.8529899,0.72098005,0.86049
13146,0.7377086,0.8688543,0.65660226,0.82830113,0.59036684,0.7951834,0.57755893,0.7887795,0.6587609,0.82938045,0.7029216,0.8514608,0.64331305,0.8216565,0.6639823,0.83199114,0.6910312,0.8455156,0.69536006,0.84768003
13147,0.7518456,0.8759228,0.6774025,0.83870125,0.65064096,0.8253205,0.62271106,0.81135553,0.7153462,0.8576731,0.7075671,0.85378355,0.6931362,0.8465681,0.67482215,0.83741105,0.7004242,0.8502121,0.6991084,0.8495542
13148,0.70757115,0.8537856,0.6198974,0.8099487,0.6508485,0.82542425,0.57489085,0.7874454,0.67943275,0.8397164,0.6714932,0.8357466,0.5881784,0.7940892,0.6745212,0.8372606,0.56754947,0.78377473,0.5901675,0.79508376
13149,0.7006341,0.85031706,0.63487935,0.8174397,0.5789782,0.7894891,0.5307349,0.76536745,0.65369844,0.8268492,0.59658414,0.79829204,0.5430849,0.77154243,0.576293,0.7881465,0.59191155,0.7959558,0.6020674,0.80103374
13150,0.7740127,0.88700634,0.7449387,0.8724693,0.7260936,0.86304677,0.66458964,0.8322948,0.75797856,0.8789893,0.72862214,0.8643111,0.7055242,0.8527621,0.76418406,0.882092,0.68088007,0.84044003,0.7185111,0.85925555
13196,0.7334246,0.86671233,0.69615877,0.8480794,0.6292465,0.81462324,0.60786283,0.8039314,0.65600514,0.8280026,0.6475975,0.8237988,0.5848515,0.79242575,0.65109783,0.8255489,0.6061349,0.80306745,0.60971594,0.80485797
13382,0.6839914,0.8419957,0.6769074,0.8384537,0.6647203,0.83236015,0.5994272,0.7997136,0.66413367,0.83206683,0.68631256,0.8431563,0.6422497,0.82112485,0.6734859,0.83674294,0.64166534,0.82083267,0.69392985,0.84696496
13461,0.70908237,0.8545412,0.6735898,0.8367949,0.7013838,0.8506919,0.5962265,0.7981132,0.6465856,0.8232928,0.6567922,0.8283961,0.610335,0.8051675,0.6645616,0.8322808,0.6210966,0.8105483,0.6141087,0.80705434
13475,0.7853366,0.8926683,0.7345677,0.8672838,0.6975305,0.84876525,0.63336086,0.81668043,0.7503309,0.87516546,0.782191,0.8910955,0.721965,0.86098254,0.7662689,0.8831345,0.73111296,0.8655565,0.7638962,0.8819481
13477,0.7275541,0.86377704,0.6317086,0.8158543,0.65557396,0.827787,0.59374374,0.7968719,0.6677716,0.8338858,0.6770108,0.8385054,0.6329467,0.81647336,0.6623088,0.8311544,0.58254445,0.7912722,0.6611534,0.83057666
13537,0.7680936,0.8840468,0.68948185,0.8447409,0.66754836,0.8337742,0.64734536,0.82367265,0.70891774,0.85445887,0.7057444,0.8528722,0.6662303,0.83311516,0.68934274,0.84467137,0.6314909,0.8157455,0.6871144,0.84355724
13893,0.7056581,0.85282904,0.6582469,0.82912344,0.660844,0.83042204,0.60991716,0.8049586,0.66591215,0.8329561,0.6295264,0.8147632,0.57946455,0.7897323,0.6650492,0.8325246,0.5775727,0.78878635,0.59996486,0.7999824
13897,0.7385113,0.86925566,0.654891,0.8274455,0.61001015,0.8050051,0.58673334,0.7933667,0.65337443,0.8266872,0.577881,0.7889405,0.53918576,0.7695929,0.6411828,0.8205914,0.57522905,0.7876145,0.54565394,0.77282697
14744,0.7281321,0.86406606,0.6362989,0.81814945,0.65228236,0.8261412,0.6201962,0.8100981,0.643955,0.8219775,0.679351,0.8396755,0.60704166,0.8035208,0.65444803,0.827224,0.63886416,0.8194321,0.6580286,0.8290143
14862,0.74374294,0.8718715,0.6486938,0.8243469,0.6306548,0.8153274,0.6112146,0.8056073,0.67914957,0.8395748,0.6495137,0.82475686,0.62014204,0.810071,0.6903311,0.84516555,0.60288465,0.8014423,0.63706994,0.818535
14882,0.7860557,0.89302784,0.7576517,0.87882584,0.6967848,0.84839237,0.6452346,0.8226173,0.7678144,0.8839072,0.71375096,0.8568755,0.6656271,0.83281356,0.7431266,0.8715633,0.6718035,0.83590174,0.7184361,0.85921806
14890,0.77521145,0.8876057,0.7072973,0.85364866,0.6465166,0.8232583,0.63007945,0.81503975,0.7309132,0.8654566,0.75576794,0.877884,0.66611505,0.8330575,0.7500304,0.8750152,0.70243007,0.851215,0.716665,0.8583325
14906,0.69294524,0.8464726,0.64505374,0.8225269,0.5981327,0.79906636,0.6227547,0.81137735,0.6407558,0.8203779,0.5573386,0.7786693,0.5865103,0.79325515,0.60598314,0.80299157,0.5867877,0.79339385,0.5674577,0.78372884
14907,0.6283996,0.8141998,0.6384691,0.81923455,0.5968224,0.7984112,0.5769324,0.7884662,0.6486758,0.8243379,0.59833324,0.7991666,0.6078637,0.80393183,0.6693886,0.83469427,0.60904706,0.8045235,0.6131277,0.80656385
14914,0.69234896,0.8461745,0.5834181,0.79170907,0.556321,0.7781605,0.5538972,0.7769486,0.6065631,0.80328155,0.59374076,0.79687035,0.5121782,0.7560891,0.58596194,0.79298097,0.5560053,0.7780026,0.523202,0.761601
14916,0.6788721,0.83943605,0.6784183,0.83920914,0.6208004,0.8104002,0.63183224,0.8159161,0.6243367,0.81216836,0.5889679,0.79448396,0.5975669,0.7987834,0.6358639,0.81793195,0.63369715,0.8168486,0.60035,0.800175
14930,0.74137425,0.8706871,0.6140058,0.8070029,0.6537585,0.82687926,0.5746374,0.7873187,0.67939556,0.8396978,0.73484147,0.86742073,0.61784434,0.8089222,0.6739211,0.83696055,0.62634045,0.8131702,0.6833664,0.8416832
14932,0.62775004,0.813875,0.6291486,0.8145743,0.5997203,0.7998601,0.538715,0.7693575,0.6004042,0.80020213,0.6647554,0.8323777,0.63435817,0.8171791,0.64217126,0.82108563,0.67290854,0.8364543,0.6620387,0.83101934
14939,0.76002336,0.8800117,0.68945503,0.8447275,0.6930772,0.8465386,0.587324,0.793662,0.72646683,0.86323345,0.7657833,0.88289165,0.6887733,0.84438664,0.7148318,0.8574159,0.66450757,0.8322538,0.7418116,0.87090576
14947,0.7446122,0.8723061,0.6577134,0.8288567,0.64592284,0.82296145,0.57698613,0.78849304,0.66450423,0.83225214,0.7561832,0.8780916,0.6453239,0.82266194,0.70686376,0.8534319,0.67248327,0.8362416,0.72274053,0.86137027
15180,0.5694047,0.78470236,0.5471234,0.7735617,0.5615632,0.7807816,0.5541014,0.77705073,0.4898704,0.7449352,0.5095323,0.7547661,0.4396537,0.7198268,0.48610353,0.74305177,0.53273463,0.7663673,0.47805294,0.7390265
15240,0.5623875,0.78119373,0.53379655,0.7668983,0.5018114,0.7509057,0.5188515,0.75942576,0.5398412,0.7699206,0.53965163,0.7698258,0.57105553,0.78552777,0.53638685,0.7681934,0.52213657,0.7610683,0.58352315,0.7917616
15339,0.7163205,0.85816026,0.7760935,0.88804674,0.6872475,0.84362376,0.66716504,0.8335825,0.68790543,0.8439527,0.64198196,0.820991,0.6126491,0.80632454,0.7424187,0.8712094,0.640085,0.8200425,0.6528011,0.8264005
15419,0.8032974,0.9016487,0.716269,0.8581345,0.71018696,0.8550935,0.635837,0.81791854,0.72734225,0.8636711,0.7200358,0.8600179,0.66486394,0.832432,0.7229388,0.8614694,0.66021883,0.8301094,0.71186733,0.85593367
15425,0.66819227,0.83409613,0.6062713,0.80313563,0.5624763,0.78123814,0.62008214,0.81004107,0.60339683,0.80169845,0.5865568,0.7932784,0.59133255,0.7956663,0.6101639,0.80508196,0.58816695,0.7940835,0.59334195,0.796671
15426,0.74966383,0.8748319,0.7345955,0.86729777,0.6667907,0.83339536,0.593787,0.7968935,0.6822322,0.8411161,0.68247736,0.8412387,0.5937562,0.7968781,0.73521477,0.86760736,0.64721096,0.8236055,0.6333884,0.8166942
15474,0.75596744,0.8779837,0.77065134,0.8853257,0.7300842,0.8650421,0.6658709,0.83293545,0.7445067,0.87225336,0.7100917,0.85504586,0.6682432,0.8341216,0.7460266,0.87301326,0.6799761,0.83998805,0.725218,0.862609
15519,0.73382616,0.8669131,0.6746178,0.8373089,0.6593281,0.82966405,0.57810926,0.78905463,0.69739974,0.84869987,0.7219273,0.86096364,0.6690717,0.83453584,0.69843316,0.8492166,0.67730206,0.83865106,0.7153179,0.857659
15524,0.69001716,0.8450086,0.7060967,0.8530483,0.6569909,0.82849544,0.62172556,0.8108628,0.6736906,0.8368453,0.6924091,0.8462045,0.6652249,0.83261245,0.69642687,0.84821343,0.7080776,0.85403883,0.7351713,0.86758566
15589,0.72502255,0.8625113,0.68127966,0.8406398,0.65740657,0.8287033,0.6356113,0.81780565,0.6562085,0.82810426,0.61243236,0.8062162,0.6054507,0.8027253,0.6365324,0.8182662,0.6152978,0.8076489,0.63455594,0.81727797
15679,0.59728646,0.79864323,0.55830073,0.77915037,0.45878893,0.72939444,0.54550326,0.7727516,0.59090924,0.7954546,0.6040554,0.8020277,0.6291008,0.8145504,0.5656929,0.78284645,0.62178075,0.8108904,0.6109395,0.80546975
15743,0.74021125,0.8701056,0.70716643,0.8535832,0.6139107,0.80695534,0.57905245,0.7895262,0.68493176,0.8424659,0.699919,0.8499595,0.69063777,0.8453189,0.70439315,0.8521966,0.67614156,0.83807075,0.710364,0.855182
16036,0.7238093,0.8619046,0.6756792,0.8378396,0.6154149,0.8077074,0.6486375,0.82431877,0.6928643,0.84643215,0.6548689,0.8274344,0.6254457,0.81272286,0.6790372,0.8395186,0.6564247,0.8282124,0.6614497,0.83072484
16039,0.65746367,0.82873183,0.6404278,0.8202139,0.6393241,0.8196621,0.70653325,0.8532666,0.5505471,0.77527356,0.49953234,0.7497662,0.48172474,0.74086237,0.6255286,0.8127643,0.59046423,0.7952321,0.5101208,0.75506043
16064,0.8171638,0.9085819,0.7803092,0.8901546,0.7046902,0.8523451,0.6848271,0.84241354,0.8265512,0.9132756,0.7903249,0.89516246,0.7289346,0.86446726,0.80793905,0.9039695,0.69311786,0.8465589,0.7349607,0.86748034
